-0.01554309,-0.00052118,0.00004781,0.00096474,0.00026887,0.00017802,0.00033895,0.00000086,-0.00101615,-0.00040748,-0.00123818,0.00008059,-0.00021593,-0.00021355,-0.00013446,0.00012338,-0.00044643,-0.00163042,0.00098358,0.00095270,-0.00054994,-0.00049212,-0.00036171,-0.00053661,0.00161957,-0.00015229,-0.00061322,-0.00124378,-0.00024611,0.00005821,-0.00150925,0.00061783,0.00032562,-0.00052649,-0.00117477,0.00142658,0.00147007,-0.00015680,0.00085844,-0.00086632,-0.00057232,-0.00115548,-0.00024607,0.00096217,0.00137990,-0.00163997,-0.00049605,-0.00057789,0.00051266,0.00065098,0.00128100,-0.00059933,0.00079652,-0.00017130,0.00083527,0.00087850,-0.00128076,-0.00032929,-0.00114033,-0.00105421,-0.00039577,-0.00138116,0.00203987,0.00103938,0.00021622,0.00051457,0.00073024,0.00079615,-0.00176417,0.00106032,-0.00104119,-0.00091920,-0.00025793,-0.00026088,0.00128112,-0.00094375,-0.00092334,0.00114013,-0.00170863,0.00055747,0.00121899,-0.00147061,0.00113447,0.00058574,-0.00051626,0.00013171,0.00058853,0.00003323,0.00035459,-0.00167640,-0.00034468,-0.00109213,-0.00096473,0.00229328,-0.00103183,-0.00064911,0.00100456,-0.00095835,-0.00049902,0.00028053,-0.00031756,0.00091109,0.00120802,-0.00003270,-0.00028144,-0.00107106,-0.00018489,-0.00075135,0.00062788,0.00093029,-0.00097527,0.00035276,-0.00204987,-0.00170377,-0.00017782,0.00005899,0.00045335,0.00083853,0.00076880,-0.00123632,-0.00113333,-0.00009299,-0.00109587,-0.00085180,-0.00048594,0.00039213,0.00140786,0.00122001,0.00000000,0.00000000,0.00000000,0.00000000,0.00000000,0.00000000,0.00000000,0.00000000,0.00000000,0.00000000,0.00000000,0.00000000,0.00000000,0.00000000,0.00000000,0.00000000,0.00044238,0.00000000,0.00000000,0.00000000,0.00000000,0.00000000,0.00000000,0.00000000,0.00000000,0.00000000,0.00000000,0.00000000,0.00000000,0.00000000,0.00000000,0.00000000,0.00000000,0.00000000,0.00000000,0.00000000,0.00000000,0.00000000,0.00000000,0.00000000,0.00000000,0.00000000,0.00000000,0.00000000,0.00000000,0.00000000,0.00000000,0.00000000,-0.00019580,-0.00110536,0.00104581,-0.00055980,0.00004679,-0.00074528,0.00102271,-0.00036417,0.00033178,0.00073542,0.00058525,0.00067748,0.00107117,-0.00036800,-0.00099317,0.00028801
0.00207315,-0.01364651,0.00113366,-0.00128504,0.00038881,-0.00190100,-0.00027544,0.00116877,0.00246579,0.00153750,0.00195004,0.00264596,-0.00134934,0.00226768,0.00149623,-0.00252943,0.00236180,0.00296766,-0.00216234,0.00024705,0.00119761,0.00220144,0.00230133,0.00267564,-0.00198659,0.00176781,0.00132755,0.00191283,-0.00084570,0.00145209,0.00227112,-0.00215027,0.00060268,0.00213220,0.00166452,-0.00273999,-0.00094993,0.00001635,-0.00203008,0.00265428,0.00114249,0.00187554,0.00259808,-0.00206510,-0.00083920,0.00232650,0.00018299,0.00300537,-0.00175257,-0.00315460,-0.00202147,0.00183478,-0.00245550,0.00153679,-0.00164765,0.00032915,0.00008833,0.00260965,0.00139309,0.00202862,0.00139303,0.00140818,-0.00158217,-0.00190466,-0.00160713,-0.00112682,-0.00117841,-0.00266875,0.00088688,-0.00056075,0.00106614,0.00081650,0.00147400,0.00004130,-0.00234448,0.00001313,0.00216491,-0.00194632,0.00095887,-0.00081022,-0.00197214,0.00158802,-0.00052796,-0.00171288,0.00099126,-0.00084005,-0.00226931,0.00137252,-0.00010237,0.00163577,0.00243365,0.00191286,0.00171364,-0.00079729,0.00100324,-0.00014510,-0.00025223,0.00158479,0.00159774,-0.00095049,-0.00101867,-0.00068952,-0.00297862,-0.00107813,-0.00013665,0.00200052,0.00183371,0.00167265,-0.00137281,-0.00173023,0.00213121,0.00096693,0.00124583,0.00141842,-0.00102751,0.00183868,0.00003375,-0.00167714,-0.00209297,0.00142022,0.00111903,-0.00045121,0.00194293,0.00081940,-0.00163501,0.00081760,-0.00097582,0.00040305,0.00000000,0.00000000,0.00000000,0.00000000,0.00000000,0.00000000,0.00000000,0.00000000,0.00000000,0.00000000,0.00000000,0.00000000,0.00000000,0.00000000,0.00000000,0.00000000,0.00000000,-0.00137213,0.00000000,0.00000000,0.00000000,0.00000000,0.00000000,0.00000000,0.00000000,0.00000000,0.00000000,0.00000000,0.00000000,0.00000000,0.00000000,0.00000000,0.00000000,0.00000000,0.00000000,0.00000000,0.00000000,0.00000000,0.00000000,0.00000000,0.00000000,0.00000000,0.00000000,0.00000000,0.00000000,0.00000000,0.00000000,0.00000000,-0.00198939,0.00121993,-0.00201940,0.00206481,-0.00145174,0.00166420,-0.00173416,0.00178042,-0.00086530,-0.00163910,0.00027484,-0.00021802,-0.00186474,0.00221502,0.00211813,-0.00183047
0.00043491,-0.00109525,-0.01218430,0.00018574,0.00114379,0.00016745,0.00106041,-0.00074349,0.00146978,0.00018086,0.00162985,0.00041641,-0.00030907,0.00123614,0.00156442,-0.00019572,0.00064918,0.00160915,-0.00172573,-0.00144748,-0.00058231,0.00055181,0.00031436,0.00033529,-0.00100236,0.00173048,0.00037098,0.00030378,-0.00117246,0.00041268,0.00150689,-0.00160170,0.00025919,0.00107751,0.00196115,-0.00158752,-0.00001547,-0.00071110,-0.00150107,0.00099652,0.00109992,0.00068957,0.00125174,-0.00056540,-0.00019776,0.00163472,-0.00098187,0.00000301,-0.00036764,-0.00142741,-0.00127325,0.00130837,-0.00103712,-0.00016631,-0.00052785,-0.00119853,0.00121575,0.00096990,0.00120569,-0.00049995,0.00087621,0.00099926,-0.00108483,-0.00013276,0.00019347,-0.00070208,-0.00152884,-0.00075202,0.00073336,0.00039438,0.00082282,0.00121839,-0.00043502,0.00110201,-0.00208836,0.00108837,-0.00018923,-0.00073461,0.00192767,-0.00089762,-0.00055392,0.00104605,-0.00032787,-0.00130016,0.00031125,-0.00238699,-0.00131669,0.00076997,0.00000476,0.00212371,0.00149996,0.00081085,0.00125136,0.00135991,0.00023561,-0.00002379,-0.00190462,0.00044420,-0.00054862,0.00035537,0.00086297,0.00031384,-0.00104997,-0.00033064,-0.00043355,0.00018509,-0.00099454,0.00021771,-0.00090329,-0.00030312,0.00091131,0.00062393,0.00089801,0.00067242,0.00065302,0.00105327,0.00248215,-0.00210518,-0.00128836,0.00089758,0.00024049,-0.00118216,0.00085886,0.00055066,-0.00033290,-0.00030388,0.00003967,-0.00142678,0.00000000,0.00000000,0.00000000,0.00000000,0.00000000,0.00000000,0.00000000,0.00000000,0.00000000,0.00000000,0.00000000,0.00000000,0.00000000,0.00000000,0.00000000,0.00000000,0.00000000,0.00000000,-0.00222163,0.00000000,0.00000000,0.00000000,0.00000000,0.00000000,0.00000000,0.00000000,0.00000000,0.00000000,0.00000000,0.00000000,0.00000000,0.00000000,0.00000000,0.00000000,0.00000000,0.00000000,0.00000000,0.00000000,0.00000000,0.00000000,0.00000000,0.00000000,0.00000000,0.00000000,0.00000000,0.00000000,0.00000000,0.00000000,-0.00185864,-0.00014315,-0.00038933,0.00117643,-0.00089184,0.00149079,-0.00120684,0.00137759,0.00122834,-0.00093415,-0.00007599,-0.00134210,-0.00222921,0.00166347,0.00105384,-0.00241880
-0.00093382,0.00123346,0.00150500,-0.01301470,-0.00082612,-0.00098215,-0.00100720,0.00005716,-0.00104966,0.00048060,0.00054105,0.00058104,-0.00021344,-0.00074375,0.00023632,0.00008444,-0.00014446,-0.00091047,0.00100668,0.00128542,0.00016579,-0.00034465,0.00031703,0.00028943,-0.00014918,0.00002028,0.00003346,0.00048524,0.00154554,0.00021698,-0.00142210,0.00119226,0.00111634,-0.00030415,-0.00157140,0.00073360,0.00067071,0.00047688,0.00043821,-0.00048633,0.00062220,-0.00070524,-0.00156670,-0.00019434,-0.00093156,-0.00052464,0.00117121,0.00092194,0.00032158,0.00059798,0.00031648,0.00035790,0.00028211,0.00027680,-0.00094633,0.00161888,-0.00269139,0.00062252,-0.00062494,-0.00011893,0.00124386,0.00027193,-0.00042155,-0.00033188,-0.00001391,0.00008824,0.00088191,-0.00002119,-0.00110038,-0.00184923,0.00023033,-0.00032220,0.00021323,-0.00095346,0.00066358,-0.00192730,0.00171338,0.00028953,-0.00130577,0.00184913,-0.00051929,0.00069939,-0.00053335,-0.00069445,-0.00000754,0.00158871,0.00008637,-0.00017615,-0.00081204,-0.00171080,-0.00034152,-0.00019799,0.00024169,-0.00188077,0.00075268,0.00092229,0.00215148,0.00010246,0.00074874,-0.00014432,-0.00040390,-0.00135695,0.00060148,-0.00086610,0.00034355,0.00056953,0.00205128,0.00039719,-0.00000247,0.00006000,-0.00085368,-0.00063880,-0.00042868,0.00025904,-0.00118003,0.00001412,-0.00300731,-0.00048715,0.00172912,0.00070277,-0.00086056,0.00195422,0.00065117,-0.00109465,-0.00050885,0.00129166,-0.00092964,0.00124816,0.00000000,0.00000000,0.00000000,0.00000000,0.00000000,0.00000000,0.00000000,0.00000000,0.00000000,0.00000000,0.00000000,0.00000000,0.00000000,0.00000000,0.00000000,0.00000000,0.00000000,0.00000000,0.00000000,-0.00131441,0.00000000,0.00000000,0.00000000,0.00000000,0.00000000,0.00000000,0.00000000,0.00000000,0.00000000,0.00000000,0.00000000,0.00000000,0.00000000,0.00000000,0.00000000,0.00000000,0.00000000,0.00000000,0.00000000,0.00000000,0.00000000,0.00000000,0.00000000,0.00000000,0.00000000,0.00000000,0.00000000,0.00000000,0.00126772,0.00048915,0.00044914,-0.00115074,0.00075244,-0.00063379,0.00030963,-0.00096682,-0.00059997,-0.00000528,0.00067919,0.00000958,0.00056679,-0.00125244,-0.00107128,0.00052547
-0.00068251,-0.00001778,-0.00383893,0.00385057,-0.01577199,0.00230755,0.00105879,-0.00016717,-0.00408056,-0.00307989,-0.00302133,-0.00192355,0.00299672,-0.00338543,-0.00281535,0.00279750,-0.00429016,-0.00310468,0.00401582,-0.00033508,-0.00282700,-0.00377757,-0.00356027,-0.00417075,0.00315558,-0.00335921,-0.00125067,-0.00216380,-0.00090551,-0.00248269,-0.00451165,0.00381389,-0.00202564,-0.00367067,-0.00339305,0.00264777,0.00229864,-0.00171019,0.00339092,-0.00380104,-0.00256916,-0.00424159,-0.00379325,0.00297578,0.00149821,-0.00279148,-0.00192034,-0.00425606,0.00260828,0.00387988,0.00336819,-0.00373292,0.00408794,-0.00355869,0.00318514,-0.00216423,0.00200226,-0.00335929,-0.00247151,-0.00300300,-0.00172699,-0.00280104,0.00274365,0.00336608,0.00424354,0.00150384,0.00345876,0.00358960,-0.00016135,0.00112877,-0.00381612,-0.00128291,-0.00244880,0.00187537,0.00253351,-0.00097340,-0.00146181,0.00246764,-0.00057876,0.00023384,0.00295716,-0.00320255,0.00204331,0.00231226,-0.00369158,-0.00130041,0.00368008,-0.00284903,-0.00000869,-0.00123266,-0.00212764,-0.00263428,-0.00274405,-0.00077030,-0.00308449,-0.00165857,-0.00031298,-0.00192314,-0.00236044,-0.00011114,0.00367306,0.00198449,0.00262716,0.00148111,-0.00203598,-0.00322655,-0.00300486,-0.00167945,0.00244113,0.00351821,-0.00389181,0.00054155,-0.00237049,-0.00238465,0.00225220,-0.00378312,0.00023204,0.00325452,0.00486788,-0.00196908,-0.00192004,-0.00204088,-0.00350077,0.00102161,0.00326575,-0.00100175,0.00258572,0.00094616,0.00000000,0.00000000,0.00000000,0.00000000,0.00000000,0.00000000,0.00000000,0.00000000,0.00000000,0.00000000,0.00000000,0.00000000,0.00000000,0.00000000,0.00000000,0.00000000,0.00000000,0.00000000,0.00000000,0.00000000,-0.00021622,0.00000000,0.00000000,0.00000000,0.00000000,0.00000000,0.00000000,0.00000000,0.00000000,0.00000000,0.00000000,0.00000000,0.00000000,0.00000000,0.00000000,0.00000000,0.00000000,0.00000000,0.00000000,0.00000000,0.00000000,0.00000000,0.00000000,0.00000000,0.00000000,0.00000000,0.00000000,0.00000000,0.00304807,-0.00118991,0.00318916,-0.00323299,0.00409870,-0.00325616,0.00331333,-0.00269631,0.00050178,0.00244029,0.00165377,0.00317208,0.00233099,-0.00309626,-0.00424808,0.00368673
-0.00008845,0.00041740,-0.00043300,0.00022573,-0.00191240,-0.01629888,-0.00120212,0.00059565,-0.00156058,0.00115799,0.00015929,-0.00099371,0.00001314,-0.00185887,-0.00210050,0.00041389,-0.00094055,-0.00037908,0.00089226,0.00014394,-0.00030193,-0.00022763,-0.00043183,-0.00015301,0.00116452,-0.00058856,0.00030618,-0.00016407,0.00118636,0.00050604,-0.00205974,0.00100987,0.00027578,-0.00066414,-0.00012367,-0.00005750,0.00056925,0.00056679,0.00065447,-0.00144298,0.00032009,-0.00151072,-0.00069421,0.00018643,-0.00157354,-0.00033876,-0.00016659,-0.00044743,0.00112154,0.00088006,-0.00068493,-0.00067465,-0.00000194,-0.00065273,-0.00082262,0.00176376,-0.00039605,-0.00019515,-0.00086195,-0.00006419,-0.00167753,0.00063020,-0.00041167,-0.00107937,-0.00025661,-0.00015486,0.00097704,0.00008998,-0.00036179,-0.00076768,0.00035578,-0.00090943,0.00039565,-0.00020990,0.00081933,-0.00249202,0.00112014,0.00009112,-0.00040461,0.00219651,-0.00035443,-0.00057913,-0.00018616,-0.00043993,-0.00058017,0.00152213,0.00045547,-0.00075266,-0.00114341,-0.00170032,-0.00108511,-0.00009570,-0.00020310,-0.00338234,-0.00071727,0.00035672,0.00148725,0.00086524,0.00007291,-0.00016627,0.00001140,-0.00123577,0.00031550,-0.00058131,0.00018183,-0.00052064,0.00073752,0.00052112,-0.00004667,-0.00033429,-0.00079575,0.00123807,0.00003048,0.00082297,-0.00205617,-0.00098429,-0.00313584,0.00011089,0.00106930,0.00059154,0.00014238,0.00007471,-0.00018070,0.00004427,-0.00013516,0.00088905,-0.00113226,0.00216018,0.00000000,0.00000000,0.00000000,0.00000000,0.00000000,0.00000000,0.00000000,0.00000000,0.00000000,0.00000000,0.00000000,0.00000000,0.00000000,0.00000000,0.00000000,0.00000000,0.00000000,0.00000000,0.00000000,0.00000000,0.00000000,0.00100484,0.00000000,0.00000000,0.00000000,0.00000000,0.00000000,0.00000000,0.00000000,0.00000000,0.00000000,0.00000000,0.00000000,0.00000000,0.00000000,0.00000000,0.00000000,0.00000000,0.00000000,0.00000000,0.00000000,0.00000000,0.00000000,0.00000000,0.00000000,0.00000000,0.00000000,0.00000000,0.00116153,0.00001280,0.00082528,-0.00039868,0.00175920,-0.00003614,0.00047855,-0.00096637,0.00010221,0.00086981,-0.00014976,0.00181763,0.00034093,-0.00066811,-0.00091643,0.00112919
-0.00024911,0.00035827,-0.00107695,0.00107524,0.00066229,0.00091082,-0.01674889,-0.00058463,-0.00214378,-0.00130676,-0.00194137,0.00014882,0.00052766,-0.00120548,-0.00135731,-0.00031272,-0.00165924,-0.00167625,0.00162236,0.00086119,-0.00139150,-0.00058687,-0.00054698,0.00037223,0.00190475,-0.00128077,-0.00160750,-0.00124304,0.00032710,-0.00043803,-0.00090663,0.00162690,-0.00009382,-0.00136376,-0.00171249,0.00112840,0.00019342,-0.00008298,0.00061407,-0.00134131,-0.00098432,-0.00137297,-0.00102461,0.00005902,0.00190361,-0.00084579,-0.00092334,0.00018278,0.00130661,0.00128109,0.00174823,-0.00106781,0.00264588,-0.00036656,0.00138786,-0.00005222,-0.00085656,-0.00081533,-0.00142344,-0.00095919,-0.00113030,-0.00211256,0.00168400,0.00187954,0.00039411,0.00163769,0.00085144,0.00079661,-0.00169367,0.00007498,-0.00104241,-0.00201126,-0.00005230,-0.00046672,0.00217922,-0.00004265,-0.00109591,0.00197722,-0.00226351,0.00003284,0.00115662,-0.00277215,0.00212708,0.00175025,-0.00061719,0.00105046,0.00221752,-0.00124139,0.00086829,-0.00117125,-0.00092327,-0.00039058,-0.00165303,0.00158381,-0.00160199,-0.00129736,0.00025519,-0.00133947,-0.00054819,0.00015990,-0.00110792,0.00083386,0.00000680,0.00087248,-0.00068377,0.00060489,-0.00008169,-0.00187310,0.00210837,0.00160455,-0.00148377,-0.00030789,-0.00169143,-0.00138025,0.00036637,-0.00090723,-0.00071039,0.00215033,0.00117761,-0.00092459,0.00048183,0.00013525,-0.00124164,0.00028430,0.00103214,-0.00120473,0.00108089,0.00002917,0.00000000,0.00000000,0.00000000,0.00000000,0.00000000,0.00000000,0.00000000,0.00000000,0.00000000,0.00000000,0.00000000,0.00000000,0.00000000,0.00000000,0.00000000,0.00000000,0.00000000,0.00000000,0.00000000,0.00000000,0.00000000,0.00000000,0.00146278,0.00000000,0.00000000,0.00000000,0.00000000,0.00000000,0.00000000,0.00000000,0.00000000,0.00000000,0.00000000,0.00000000,0.00000000,0.00000000,0.00000000,0.00000000,0.00000000,0.00000000,0.00000000,0.00000000,0.00000000,0.00000000,0.00000000,0.00000000,0.00000000,0.00000000,0.00158694,-0.00125907,0.00081486,-0.00242404,0.00144642,-0.00221047,0.00097829,-0.00079795,0.00157820,0.00176883,-0.00146800,0.00057780,0.00200303,-0.00118026,-0.00126279,0.00167748
0.00026821,0.00044236,0.00119444,-0.00148087,0.00174254,-0.00078938,0.00066905,-0.01501280,0.00120395,0.00136436,0.00209695,0.00060577,-0.00147006,0.00123600,0.00161815,-0.00088489,0.00221257,0.00075022,-0.00143732,-0.00020809,0.00151988,0.00130207,0.00119866,0.00166662,-0.00140713,0.00137780,0.00057951,0.00006893,-0.00006459,0.00125798,0.00177678,-0.00216104,-0.00045523,0.00116448,0.00202444,-0.00080759,-0.00014824,-0.00014939,-0.00150724,0.00147678,0.00117202,0.00182407,0.00247409,-0.00018980,0.00014278,0.00026903,-0.00003084,0.00030166,-0.00201714,-0.00139967,-0.00082129,0.00159857,-0.00099986,0.00043499,-0.00022961,0.00012311,-0.00032028,0.00075061,0.00237843,0.00067771,0.00177728,0.00180500,-0.00086900,-0.00014479,-0.00165752,-0.00162654,-0.00234125,-0.00091335,0.00002675,-0.00063658,0.00143677,0.00173699,0.00121326,-0.00103242,-0.00072454,-0.00040587,0.00026965,-0.00047723,0.00017550,-0.00053655,-0.00138913,0.00088868,-0.00135255,-0.00091460,0.00181350,-0.00074938,-0.00065104,0.00158737,-0.00008501,0.00135656,0.00120182,0.00056238,0.00134483,0.00138682,0.00149451,0.00100885,-0.00004999,0.00093417,-0.00045330,0.00004231,-0.00140544,0.00018295,-0.00054656,-0.00113272,0.00041578,0.00046799,0.00118576,0.00013767,-0.00162088,-0.00094019,0.00120341,-0.00131300,0.00009118,0.00024118,0.00035666,0.00229469,0.00048627,-0.00160792,-0.00098631,0.00027739,0.00028219,0.00063641,0.00119774,0.00047581,-0.00146862,0.00027055,-0.00074901,-0.00076380,0.00000000,0.00000000,0.00000000,0.00000000,0.00000000,0.00000000,0.00000000,0.00000000,0.00000000,0.00000000,0.00000000,0.00000000,0.00000000,0.00000000,0.00000000,0.00000000,0.00000000,0.00000000,0.00000000,0.00000000,0.00000000,0.00000000,0.00000000,0.00183642,0.00000000,0.00000000,0.00000000,0.00000000,0.00000000,0.00000000,0.00000000,0.00000000,0.00000000,0.00000000,0.00000000,0.00000000,0.00000000,0.00000000,0.00000000,0.00000000,0.00000000,0.00000000,0.00000000,0.00000000,0.00000000,0.00000000,0.00000000,0.00000000,-0.00213110,0.00005123,-0.00152462,0.00029107,-0.00115598,0.00175172,-0.00155718,0.00037831,0.00064566,-0.00064076,-0.00078336,-0.00198136,-0.00185225,0.00086819,0.00170299,-0.00099528
0.00074978,-0.00111728,-0.00114982,0.00085095,0.00192626,0.00104806,0.00086206,-0.00164822,-0.01390644,-0.00092025,-0.00128835,-0.00054397,-0.00006753,-0.00062729,-0.00040367,0.00120753,-0.00128160,-0.00066869,0.00081380,-0.00149202,-0.00157969,-0.00062023,-0.00143082,0.00040264,0.00121091,-0.00083055,-0.00220006,-0.00143267,-0.00053102,-0.00101873,-0.00112889,-0.00007067,-0.00088150,-0.00078885,-0.00033373,0.00088807,0.00193943,-0.00099304,0.00067182,-0.00136165,-0.00176255,-0.00031259,-0.00000288,-0.00006573,0.00228548,-0.00107409,-0.00089670,-0.00094804,0.00056934,0.00093362,0.00179630,-0.00071886,0.00044365,-0.00065102,0.00156742,-0.00250032,0.00151857,-0.00056727,-0.00036791,-0.00081579,-0.00188575,-0.00122274,0.00117996,0.00090464,0.00177709,0.00151456,0.00159761,0.00183542,0.00126289,0.00163253,-0.00095541,-0.00015447,-0.00017173,0.00212096,0.00008029,0.00209935,-0.00163446,0.00062720,0.00066363,-0.00205705,0.00140279,-0.00161998,0.00198439,0.00002490,-0.00074920,0.00033368,-0.00011764,-0.00088095,0.00135654,0.00141350,0.00103582,-0.00176630,-0.00176397,0.00198079,-0.00189421,-0.00214962,-0.00252617,-0.00103268,-0.00135973,-0.00013854,0.00209229,0.00102874,0.00016861,0.00099240,-0.00134150,-0.00107370,-0.00197274,-0.00022154,0.00075729,0.00190031,-0.00171073,-0.00003217,-0.00051837,-0.00043910,0.00139208,-0.00126013,0.00240387,0.00032461,-0.00020605,-0.00224281,-0.00152076,-0.00155778,-0.00121204,0.00165747,0.00092542,-0.00180228,0.00264425,-0.00148073,0.00000000,0.00000000,0.00000000,0.00000000,0.00000000,0.00000000,0.00000000,0.00000000,0.00000000,0.00000000,0.00000000,0.00000000,0.00000000,0.00000000,0.00000000,0.00000000,0.00000000,0.00000000,0.00000000,0.00000000,0.00000000,0.00000000,0.00000000,0.00000000,-0.00093541,0.00000000,0.00000000,0.00000000,0.00000000,0.00000000,0.00000000,0.00000000,0.00000000,0.00000000,0.00000000,0.00000000,0.00000000,0.00000000,0.00000000,0.00000000,0.00000000,0.00000000,0.00000000,0.00000000,0.00000000,0.00000000,0.00000000,0.00000000,0.00039054,0.00059935,0.00031714,-0.00003008,-0.00091858,0.00070921,-0.00066622,-0.00024674,0.00036769,-0.00011369,-0.00029708,-0.00035912,0.00024535,-0.00055951,0.00006015,0.00022376
0.00146707,-0.00070162,-0.00032849,-0.00063706,0.00120886,0.00200598,0.00132054,0.00042484,0.00137621,-0.01457248,0.00074727,0.00121940,0.00018384,0.00105471,0.00014591,-0.00136448,0.00063102,0.00063519,-0.00113051,-0.00145042,-0.00014844,0.00049395,0.00034202,0.00020121,-0.00051736,0.00015960,-0.00006165,-0.00000336,-0.00265340,0.00010042,0.00081484,-0.00130722,-0.00118396,0.00035702,-0.00002648,-0.00073019,-0.00034599,-0.00147424,-0.00097315,0.00039378,-0.00021295,-0.00018571,0.00085543,0.00014701,0.00017982,0.00160800,-0.00025020,0.00075011,-0.00099254,-0.00052292,0.00044781,0.00063618,-0.00015909,-0.00023396,0.00043711,-0.00129107,0.00163997,0.00062906,0.00059041,-0.00013903,-0.00066642,-0.00002799,-0.00014030,0.00039527,-0.00050589,-0.00048395,-0.00050933,-0.00048450,0.00167621,0.00152181,0.00095158,0.00030300,-0.00094889,0.00020649,-0.00131644,0.00216227,-0.00095827,-0.00017012,0.00156362,-0.00228701,0.00025806,0.00006821,-0.00021117,-0.00018501,0.00025519,-0.00195701,-0.00078954,0.00081388,0.00096317,0.00196564,0.00130416,0.00062504,0.00074332,0.00213264,-0.00049438,-0.00136653,-0.00250304,-0.00008701,-0.00049715,0.00032535,0.00060254,0.00087814,-0.00103204,0.00041139,-0.00047718,0.00068846,-0.00076163,-0.00008072,-0.00023895,0.00040532,0.00001497,0.00088010,0.00121367,-0.00043034,0.00126814,-0.00053301,0.00287894,0.00055692,-0.00125647,0.00017908,0.00001935,-0.00107688,0.00003462,0.00251054,0.00045221,-0.00102499,0.00141995,-0.00168120,0.00000000,0.00000000,0.00000000,0.00000000,0.00000000,0.00000000,0.00000000,0.00000000,0.00000000,0.00000000,0.00000000,0.00000000,0.00000000,0.00000000,0.00000000,0.00000000,0.00000000,0.00000000,0.00000000,0.00000000,0.00000000,0.00000000,0.00000000,0.00000000,0.00000000,0.00039626,0.00000000,0.00000000,0.00000000,0.00000000,0.00000000,0.00000000,0.00000000,0.00000000,0.00000000,0.00000000,0.00000000,0.00000000,0.00000000,0.00000000,0.00000000,0.00000000,0.00000000,0.00000000,0.00000000,0.00000000,0.00000000,0.00000000,-0.00097326,0.00016736,-0.00087494,0.00075663,-0.00125884,0.00064456,-0.00035618,0.00083161,0.00051857,-0.00006314,0.00055677,-0.00112306,-0.00084936,0.00104248,0.00068683,-0.00076188
0.00032767,-0.00100969,-0.00119600,0.00131602,0.00092672,0.00164969,0.00036015,-0.00025500,-0.00026066,-0.00098161,-0.01349628,-0.00022125,0.00064683,0.00025574,-0.00064878,0.00091538,-0.00041282,-0.00036848,0.00037028,-0.00166186,-0.00010804,-0.00084226,-0.00062204,0.00013982,0.00058615,0.00069645,-0.00095252,-0.00089465,-0.00058914,-0.00083348,-0.00034218,0.00004634,-0.00086391,0.00003437,-0.00021829,0.00007085,0.00060309,-0.00168355,0.00010955,-0.00084748,-0.00088216,0.00017271,0.00016482,0.00033126,0.00097711,0.00061527,-0.00140142,-0.00044775,0.00040134,0.00018702,0.00039741,-0.00102534,0.00073013,-0.00136252,0.00067702,-0.00240288,0.00168545,0.00012279,-0.00111856,-0.00084170,-0.00190129,-0.00055170,0.00065403,0.00043003,0.00128970,0.00028403,0.00024630,0.00076786,0.00101531,0.00130297,-0.00022887,0.00018215,-0.00040742,0.00114202,-0.00016708,0.00177040,-0.00153093,0.00093500,0.00073022,-0.00234154,0.00059168,-0.00068681,0.00104641,-0.00001975,-0.00072896,-0.00173046,-0.00015136,-0.00141963,0.00121758,0.00119282,0.00111531,-0.00043621,-0.00040249,0.00184985,-0.00212256,-0.00113152,-0.00236046,-0.00094471,-0.00135047,0.00075048,0.00188046,0.00077569,-0.00064068,0.00099477,-0.00060263,-0.00112765,-0.00163649,-0.00029649,-0.00013226,0.00096587,0.00011964,0.00151024,0.00066272,-0.00037455,0.00177748,-0.00020260,0.00252268,-0.00048682,-0.00056816,-0.00108616,-0.00088450,-0.00195535,-0.00135208,0.00180660,0.00129594,-0.00279387,0.00064087,-0.00173998,0.00000000,0.00000000,0.00000000,0.00000000,0.00000000,0.00000000,0.00000000,0.00000000,0.00000000,0.00000000,0.00000000,0.00000000,0.00000000,0.00000000,0.00000000,0.00000000,0.00000000,0.00000000,0.00000000,0.00000000,0.00000000,0.00000000,0.00000000,0.00000000,0.00000000,0.00000000,-0.00077773,0.00000000,0.00000000,0.00000000,0.00000000,0.00000000,0.00000000,0.00000000,0.00000000,0.00000000,0.00000000,0.00000000,0.00000000,0.00000000,0.00000000,0.00000000,0.00000000,0.00000000,0.00000000,0.00000000,0.00000000,0.00000000,-0.00002168,0.00017607,-0.00080878,0.00003736,-0.00048390,0.00081694,-0.00009239,0.00031239,0.00024107,-0.00048649,0.00017682,-0.00016821,0.00019120,0.00054208,0.00024426,-0.00074915
0.00117679,-0.00001826,-0.00045753,0.00110178,0.00207333,0.00072425,0.00100210,-0.00006081,0.00046881,-0.00012142,-0.00045961,-0.01475103,-0.00021704,0.00078411,-0.00025729,-0.00023745,-0.00155409,0.00041682,-0.00025322,-0.00137112,-0.00085465,0.00025977,-0.00012248,0.00011100,0.00103096,0.00062941,-0.00145331,-0.00105570,0.00032089,-0.00032667,-0.00023857,0.00004710,-0.00073626,-0.00003112,-0.00011405,-0.00077517,0.00110490,-0.00171488,-0.00023242,-0.00012119,-0.00052429,0.00136163,0.00072862,0.00031604,0.00151961,0.00034666,-0.00096661,0.00023514,0.00057792,0.00024545,0.00118905,-0.00013310,-0.00064829,-0.00049711,0.00117139,-0.00104617,0.00094791,-0.00017026,-0.00040977,-0.00053011,-0.00091880,-0.00004671,-0.00029676,0.00045221,-0.00057935,0.00066688,-0.00038310,0.00088989,-0.00053527,0.00114902,-0.00013459,0.00006800,-0.00010236,0.00117320,-0.00031838,0.00200937,-0.00077517,0.00024718,-0.00019213,-0.00055047,0.00167478,-0.00074685,0.00039470,0.00026644,-0.00118301,-0.00098282,-0.00059898,-0.00026094,0.00058270,0.00089303,0.00068544,0.00006620,-0.00082593,0.00156430,-0.00105972,-0.00176831,-0.00087746,-0.00018694,-0.00021057,-0.00035662,0.00156243,0.00078707,-0.00011045,-0.00003340,-0.00082808,-0.00017367,-0.00102908,-0.00010132,-0.00029074,-0.00030075,-0.00084379,0.00035157,0.00068396,0.00013804,0.00064205,-0.00070561,0.00180031,-0.00020631,-0.00083063,-0.00006329,0.00006619,-0.00130879,-0.00110105,0.00042646,0.00066728,-0.00122360,0.00105118,-0.00135780,0.00000000,0.00000000,0.00000000,0.00000000,0.00000000,0.00000000,0.00000000,0.00000000,0.00000000,0.00000000,0.00000000,0.00000000,0.00000000,0.00000000,0.00000000,0.00000000,0.00000000,0.00000000,0.00000000,0.00000000,0.00000000,0.00000000,0.00000000,0.00000000,0.00000000,0.00000000,0.00000000,0.00102132,0.00000000,0.00000000,0.00000000,0.00000000,0.00000000,0.00000000,0.00000000,0.00000000,0.00000000,0.00000000,0.00000000,0.00000000,0.00000000,0.00000000,0.00000000,0.00000000,0.00000000,0.00000000,0.00000000,0.00000000,-0.00083791,0.00040820,-0.00019252,0.00034873,-0.00019550,0.00125527,0.00022101,0.00108777,0.00025734,-0.00020802,0.00021054,0.00011164,-0.00078033,0.00074301,-0.00041887,-0.00034300
-0.00115455,0.00068716,-0.00103601,0.00053019,-0.00143913,0.00004736,0.00066303,-0.00037585,-0.00208750,-0.00115609,-0.00060790,-0.00168110,-0.01492505,-0.00077578,-0.00055087,0.00055103,-0.00088911,-0.00041222,0.00111666,0.00032277,0.00000374,-0.00057820,-0.00080109,-0.00069343,0.00104182,-0.00068311,0.00111282,-0.00059105,-0.00039483,-0.00026032,-0.00119217,0.00138063,-0.00117199,-0.00049764,-0.00035173,0.00092345,0.00112027,0.00024201,0.00052953,-0.00066211,-0.00047352,-0.00123770,-0.00156910,0.00205988,-0.00017404,-0.00153080,0.00038736,-0.00156162,0.00094466,0.00079527,-0.00029871,-0.00123813,-0.00006148,-0.00145876,0.00008222,-0.00063548,0.00031787,-0.00101567,-0.00121569,-0.00059681,-0.00018389,-0.00003847,0.00048839,-0.00033409,0.00089641,-0.00099425,0.00078300,0.00016541,0.00091966,-0.00075496,-0.00044204,-0.00041168,-0.00031111,0.00033120,0.00127149,-0.00061351,-0.00069773,0.00057132,-0.00021405,0.00082199,-0.00009806,-0.00009394,-0.00048570,0.00046142,-0.00176924,-0.00010659,0.00236158,-0.00011640,-0.00088518,-0.00113328,-0.00043705,-0.00119517,-0.00059771,-0.00221249,0.00021299,0.00063004,0.00075111,-0.00097266,0.00017154,-0.00089777,0.00057088,0.00033706,0.00153895,0.00072380,0.00024534,-0.00072645,-0.00151653,0.00001173,-0.00065159,0.00050913,-0.00068075,-0.00002191,-0.00096441,-0.00040449,0.00014678,-0.00069406,-0.00163870,0.00024150,0.00165105,-0.00015255,-0.00097519,0.00014652,-0.00061103,0.00042908,0.00131966,0.00118176,-0.00080745,0.00181183,0.00000000,0.00000000,0.00000000,0.00000000,0.00000000,0.00000000,0.00000000,0.00000000,0.00000000,0.00000000,0.00000000,0.00000000,0.00000000,0.00000000,0.00000000,0.00000000,0.00000000,0.00000000,0.00000000,0.00000000,0.00000000,0.00000000,0.00000000,0.00000000,0.00000000,0.00000000,0.00000000,0.00000000,0.00199774,0.00000000,0.00000000,0.00000000,0.00000000,0.00000000,0.00000000,0.00000000,0.00000000,0.00000000,0.00000000,0.00000000,0.00000000,0.00000000,0.00000000,0.00000000,0.00000000,0.00000000,0.00000000,0.00000000,0.00114757,-0.00005514,0.00149730,-0.00078131,0.00200850,-0.00167153,0.00176130,-0.00081806,0.00058469,0.00053672,0.00096186,0.00104422,-0.00034758,-0.00171105,-0.00097908,0.00170303
0.00169694,-0.00113414,-0.00213458,0.00124145,0.00157635,0.00090696,0.00140369,-0.00151768,-0.00105415,-0.00175582,-0.00120614,0.00021285,0.00102014,-0.01532300,-0.00186654,0.00111757,-0.00173698,-0.00052800,0.00132054,-0.00047616,-0.00144571,-0.00087148,-0.00049479,-0.00125876,0.00119583,-0.00056700,-0.00124875,-0.00185169,0.00013991,-0.00209035,-0.00140498,0.00098534,-0.00088413,-0.00024480,-0.00143303,0.00036877,0.00160126,-0.00145350,-0.00006899,-0.00120984,-0.00128847,-0.00080748,0.00007335,0.00086694,0.00231765,-0.00032865,-0.00006073,0.00004846,0.00019241,0.00014058,0.00132007,-0.00154890,0.00120092,-0.00085137,0.00245241,-0.00172075,0.00138413,-0.00190167,-0.00116516,-0.00142353,-0.00199797,-0.00070689,0.00144876,0.00193330,0.00125385,0.00112646,0.00100153,0.00152561,-0.00022713,0.00121385,-0.00096194,-0.00150234,-0.00141657,0.00136312,0.00026899,0.00141932,-0.00201893,0.00127660,0.00018735,-0.00161135,0.00107122,-0.00128392,0.00122725,0.00159256,-0.00194188,-0.00132622,0.00098338,-0.00181690,0.00102867,0.00089668,0.00009259,-0.00081638,-0.00127806,0.00127488,-0.00085229,-0.00228758,-0.00170687,-0.00081256,-0.00081597,0.00023329,0.00160436,0.00154167,0.00092758,0.00173311,-0.00117493,-0.00134715,-0.00122070,-0.00130537,0.00082089,0.00134179,-0.00130546,0.00076367,0.00010978,-0.00199381,0.00176734,-0.00194815,0.00306136,0.00070241,0.00089597,-0.00114070,0.00008362,-0.00166436,-0.00176517,0.00130496,0.00163325,-0.00179912,0.00147469,-0.00122919,0.00000000,0.00000000,0.00000000,0.00000000,0.00000000,0.00000000,0.00000000,0.00000000,0.00000000,0.00000000,0.00000000,0.00000000,0.00000000,0.00000000,0.00000000,0.00000000,0.00000000,0.00000000,0.00000000,0.00000000,0.00000000,0.00000000,0.00000000,0.00000000,0.00000000,0.00000000,0.00000000,0.00000000,0.00000000,0.00026032,0.00000000,0.00000000,0.00000000,0.00000000,0.00000000,0.00000000,0.00000000,0.00000000,0.00000000,0.00000000,0.00000000,0.00000000,0.00000000,0.00000000,0.00000000,0.00000000,0.00000000,0.00000000,0.00082831,-0.00099730,0.00017910,0.00022987,-0.00064527,-0.00074785,-0.00009433,-0.00046225,0.00064077,0.00146673,-0.00028639,0.00093918,0.00060881,-0.00062041,-0.00094266,0.00049234
0.00081557,-0.00001152,-0.00006175,0.00015091,0.00086702,-0.00074379,0.00053329,0.00004299,0.00125523,-0.00018379,0.00058970,-0.00004480,-0.00015289,0.00007428,-0.01438870,-0.00017362,0.00013278,-0.00013735,-0.00153361,-0.00098899,0.00010823,-0.00050438,-0.00061407,-0.00027180,-0.00063540,0.00035737,-0.00128090,0.00006927,-0.00130286,0.00014389,0.00006913,-0.00124390,-0.00039611,0.00022719,0.00035370,-0.00062392,-0.00068000,-0.00119524,0.00096212,-0.00038099,-0.00028866,0.00058805,0.00079572,-0.00008625,0.00018731,0.00070772,0.00035623,-0.00012087,-0.00044623,-0.00057511,-0.00091705,-0.00007737,-0.00030182,0.00069362,0.00067160,-0.00118175,0.00148629,-0.00048155,0.00015687,-0.00102364,-0.00029331,-0.00067201,-0.00023235,-0.00070826,0.00059529,0.00074757,-0.00035497,-0.00067658,0.00058893,0.00054159,0.00123843,0.00102922,-0.00063323,0.00052212,-0.00115647,0.00151956,-0.00041746,0.00018343,0.00132111,-0.00147203,-0.00056742,-0.00054746,0.00087090,-0.00020717,-0.00049741,-0.00269362,-0.00079031,-0.00052215,0.00140705,0.00130019,0.00114319,0.00004196,0.00100072,0.00152550,0.00006377,-0.00001535,-0.00173551,-0.00087203,-0.00033710,-0.00032017,0.00035409,0.00181655,-0.00004581,-0.00045211,-0.00018996,0.00005037,0.00001750,-0.00090881,-0.00088388,0.00014935,0.00066713,0.00042196,0.00075196,-0.00101773,0.00030116,-0.00037600,0.00191622,-0.00004078,-0.00013635,0.00110619,-0.00000586,-0.00106893,-0.00003068,0.00094269,0.00011960,-0.00073647,0.00061827,-0.00070844,0.00000000,0.00000000,0.00000000,0.00000000,0.00000000,0.00000000,0.00000000,0.00000000,0.00000000,0.00000000,0.00000000,0.00000000,0.00000000,0.00000000,0.00000000,0.00000000,0.00000000,0.00000000,0.00000000,0.00000000,0.00000000,0.00000000,0.00000000,0.00000000,0.00000000,0.00000000,0.00000000,0.00000000,0.00000000,0.00000000,0.00122518,0.00000000,0.00000000,0.00000000,0.00000000,0.00000000,0.00000000,0.00000000,0.00000000,0.00000000,0.00000000,0.00000000,0.00000000,0.00000000,0.00000000,0.00000000,0.00000000,0.00000000,-0.00061511,0.00066555,-0.00003417,0.00036490,-0.00080094,0.00118984,-0.00041119,0.00080859,0.00081070,0.00052116,-0.00053265,-0.00098299,0.00012599,0.00043167,0.00062385,-0.00049186
-0.00114732,0.00098440,-0.00039278,0.00071285,-0.00177818,-0.00065875,-0.00236598,0.00017311,-0.00150170,-0.00114183,0.00028837,-0.00176540,0.00003655,-0.00162343,-0.00085137,-0.01216393,0.00012796,-0.00102732,0.00099083,0.00146178,0.00008612,-0.00148135,-0.00050410,-0.00097244,0.00053084,-0.00162947,0.00060929,-0.00014573,0.00083513,0.00041865,-0.00151743,0.00125127,-0.00050893,-0.00100016,0.00000576,0.00111030,-0.00098015,0.00059265,0.00050240,-0.00105879,0.00016592,-0.00092984,-0.00144680,0.00043632,-0.00053849,-0.00023013,0.00026949,-0.00097230,0.00141168,0.00105449,0.00052753,-0.00095481,0.00147964,-0.00091032,-0.00052050,0.00157328,-0.00006195,-0.00098198,0.00029591,-0.00029379,0.00008922,-0.00085447,0.00076788,0.00007788,-0.00010638,-0.00042260,0.00132013,0.00053968,-0.00057462,-0.00129270,-0.00061022,-0.00136189,0.00046274,-0.00002787,0.00084989,-0.00295376,0.00095775,-0.00040253,-0.00064920,0.00211935,-0.00033944,-0.00048270,0.00009337,-0.00019472,-0.00096058,0.00071045,0.00109207,-0.00050942,-0.00151008,-0.00248954,-0.00098742,-0.00060226,0.00000521,-0.00104720,-0.00016700,0.00064093,0.00182487,0.00016961,0.00085203,-0.00011932,-0.00026493,0.00008653,0.00168555,-0.00050127,-0.00052050,-0.00067656,0.00010314,-0.00040820,0.00058693,0.00015959,-0.00105400,-0.00034525,-0.00058425,-0.00115947,-0.00070871,-0.00065981,-0.00197013,0.00007868,0.00137242,-0.00009309,-0.00022035,0.00091623,-0.00028379,-0.00007869,0.00045893,0.00175351,-0.00102090,0.00158257,0.00000000,0.00000000,0.00000000,0.00000000,0.00000000,0.00000000,0.00000000,0.00000000,0.00000000,0.00000000,0.00000000,0.00000000,0.00000000,0.00000000,0.00000000,0.00000000,0.00000000,0.00000000,0.00000000,0.00000000,0.00000000,0.00000000,0.00000000,0.00000000,0.00000000,0.00000000,0.00000000,0.00000000,0.00000000,0.00000000,0.00000000,0.00007314,0.00000000,0.00000000,0.00000000,0.00000000,0.00000000,0.00000000,0.00000000,0.00000000,0.00000000,0.00000000,0.00000000,0.00000000,0.00000000,0.00000000,0.00000000,0.00000000,0.00120720,-0.00085375,0.00061055,-0.00205311,0.00150869,-0.00169260,0.00171522,-0.00081313,0.00057209,0.00180466,0.00023541,0.00089366,0.00127851,-0.00188271,-0.00159564,0.00056450
0.00154085,-0.00157371,0.00010243,-0.00025105,0.00115343,0.00043811,0.00049607,-0.00014091,0.00133823,0.00010691,0.00034876,-0.00007769,-0.00024574,0.00084881,0.00023853,0.00060552,-0.01238274,0.00149761,-0.00101567,-0.00216397,-0.00015775,0.00126492,0.00071500,0.00007135,-0.00021823,0.00076828,-0.00062412,0.00048197,-0.00092076,-0.00069995,0.00079090,-0.00113656,-0.00036937,0.00105834,0.00114061,-0.00235919,0.00040377,-0.00074198,-0.00067230,0.00076381,-0.00006839,0.00035948,-0.00021295,-0.00056897,0.00061227,0.00150483,-0.00041173,-0.00069531,-0.00071256,-0.00144322,0.00020046,-0.00017329,-0.00041192,-0.00173033,0.00041728,-0.00279661,0.00187579,0.00029287,-0.00067950,0.00014341,0.00029836,-0.00005665,0.00019985,0.00006991,0.00123803,-0.00034699,-0.00010212,-0.00043831,0.00107014,0.00170140,0.00029266,0.00101082,-0.00148287,0.00164565,-0.00153160,0.00257301,-0.00089939,-0.00019150,0.00248084,-0.00174240,0.00030283,0.00095804,0.00028482,0.00054954,0.00054859,-0.00079991,-0.00145588,0.00026559,0.00047539,0.00348280,0.00219111,0.00096824,-0.00006978,0.00139823,0.00115752,-0.00100514,-0.00188095,0.00003742,-0.00032495,-0.00034569,0.00144475,0.00051086,-0.00123096,0.00215683,-0.00009808,0.00037025,-0.00081409,0.00112000,-0.00069857,0.00069895,0.00042992,0.00097279,0.00108042,0.00029973,0.00230473,-0.00010163,0.00296156,-0.00048528,-0.00126071,0.00025054,0.00027435,-0.00001632,0.00014983,0.00109361,-0.00026733,-0.00231101,0.00126778,-0.00117658,0.00000000,0.00000000,0.00000000,0.00000000,0.00000000,0.00000000,0.00000000,0.00000000,0.00000000,0.00000000,0.00000000,0.00000000,0.00000000,0.00000000,0.00000000,0.00000000,0.00000000,0.00000000,0.00000000,0.00000000,0.00000000,0.00000000,0.00000000,0.00000000,0.00000000,0.00000000,0.00000000,0.00000000,0.00000000,0.00000000,0.00000000,0.00000000,0.00048398,0.00000000,0.00000000,0.00000000,0.00000000,0.00000000,0.00000000,0.00000000,0.00000000,0.00000000,0.00000000,0.00000000,0.00000000,0.00000000,0.00000000,0.00000000,-0.00096584,0.00136436,-0.00147655,0.00203992,-0.00137977,0.00123946,-0.00095972,0.00098179,-0.00062277,-0.00144510,-0.00079524,0.00019694,-0.00093077,0.00271676,0.00146154,-0.00142912
-0.00066883,0.00002297,-0.00003019,0.00017299,0.00072276,0.00018325,0.00085210,-0.00036473,-0.00013375,-0.00106751,-0.00026825,-0.00012477,-0.00001646,0.00008483,-0.00015801,0.00115420,-0.00036490,-0.01594332,0.00077541,-0.00087390,-0.00151460,-0.00072825,0.00005460,-0.00062545,0.00096562,0.00063467,-0.00014946,-0.00114903,-0.00106429,0.00020159,0.00005261,0.00024246,-0.00025776,0.00065207,-0.00003223,0.00064988,0.00073744,-0.00063758,0.00098848,-0.00087036,-0.00092689,-0.00072330,-0.00015472,-0.00026893,0.00124909,-0.00066360,-0.00144333,-0.00085689,0.00019153,-0.00027709,0.00036997,-0.00028300,0.00046631,-0.00130123,0.00078745,-0.00122960,0.00149529,-0.00117002,-0.00088048,-0.00053391,-0.00059252,-0.00005449,0.00045709,0.00098814,0.00141937,-0.00041613,-0.00013651,0.00042247,0.00024086,0.00115033,0.00075946,0.00194250,-0.00037770,0.00131944,-0.00034346,0.00119910,-0.00186956,0.00025694,0.00035500,-0.00050856,0.00071618,0.00026867,0.00032133,0.00118558,-0.00067264,-0.00145189,-0.00011580,-0.00042369,0.00012763,0.00067636,0.00075943,-0.00072696,-0.00049677,0.00162778,-0.00061307,0.00070726,0.00012497,-0.00034995,-0.00095744,-0.00082831,0.00045959,0.00110875,-0.00005102,0.00032019,-0.00088793,-0.00010751,-0.00112439,-0.00056373,-0.00038341,0.00083702,-0.00040691,-0.00031568,-0.00020755,-0.00149677,0.00069612,0.00005844,0.00071457,0.00022075,0.00054642,-0.00096549,-0.00088693,0.00004592,-0.00028129,0.00145971,0.00076207,-0.00109837,0.00033649,-0.00081072,0.00000000,0.00000000,0.00000000,0.00000000,0.00000000,0.00000000,0.00000000,0.00000000,0.00000000,0.00000000,0.00000000,0.00000000,0.00000000,0.00000000,0.00000000,0.00000000,0.00000000,0.00000000,0.00000000,0.00000000,0.00000000,0.00000000,0.00000000,0.00000000,0.00000000,0.00000000,0.00000000,0.00000000,0.00000000,0.00000000,0.00000000,0.00000000,0.00000000,0.00075298,0.00000000,0.00000000,0.00000000,0.00000000,0.00000000,0.00000000,0.00000000,0.00000000,0.00000000,0.00000000,0.00000000,0.00000000,0.00000000,0.00000000,-0.00047143,-0.00038360,0.00011108,0.00003975,-0.00126304,0.00101511,0.00036276,0.00044016,0.00025420,-0.00050278,-0.00021051,-0.00061150,-0.00048500,0.00006597,0.00046370,-0.00092467
-0.00056740,0.00074742,0.00100543,-0.00116460,-0.00088945,-0.00058874,-0.00029998,0.00030147,0.00110045,0.00128901,0.00169028,0.00070160,-0.00071108,0.00124358,0.00016209,-0.00136098,0.00081615,0.00089929,-0.01280961,0.00139381,0.00075653,-0.00044065,0.00144791,0.00151685,-0.00038963,0.00063917,0.00016197,0.00254366,0.00008055,0.00129546,0.00171579,0.00034602,0.00076541,0.00038708,0.00018142,-0.00099453,-0.00118571,0.00156940,-0.00051463,0.00191658,0.00040069,0.00129920,0.00008331,0.00065330,-0.00131827,-0.00057908,0.00034185,0.00044186,-0.00003960,-0.00048959,-0.00158358,0.00094074,-0.00045638,0.00113910,-0.00161155,0.00164031,-0.00129592,0.00102774,0.00101505,0.00106572,0.00125341,0.00111650,0.00005139,-0.00123052,-0.00153926,-0.00046772,-0.00166232,-0.00061476,-0.00017359,-0.00176263,-0.00023698,0.00054699,0.00043739,-0.00107544,0.00100339,-0.00107795,0.00100172,-0.00166243,-0.00079699,0.00047563,-0.00093723,0.00061044,-0.00089082,-0.00115855,0.00102614,0.00004863,0.00006600,0.00089557,0.00037619,-0.00076469,0.00004365,0.00075566,0.00101370,-0.00112912,0.00085944,0.00151480,0.00156415,0.00049745,0.00114402,-0.00054570,-0.00160904,-0.00111290,0.00104623,-0.00049217,0.00090610,0.00095804,0.00140464,0.00050690,-0.00095504,-0.00137700,0.00095644,-0.00024725,-0.00069946,0.00076677,-0.00146139,0.00099072,-0.00184357,-0.00126254,-0.00111685,0.00147807,0.00021064,0.00225356,0.00170409,-0.00129584,-0.00129775,0.00088168,-0.00119860,0.00017926,0.00000000,0.00000000,0.00000000,0.00000000,0.00000000,0.00000000,0.00000000,0.00000000,0.00000000,0.00000000,0.00000000,0.00000000,0.00000000,0.00000000,0.00000000,0.00000000,0.00000000,0.00000000,0.00000000,0.00000000,0.00000000,0.00000000,0.00000000,0.00000000,0.00000000,0.00000000,0.00000000,0.00000000,0.00000000,0.00000000,0.00000000,0.00000000,0.00000000,0.00000000,0.00080872,0.00000000,0.00000000,0.00000000,0.00000000,0.00000000,0.00000000,0.00000000,0.00000000,0.00000000,0.00000000,0.00000000,0.00000000,0.00000000,-0.00030747,0.00034318,-0.00099800,-0.00024111,0.00078581,0.00052039,-0.00002361,0.00080439,-0.00011583,-0.00004962,0.00099614,-0.00017861,-0.00083509,-0.00014937,0.00088270,0.00047018
0.00127360,0.00062635,0.00250003,-0.00313707,0.00117992,-0.00228050,-0.00047703,0.00053651,0.00388974,0.00221437,0.00306650,0.00167866,-0.00251200,0.00397611,0.00285741,-0.00240498,0.00344151,0.00362745,-0.00383215,-0.01563169,0.00258246,0.00452441,0.00363074,0.00256103,-0.00340235,0.00306284,0.00212325,0.00280163,0.00001811,0.00197933,0.00434826,-0.00418488,0.00074928,0.00438131,0.00292392,-0.00292782,-0.00213866,0.00020445,-0.00367058,0.00422930,0.00134315,0.00393664,0.00425890,-0.00235878,-0.00176861,0.00309541,-0.00028870,0.00221471,-0.00248800,-0.00302249,-0.00332793,0.00330595,-0.00344436,0.00151300,-0.00247407,0.00048591,-0.00023800,0.00280352,0.00325560,0.00287921,0.00275666,0.00286718,-0.00373773,-0.00283408,-0.00354516,-0.00294369,-0.00391355,-0.00302337,0.00098630,-0.00176497,0.00355523,0.00275896,0.00292321,-0.00116734,-0.00374032,0.00004710,0.00189202,-0.00362456,0.00294945,0.00048383,-0.00331323,0.00306105,-0.00249382,-0.00190771,0.00309382,-0.00127963,-0.00426619,0.00316972,-0.00018996,0.00221238,0.00197905,0.00279386,0.00341753,0.00027008,0.00286769,0.00182805,-0.00033964,0.00183448,0.00104909,-0.00067958,-0.00157135,-0.00109630,-0.00322624,-0.00168233,0.00246750,0.00324652,0.00331241,0.00180372,-0.00253505,-0.00383966,0.00272821,-0.00001092,0.00213121,0.00308808,-0.00094869,0.00370738,0.00046622,-0.00253078,-0.00396517,0.00331634,0.00190619,0.00187689,0.00430664,-0.00179308,-0.00175345,0.00078893,-0.00233095,-0.00163911,0.00000000,0.00000000,0.00000000,0.00000000,0.00000000,0.00000000,0.00000000,0.00000000,0.00000000,0.00000000,0.00000000,0.00000000,0.00000000,0.00000000,0.00000000,0.00000000,0.00000000,0.00000000,0.00000000,0.00000000,0.00000000,0.00000000,0.00000000,0.00000000,0.00000000,0.00000000,0.00000000,0.00000000,0.00000000,0.00000000,0.00000000,0.00000000,0.00000000,0.00000000,0.00000000,-0.00149172,0.00000000,0.00000000,0.00000000,0.00000000,0.00000000,0.00000000,0.00000000,0.00000000,0.00000000,0.00000000,0.00000000,0.00000000,-0.00419982,0.00202525,-0.00299427,0.00238560,-0.00335637,0.00424084,-0.00342264,0.00412125,-0.00058403,-0.00354717,-0.00090830,-0.00303615,-0.00397326,0.00361825,0.00386501,-0.00210984
0.00021426,-0.00071566,-0.00064583,-0.00091103,0.00290347,0.00012397,0.00047566,0.00001988,0.00188994,0.00064651,0.00178673,0.00072536,-0.00178734,0.00220415,0.00120532,-0.00057677,0.00121116,0.00082683,-0.00192734,-0.00153786,-0.01089750,0.00188155,0.00020709,0.00137079,-0.00078220,0.00091986,0.00024232,0.00036245,-0.00120093,-0.00089852,0.00137104,-0.00144135,-0.00025432,0.00120681,0.00060478,-0.00204336,-0.00105292,-0.00080623,-0.00078024,0.00169190,-0.00013768,0.00261467,0.00216657,-0.00096099,0.00099496,0.00141261,0.00103258,0.00106530,-0.00180468,-0.00179304,-0.00031829,0.00158993,-0.00145890,0.00073711,-0.00081056,-0.00211991,0.00180848,0.00069881,0.00101530,0.00059791,0.00008509,0.00018824,-0.00082563,-0.00026162,-0.00089479,0.00087787,-0.00125726,-0.00062398,0.00081835,0.00027858,0.00049482,-0.00052579,-0.00077624,0.00131420,-0.00189042,0.00285386,-0.00084834,-0.00055886,0.00074928,-0.00177998,-0.00157985,0.00096701,-0.00093862,-0.00064555,0.00151176,-0.00084621,-0.00154941,0.00032497,0.00084619,0.00224948,0.00191109,0.00173035,0.00082504,0.00223268,0.00062035,-0.00200998,-0.00254591,0.00001866,0.00004987,-0.00049314,0.00052838,0.00135183,-0.00088646,0.00088352,0.00080617,0.00249856,-0.00011262,0.00014723,0.00020038,-0.00064284,0.00117363,0.00083939,0.00020186,0.00048195,0.00229195,0.00070982,0.00318071,-0.00120203,-0.00190783,0.00042823,0.00038477,-0.00081734,0.00083332,0.00075084,-0.00047380,-0.00141490,0.00068944,-0.00203629,0.00000000,0.00000000,0.00000000,0.00000000,0.00000000,0.00000000,0.00000000,0.00000000,0.00000000,0.00000000,0.00000000,0.00000000,0.00000000,0.00000000,0.00000000,0.00000000,0.00000000,0.00000000,0.00000000,0.00000000,0.00000000,0.00000000,0.00000000,0.00000000,0.00000000,0.00000000,0.00000000,0.00000000,0.00000000,0.00000000,0.00000000,0.00000000,0.00000000,0.00000000,0.00000000,0.00000000,0.00129425,0.00000000,0.00000000,0.00000000,0.00000000,0.00000000,0.00000000,0.00000000,0.00000000,0.00000000,0.00000000,0.00000000,-0.00125299,0.00076045,-0.00139804,0.00113213,-0.00029678,0.00206244,-0.00098128,0.00243317,-0.00078522,-0.00074704,-0.00223865,-0.00157755,-0.00083139,0.00263822,0.00138539,-0.00145427
0.00112349,-0.00072296,-0.00108911,0.00059876,0.00151149,0.00231753,0.00103758,-0.00070384,0.00004858,-0.00118358,-0.00100631,-0.00006714,0.00097651,0.00013995,-0.00176898,0.00048283,-0.00012772,-0.00030645,-0.00103159,-0.00083893,-0.00045854,-0.01486550,-0.00033087,-0.00030268,0.00033613,0.00058111,-0.00184487,0.00023487,-0.00119438,-0.00134830,-0.00050880,-0.00042518,0.00023267,0.00008940,-0.00046827,-0.00134574,0.00022739,-0.00046740,-0.00079197,-0.00040992,-0.00086015,0.00034665,0.00005603,0.00023288,0.00220767,0.00027710,-0.00049884,-0.00029297,0.00004877,-0.00072544,0.00077646,-0.00047507,0.00094425,-0.00027718,0.00064177,-0.00244676,0.00228749,0.00034985,-0.00107986,-0.00071531,-0.00116496,-0.00071986,0.00037447,0.00063465,0.00112415,0.00147991,0.00034117,0.00134456,0.00071584,0.00132911,-0.00029546,-0.00009929,-0.00185467,0.00127942,-0.00035941,0.00291405,-0.00155774,0.00051031,0.00065752,-0.00219408,0.00089964,-0.00029056,0.00087775,0.00078148,0.00094404,-0.00171759,-0.00025106,-0.00141450,0.00217271,0.00168600,0.00031314,0.00026023,-0.00031534,0.00170855,-0.00037358,-0.00154228,-0.00258808,-0.00067493,-0.00086246,0.00119876,0.00064494,0.00112423,-0.00007645,0.00159782,-0.00040530,-0.00055304,-0.00168265,-0.00111364,0.00138743,0.00125022,0.00002904,-0.00015747,0.00130881,-0.00088274,0.00119637,-0.00093139,0.00307804,0.00001768,-0.00026621,-0.00039877,0.00016598,-0.00037489,-0.00062109,0.00092707,0.00118555,-0.00221805,0.00169600,-0.00241009,0.00000000,0.00000000,0.00000000,0.00000000,0.00000000,0.00000000,0.00000000,0.00000000,0.00000000,0.00000000,0.00000000,0.00000000,0.00000000,0.00000000,0.00000000,0.00000000,0.00000000,0.00000000,0.00000000,0.00000000,0.00000000,0.00000000,0.00000000,0.00000000,0.00000000,0.00000000,0.00000000,0.00000000,0.00000000,0.00000000,0.00000000,0.00000000,0.00000000,0.00000000,0.00000000,0.00000000,0.00000000,-0.00021497,0.00000000,0.00000000,0.00000000,0.00000000,0.00000000,0.00000000,0.00000000,0.00000000,0.00000000,0.00000000,-0.00042717,-0.00065821,-0.00050917,-0.00021288,0.00095615,0.00012494,-0.00006751,-0.00031606,0.00089092,0.00063135,-0.00006208,-0.00058815,0.00083228,-0.00023360,0.00010015,-0.00023794
0.00059207,-0.00124153,-0.00028038,0.00005778,0.00138597,0.00016463,0.00162221,-0.00038107,0.00093192,0.00005816,0.00070137,0.00056483,-0.00092309,0.00173183,0.00033888,0.00055058,0.00050979,0.00127523,-0.00035932,-0.00133466,-0.00110230,0.00048929,-0.01197913,0.00026327,-0.00082898,0.00120412,0.00075983,0.00036860,-0.00227898,0.00039928,0.00067726,-0.00104889,-0.00019543,0.00079519,0.00117710,0.00005719,-0.00075082,-0.00012269,-0.00048328,0.00034041,0.00045297,0.00073907,0.00114813,0.00016501,0.00046616,0.00046253,-0.00014029,-0.00045762,-0.00002039,-0.00043462,-0.00010686,0.00097843,-0.00080526,0.00063431,0.00071997,-0.00188359,0.00074975,0.00101410,0.00040445,0.00012499,-0.00056845,-0.00083551,-0.00022922,-0.00044524,0.00077623,-0.00055283,-0.00056998,-0.00030568,0.00092802,0.00130964,0.00015530,0.00157363,-0.00036302,0.00094164,-0.00184098,0.00203444,-0.00131914,-0.00001974,0.00110039,-0.00141240,0.00021886,0.00110520,-0.00072129,-0.00012207,-0.00005012,-0.00194363,-0.00072911,-0.00027502,0.00012801,0.00188390,0.00090372,0.00001135,0.00065536,0.00139506,0.00049535,-0.00007031,-0.00139501,-0.00078105,-0.00154718,0.00055184,0.00218213,0.00007531,-0.00152435,0.00018131,0.00019412,0.00018508,-0.00128479,0.00084481,-0.00079712,-0.00028511,0.00037845,-0.00001514,0.00097923,-0.00014503,0.00150404,0.00022775,0.00246092,-0.00026143,-0.00052463,-0.00011923,-0.00034246,-0.00048408,0.00012409,0.00012421,-0.00042919,-0.00169606,0.00045511,-0.00142688,0.00000000,0.00000000,0.00000000,0.00000000,0.00000000,0.00000000,0.00000000,0.00000000,0.00000000,0.00000000,0.00000000,0.00000000,0.00000000,0.00000000,0.00000000,0.00000000,0.00000000,0.00000000,0.00000000,0.00000000,0.00000000,0.00000000,0.00000000,0.00000000,0.00000000,0.00000000,0.00000000,0.00000000,0.00000000,0.00000000,0.00000000,0.00000000,0.00000000,0.00000000,0.00000000,0.00000000,0.00000000,0.00000000,-0.00078066,0.00000000,0.00000000,0.00000000,0.00000000,0.00000000,0.00000000,0.00000000,0.00000000,0.00000000,-0.00195551,0.00016163,-0.00048395,0.00132073,-0.00106118,0.00134844,-0.00103507,0.00095633,0.00003987,-0.00094242,0.00067837,-0.00101821,-0.00133450,0.00175796,0.00097277,-0.00185109
-0.00025680,-0.00088895,-0.00152110,0.00106339,0.00161995,0.00183491,0.00198484,-0.00079403,0.00071288,-0.00133474,0.00008147,-0.00022083,-0.00007397,-0.00016198,-0.00048871,0.00105391,-0.00053785,-0.00007327,0.00027388,-0.00158717,-0.00097076,-0.00041617,-0.00039464,-0.01402397,0.00046415,-0.00002986,-0.00023853,-0.00098284,-0.00149376,-0.00172157,0.00024349,-0.00007454,-0.00057368,0.00061325,0.00038904,-0.00062901,0.00009190,-0.00046803,0.00057152,0.00029479,-0.00108995,0.00073387,0.00030087,-0.00034190,0.00208074,0.00003609,-0.00132921,-0.00115090,-0.00075725,-0.00102172,0.00128168,-0.00008132,0.00073997,-0.00012101,0.00119734,-0.00267133,0.00170246,-0.00051430,-0.00068893,-0.00027200,-0.00056179,-0.00075049,0.00080061,0.00128076,0.00091861,0.00099870,-0.00010439,0.00022670,-0.00052182,0.00129229,-0.00059750,-0.00055016,-0.00159283,0.00149317,-0.00057355,0.00197318,-0.00224910,0.00168372,0.00054289,-0.00197029,0.00094102,-0.00012291,0.00019761,0.00084628,-0.00020983,-0.00239871,0.00035945,-0.00088401,0.00167647,0.00140676,0.00052239,-0.00077738,-0.00044370,0.00251433,-0.00064700,-0.00195408,-0.00233504,-0.00122852,-0.00025498,0.00070656,0.00051345,0.00235338,0.00082015,0.00173728,-0.00137594,-0.00003360,-0.00110467,-0.00133901,0.00167387,0.00087707,-0.00081409,0.00047110,0.00011212,-0.00129976,0.00130241,-0.00024445,0.00296121,0.00050069,-0.00000958,-0.00117692,-0.00090233,-0.00136386,-0.00046486,0.00107807,0.00145939,-0.00255009,0.00144889,-0.00154398,0.00000000,0.00000000,0.00000000,0.00000000,0.00000000,0.00000000,0.00000000,0.00000000,0.00000000,0.00000000,0.00000000,0.00000000,0.00000000,0.00000000,0.00000000,0.00000000,0.00000000,0.00000000,0.00000000,0.00000000,0.00000000,0.00000000,0.00000000,0.00000000,0.00000000,0.00000000,0.00000000,0.00000000,0.00000000,0.00000000,0.00000000,0.00000000,0.00000000,0.00000000,0.00000000,0.00000000,0.00000000,0.00000000,0.00000000,-0.00162740,0.00000000,0.00000000,0.00000000,0.00000000,0.00000000,0.00000000,0.00000000,0.00000000,-0.00086666,-0.00063407,0.00037935,0.00024335,-0.00102583,-0.00004244,-0.00024547,-0.00025361,0.00068469,-0.00003185,-0.00070125,-0.00080786,-0.00012740,0.00056746,0.00009440,-0.00007043
0.00009821,0.00098812,0.00047712,-0.00127760,-0.00303000,-0.00118197,-0.00131647,0.00085977,0.00014158,0.00122869,0.00090907,0.00049952,0.00013110,-0.00057353,0.00022416,-0.00063185,0.00086099,0.00115830,0.00052827,0.00133150,0.00132140,-0.00064935,0.00040916,-0.00074261,-0.01287001,0.00037922,0.00218847,-0.00042456,0.00158247,0.00167273,0.00058343,-0.00061585,-0.00015363,-0.00011881,0.00055319,0.00060584,-0.00070246,0.00163075,-0.00003616,0.00001646,0.00158373,-0.00064914,-0.00066669,0.00038499,-0.00202893,0.00005406,0.00053809,0.00034969,0.00011457,0.00018154,-0.00108693,-0.00026102,-0.00116451,-0.00020479,-0.00079126,0.00227355,-0.00169730,0.00010276,0.00050474,0.00072026,0.00096896,0.00169300,-0.00152955,-0.00101370,0.00013946,-0.00186135,-0.00023313,-0.00032303,0.00060247,-0.00155855,0.00104523,0.00080590,0.00039747,-0.00038067,-0.00060226,-0.00293171,0.00145243,-0.00117147,-0.00044754,0.00208018,-0.00097259,0.00138016,-0.00068347,-0.00112212,-0.00089112,0.00024146,-0.00003361,0.00160650,-0.00237033,-0.00054373,-0.00129157,-0.00048075,0.00010566,-0.00312370,0.00111991,0.00266270,0.00236874,0.00062331,0.00173967,-0.00051880,-0.00009379,-0.00189734,-0.00014904,-0.00152536,0.00109104,-0.00041761,-0.00016110,0.00188861,-0.00128599,-0.00120932,0.00130435,0.00040200,-0.00056415,0.00089053,-0.00068942,-0.00018769,-0.00291895,-0.00047626,0.00064022,0.00130761,-0.00048586,0.00070599,-0.00015885,-0.00143974,-0.00102690,0.00271121,-0.00135397,0.00294440,0.00000000,0.00000000,0.00000000,0.00000000,0.00000000,0.00000000,0.00000000,0.00000000,0.00000000,0.00000000,0.00000000,0.00000000,0.00000000,0.00000000,0.00000000,0.00000000,0.00000000,0.00000000,0.00000000,0.00000000,0.00000000,0.00000000,0.00000000,0.00000000,0.00000000,0.00000000,0.00000000,0.00000000,0.00000000,0.00000000,0.00000000,0.00000000,0.00000000,0.00000000,0.00000000,0.00000000,0.00000000,0.00000000,0.00000000,0.00000000,-0.00033664,0.00000000,0.00000000,0.00000000,0.00000000,0.00000000,0.00000000,0.00000000,0.00074183,0.00102247,-0.00015109,0.00108815,0.00090213,-0.00046162,0.00047812,-0.00004052,-0.00021854,0.00003380,0.00165247,0.00053004,-0.00103282,-0.00059824,0.00054505,-0.00008629
0.00135983,-0.00163865,-0.00068215,0.00200638,0.00204041,0.00118161,0.00093567,-0.00032130,-0.00048636,-0.00156981,-0.00030441,0.00038926,0.00060298,-0.00005487,-0.00054994,0.00072927,-0.00079371,0.00017940,-0.00000964,-0.00161850,-0.00130798,0.00078787,-0.00069092,-0.00037948,0.00063407,-0.01469242,-0.00069498,-0.00064573,-0.00074681,-0.00044025,0.00042246,0.00067575,-0.00003785,0.00082668,0.00031321,-0.00099743,0.00116234,-0.00117243,0.00116074,-0.00035409,-0.00060651,-0.00046316,0.00053177,0.00036992,0.00220465,-0.00022179,-0.00140962,-0.00000553,0.00000278,0.00014377,0.00020628,-0.00031951,0.00007767,-0.00111949,0.00142996,-0.00174668,0.00162419,0.00014761,-0.00033072,-0.00049503,-0.00031347,-0.00061288,0.00109040,0.00062481,0.00067179,0.00125983,0.00045682,0.00014557,-0.00033867,0.00143032,-0.00110869,0.00051425,-0.00026773,0.00094434,-0.00088954,0.00229830,-0.00198764,0.00007548,0.00140557,-0.00193022,0.00129055,-0.00085767,0.00079891,0.00150532,-0.00024765,-0.00108635,0.00012826,-0.00065772,0.00091753,0.00079730,0.00056767,-0.00031230,-0.00089428,0.00116377,-0.00007442,0.00035725,-0.00231771,-0.00111414,-0.00099850,-0.00043049,0.00094836,0.00198271,0.00007172,0.00089931,0.00004966,-0.00062465,-0.00063616,-0.00140314,0.00057834,0.00123458,-0.00018166,-0.00038435,0.00003174,-0.00126885,0.00187511,-0.00055604,0.00176511,0.00126034,0.00050975,-0.00064061,-0.00002843,-0.00114777,-0.00094417,0.00198754,0.00048070,-0.00150420,0.00211106,-0.00068736,0.00000000,0.00000000,0.00000000,0.00000000,0.00000000,0.00000000,0.00000000,0.00000000,0.00000000,0.00000000,0.00000000,0.00000000,0.00000000,0.00000000,0.00000000,0.00000000,0.00000000,0.00000000,0.00000000,0.00000000,0.00000000,0.00000000,0.00000000,0.00000000,0.00000000,0.00000000,0.00000000,0.00000000,0.00000000,0.00000000,0.00000000,0.00000000,0.00000000,0.00000000,0.00000000,0.00000000,0.00000000,0.00000000,0.00000000,0.00000000,0.00000000,-0.00124934,0.00000000,0.00000000,0.00000000,0.00000000,0.00000000,0.00000000,0.00021918,-0.00072880,0.00052109,0.00019066,-0.00124844,-0.00003464,-0.00000283,-0.00003976,0.00049223,0.00029805,-0.00066236,0.00020293,0.00036689,0.00049539,0.00020308,0.00016297
0.00081265,0.00004366,-0.00008744,-0.00154637,0.00145223,0.00009525,0.00065121,-0.00047053,0.00118226,0.00083577,0.00116742,0.00049167,-0.00024533,0.00187974,0.00010384,-0.00038070,0.00079270,0.00174851,-0.00202504,-0.00139344,0.00041923,0.00093128,0.00128707,0.00208224,-0.00122772,0.00180716,-0.01403185,0.00091261,-0.00156958,0.00007863,0.00147019,-0.00154795,-0.00027509,0.00085875,0.00139326,-0.00188141,-0.00090811,-0.00087391,-0.00124535,0.00141904,0.00039595,0.00181902,0.00142376,-0.00099344,-0.00011221,0.00116561,0.00004249,0.00136608,-0.00126447,-0.00161713,-0.00085724,0.00103862,-0.00118469,-0.00034236,-0.00042789,-0.00137228,0.00183622,0.00086113,0.00130245,0.00106015,0.00085057,-0.00038757,-0.00034081,-0.00074414,-0.00001434,-0.00000222,-0.00112250,-0.00057400,0.00105300,0.00065873,0.00070484,0.00038248,-0.00012584,0.00015441,-0.00136501,0.00265568,0.00031791,-0.00048272,0.00167772,-0.00107657,-0.00051097,0.00117714,-0.00055663,-0.00106894,0.00142887,-0.00101664,-0.00201580,0.00171602,0.00000209,0.00250485,0.00158951,0.00115216,0.00076045,0.00250971,0.00072930,-0.00047741,-0.00147566,0.00050618,0.00040231,-0.00081862,0.00013189,0.00043913,-0.00114149,-0.00052860,0.00053666,0.00072153,-0.00016543,0.00026890,0.00003455,-0.00077481,0.00106208,0.00035391,0.00070029,0.00052761,0.00137855,0.00105925,0.00213458,-0.00183556,-0.00189237,0.00078672,0.00049461,-0.00053961,0.00057526,0.00123168,-0.00019249,-0.00015756,0.00092014,-0.00152487,0.00000000,0.00000000,0.00000000,0.00000000,0.00000000,0.00000000,0.00000000,0.00000000,0.00000000,0.00000000,0.00000000,0.00000000,0.00000000,0.00000000,0.00000000,0.00000000,0.00000000,0.00000000,0.00000000,0.00000000,0.00000000,0.00000000,0.00000000,0.00000000,0.00000000,0.00000000,0.00000000,0.00000000,0.00000000,0.00000000,0.00000000,0.00000000,0.00000000,0.00000000,0.00000000,0.00000000,0.00000000,0.00000000,0.00000000,0.00000000,0.00000000,0.00000000,0.00099316,0.00000000,0.00000000,0.00000000,0.00000000,0.00000000,-0.00076941,0.00016428,-0.00126562,0.00135110,-0.00097382,0.00216279,-0.00130178,0.00090925,0.00104513,-0.00063517,-0.00005636,-0.00185189,-0.00160262,0.00125077,0.00104943,-0.00178615
0.00021747,-0.00005476,-0.00003908,-0.00029994,0.00154322,0.00096573,0.00068284,-0.00069705,0.00071548,-0.00076844,0.00056126,-0.00072064,-0.00087084,0.00044331,0.00044441,0.00005845,0.00103947,0.00027969,-0.00011635,-0.00068329,-0.00090874,0.00133500,0.00009129,-0.00015091,-0.00136415,0.00099206,-0.00063645,-0.01582554,-0.00057249,0.00024899,0.00130383,-0.00099123,-0.00131461,0.00064396,0.00067976,-0.00108180,-0.00004073,-0.00006717,-0.00059986,0.00103070,0.00046635,0.00084984,0.00105863,-0.00092218,0.00076728,0.00029921,-0.00037405,0.00050296,0.00040498,-0.00131367,-0.00015382,-0.00009074,-0.00094448,0.00038395,0.00024626,-0.00060893,0.00157635,0.00010826,0.00100199,-0.00045172,-0.00002631,-0.00087395,-0.00052479,-0.00020388,-0.00056801,0.00049998,-0.00002621,0.00022658,0.00045048,0.00073635,0.00037155,0.00061491,-0.00028892,0.00127533,-0.00079652,0.00103461,-0.00118869,-0.00054775,0.00132512,-0.00058421,0.00011149,0.00071196,-0.00014105,-0.00151088,0.00056170,-0.00051941,-0.00058032,-0.00036670,-0.00006862,0.00093050,0.00062061,0.00030172,0.00067136,0.00140406,-0.00005819,-0.00079275,-0.00086586,0.00007665,-0.00040713,-0.00076281,0.00030946,0.00106953,0.00039594,-0.00009005,-0.00010475,-0.00072580,-0.00059152,0.00058565,-0.00040074,-0.00009648,-0.00008730,0.00092891,0.00069778,-0.00003036,0.00066072,0.00019130,0.00230904,0.00017485,-0.00117473,0.00015716,-0.00007084,-0.00152933,-0.00055699,0.00095516,0.00072458,-0.00159696,0.00061736,-0.00136053,0.00000000,0.00000000,0.00000000,0.00000000,0.00000000,0.00000000,0.00000000,0.00000000,0.00000000,0.00000000,0.00000000,0.00000000,0.00000000,0.00000000,0.00000000,0.00000000,0.00000000,0.00000000,0.00000000,0.00000000,0.00000000,0.00000000,0.00000000,0.00000000,0.00000000,0.00000000,0.00000000,0.00000000,0.00000000,0.00000000,0.00000000,0.00000000,0.00000000,0.00000000,0.00000000,0.00000000,0.00000000,0.00000000,0.00000000,0.00000000,0.00000000,0.00000000,0.00000000,-0.00059912,0.00000000,0.00000000,0.00000000,0.00000000,-0.00150492,0.00145449,-0.00040771,0.00003653,-0.00155275,0.00129480,-0.00024802,0.00072464,0.00029829,-0.00015658,-0.00123437,-0.00056715,-0.00037307,0.00174650,0.00037570,-0.00075717
-0.00000602,-0.00098344,0.00234532,-0.00186396,0.00145095,-0.00078404,0.00110643,0.00001974,0.00246960,0.00055989,0.00239350,0.00329144,-0.00198449,0.00277041,0.00102312,-0.00300172,0.00267335,0.00131510,-0.00226957,0.00034253,0.00159237,0.00162638,0.00170375,0.00160736,-0.00152692,0.00193514,0.00061353,0.00205041,-0.01584413,0.00096211,0.00210682,-0.00167876,0.00103303,0.00133159,0.00184196,-0.00186093,-0.00085918,0.00141840,-0.00248024,0.00148537,0.00104792,0.00158971,0.00266534,-0.00081470,-0.00094630,0.00158669,0.00081776,0.00324860,-0.00168261,-0.00259780,-0.00237793,0.00234590,-0.00142641,0.00168364,-0.00239565,-0.00001456,-0.00079415,0.00185700,0.00158157,0.00209295,0.00202779,0.00118951,-0.00128893,-0.00184917,-0.00176296,-0.00090326,-0.00230750,-0.00266561,0.00083404,-0.00023315,0.00059018,0.00072616,0.00166253,-0.00032477,-0.00091314,0.00078171,0.00142241,-0.00101438,0.00048927,-0.00058230,-0.00239603,0.00129444,-0.00202779,-0.00196155,0.00243080,-0.00152945,-0.00213805,0.00103695,0.00054061,0.00223579,0.00233417,0.00122921,0.00169136,0.00142624,0.00151613,-0.00113165,-0.00085978,0.00075523,0.00106245,-0.00039723,-0.00139539,0.00048003,-0.00105407,-0.00079390,0.00076594,0.00172547,0.00172094,0.00053091,-0.00052637,-0.00233523,0.00197030,0.00122689,0.00199401,0.00127600,0.00087421,0.00206107,0.00194598,-0.00120905,-0.00154479,0.00137373,0.00064777,0.00174165,0.00168520,0.00124063,-0.00153416,0.00059791,-0.00111803,-0.00239298,0.00000000,0.00000000,0.00000000,0.00000000,0.00000000,0.00000000,0.00000000,0.00000000,0.00000000,0.00000000,0.00000000,0.00000000,0.00000000,0.00000000,0.00000000,0.00000000,0.00000000,0.00000000,0.00000000,0.00000000,0.00000000,0.00000000,0.00000000,0.00000000,0.00000000,0.00000000,0.00000000,0.00000000,0.00000000,0.00000000,0.00000000,0.00000000,0.00000000,0.00000000,0.00000000,0.00000000,0.00000000,0.00000000,0.00000000,0.00000000,0.00000000,0.00000000,0.00000000,0.00000000,0.00080783,0.00000000,0.00000000,0.00000000,-0.00246431,-0.00023434,-0.00267832,0.00190826,-0.00135796,0.00178008,-0.00219809,0.00132373,-0.00021333,-0.00073595,-0.00034711,-0.00111420,-0.00085763,0.00219110,0.00121383,-0.00168683
0.00097357,-0.00076177,-0.00069523,-0.00046324,0.00271882,0.00143643,0.00194904,-0.00118310,0.00091369,-0.00000864,0.00033970,-0.00017106,0.00010291,0.00035388,0.00009920,-0.00053096,0.00088267,0.00006015,-0.00103647,-0.00046021,-0.00028097,0.00088843,0.00040656,0.00061603,-0.00022583,0.00084205,-0.00159273,0.00060756,-0.00083111,-0.01452135,0.00138051,-0.00127604,-0.00005800,-0.00044934,0.00020056,-0.00010438,-0.00006112,-0.00079017,-0.00154799,0.00018466,-0.00065159,0.00121743,0.00131260,0.00010194,0.00156732,0.00080014,-0.00113660,0.00165112,-0.00155679,-0.00081831,-0.00045130,0.00070754,0.00059134,0.00040391,0.00013495,-0.00177139,0.00189323,-0.00060367,0.00061768,-0.00003697,-0.00007529,0.00016512,0.00006330,0.00124371,-0.00028189,0.00085792,-0.00092584,-0.00024051,-0.00022125,0.00002064,-0.00105891,-0.00056047,-0.00020789,0.00001086,0.00024502,0.00254323,-0.00013411,0.00047598,0.00041742,-0.00144021,-0.00033092,0.00011356,0.00070328,0.00088098,0.00165068,-0.00037135,0.00003296,-0.00067726,0.00201110,0.00041264,0.00129923,0.00034645,0.00036609,0.00294174,-0.00011384,-0.00253328,-0.00239735,-0.00115675,-0.00102046,0.00114184,-0.00000386,0.00247949,-0.00089273,-0.00003769,-0.00087124,0.00105811,0.00019537,-0.00044432,0.00119500,-0.00041969,0.00026207,0.00055376,0.00064986,-0.00067774,0.00249315,0.00100922,0.00255674,0.00061445,-0.00134269,0.00023766,-0.00005133,-0.00089695,0.00032610,0.00062334,-0.00006872,-0.00173380,0.00091595,-0.00292866,0.00000000,0.00000000,0.00000000,0.00000000,0.00000000,0.00000000,0.00000000,0.00000000,0.00000000,0.00000000,0.00000000,0.00000000,0.00000000,0.00000000,0.00000000,0.00000000,0.00000000,0.00000000,0.00000000,0.00000000,0.00000000,0.00000000,0.00000000,0.00000000,0.00000000,0.00000000,0.00000000,0.00000000,0.00000000,0.00000000,0.00000000,0.00000000,0.00000000,0.00000000,0.00000000,0.00000000,0.00000000,0.00000000,0.00000000,0.00000000,0.00000000,0.00000000,0.00000000,0.00000000,0.00000000,-0.00032260,0.00000000,0.00000000,-0.00048819,-0.00115221,-0.00132453,-0.00087359,-0.00092945,0.00151106,-0.00082699,-0.00001466,0.00036968,0.00080245,-0.00180656,-0.00155061,0.00012689,0.00073066,0.00059314,-0.00081298
0.00020129,-0.00073327,-0.00130869,0.00028562,0.00075474,0.00098363,0.00170850,-0.00028079,-0.00079899,-0.00137627,-0.00070100,-0.00049977,0.00038227,-0.00043981,-0.00067819,0.00059588,-0.00076876,-0.00043308,0.00036403,-0.00098554,-0.00113058,-0.00060403,-0.00066607,-0.00011692,0.00125578,0.00069217,-0.00090882,0.00017162,-0.00147562,-0.00088238,-0.01231375,0.00025910,-0.00066689,0.00028850,-0.00052433,-0.00010006,0.00148280,-0.00157575,0.00025151,-0.00050109,-0.00066676,-0.00031951,0.00046817,-0.00001253,0.00211653,-0.00107449,-0.00084170,-0.00038645,-0.00004049,0.00013797,0.00070911,-0.00099382,0.00080022,-0.00031906,0.00078228,-0.00173459,0.00149996,-0.00024460,-0.00025522,-0.00095234,-0.00131359,-0.00053268,0.00065318,0.00087064,0.00062999,0.00166403,0.00034466,0.00063589,0.00107695,0.00112858,-0.00003749,0.00056494,-0.00080628,0.00074334,-0.00027169,0.00174707,-0.00132095,0.00046628,0.00146021,-0.00168204,0.00103641,-0.00056274,0.00081702,0.00064265,-0.00003305,-0.00182392,0.00034258,-0.00056719,0.00133801,0.00120012,-0.00016733,0.00035457,-0.00110888,0.00142922,-0.00045801,-0.00156772,-0.00160342,-0.00119612,-0.00129034,0.00095903,0.00134259,0.00063972,0.00026111,0.00039501,-0.00132009,-0.00009536,-0.00162486,0.00043170,-0.00006164,0.00149618,0.00021728,-0.00029452,-0.00025443,-0.00092047,0.00165817,-0.00115010,0.00232980,0.00039940,0.00029246,-0.00074034,-0.00051127,-0.00100101,-0.00059740,0.00090035,0.00091898,-0.00214732,0.00170900,-0.00094779,0.00000000,0.00000000,0.00000000,0.00000000,0.00000000,0.00000000,0.00000000,0.00000000,0.00000000,0.00000000,0.00000000,0.00000000,0.00000000,0.00000000,0.00000000,0.00000000,0.00000000,0.00000000,0.00000000,0.00000000,0.00000000,0.00000000,0.00000000,0.00000000,0.00000000,0.00000000,0.00000000,0.00000000,0.00000000,0.00000000,0.00000000,0.00000000,0.00000000,0.00000000,0.00000000,0.00000000,0.00000000,0.00000000,0.00000000,0.00000000,0.00000000,0.00000000,0.00000000,0.00000000,0.00000000,0.00000000,0.00255147,0.00000000,-0.00075757,-0.00067533,0.00105292,0.00010730,-0.00067449,0.00019533,-0.00099475,-0.00050910,0.00128225,-0.00050466,-0.00063475,-0.00092710,0.00051325,0.00016969,-0.00122071,-0.00001174
-0.00050187,0.00175041,0.00177534,-0.00177416,-0.00224494,-0.00209286,-0.00200473,0.00122336,0.00122002,0.00178284,0.00232327,0.00061792,-0.00078242,0.00149346,0.00216485,-0.00125490,0.00183118,0.00167934,-0.00088785,0.00008569,0.00243191,0.00138322,0.00188838,0.00064671,-0.00213156,0.00176940,0.00252436,0.00160468,0.00108811,0.00197449,0.00181655,-0.01385685,0.00047957,0.00130454,0.00229191,-0.00017733,-0.00188853,0.00081778,-0.00084539,0.00149429,0.00237862,0.00114827,0.00039505,-0.00087485,-0.00301509,0.00146532,0.00142379,0.00096148,-0.00089249,-0.00102703,-0.00147140,0.00105979,-0.00197535,0.00056440,-0.00167593,0.00275489,-0.00221050,0.00187727,0.00143591,0.00244435,0.00180396,0.00269388,-0.00141393,-0.00151339,-0.00028134,-0.00268853,-0.00119210,-0.00215280,0.00076681,-0.00197850,0.00188241,0.00187804,0.00066028,-0.00123090,-0.00171030,-0.00244451,0.00249508,-0.00257106,0.00141121,0.00127886,-0.00162734,0.00234684,-0.00200205,-0.00126067,0.00082109,-0.00058305,-0.00127463,0.00206837,-0.00277692,0.00034960,0.00010435,0.00101274,0.00259728,-0.00254454,0.00238996,0.00165300,0.00230737,0.00242184,0.00185438,-0.00143805,-0.00026080,-0.00146806,-0.00104772,-0.00303050,0.00231842,0.00056485,0.00068610,0.00160609,-0.00253791,-0.00207717,0.00181251,-0.00172679,0.00040694,0.00129917,-0.00274829,0.00179133,-0.00334630,-0.00107571,-0.00086935,0.00192427,0.00181316,0.00209076,0.00197357,-0.00100550,-0.00136995,0.00267597,-0.00280799,0.00204660,0.00000000,0.00000000,0.00000000,0.00000000,0.00000000,0.00000000,0.00000000,0.00000000,0.00000000,0.00000000,0.00000000,0.00000000,0.00000000,0.00000000,0.00000000,0.00000000,0.00000000,0.00000000,0.00000000,0.00000000,0.00000000,0.00000000,0.00000000,0.00000000,0.00000000,0.00000000,0.00000000,0.00000000,0.00000000,0.00000000,0.00000000,0.00000000,0.00000000,0.00000000,0.00000000,0.00000000,0.00000000,0.00000000,0.00000000,0.00000000,0.00000000,0.00000000,0.00000000,0.00000000,0.00000000,0.00000000,0.00000000,0.00152453,-0.00119665,0.00100128,-0.00040400,0.00128342,-0.00055575,0.00103913,-0.00147758,0.00148180,-0.00189676,-0.00153453,0.00057342,-0.00063175,-0.00154027,0.00028529,0.00121459,-0.00067597
0.00014158,-0.00069504,0.00158628,-0.00032999,0.00092223,0.00017694,0.00165029,-0.00054242,0.00108286,-0.00021113,0.00088898,-0.00009397,-0.00122680,0.00083363,0.00089985,-0.00047292,0.00006826,0.00047225,-0.00094399,0.00009570,-0.00043803,0.00131830,0.00030453,0.00051340,-0.00124891,0.00120210,-0.00033431,-0.00014461,0.00095220,0.00106323,0.00175658,-0.00151220,-0.01560100,0.00134468,0.00100204,-0.00011856,-0.00044244,0.00005109,-0.00117628,0.00062253,-0.00081330,0.00084095,0.00132833,0.00001853,0.00130151,0.00020742,-0.00006766,-0.00009878,-0.00074645,-0.00244103,0.00062446,0.00016538,-0.00077236,0.00081597,-0.00007830,-0.00001165,0.00011502,-0.00060516,0.00076329,0.00056459,0.00139453,0.00025325,0.00050655,-0.00003998,-0.00103813,0.00014720,-0.00055425,-0.00100270,0.00023914,0.00030720,-0.00008472,-0.00028348,0.00021070,0.00006820,0.00008465,0.00096871,-0.00054576,-0.00083154,-0.00017418,-0.00191327,-0.00016122,-0.00042020,0.00045357,-0.00108445,0.00109972,-0.00047048,-0.00104501,0.00060739,0.00088966,0.00010785,0.00033388,-0.00018711,0.00080306,0.00228832,0.00102753,-0.00080631,-0.00219282,0.00028744,0.00060844,-0.00027608,-0.00028303,0.00093625,-0.00071871,-0.00027061,0.00001060,0.00109403,0.00037248,-0.00002770,0.00068117,-0.00006243,0.00052882,0.00033851,-0.00032112,0.00010126,0.00046291,0.00049414,0.00173060,-0.00014975,-0.00074574,0.00043730,-0.00040897,0.00078890,0.00109689,0.00128077,0.00048692,0.00037324,-0.00032390,-0.00049226,0.00000000,0.00000000,0.00000000,0.00000000,0.00000000,0.00000000,0.00000000,0.00000000,0.00000000,0.00000000,0.00000000,0.00000000,0.00000000,0.00000000,0.00000000,0.00000000,0.00000000,0.00000000,0.00000000,0.00000000,0.00000000,0.00000000,0.00000000,0.00000000,0.00000000,0.00000000,0.00000000,0.00000000,0.00000000,0.00000000,0.00000000,0.00000000,0.00000000,0.00000000,0.00000000,0.00000000,0.00000000,0.00000000,0.00000000,0.00000000,0.00000000,0.00000000,0.00000000,0.00000000,0.00000000,0.00000000,0.00000000,0.00000000,-0.00150189,-0.00109885,-0.00049812,-0.00055434,-0.00050661,0.00193247,-0.00059888,-0.00031247,-0.00006253,-0.00080954,0.00033893,-0.00134903,-0.00070738,0.00076255,0.00038070,-0.00099634
0.00088674,-0.00088662,-0.00149855,0.00166219,0.00081877,0.00135415,0.00170828,-0.00121711,-0.00073057,-0.00145475,-0.00035091,-0.00073272,0.00050141,0.00020816,-0.00080408,0.00142601,-0.00111214,-0.00031376,0.00019389,-0.00088768,-0.00180573,-0.00074165,-0.00084835,0.00008205,0.00021524,0.00035849,-0.00147910,-0.00101374,-0.00135702,-0.00174639,-0.00069768,-0.00068268,0.00047908,-0.01430427,-0.00046895,0.00036180,0.00041028,-0.00177686,0.00058669,-0.00086304,-0.00060473,-0.00055940,-0.00097116,0.00039306,0.00159518,-0.00054651,-0.00061100,-0.00091657,0.00037068,0.00023616,0.00097029,-0.00114618,0.00001215,-0.00061785,0.00156939,-0.00218504,0.00098227,-0.00145065,-0.00057067,-0.00089675,-0.00152221,-0.00162417,0.00162334,0.00138746,0.00103782,0.00024859,0.00003960,0.00108676,0.00080366,0.00022524,-0.00008680,0.00019328,-0.00115828,0.00054106,-0.00060104,0.00171570,-0.00169849,0.00049517,0.00044409,-0.00179475,0.00144170,-0.00078830,0.00039617,0.00062228,-0.00113908,-0.00111580,0.00054369,-0.00087496,0.00135344,0.00241945,-0.00024523,-0.00024005,-0.00157420,0.00278665,-0.00110790,-0.00083845,-0.00186662,-0.00166326,-0.00079073,-0.00006329,0.00085943,0.00135668,-0.00000325,0.00131035,0.00037817,-0.00061571,-0.00140575,-0.00089432,-0.00048876,0.00165226,-0.00045380,0.00066573,0.00140195,-0.00123755,0.00091924,-0.00059468,0.00249076,0.00122550,-0.00028702,-0.00153830,-0.00035105,-0.00124800,-0.00066005,0.00144541,0.00073126,-0.00130508,0.00213317,-0.00139127,0.00000000,0.00000000,0.00000000,0.00000000,0.00000000,0.00000000,0.00000000,0.00000000,0.00000000,0.00000000,0.00000000,0.00000000,0.00000000,0.00000000,0.00000000,0.00000000,0.00000000,0.00000000,0.00000000,0.00000000,0.00000000,0.00000000,0.00000000,0.00000000,0.00000000,0.00000000,0.00000000,0.00000000,0.00000000,0.00000000,0.00000000,0.00000000,0.00000000,0.00000000,0.00000000,0.00000000,0.00000000,0.00000000,0.00000000,0.00000000,0.00000000,0.00000000,0.00000000,0.00000000,0.00000000,0.00000000,0.00000000,0.00000000,0.00023431,-0.00008950,-0.00046243,-0.00052395,-0.00049888,0.00057098,0.00105021,0.00033674,-0.00008672,-0.00024355,-0.00002383,-0.00000609,0.00044715,0.00034652,-0.00079675,0.00096643
0.00077771,-0.00047942,0.00043031,-0.00118409,-0.00003551,0.00133643,0.00063795,0.00079405,0.00016323,-0.00080988,0.00003041,0.00032205,-0.00030178,0.00015728,-0.00029413,0.00025679,0.00097689,0.00039400,-0.00138574,-0.00101653,-0.00133080,0.00031861,0.00049125,0.00096604,-0.00086617,0.00072709,-0.00048553,0.00021095,-0.00128881,-0.00026473,0.00077091,-0.00050608,0.00003842,0.00000877,-0.01288795,-0.00077182,0.00032153,-0.00083464,-0.00042005,0.00015803,-0.00062303,0.00013688,0.00109872,0.00009288,0.00077447,0.00007032,-0.00027594,0.00024532,-0.00146232,-0.00035744,-0.00013770,0.00060723,-0.00044247,-0.00092890,-0.00006735,-0.00061344,0.00127551,-0.00094694,0.00051061,-0.00095201,0.00015602,-0.00001964,0.00016120,-0.00004820,-0.00078813,0.00097605,-0.00019428,0.00024543,-0.00010955,-0.00031791,-0.00013734,0.00078715,-0.00062862,0.00044880,-0.00106412,0.00105737,-0.00014169,0.00050026,0.00104260,-0.00123829,-0.00039650,0.00055037,0.00063262,0.00062115,-0.00059669,-0.00097164,-0.00086041,0.00030258,0.00079078,0.00155691,0.00120998,0.00074865,0.00070393,0.00102676,-0.00012095,-0.00061678,-0.00080953,-0.00044541,-0.00020721,-0.00039625,0.00031186,0.00087532,-0.00046976,0.00002173,0.00016311,0.00044731,-0.00046727,0.00007135,0.00123940,0.00086733,-0.00036050,0.00001984,0.00034358,-0.00051018,0.00129327,0.00029642,0.00155160,-0.00055252,-0.00026713,-0.00021396,0.00078368,-0.00141925,-0.00075862,0.00155603,0.00003950,-0.00102038,0.00073029,-0.00091902,0.00000000,0.00000000,0.00000000,0.00000000,0.00000000,0.00000000,0.00000000,0.00000000,0.00000000,0.00000000,0.00000000,0.00000000,0.00000000,0.00000000,0.00000000,0.00000000,0.00000000,0.00000000,0.00000000,0.00000000,0.00000000,0.00000000,0.00000000,0.00000000,0.00000000,0.00000000,0.00000000,0.00000000,0.00000000,0.00000000,0.00000000,0.00000000,0.00000000,0.00000000,0.00000000,0.00000000,0.00000000,0.00000000,0.00000000,0.00000000,0.00000000,0.00000000,0.00000000,0.00000000,0.00000000,0.00000000,0.00000000,0.00000000,-0.00086396,0.00037765,-0.00132677,0.00013220,-0.00001734,0.00117876,-0.00089324,0.00074409,-0.00070566,-0.00033091,-0.00076094,-0.00139613,-0.00008521,0.00039528,0.00021868,-0.00009988
-0.00007411,-0.00004321,0.00053789,-0.00064108,-0.00175467,-0.00153646,-0.00075756,0.00029930,0.00083963,0.00040392,0.00047399,0.00046957,-0.00099705,0.00028987,0.00074914,-0.00176671,-0.00029497,0.00098227,-0.00023511,0.00079175,0.00204540,0.00010551,0.00185779,0.00051747,-0.00011528,-0.00026215,0.00066707,0.00132348,0.00152620,0.00093544,-0.00008865,0.00059277,0.00111545,0.00052621,-0.00049820,-0.01561715,-0.00075147,0.00160920,-0.00166575,0.00163433,0.00135061,0.00102441,0.00040035,-0.00045094,-0.00122790,0.00057719,0.00103822,0.00051509,-0.00073784,-0.00051542,-0.00093456,0.00126310,-0.00077821,0.00060160,-0.00113552,0.00203905,-0.00094219,-0.00010982,0.00035929,0.00136146,0.00141647,0.00083336,-0.00084563,-0.00020280,-0.00098484,-0.00077189,-0.00075753,-0.00027865,-0.00116374,-0.00122824,0.00114657,0.00002620,0.00075840,0.00025872,0.00028458,-0.00186882,0.00167965,-0.00115409,0.00053224,0.00116834,-0.00074097,0.00021291,-0.00151257,-0.00066028,0.00146436,0.00173166,-0.00005548,-0.00007908,-0.00089466,-0.00098663,-0.00086953,0.00103973,0.00079623,-0.00211144,0.00088938,0.00022588,0.00101999,0.00057927,0.00130194,-0.00082169,-0.00044314,-0.00059041,0.00095113,-0.00062815,0.00069028,0.00048811,0.00241938,0.00064528,0.00021818,-0.00138731,0.00160351,0.00118360,0.00039560,0.00135387,-0.00111120,0.00018269,-0.00095946,0.00006098,-0.00052924,0.00050037,0.00070176,0.00204090,0.00083389,-0.00057411,-0.00104542,0.00224452,-0.00145539,0.00076414,0.00000000,0.00000000,0.00000000,0.00000000,0.00000000,0.00000000,0.00000000,0.00000000,0.00000000,0.00000000,0.00000000,0.00000000,0.00000000,0.00000000,0.00000000,0.00000000,0.00000000,0.00000000,0.00000000,0.00000000,0.00000000,0.00000000,0.00000000,0.00000000,0.00000000,0.00000000,0.00000000,0.00000000,0.00000000,0.00000000,0.00000000,0.00000000,0.00000000,0.00000000,0.00000000,0.00000000,0.00000000,0.00000000,0.00000000,0.00000000,0.00000000,0.00000000,0.00000000,0.00000000,0.00000000,0.00000000,0.00000000,0.00000000,-0.00017142,0.00046233,-0.00062446,0.00048838,0.00038202,0.00043943,-0.00022362,0.00042444,-0.00146559,-0.00096564,0.00003688,-0.00004233,-0.00009975,-0.00013983,0.00094332,0.00007312
-0.00008566,0.00177670,-0.00012094,0.00129757,-0.00185682,0.00012253,-0.00125527,0.00143162,-0.00056883,-0.00035521,-0.00046313,-0.00055308,0.00075347,-0.00066767,-0.00094419,-0.00087776,-0.00058601,-0.00098451,0.00042690,0.00188833,-0.00107795,-0.00149899,-0.00137933,-0.00191461,0.00025411,-0.00078913,-0.00082921,-0.00020201,0.00162050,0.00049290,-0.00026001,0.00108722,0.00031491,-0.00179293,-0.00061570,0.00031027,-0.01479876,0.00136872,0.00058023,-0.00025287,-0.00082455,-0.00091813,-0.00120280,0.00004103,0.00005222,-0.00111835,0.00029218,-0.00051511,0.00072013,0.00074825,-0.00018473,-0.00083853,0.00043752,0.00007632,-0.00022396,0.00212345,-0.00152411,0.00050492,-0.00059053,-0.00052878,-0.00007472,-0.00003773,-0.00013192,-0.00003920,-0.00021525,0.00035614,0.00074809,-0.00022158,-0.00121275,-0.00134387,-0.00055769,-0.00144612,0.00157289,-0.00083964,0.00114920,-0.00206655,0.00038697,0.00018184,-0.00225839,0.00093403,0.00030658,-0.00077048,0.00076012,-0.00017628,-0.00059939,0.00102491,0.00078675,-0.00056316,-0.00033169,-0.00125384,-0.00119992,-0.00008049,0.00012981,-0.00124408,-0.00073227,0.00062229,0.00202056,-0.00219853,0.00041136,-0.00065905,-0.00105549,-0.00045220,0.00046397,-0.00036275,-0.00063128,-0.00086147,0.00131102,-0.00006263,0.00024922,0.00002863,-0.00047845,-0.00156866,-0.00206519,0.00017326,-0.00117579,-0.00033832,-0.00250122,0.00120289,0.00081907,-0.00073952,-0.00058949,0.00125253,-0.00034790,-0.00097241,0.00003643,0.00134219,-0.00105351,0.00137771,0.00000000,0.00000000,0.00000000,0.00000000,0.00000000,0.00000000,0.00000000,0.00000000,0.00000000,0.00000000,0.00000000,0.00000000,0.00000000,0.00000000,0.00000000,0.00000000,0.00000000,0.00000000,0.00000000,0.00000000,0.00000000,0.00000000,0.00000000,0.00000000,0.00000000,0.00000000,0.00000000,0.00000000,0.00000000,0.00000000,0.00000000,0.00000000,0.00000000,0.00000000,0.00000000,0.00000000,0.00000000,0.00000000,0.00000000,0.00000000,0.00000000,0.00000000,0.00000000,0.00000000,0.00000000,0.00000000,0.00000000,0.00000000,0.00079370,0.00064173,0.00016779,-0.00143746,0.00119243,-0.00099865,0.00130525,-0.00145461,-0.00092752,0.00068315,-0.00130275,0.00079620,0.00130696,-0.00140101,-0.00138209,0.00056729
0.00008838,0.00012526,0.00019451,-0.00181543,-0.00060769,-0.00055823,-0.00050757,0.00100221,0.00197274,0.00054109,0.00212728,-0.00076635,-0.00087564,0.00137175,0.00062030,-0.00132768,0.00199205,0.00190851,-0.00231645,-0.00111322,0.00104666,0.00183740,0.00169576,0.00143301,-0.00151714,0.00146592,0.00026259,0.00097763,-0.00100901,0.00073709,0.00218395,-0.00193346,-0.00067710,0.00065051,0.00191471,-0.00076645,-0.00030423,-0.01593213,-0.00142692,0.00193373,0.00063321,0.00220832,0.00185924,-0.00232172,-0.00027942,0.00247843,0.00035448,0.00220641,-0.00297139,-0.00258210,-0.00108633,0.00171685,-0.00099974,0.00033776,-0.00006378,-0.00022034,-0.00030818,0.00128630,0.00244026,0.00111237,0.00143787,0.00206176,-0.00073281,-0.00078583,-0.00246419,-0.00099381,-0.00268999,-0.00205090,0.00064030,-0.00059973,0.00058827,0.00096559,0.00090707,0.00016359,-0.00111719,-0.00036744,0.00093474,-0.00048123,0.00075457,-0.00019910,-0.00204773,0.00117756,-0.00128147,-0.00108410,0.00030781,-0.00139051,-0.00192298,0.00120250,-0.00016596,-0.00012749,0.00208731,0.00074226,0.00214205,0.00130081,-0.00012457,-0.00086730,-0.00124713,0.00082622,-0.00009073,-0.00156125,0.00012673,0.00026890,-0.00126601,-0.00095551,0.00117553,0.00243638,-0.00062112,0.00046128,-0.00154618,-0.00175773,0.00112475,-0.00000310,0.00074879,0.00188842,-0.00025979,0.00127468,0.00115395,-0.00138802,-0.00014211,0.00191024,0.00014443,-0.00060425,0.00149996,0.00080608,-0.00141587,0.00018204,-0.00177260,0.00018777,0.00000000,0.00000000,0.00000000,0.00000000,0.00000000,0.00000000,0.00000000,0.00000000,0.00000000,0.00000000,0.00000000,0.00000000,0.00000000,0.00000000,0.00000000,0.00000000,0.00000000,0.00000000,0.00000000,0.00000000,0.00000000,0.00000000,0.00000000,0.00000000,0.00000000,0.00000000,0.00000000,0.00000000,0.00000000,0.00000000,0.00000000,0.00000000,0.00000000,0.00000000,0.00000000,0.00000000,0.00000000,0.00000000,0.00000000,0.00000000,0.00000000,0.00000000,0.00000000,0.00000000,0.00000000,0.00000000,0.00000000,0.00000000,-0.00191333,0.00062045,-0.00143182,0.00051223,-0.00056350,0.00254161,-0.00038056,0.00186438,-0.00003233,-0.00089784,-0.00030938,-0.00120431,-0.00109738,0.00132724,0.00133318,-0.00128750
-0.00044313,0.00066042,-0.00016842,-0.00002656,-0.00161086,-0.00096495,-0.00153682,-0.00017128,-0.00057732,0.00042614,0.00009337,-0.00021926,-0.00064672,-0.00086603,0.00170971,-0.00075851,-0.00005075,0.00012994,0.00062742,0.00048148,0.00088209,-0.00091692,0.00001339,0.00009603,0.00010635,0.00039499,0.00135193,0.00034342,0.00165682,0.00005838,-0.00024227,0.00082882,0.00035126,-0.00031108,0.00008768,-0.00012229,-0.00038522,0.00121820,-0.01330561,0.00018247,0.00042823,0.00045386,-0.00080500,0.00007703,-0.00062325,-0.00011243,0.00081183,-0.00077998,0.00025736,0.00011458,0.00000703,0.00017028,0.00013355,-0.00027559,0.00017576,0.00123972,-0.00055314,0.00010483,0.00060873,0.00021059,0.00059471,0.00019322,-0.00004248,-0.00000418,0.00016450,-0.00053810,0.00030129,0.00019257,0.00015670,-0.00105247,0.00017830,0.00010341,0.00050833,-0.00086859,0.00067815,-0.00218100,0.00114230,0.00052892,-0.00048700,0.00238743,-0.00104980,-0.00007411,-0.00020464,-0.00008081,0.00013667,0.00125965,-0.00005126,0.00093073,0.00018482,-0.00111917,-0.00099070,0.00013709,-0.00072667,-0.00209807,-0.00017950,0.00169591,0.00166682,0.00064208,0.00055947,0.00071246,-0.00055437,-0.00049590,0.00068750,-0.00152053,0.00062040,0.00025265,0.00002352,0.00004349,-0.00054097,-0.00033685,-0.00005120,-0.00090060,-0.00153356,0.00051434,-0.00139132,0.00085367,-0.00225231,-0.00075060,0.00089013,0.00032576,0.00072188,0.00158868,0.00115687,-0.00116195,-0.00065561,0.00211386,-0.00182703,0.00180120,0.00000000,0.00000000,0.00000000,0.00000000,0.00000000,0.00000000,0.00000000,0.00000000,0.00000000,0.00000000,0.00000000,0.00000000,0.00000000,0.00000000,0.00000000,0.00000000,0.00000000,0.00000000,0.00000000,0.00000000,0.00000000,0.00000000,0.00000000,0.00000000,0.00000000,0.00000000,0.00000000,0.00000000,0.00000000,0.00000000,0.00000000,0.00000000,0.00000000,0.00000000,0.00000000,0.00000000,0.00000000,0.00000000,0.00000000,0.00000000,0.00000000,0.00000000,0.00000000,0.00000000,0.00000000,0.00000000,0.00000000,0.00000000,0.00025685,0.00022480,0.00044862,-0.00016466,-0.00001684,-0.00114502,0.00077916,-0.00003124,-0.00003502,-0.00027479,0.00053947,0.00035780,-0.00069835,-0.00101807,-0.00059785,0.00018232
0.00141384,-0.00162803,-0.00109463,0.00047076,0.00255850,0.00062111,0.00156559,-0.00147977,-0.00042868,-0.00146850,-0.00093968,-0.00022347,0.00057817,0.00029095,-0.00121879,0.00111236,-0.00088435,-0.00033195,0.00077724,-0.00172702,-0.00122445,-0.00074145,-0.00086552,0.00018493,0.00040202,-0.00011826,-0.00164222,-0.00030053,-0.00276637,-0.00117981,-0.00067438,-0.00023178,-0.00133697,-0.00025001,-0.00076601,0.00029468,0.00125560,-0.00082459,0.00020379,-0.01183469,-0.00088493,0.00009034,0.00043267,0.00051912,0.00226396,-0.00029233,-0.00082082,0.00002620,0.00035699,0.00072794,0.00075009,-0.00055357,0.00095262,0.00003545,0.00135907,-0.00297314,0.00198915,-0.00064166,-0.00044933,-0.00081573,-0.00143343,-0.00136280,0.00092634,0.00123476,0.00154134,0.00002473,-0.00002462,0.00009360,0.00083892,0.00146878,-0.00001166,0.00035151,-0.00054577,0.00107470,-0.00068870,0.00275408,-0.00139924,0.00032608,0.00059616,-0.00193512,0.00097410,-0.00105552,0.00094269,0.00091029,-0.00045811,-0.00093565,0.00035271,-0.00149188,0.00189121,0.00137352,0.00049682,-0.00024202,-0.00150936,0.00223243,-0.00104535,-0.00184750,-0.00283448,-0.00172399,-0.00118585,0.00082833,0.00141486,0.00148868,-0.00040919,0.00112499,-0.00086586,-0.00023417,-0.00200905,-0.00186097,0.00054182,0.00087614,-0.00041455,0.00001990,0.00149596,-0.00143605,0.00189174,-0.00114563,0.00272027,0.00031468,-0.00027209,-0.00061477,-0.00002929,-0.00113945,-0.00078889,0.00238321,0.00163424,-0.00356412,0.00185683,-0.00385213,0.00000000,0.00000000,0.00000000,0.00000000,0.00000000,0.00000000,0.00000000,0.00000000,0.00000000,0.00000000,0.00000000,0.00000000,0.00000000,0.00000000,0.00000000,0.00000000,0.00000000,0.00000000,0.00000000,0.00000000,0.00000000,0.00000000,0.00000000,0.00000000,0.00000000,0.00000000,0.00000000,0.00000000,0.00000000,0.00000000,0.00000000,0.00000000,0.00000000,0.00000000,0.00000000,0.00000000,0.00000000,0.00000000,0.00000000,0.00000000,0.00000000,0.00000000,0.00000000,0.00000000,0.00000000,0.00000000,0.00000000,0.00000000,0.00012690,-0.00061063,-0.00028459,0.00013649,0.00006398,0.00076824,-0.00070050,0.00086737,0.00029130,-0.00055598,-0.00051541,0.00016816,0.00029912,0.00112333,-0.00013747,-0.00051414
0.00073701,-0.00101749,0.00072478,-0.00021857,0.00092177,0.00041228,0.00107846,0.00056994,0.00059253,0.00000192,0.00097249,0.00071529,-0.00082230,0.00118278,0.00053754,0.00031349,-0.00004478,-0.00001506,-0.00199752,-0.00135365,-0.00042913,0.00084029,0.00060068,0.00028897,-0.00103000,0.00082918,-0.00051727,0.00003620,-0.00039559,0.00009064,0.00101733,-0.00107418,-0.00099854,0.00157430,0.00026657,-0.00066350,-0.00038400,-0.00048007,-0.00068939,0.00087871,-0.01465697,0.00104754,0.00140005,-0.00014228,-0.00023854,0.00031186,-0.00136216,0.00068994,0.00009490,-0.00072227,-0.00023535,0.00099305,-0.00106628,0.00059383,0.00045566,-0.00207781,0.00183643,-0.00019711,0.00073256,0.00064260,0.00047624,0.00002711,-0.00028390,0.00007685,-0.00062879,0.00111287,-0.00098989,0.00053148,0.00072303,0.00141258,0.00113171,0.00086345,-0.00035393,0.00142460,-0.00063133,0.00161944,-0.00073839,-0.00099176,0.00156134,-0.00094603,0.00010548,0.00003033,0.00055793,-0.00019338,0.00067561,-0.00068932,-0.00195144,0.00117698,0.00038524,0.00118824,0.00004582,0.00067413,0.00057544,0.00194509,-0.00054455,-0.00067490,-0.00144237,-0.00002631,-0.00017806,-0.00056789,0.00093158,0.00027084,0.00004444,-0.00018940,-0.00021391,0.00053925,-0.00086853,-0.00041665,0.00001703,0.00012299,0.00084509,0.00052448,0.00054113,0.00006103,0.00000557,-0.00010341,0.00200552,-0.00002574,-0.00139328,0.00028648,0.00052339,-0.00026216,-0.00019687,0.00130355,0.00088775,-0.00159199,-0.00002135,-0.00162979,0.00000000,0.00000000,0.00000000,0.00000000,0.00000000,0.00000000,0.00000000,0.00000000,0.00000000,0.00000000,0.00000000,0.00000000,0.00000000,0.00000000,0.00000000,0.00000000,0.00000000,0.00000000,0.00000000,0.00000000,0.00000000,0.00000000,0.00000000,0.00000000,0.00000000,0.00000000,0.00000000,0.00000000,0.00000000,0.00000000,0.00000000,0.00000000,0.00000000,0.00000000,0.00000000,0.00000000,0.00000000,0.00000000,0.00000000,0.00000000,0.00000000,0.00000000,0.00000000,0.00000000,0.00000000,0.00000000,0.00000000,0.00000000,-0.00191362,0.00084940,-0.00039623,0.00148947,-0.00082031,0.00171885,-0.00034202,0.00064451,0.00010684,-0.00054767,-0.00037222,-0.00138657,-0.00060302,0.00082111,0.00102148,-0.00095547
0.00113829,-0.00141729,-0.00069446,0.00001611,0.00167116,0.00080443,0.00137758,-0.00052836,0.00062594,-0.00203682,-0.00001673,0.00102091,0.00072984,0.00033393,-0.00073550,0.00068746,-0.00071543,0.00042588,0.00027658,-0.00178890,-0.00057046,0.00067407,-0.00067993,0.00095503,0.00013159,0.00000366,-0.00114563,-0.00048015,-0.00167212,-0.00060704,0.00016607,-0.00028662,-0.00122326,0.00026644,-0.00060126,0.00010443,0.00058764,-0.00039193,0.00035923,-0.00004765,-0.00036592,-0.01113963,-0.00068224,0.00066649,0.00203904,-0.00051172,-0.00192901,0.00063630,0.00043059,0.00020751,0.00074230,0.00028998,0.00004620,-0.00070375,0.00094790,-0.00252213,0.00164961,-0.00063334,-0.00057117,-0.00096479,-0.00013227,-0.00058715,0.00039229,0.00011528,-0.00016332,0.00046897,0.00013568,0.00012349,-0.00035366,0.00100352,-0.00015864,0.00009881,-0.00122385,0.00119256,-0.00060114,0.00255156,-0.00145058,-0.00003150,0.00093986,-0.00186812,0.00125563,-0.00030731,0.00020640,0.00064451,-0.00081647,-0.00254686,-0.00014031,-0.00092421,0.00185290,0.00170233,0.00206433,-0.00060480,0.00018163,0.00264734,0.00014968,-0.00233897,-0.00243272,-0.00064010,-0.00222952,0.00043348,0.00001582,0.00181185,0.00011937,0.00020026,-0.00047963,0.00082648,-0.00086484,-0.00081496,0.00009122,0.00071657,-0.00001056,-0.00090643,0.00043151,-0.00058444,0.00118132,0.00001517,0.00259231,0.00005502,0.00030315,-0.00083812,-0.00000760,-0.00058462,-0.00040332,0.00191635,0.00031294,-0.00272715,0.00128766,-0.00087751,0.00000000,0.00000000,0.00000000,0.00000000,0.00000000,0.00000000,0.00000000,0.00000000,0.00000000,0.00000000,0.00000000,0.00000000,0.00000000,0.00000000,0.00000000,0.00000000,0.00000000,0.00000000,0.00000000,0.00000000,0.00000000,0.00000000,0.00000000,0.00000000,0.00000000,0.00000000,0.00000000,0.00000000,0.00000000,0.00000000,0.00000000,0.00000000,0.00000000,0.00000000,0.00000000,0.00000000,0.00000000,0.00000000,0.00000000,0.00000000,0.00000000,0.00000000,0.00000000,0.00000000,0.00000000,0.00000000,0.00000000,0.00000000,-0.00043290,-0.00096836,-0.00032267,0.00126616,-0.00070252,0.00045553,-0.00035109,0.00008880,0.00016907,0.00031426,-0.00055478,0.00001509,-0.00009691,0.00058033,0.00128834,-0.00092323
-0.00001453,-0.00190121,-0.00062773,0.00071943,0.00246451,0.00115676,0.00067091,-0.00019288,-0.00030730,-0.00103859,-0.00107526,0.00042752,0.00083618,-0.00000189,-0.00047262,0.00158132,-0.00175588,-0.00058930,-0.00027367,-0.00065684,-0.00113616,-0.00096622,-0.00049196,-0.00027466,0.00078697,-0.00004257,-0.00205846,-0.00094211,-0.00113682,-0.00109306,0.00013889,0.00035295,-0.00088437,-0.00073964,-0.00081460,0.00037744,0.00067779,-0.00176827,0.00078564,-0.00063232,-0.00071825,-0.00125883,-0.01376975,0.00087521,0.00251855,-0.00052314,-0.00146224,-0.00060543,-0.00011643,0.00049747,0.00006705,-0.00080062,0.00107576,-0.00070593,0.00160114,-0.00230338,0.00131549,-0.00084813,-0.00051333,-0.00134893,-0.00080296,-0.00204398,0.00138532,0.00128769,0.00086470,0.00133328,-0.00014634,0.00108746,0.00037779,0.00133431,-0.00026517,0.00041751,-0.00179363,0.00072409,-0.00070072,0.00188169,-0.00131794,0.00150275,0.00055725,-0.00210755,0.00083637,-0.00073195,0.00119304,0.00119764,-0.00057321,-0.00187340,0.00041873,-0.00056895,0.00157434,0.00100577,0.00043529,-0.00102583,-0.00120458,0.00211572,-0.00066278,-0.00097536,-0.00156239,-0.00117571,-0.00095325,0.00032123,0.00135237,0.00189010,0.00022771,0.00161932,0.00019052,-0.00074636,-0.00116607,-0.00121470,0.00008668,0.00201378,-0.00037536,0.00067872,-0.00024802,-0.00118439,0.00182793,-0.00081955,0.00243498,0.00095869,0.00042933,-0.00122774,-0.00089698,-0.00104071,-0.00143965,0.00100944,0.00105977,-0.00114013,0.00282769,-0.00126934,0.00000000,0.00000000,0.00000000,0.00000000,0.00000000,0.00000000,0.00000000,0.00000000,0.00000000,0.00000000,0.00000000,0.00000000,0.00000000,0.00000000,0.00000000,0.00000000,0.00000000,0.00000000,0.00000000,0.00000000,0.00000000,0.00000000,0.00000000,0.00000000,0.00000000,0.00000000,0.00000000,0.00000000,0.00000000,0.00000000,0.00000000,0.00000000,0.00000000,0.00000000,0.00000000,0.00000000,0.00000000,0.00000000,0.00000000,0.00000000,0.00000000,0.00000000,0.00000000,0.00000000,0.00000000,0.00000000,0.00000000,0.00000000,0.00048214,0.00005756,0.00031998,0.00022273,-0.00034201,-0.00018058,0.00029975,0.00017849,0.00106108,-0.00052500,-0.00048550,-0.00061884,0.00033475,0.00052339,-0.00045057,-0.00003751
-0.00044363,0.00077178,0.00016325,-0.00092856,-0.00080971,-0.00017679,-0.00017094,0.00073784,-0.00084837,0.00113240,0.00042130,0.00001342,-0.00013720,0.00050648,0.00012942,-0.00016124,0.00058823,-0.00109389,0.00091430,-0.00014675,0.00005554,-0.00007884,0.00011091,-0.00057007,0.00040188,0.00002065,0.00060174,-0.00021486,0.00073617,0.00013827,-0.00082114,0.00088831,-0.00003481,-0.00074499,0.00031173,0.00048002,-0.00089240,-0.00083603,-0.00022194,0.00037589,0.00064275,0.00010282,0.00010786,-0.01660825,0.00007705,0.00048965,0.00163496,0.00028219,-0.00088764,0.00048958,0.00050352,-0.00034744,0.00019668,0.00042606,-0.00016291,0.00028060,-0.00119268,0.00048896,-0.00062302,0.00085637,0.00064442,0.00005285,-0.00080742,0.00010514,-0.00003296,0.00004542,-0.00048610,0.00082745,-0.00005735,0.00041519,0.00014336,-0.00003973,0.00061489,-0.00017749,0.00089647,-0.00138571,0.00152461,-0.00061355,-0.00040079,0.00054439,-0.00129737,-0.00007219,-0.00020784,-0.00060487,0.00119473,0.00008208,0.00047445,-0.00003138,0.00063492,-0.00067320,-0.00103015,-0.00002924,0.00040408,-0.00041868,-0.00010518,0.00011790,0.00058461,0.00043404,0.00014013,-0.00060998,-0.00054392,-0.00028556,-0.00008033,-0.00031759,0.00106664,-0.00071885,0.00076697,0.00055720,0.00045298,-0.00116893,-0.00037378,-0.00051573,-0.00083625,0.00098029,-0.00113229,0.00032523,-0.00030415,0.00012650,0.00061913,-0.00023168,0.00099828,-0.00004144,0.00006969,-0.00048060,0.00160082,0.00006399,-0.00004986,0.00113924,0.00000000,0.00000000,0.00000000,0.00000000,0.00000000,0.00000000,0.00000000,0.00000000,0.00000000,0.00000000,0.00000000,0.00000000,0.00000000,0.00000000,0.00000000,0.00000000,0.00000000,0.00000000,0.00000000,0.00000000,0.00000000,0.00000000,0.00000000,0.00000000,0.00000000,0.00000000,0.00000000,0.00000000,0.00000000,0.00000000,0.00000000,0.00000000,0.00000000,0.00000000,0.00000000,0.00000000,0.00000000,0.00000000,0.00000000,0.00000000,0.00000000,0.00000000,0.00000000,0.00000000,0.00000000,0.00000000,0.00000000,0.00000000,-0.00013371,0.00056450,-0.00001940,-0.00099182,0.00012076,0.00013318,0.00114112,-0.00061807,-0.00070749,0.00018679,-0.00008366,0.00067909,0.00019809,-0.00070039,-0.00134048,0.00035180
-0.00043940,0.00020959,-0.00146750,0.00167539,-0.00154423,0.00005087,-0.00000765,0.00066456,-0.00260400,-0.00148071,-0.00256744,-0.00029430,0.00181920,-0.00255245,-0.00213850,0.00164901,-0.00253871,-0.00226291,0.00294136,0.00185045,-0.00108273,-0.00117680,-0.00164837,-0.00146796,0.00316321,-0.00211982,-0.00084737,-0.00096772,0.00109707,-0.00050236,-0.00217964,0.00304247,0.00133808,-0.00291343,-0.00205430,0.00265491,0.00150050,0.00029765,0.00242645,-0.00154795,-0.00177801,-0.00214497,-0.00249787,0.00167450,-0.01443298,-0.00176014,-0.00012843,-0.00167717,0.00191169,0.00264838,0.00133544,-0.00215829,0.00177628,-0.00076709,0.00089238,0.00126698,-0.00129711,-0.00136623,-0.00200126,-0.00043731,-0.00204417,-0.00120715,0.00241801,0.00118505,0.00175794,0.00152859,0.00246008,0.00172220,-0.00199514,0.00067877,-0.00159483,-0.00222802,-0.00077191,-0.00113366,0.00268519,-0.00109024,0.00020469,0.00118386,-0.00118135,0.00054368,0.00137831,-0.00194897,0.00157954,0.00093596,-0.00180992,0.00145729,0.00225679,-0.00088315,-0.00007791,-0.00289112,-0.00136592,-0.00137974,-0.00252555,-0.00155290,-0.00108344,0.00067322,0.00214614,-0.00126240,0.00071631,0.00024107,-0.00073068,-0.00105462,0.00127600,0.00019724,-0.00134922,-0.00142199,-0.00095734,-0.00168099,0.00086464,0.00157439,-0.00072255,-0.00056028,-0.00088596,-0.00059876,0.00009028,-0.00207373,-0.00199628,0.00187364,0.00177182,-0.00073833,0.00001858,-0.00002036,-0.00189372,-0.00156984,0.00160365,0.00025469,0.00055678,0.00159796,0.00000000,0.00000000,0.00000000,0.00000000,0.00000000,0.00000000,0.00000000,0.00000000,0.00000000,0.00000000,0.00000000,0.00000000,0.00000000,0.00000000,0.00000000,0.00000000,0.00000000,0.00000000,0.00000000,0.00000000,0.00000000,0.00000000,0.00000000,0.00000000,0.00000000,0.00000000,0.00000000,0.00000000,0.00000000,0.00000000,0.00000000,0.00000000,0.00000000,0.00000000,0.00000000,0.00000000,0.00000000,0.00000000,0.00000000,0.00000000,0.00000000,0.00000000,0.00000000,0.00000000,0.00000000,0.00000000,0.00000000,0.00000000,0.00283651,-0.00053489,0.00207814,-0.00137119,0.00224734,-0.00405323,0.00227144,-0.00221021,0.00089637,0.00167283,0.00091287,0.00294195,0.00216017,-0.00156028,-0.00218342,0.00199685
0.00011144,-0.00083852,-0.00034692,0.00046096,0.00128595,0.00076809,0.00057766,-0.00098474,-0.00042671,-0.00043406,-0.00014033,-0.00042218,0.00011429,0.00002840,-0.00014559,0.00194286,-0.00058499,-0.00042928,-0.00047752,-0.00194634,-0.00118685,-0.00059777,-0.00059987,-0.00061696,0.00081095,-0.00065632,-0.00175523,-0.00074400,-0.00143290,-0.00125089,-0.00116877,-0.00012316,-0.00023861,0.00014361,-0.00032731,-0.00040571,0.00049532,-0.00073097,0.00102224,-0.00066848,-0.00068405,-0.00062996,-0.00063610,0.00074953,0.00075636,-0.01322790,-0.00208082,-0.00047470,-0.00042449,0.00013201,0.00159153,-0.00065092,0.00025173,-0.00053896,0.00114841,-0.00181835,0.00186064,-0.00077609,-0.00119501,-0.00104981,-0.00092094,-0.00070714,0.00038503,0.00014674,0.00141550,0.00050697,0.00075909,0.00099213,0.00030595,0.00144121,0.00008699,0.00058115,-0.00086863,0.00108175,-0.00078023,0.00151526,-0.00117479,0.00033329,0.00112019,-0.00200429,0.00132942,0.00030231,0.00115624,0.00061132,-0.00055306,-0.00100835,0.00012468,0.00100048,0.00043864,0.00096740,0.00013408,-0.00111595,-0.00087492,0.00103265,-0.00111003,-0.00212315,-0.00061949,-0.00137710,-0.00106402,0.00019201,0.00122987,0.00009787,0.00008722,-0.00016536,-0.00013605,-0.00126742,-0.00143607,-0.00052112,0.00073462,0.00059614,-0.00027728,0.00129793,0.00035979,-0.00046754,0.00063175,-0.00168694,0.00127165,-0.00000177,-0.00035132,-0.00005469,-0.00030657,-0.00019315,-0.00068266,-0.00000812,0.00108221,-0.00161890,0.00072841,-0.00045244,0.00000000,0.00000000,0.00000000,0.00000000,0.00000000,0.00000000,0.00000000,0.00000000,0.00000000,0.00000000,0.00000000,0.00000000,0.00000000,0.00000000,0.00000000,0.00000000,0.00000000,0.00000000,0.00000000,0.00000000,0.00000000,0.00000000,0.00000000,0.00000000,0.00000000,0.00000000,0.00000000,0.00000000,0.00000000,0.00000000,0.00000000,0.00000000,0.00000000,0.00000000,0.00000000,0.00000000,0.00000000,0.00000000,0.00000000,0.00000000,0.00000000,0.00000000,0.00000000,0.00000000,0.00000000,0.00000000,0.00000000,0.00000000,-0.00016972,-0.00011161,0.00084940,0.00115536,-0.00013755,0.00026255,-0.00073937,0.00050762,-0.00002674,-0.00054917,-0.00022253,-0.00011216,0.00015778,0.00042456,0.00024276,0.00025636
0.00095275,-0.00077100,0.00106853,-0.00152381,-0.00019610,-0.00096646,0.00004095,0.00015380,0.00202355,0.00125072,0.00111122,0.00145802,-0.00003625,0.00254478,0.00145167,-0.00150508,0.00130602,0.00101648,-0.00208837,-0.00159329,0.00161958,0.00141920,0.00170872,0.00086366,-0.00167217,0.00090586,0.00067898,0.00174456,0.00013539,0.00042437,0.00157901,-0.00161836,0.00040585,0.00155662,0.00105945,-0.00131029,-0.00099008,0.00000814,-0.00157881,0.00116141,0.00018742,0.00138228,0.00100801,-0.00022587,-0.00080190,0.00079596,-0.01544047,0.00151139,-0.00144613,-0.00193511,-0.00173556,0.00094521,-0.00152825,0.00102862,-0.00083502,-0.00019205,-0.00016477,0.00167421,0.00137884,0.00051415,0.00092017,0.00087087,-0.00166386,-0.00142554,-0.00175047,-0.00101660,-0.00145092,-0.00258633,0.00005663,-0.00047473,0.00121674,0.00023641,0.00103225,-0.00012298,-0.00166319,0.00031873,0.00142153,-0.00092429,0.00118859,-0.00133660,-0.00117880,0.00071657,-0.00099838,-0.00115139,0.00098076,-0.00118215,-0.00207309,0.00040974,0.00005609,0.00082556,0.00180407,0.00134571,0.00176292,0.00102337,0.00109754,0.00004582,-0.00011244,0.00069949,0.00062066,-0.00003704,-0.00020528,0.00009029,-0.00177736,-0.00019350,0.00131121,0.00114626,0.00094556,0.00070634,-0.00143166,-0.00093691,0.00146232,0.00217039,0.00089080,0.00238855,-0.00048486,0.00040670,0.00083027,-0.00162613,-0.00229719,0.00105527,0.00133683,0.00034727,0.00115617,0.00179433,-0.00145846,-0.00009112,-0.00086861,-0.00012532,0.00000000,0.00000000,0.00000000,0.00000000,0.00000000,0.00000000,0.00000000,0.00000000,0.00000000,0.00000000,0.00000000,0.00000000,0.00000000,0.00000000,0.00000000,0.00000000,0.00000000,0.00000000,0.00000000,0.00000000,0.00000000,0.00000000,0.00000000,0.00000000,0.00000000,0.00000000,0.00000000,0.00000000,0.00000000,0.00000000,0.00000000,0.00000000,0.00000000,0.00000000,0.00000000,0.00000000,0.00000000,0.00000000,0.00000000,0.00000000,0.00000000,0.00000000,0.00000000,0.00000000,0.00000000,0.00000000,0.00000000,0.00000000,-0.00127836,-0.00009655,-0.00097445,0.00144313,-0.00118937,0.00170018,-0.00104081,0.00176985,0.00042498,-0.00149509,-0.00017091,-0.00170493,-0.00163468,0.00230599,0.00114675,-0.00183662
0.00014208,-0.00133564,-0.00147364,0.00208452,0.00159584,0.00126605,0.00124652,-0.00217700,-0.00104756,-0.00089449,-0.00163175,0.00079650,-0.00017926,0.00065856,-0.00103929,0.00089062,-0.00137436,-0.00115917,0.00034143,-0.00133522,-0.00123900,-0.00041746,-0.00124928,-0.00103503,0.00109697,0.00033254,-0.00127329,-0.00123353,-0.00007318,-0.00030005,-0.00055622,0.00075919,-0.00153455,-0.00007664,-0.00084376,-0.00030849,0.00107309,-0.00060177,-0.00014820,0.00014370,-0.00151693,0.00061756,0.00074988,0.00026040,0.00216107,0.00003143,-0.00079006,-0.01545459,0.00003102,0.00031805,0.00130375,-0.00028429,0.00125749,0.00034738,0.00066974,-0.00219304,0.00161499,-0.00075171,-0.00016995,-0.00132584,-0.00116260,-0.00175637,0.00146313,0.00097855,0.00082643,0.00073634,0.00017331,0.00086067,-0.00057064,0.00127161,-0.00169347,0.00059448,-0.00098800,0.00162417,0.00015204,0.00265550,-0.00183454,0.00171511,-0.00084560,-0.00197792,0.00153751,-0.00093229,0.00112224,0.00150708,0.00002654,-0.00161321,0.00045033,-0.00112465,0.00274467,0.00118804,-0.00003080,-0.00114548,-0.00069998,0.00300643,-0.00070303,-0.00155613,-0.00290190,-0.00088419,-0.00147004,0.00115716,0.00140864,0.00100753,0.00042168,0.00171930,-0.00068973,0.00018366,0.00014014,-0.00154069,0.00152269,0.00105031,-0.00067002,0.00043317,0.00075880,-0.00184860,0.00180716,-0.00003606,0.00266673,0.00102395,-0.00052223,-0.00115477,-0.00047515,-0.00097005,-0.00136870,0.00238406,0.00060639,-0.00251085,0.00147951,-0.00188823,0.00000000,0.00000000,0.00000000,0.00000000,0.00000000,0.00000000,0.00000000,0.00000000,0.00000000,0.00000000,0.00000000,0.00000000,0.00000000,0.00000000,0.00000000,0.00000000,0.00000000,0.00000000,0.00000000,0.00000000,0.00000000,0.00000000,0.00000000,0.00000000,0.00000000,0.00000000,0.00000000,0.00000000,0.00000000,0.00000000,0.00000000,0.00000000,0.00000000,0.00000000,0.00000000,0.00000000,0.00000000,0.00000000,0.00000000,0.00000000,0.00000000,0.00000000,0.00000000,0.00000000,0.00000000,0.00000000,0.00000000,0.00000000,0.00016337,-0.00094774,-0.00106628,-0.00058346,-0.00022854,0.00029830,0.00060090,0.00016394,0.00055282,0.00090778,-0.00056663,-0.00034150,0.00090086,0.00012034,-0.00097334,0.00086861
-0.00091952,0.00136892,0.00135520,-0.00100184,-0.00183160,-0.00094740,-0.00077049,0.00029053,0.00042703,0.00085661,0.00090885,0.00055390,-0.00067506,0.00029142,0.00071040,-0.00045331,0.00089122,0.00090214,-0.00006758,0.00119648,0.00142675,0.00114282,0.00118607,-0.00045512,-0.00126800,0.00060489,0.00174350,0.00233849,0.00045896,0.00065116,0.00106043,-0.00045192,0.00058721,0.00062864,0.00039732,-0.00126208,-0.00118298,-0.00039015,-0.00075336,0.00101419,0.00149330,0.00138080,-0.00003160,-0.00132500,-0.00208487,0.00021984,0.00069177,0.00054868,-0.01574785,-0.00132975,-0.00161098,0.00067166,-0.00114483,-0.00010224,-0.00104307,0.00102511,-0.00065771,-0.00063561,0.00057565,0.00078695,0.00213185,0.00129260,-0.00191095,-0.00147194,-0.00120375,-0.00052631,-0.00163470,-0.00151949,-0.00031526,-0.00193208,0.00109087,-0.00043556,0.00062343,-0.00148836,-0.00036468,-0.00269676,0.00149831,-0.00078845,0.00194106,0.00136932,-0.00162430,0.00154466,-0.00131934,0.00011933,0.00034797,0.00172046,-0.00086898,0.00134567,-0.00117588,0.00004932,-0.00008738,0.00131764,0.00126452,-0.00222797,0.00093841,0.00117572,0.00229664,0.00137769,0.00119074,-0.00044165,0.00012629,-0.00041238,-0.00081638,-0.00117603,0.00036442,0.00072855,0.00073598,0.00212469,-0.00168447,-0.00088354,0.00126054,-0.00062805,0.00029220,0.00127626,-0.00137379,0.00061375,-0.00185696,-0.00118306,-0.00106049,0.00121881,0.00040029,0.00170701,0.00193481,-0.00049276,-0.00096833,0.00192962,-0.00179070,0.00125863,0.00000000,0.00000000,0.00000000,0.00000000,0.00000000,0.00000000,0.00000000,0.00000000,0.00000000,0.00000000,0.00000000,0.00000000,0.00000000,0.00000000,0.00000000,0.00000000,0.00000000,0.00000000,0.00000000,0.00000000,0.00000000,0.00000000,0.00000000,0.00000000,0.00000000,0.00000000,0.00000000,0.00000000,0.00000000,0.00000000,0.00000000,0.00000000,0.00000000,0.00000000,0.00000000,0.00000000,0.00000000,0.00000000,0.00000000,0.00000000,0.00000000,0.00000000,0.00000000,0.00000000,0.00000000,0.00000000,0.00000000,0.00000000,-0.00046024,0.00037159,-0.00069821,-0.00012829,0.00040256,0.00009367,-0.00021808,0.00149945,-0.00114820,-0.00050437,0.00051194,0.00052566,-0.00071080,0.00015387,0.00088654,-0.00004213
-0.00038907,0.00055133,0.00085341,-0.00170323,-0.00110127,-0.00140248,-0.00110690,0.00019099,0.00097551,0.00198336,0.00128043,0.00047687,-0.00156637,0.00020544,0.00081425,-0.00155080,0.00114921,0.00065703,-0.00010325,0.00128266,0.00160936,0.00002204,0.00197246,0.00029462,-0.00065178,0.00040567,0.00138047,0.00098411,0.00123924,0.00070985,0.00071510,-0.00003746,-0.00025196,0.00097997,0.00070041,-0.00125537,-0.00097491,0.00050776,-0.00108321,0.00206492,0.00134703,0.00164079,0.00018361,-0.00048582,-0.00172478,0.00020834,0.00058283,0.00096484,-0.00140012,-0.01595544,-0.00089944,0.00128306,-0.00153052,0.00042332,-0.00145054,0.00238298,-0.00245079,0.00145862,0.00043194,0.00094916,0.00194212,0.00150455,-0.00088063,-0.00156344,-0.00063951,-0.00072642,-0.00040184,-0.00097251,-0.00014837,-0.00193122,0.00087690,-0.00000395,0.00101909,-0.00080446,0.00059788,-0.00157563,0.00169699,0.00011634,0.00005771,0.00181493,-0.00053055,0.00129664,-0.00166156,-0.00098016,0.00065268,0.00074907,0.00044641,0.00225626,0.00022277,-0.00074165,-0.00027140,0.00052948,0.00117946,-0.00165075,0.00193302,0.00050271,0.00133595,0.00060494,0.00223907,-0.00107363,-0.00117733,-0.00149330,0.00053410,-0.00017582,0.00121863,0.00193027,0.00216541,0.00194351,-0.00046212,-0.00186437,0.00176007,-0.00029214,-0.00009433,0.00071887,-0.00158689,0.00139349,-0.00203745,-0.00149760,-0.00046538,0.00014890,0.00108402,0.00162695,0.00247787,-0.00055866,-0.00158145,0.00187156,-0.00244619,0.00082096,0.00000000,0.00000000,0.00000000,0.00000000,0.00000000,0.00000000,0.00000000,0.00000000,0.00000000,0.00000000,0.00000000,0.00000000,0.00000000,0.00000000,0.00000000,0.00000000,0.00000000,0.00000000,0.00000000,0.00000000,0.00000000,0.00000000,0.00000000,0.00000000,0.00000000,0.00000000,0.00000000,0.00000000,0.00000000,0.00000000,0.00000000,0.00000000,0.00000000,0.00000000,0.00000000,0.00000000,0.00000000,0.00000000,0.00000000,0.00000000,0.00000000,0.00000000,0.00000000,0.00000000,0.00000000,0.00000000,0.00000000,0.00000000,-0.00018872,0.00036854,-0.00181337,0.00046530,0.00031516,-0.00021228,-0.00117044,0.00045401,-0.00151093,-0.00068216,0.00024214,-0.00040011,-0.00051735,0.00073070,0.00067574,-0.00020266
-0.00041440,0.00072061,-0.00080168,0.00094132,-0.00092037,-0.00120385,-0.00046279,0.00089293,-0.00089269,0.00068123,-0.00049659,-0.00006411,0.00046558,-0.00134062,-0.00085275,0.00023220,-0.00058460,-0.00065776,0.00072212,0.00104103,-0.00007246,-0.00112524,-0.00007306,-0.00046677,0.00040518,-0.00158296,-0.00029392,-0.00066720,0.00073125,-0.00004723,-0.00103656,0.00176037,0.00114251,-0.00146016,-0.00102936,0.00163705,-0.00017381,0.00069803,0.00089080,-0.00057629,-0.00031187,-0.00108709,-0.00211287,0.00097047,-0.00048235,-0.00045883,-0.00037695,0.00006065,0.00005877,0.00116460,-0.01046549,-0.00066306,0.00005124,-0.00094485,0.00009940,0.00134316,-0.00078619,-0.00137825,-0.00067052,-0.00098410,-0.00037611,-0.00054406,-0.00034624,0.00036573,-0.00032825,0.00023250,0.00134248,0.00059688,-0.00038357,-0.00126614,-0.00123239,-0.00139338,0.00101741,-0.00117019,0.00114344,-0.00221729,-0.00017846,0.00121949,-0.00053020,0.00193423,-0.00060623,-0.00086475,0.00047312,0.00032165,-0.00100092,0.00124768,0.00063315,0.00015457,-0.00179892,-0.00126993,-0.00176347,-0.00079442,0.00010203,-0.00178519,-0.00042701,0.00144741,0.00199666,-0.00047849,0.00047471,0.00022536,-0.00051615,-0.00089980,0.00072030,-0.00116683,-0.00087500,-0.00060818,-0.00015177,-0.00076534,0.00064348,-0.00033713,0.00000870,-0.00004079,-0.00111815,0.00054864,-0.00039375,-0.00086790,-0.00218721,0.00014201,0.00127975,0.00004720,-0.00028882,0.00005614,-0.00018709,-0.00143277,-0.00044702,0.00214928,-0.00041104,0.00090785,0.00000000,0.00000000,0.00000000,0.00000000,0.00000000,0.00000000,0.00000000,0.00000000,0.00000000,0.00000000,0.00000000,0.00000000,0.00000000,0.00000000,0.00000000,0.00000000,0.00000000,0.00000000,0.00000000,0.00000000,0.00000000,0.00000000,0.00000000,0.00000000,0.00000000,0.00000000,0.00000000,0.00000000,0.00000000,0.00000000,0.00000000,0.00000000,0.00000000,0.00000000,0.00000000,0.00000000,0.00000000,0.00000000,0.00000000,0.00000000,0.00000000,0.00000000,0.00000000,0.00000000,0.00000000,0.00000000,0.00000000,0.00000000,0.00129280,-0.00003410,0.00142585,-0.00142125,0.00150726,-0.00195541,0.00113415,-0.00140748,0.00018825,0.00169115,-0.00018957,0.00086701,0.00066048,-0.00171221,-0.00252784,0.00167390
0.00085374,-0.00115519,0.00039974,0.00110868,0.00121833,0.00129125,0.00079634,-0.00006287,0.00026763,-0.00065893,-0.00128648,-0.00048082,0.00033418,-0.00033809,-0.00058974,0.00092090,-0.00140428,-0.00026775,-0.00045690,-0.00111957,-0.00126835,-0.00046634,-0.00005474,-0.00007789,0.00019417,0.00019961,-0.00176472,-0.00174382,-0.00082539,-0.00050524,-0.00041861,-0.00047825,-0.00121176,-0.00021182,-0.00004646,0.00011910,0.00002811,-0.00112830,0.00048587,-0.00044987,-0.00047928,0.00078547,0.00021733,-0.00060004,0.00165712,0.00009692,-0.00145702,-0.00038654,0.00003593,-0.00008177,0.00089074,-0.01506600,0.00003964,0.00063087,0.00138996,-0.00196674,0.00213771,-0.00090953,-0.00083623,-0.00116129,-0.00120719,-0.00031569,0.00078855,0.00046858,0.00040057,0.00066564,0.00002643,0.00105265,0.00138463,0.00214841,0.00001251,0.00100971,-0.00093288,0.00089592,-0.00053383,0.00205131,-0.00223900,-0.00039775,0.00086816,-0.00171269,0.00111067,-0.00024315,0.00074694,-0.00095974,-0.00042860,-0.00159757,-0.00055287,-0.00030626,0.00163475,0.00096919,0.00086749,-0.00031095,-0.00051312,0.00163039,-0.00069944,-0.00105128,-0.00238058,-0.00017709,-0.00168509,0.00037152,0.00123441,0.00093566,0.00029634,0.00041903,-0.00108299,0.00000685,-0.00135449,0.00009438,0.00003145,0.00094489,-0.00056930,0.00024347,0.00037435,-0.00112050,0.00053949,-0.00050777,0.00173949,0.00005041,-0.00017969,-0.00126989,-0.00054664,-0.00070558,-0.00153055,0.00070474,0.00106448,-0.00269851,0.00178183,-0.00119747,0.00000000,0.00000000,0.00000000,0.00000000,0.00000000,0.00000000,0.00000000,0.00000000,0.00000000,0.00000000,0.00000000,0.00000000,0.00000000,0.00000000,0.00000000,0.00000000,0.00000000,0.00000000,0.00000000,0.00000000,0.00000000,0.00000000,0.00000000,0.00000000,0.00000000,0.00000000,0.00000000,0.00000000,0.00000000,0.00000000,0.00000000,0.00000000,0.00000000,0.00000000,0.00000000,0.00000000,0.00000000,0.00000000,0.00000000,0.00000000,0.00000000,0.00000000,0.00000000,0.00000000,0.00000000,0.00000000,0.00000000,0.00000000,-0.00029388,-0.00053232,0.00022202,0.00086972,-0.00046246,0.00126031,0.00050881,0.00104340,0.00066115,0.00003123,-0.00007058,-0.00053741,0.00035831,0.00126816,0.00032791,-0.00104739
-0.00029155,0.00104654,-0.00034406,0.00064585,-0.00224034,-0.00023049,-0.00116184,0.00076848,-0.00137659,0.00046404,-0.00090063,-0.00108426,0.00018966,-0.00121429,-0.00072033,0.00067631,-0.00065368,-0.00124868,0.00146028,0.00085406,-0.00009847,-0.00029534,-0.00055944,-0.00105216,0.00064642,-0.00113925,0.00055410,-0.00063720,0.00138852,-0.00002711,-0.00121705,0.00109498,0.00035316,-0.00157522,-0.00062184,0.00106988,-0.00012212,0.00117539,0.00069496,-0.00105943,-0.00014257,-0.00135978,-0.00141954,-0.00025393,-0.00134983,-0.00088242,0.00062211,-0.00035590,0.00156002,0.00141247,-0.00013012,-0.00088015,-0.00968797,-0.00040191,-0.00046670,0.00080831,-0.00041543,-0.00094680,-0.00080916,-0.00012381,-0.00046843,-0.00009354,-0.00024670,-0.00000831,0.00074250,0.00007165,0.00114848,0.00123003,-0.00010921,0.00010546,-0.00088107,-0.00043993,-0.00016842,-0.00004443,0.00110736,-0.00207114,0.00120195,-0.00013444,-0.00083384,0.00117833,0.00071573,-0.00016969,0.00068072,0.00025446,-0.00104427,0.00178433,0.00114299,-0.00046222,-0.00145388,-0.00199986,-0.00140976,0.00030372,-0.00070756,-0.00312838,-0.00066431,0.00141468,0.00109346,0.00014159,0.00055048,0.00011805,0.00050738,-0.00123623,0.00098129,-0.00069789,-0.00043881,-0.00091896,-0.00019568,-0.00003721,-0.00023959,0.00049129,0.00033997,0.00036774,-0.00116343,0.00003475,-0.00122072,-0.00082118,-0.00197357,0.00038728,0.00095721,-0.00013826,-0.00035100,-0.00069064,-0.00051387,-0.00102845,0.00076390,0.00106988,-0.00050096,0.00292078,0.00000000,0.00000000,0.00000000,0.00000000,0.00000000,0.00000000,0.00000000,0.00000000,0.00000000,0.00000000,0.00000000,0.00000000,0.00000000,0.00000000,0.00000000,0.00000000,0.00000000,0.00000000,0.00000000,0.00000000,0.00000000,0.00000000,0.00000000,0.00000000,0.00000000,0.00000000,0.00000000,0.00000000,0.00000000,0.00000000,0.00000000,0.00000000,0.00000000,0.00000000,0.00000000,0.00000000,0.00000000,0.00000000,0.00000000,0.00000000,0.00000000,0.00000000,0.00000000,0.00000000,0.00000000,0.00000000,0.00000000,0.00000000,0.00203565,0.00017962,0.00122063,-0.00039292,0.00123104,-0.00174464,0.00138757,-0.00063336,-0.00050111,0.00083891,0.00007368,0.00181031,0.00120750,-0.00079638,-0.00095895,0.00167474
-0.00000264,0.00083243,0.00017132,-0.00063495,0.00018841,-0.00070824,0.00019394,0.00035884,0.00178927,0.00019110,0.00108366,0.00045727,-0.00211109,0.00163675,0.00188044,-0.00155818,0.00122820,0.00107639,-0.00178820,-0.00049482,0.00091293,0.00134912,0.00170932,0.00139579,-0.00163727,0.00052776,0.00001277,0.00066101,-0.00099938,0.00069157,0.00185123,-0.00200611,0.00006078,0.00181950,0.00082640,-0.00164248,-0.00112465,-0.00050392,-0.00166921,0.00151603,0.00080478,0.00170972,0.00166093,-0.00074271,0.00019077,0.00125396,0.00028810,0.00103404,-0.00187972,-0.00162344,-0.00137784,0.00212899,-0.00136795,-0.01510612,-0.00020736,-0.00080895,0.00107098,0.00129014,0.00145668,0.00130259,0.00077694,0.00099519,-0.00156616,-0.00048016,-0.00212932,-0.00191231,-0.00147086,-0.00110442,0.00061186,-0.00010552,0.00108239,0.00072877,0.00076939,-0.00032661,-0.00079871,0.00037452,0.00065122,-0.00036474,0.00102629,-0.00077333,-0.00146742,0.00145350,-0.00096832,-0.00074090,0.00065812,-0.00145462,-0.00122810,0.00083251,0.00050293,0.00231736,0.00159185,0.00070325,0.00171392,0.00195734,0.00102427,-0.00062096,-0.00080623,0.00044461,0.00027646,-0.00016996,-0.00052375,0.00079208,-0.00083150,-0.00010489,0.00002802,0.00164801,0.00040422,0.00060902,-0.00095818,-0.00107685,0.00144946,-0.00072937,0.00080003,0.00141820,0.00159263,0.00199197,0.00125822,-0.00140115,-0.00100653,0.00035684,0.00064323,-0.00064319,0.00180731,0.00215809,-0.00031948,-0.00006555,-0.00027600,-0.00089235,0.00000000,0.00000000,0.00000000,0.00000000,0.00000000,0.00000000,0.00000000,0.00000000,0.00000000,0.00000000,0.00000000,0.00000000,0.00000000,0.00000000,0.00000000,0.00000000,0.00000000,0.00000000,0.00000000,0.00000000,0.00000000,0.00000000,0.00000000,0.00000000,0.00000000,0.00000000,0.00000000,0.00000000,0.00000000,0.00000000,0.00000000,0.00000000,0.00000000,0.00000000,0.00000000,0.00000000,0.00000000,0.00000000,0.00000000,0.00000000,0.00000000,0.00000000,0.00000000,0.00000000,0.00000000,0.00000000,0.00000000,0.00000000,-0.00181909,-0.00066146,-0.00107136,0.00142876,-0.00099371,0.00150221,-0.00060777,0.00158409,0.00013039,-0.00038605,0.00007059,-0.00177055,-0.00179084,0.00120117,0.00118331,-0.00200694
-0.00076896,-0.00045849,-0.00059057,0.00099181,-0.00078207,-0.00104243,-0.00052494,-0.00072240,-0.00229578,-0.00062316,-0.00214476,0.00001205,0.00058642,-0.00159777,-0.00139782,-0.00003155,-0.00156964,-0.00201011,0.00277680,0.00102505,-0.00079815,-0.00163010,-0.00048720,-0.00072706,0.00201029,-0.00152367,0.00039518,-0.00029929,0.00080721,-0.00074423,-0.00260535,0.00279396,0.00045905,-0.00159821,-0.00286575,0.00201661,0.00004737,0.00066521,0.00198624,-0.00179968,0.00012360,-0.00235957,-0.00280228,0.00150359,0.00000274,-0.00122380,0.00040983,-0.00202158,0.00164610,0.00230989,0.00092556,-0.00153292,0.00173663,-0.00029358,-0.01500683,0.00191359,-0.00211621,-0.00247873,-0.00078367,-0.00139852,0.00003950,-0.00139269,0.00211582,0.00090879,0.00078727,0.00137958,0.00141929,0.00118272,-0.00078496,0.00019779,-0.00104606,-0.00104359,-0.00014001,-0.00110737,0.00313352,-0.00194849,0.00030494,-0.00025563,-0.00162616,0.00148116,0.00103549,-0.00201453,0.00067967,0.00024411,0.00025478,0.00213292,0.00341209,-0.00040612,-0.00079526,-0.00191142,-0.00179144,-0.00049241,-0.00119988,-0.00055915,-0.00063793,0.00063123,0.00169577,0.00055403,0.00062690,0.00082193,-0.00036040,-0.00097288,0.00084507,0.00033532,-0.00087581,-0.00050170,0.00103046,-0.00103487,0.00099514,0.00162228,-0.00175308,-0.00120100,-0.00106999,-0.00204015,-0.00023382,-0.00143159,-0.00198768,0.00162025,0.00128726,-0.00133530,-0.00107913,0.00095367,-0.00144444,-0.00156948,0.00101278,0.00031406,0.00007685,0.00103482,0.00000000,0.00000000,0.00000000,0.00000000,0.00000000,0.00000000,0.00000000,0.00000000,0.00000000,0.00000000,0.00000000,0.00000000,0.00000000,0.00000000,0.00000000,0.00000000,0.00000000,0.00000000,0.00000000,0.00000000,0.00000000,0.00000000,0.00000000,0.00000000,0.00000000,0.00000000,0.00000000,0.00000000,0.00000000,0.00000000,0.00000000,0.00000000,0.00000000,0.00000000,0.00000000,0.00000000,0.00000000,0.00000000,0.00000000,0.00000000,0.00000000,0.00000000,0.00000000,0.00000000,0.00000000,0.00000000,0.00000000,0.00000000,0.00123961,-0.00011530,0.00136195,-0.00061643,0.00229485,-0.00306865,-0.00021061,-0.00217516,0.00063773,0.00142594,0.00094882,0.00176466,0.00304472,-0.00146623,-0.00206084,0.00218387
0.00110378,-0.00082669,0.00390929,-0.00316595,0.00207218,-0.00068978,-0.00001227,-0.00036094,0.00348532,0.00287745,0.00230416,0.00316961,-0.00321481,0.00435640,0.00232131,-0.00305988,0.00259435,0.00241271,-0.00317594,-0.00146551,0.00281363,0.00337482,0.00292109,0.00361533,-0.00295025,0.00362484,0.00093198,0.00313126,0.00005418,0.00179128,0.00359175,-0.00324010,0.00165238,0.00325780,0.00300405,-0.00308248,-0.00146885,0.00020634,-0.00385664,0.00353804,0.00102175,0.00361092,0.00385249,-0.00247044,-0.00068928,0.00313683,0.00151612,0.00324027,-0.00294279,-0.00320570,-0.00306910,0.00334108,-0.00382760,0.00180543,-0.00223146,-0.01524994,-0.00002308,0.00281819,0.00249332,0.00344047,0.00253460,0.00272023,-0.00217991,-0.00258678,-0.00279368,-0.00120097,-0.00323210,-0.00259444,0.00132228,-0.00003161,0.00231987,0.00285908,0.00111435,-0.00018648,-0.00343007,0.00247526,0.00056122,-0.00252779,0.00274676,-0.00140040,-0.00182795,0.00238051,-0.00137269,-0.00201246,0.00400317,0.00013446,-0.00398115,0.00223275,0.00018862,0.00341705,0.00181864,0.00307391,0.00291459,0.00098870,0.00287155,0.00056998,-0.00231771,0.00193304,0.00148100,0.00035978,-0.00253759,-0.00071302,-0.00357480,-0.00142000,0.00152569,0.00325236,0.00208156,0.00283004,-0.00241503,-0.00221910,0.00349302,0.00077510,0.00204603,0.00211570,-0.00026270,0.00339963,0.00111909,-0.00301770,-0.00376944,0.00243083,0.00163491,0.00125133,0.00244688,-0.00058103,-0.00250791,0.00040348,-0.00106981,-0.00227685,0.00000000,0.00000000,0.00000000,0.00000000,0.00000000,0.00000000,0.00000000,0.00000000,0.00000000,0.00000000,0.00000000,0.00000000,0.00000000,0.00000000,0.00000000,0.00000000,0.00000000,0.00000000,0.00000000,0.00000000,0.00000000,0.00000000,0.00000000,0.00000000,0.00000000,0.00000000,0.00000000,0.00000000,0.00000000,0.00000000,0.00000000,0.00000000,0.00000000,0.00000000,0.00000000,0.00000000,0.00000000,0.00000000,0.00000000,0.00000000,0.00000000,0.00000000,0.00000000,0.00000000,0.00000000,0.00000000,0.00000000,0.00000000,-0.00327111,0.00084111,-0.00336452,0.00294749,-0.00325081,0.00347145,-0.00338230,0.00307655,-0.00031236,-0.00307242,-0.00047079,-0.00230583,-0.00236995,0.00417454,0.00380775,-0.00368921
-0.00124903,-0.00087584,-0.00314181,0.00305311,-0.00160413,0.00190062,-0.00149015,-0.00129630,-0.00409460,-0.00339609,-0.00398068,-0.00237099,0.00357846,-0.00454383,-0.00341336,0.00384288,-0.00408001,-0.00282451,0.00384749,0.00098192,-0.00262715,-0.00336768,-0.00370611,-0.00353139,0.00394179,-0.00383157,-0.00131109,-0.00224378,0.00050810,-0.00212473,-0.00441483,0.00406771,-0.00026474,-0.00414394,-0.00361452,0.00404985,0.00226904,-0.00161134,0.00446537,-0.00458106,-0.00204837,-0.00485217,-0.00477426,0.00243657,0.00220133,-0.00349786,-0.00169533,-0.00337013,0.00387127,0.00402974,0.00330985,-0.00346918,0.00375643,-0.00207129,0.00241742,-0.00013815,-0.01416564,-0.00320319,-0.00359661,-0.00330293,-0.00394626,-0.00302267,0.00400222,0.00297967,0.00333450,0.00180655,0.00450391,0.00432398,-0.00150649,0.00225306,-0.00267883,-0.00246309,-0.00263286,0.00044405,0.00335858,-0.00129932,-0.00193961,0.00266501,-0.00060817,0.00144718,0.00350644,-0.00299557,0.00326298,0.00275291,-0.00367816,0.00188122,0.00389137,-0.00243347,-0.00088371,-0.00257086,-0.00325032,-0.00319312,-0.00361781,-0.00198256,-0.00346729,-0.00032272,0.00196979,-0.00275454,-0.00093914,0.00104871,0.00360931,-0.00009178,0.00235280,0.00199944,-0.00142242,-0.00446806,-0.00286916,-0.00207361,0.00221209,0.00388031,-0.00332185,-0.00074160,-0.00072933,-0.00234789,-0.00012634,-0.00417502,-0.00157937,0.00360166,0.00437002,-0.00253645,-0.00192053,-0.00150123,-0.00435260,-0.00106604,0.00355676,-0.00185388,0.00268409,0.00327725,0.00000000,0.00000000,0.00000000,0.00000000,0.00000000,0.00000000,0.00000000,0.00000000,0.00000000,0.00000000,0.00000000,0.00000000,0.00000000,0.00000000,0.00000000,0.00000000,0.00000000,0.00000000,0.00000000,0.00000000,0.00000000,0.00000000,0.00000000,0.00000000,0.00000000,0.00000000,0.00000000,0.00000000,0.00000000,0.00000000,0.00000000,0.00000000,0.00000000,0.00000000,0.00000000,0.00000000,0.00000000,0.00000000,0.00000000,0.00000000,0.00000000,0.00000000,0.00000000,0.00000000,0.00000000,0.00000000,0.00000000,0.00000000,0.00374243,-0.00065459,0.00429333,-0.00234318,0.00374703,-0.00475354,0.00284726,-0.00285135,0.00017356,0.00227113,0.00209268,0.00379213,0.00344794,-0.00380699,-0.00408658,0.00406685
0.00064044,-0.00058027,0.00074122,0.00016920,0.00185081,0.00031205,0.00188194,-0.00062309,0.00112307,-0.00016233,0.00072298,0.00008744,-0.00091515,0.00053649,-0.00026310,-0.00007329,0.00053042,-0.00004871,-0.00043754,-0.00085709,-0.00019269,0.00141046,0.00081537,0.00091923,-0.00107881,0.00134107,-0.00054465,-0.00033470,-0.00074125,-0.00056330,0.00165071,-0.00089519,-0.00132314,0.00035330,-0.00016534,-0.00149594,0.00097942,-0.00010987,-0.00097740,0.00020928,-0.00108325,0.00083230,0.00118210,0.00035286,0.00127060,0.00002515,-0.00006790,0.00049106,-0.00250121,-0.00061142,-0.00109488,-0.00006992,-0.00066627,0.00001353,-0.00074551,-0.00097741,0.00118992,-0.01341472,0.00087931,-0.00034460,0.00038857,-0.00003449,0.00042400,0.00023720,-0.00065003,-0.00008490,-0.00089297,-0.00114906,0.00045291,0.00101089,0.00030615,0.00118030,-0.00017490,-0.00001280,-0.00086412,0.00173193,-0.00095926,-0.00017166,0.00026267,-0.00129356,0.00045840,0.00027455,-0.00011479,-0.00051825,0.00114440,-0.00116309,-0.00121952,-0.00013640,0.00076320,0.00201125,0.00124986,0.00014781,0.00038970,0.00251743,0.00001304,-0.00063537,-0.00213005,0.00052246,-0.00078508,0.00065252,0.00023108,0.00083347,-0.00108788,0.00094344,-0.00060057,-0.00024423,-0.00053229,-0.00048188,0.00052279,0.00024609,0.00029829,0.00026432,-0.00005370,-0.00060970,0.00162152,0.00082838,0.00160420,-0.00027537,-0.00069324,0.00034710,-0.00057833,-0.00028098,0.00050916,0.00079882,0.00019470,-0.00093976,0.00118102,-0.00160256,0.00000000,0.00000000,0.00000000,0.00000000,0.00000000,0.00000000,0.00000000,0.00000000,0.00000000,0.00000000,0.00000000,0.00000000,0.00000000,0.00000000,0.00000000,0.00000000,0.00000000,0.00000000,0.00000000,0.00000000,0.00000000,0.00000000,0.00000000,0.00000000,0.00000000,0.00000000,0.00000000,0.00000000,0.00000000,0.00000000,0.00000000,0.00000000,0.00000000,0.00000000,0.00000000,0.00000000,0.00000000,0.00000000,0.00000000,0.00000000,0.00000000,0.00000000,0.00000000,0.00000000,0.00000000,0.00000000,0.00000000,0.00000000,-0.00069078,-0.00053640,-0.00013815,0.00092384,-0.00130727,0.00151628,-0.00108096,0.00096567,0.00125983,0.00021609,-0.00145271,-0.00092830,0.00039026,0.00109512,0.00068375,-0.00100318
0.00057295,-0.00233109,-0.00047000,0.00055302,0.00176827,0.00077354,0.00116462,0.00055175,-0.00015917,-0.00118363,-0.00214585,-0.00075772,0.00050070,-0.00048106,-0.00139371,0.00179488,-0.00172420,-0.00103009,0.00046363,-0.00132778,-0.00138055,-0.00148947,-0.00080491,-0.00065685,0.00104452,-0.00054399,-0.00155934,-0.00065795,-0.00157027,-0.00139318,-0.00038677,0.00034011,-0.00014279,-0.00019845,-0.00098885,0.00035920,0.00088022,-0.00050619,0.00111431,-0.00112048,-0.00113926,-0.00093450,-0.00045010,-0.00026491,0.00240690,-0.00098633,-0.00113627,-0.00030427,0.00010606,0.00042317,0.00146559,-0.00104228,0.00087152,-0.00125913,0.00200847,-0.00238895,0.00204974,-0.00063579,-0.01495335,-0.00119313,-0.00103799,-0.00090357,0.00224730,0.00162827,0.00061094,0.00118528,0.00071446,0.00177865,0.00020995,0.00147915,-0.00149501,0.00003954,-0.00134743,0.00057322,0.00039537,0.00160627,-0.00186858,0.00152305,0.00043037,-0.00195435,0.00101159,-0.00113877,0.00068801,0.00100194,-0.00131602,-0.00139300,0.00016732,-0.00069303,0.00168402,0.00060384,0.00081197,-0.00073787,-0.00107608,0.00183261,-0.00070554,-0.00081990,-0.00074536,-0.00144670,-0.00164702,-0.00033255,0.00011528,0.00078636,0.00016475,0.00216180,0.00068091,-0.00179038,-0.00131009,-0.00067481,0.00032871,0.00117586,-0.00131636,0.00014342,-0.00075528,-0.00122731,0.00204258,-0.00064076,0.00156339,0.00038819,0.00091242,-0.00227906,0.00004626,-0.00246795,-0.00180955,0.00015467,0.00117879,-0.00340795,0.00204803,-0.00080226,0.00000000,0.00000000,0.00000000,0.00000000,0.00000000,0.00000000,0.00000000,0.00000000,0.00000000,0.00000000,0.00000000,0.00000000,0.00000000,0.00000000,0.00000000,0.00000000,0.00000000,0.00000000,0.00000000,0.00000000,0.00000000,0.00000000,0.00000000,0.00000000,0.00000000,0.00000000,0.00000000,0.00000000,0.00000000,0.00000000,0.00000000,0.00000000,0.00000000,0.00000000,0.00000000,0.00000000,0.00000000,0.00000000,0.00000000,0.00000000,0.00000000,0.00000000,0.00000000,0.00000000,0.00000000,0.00000000,0.00000000,0.00000000,0.00062363,-0.00016739,0.00044488,0.00036142,-0.00084711,0.00018280,-0.00031426,-0.00031915,-0.00097433,-0.00080228,0.00029410,-0.00016159,0.00018441,0.00030128,-0.00029349,0.00030002
0.00065979,-0.00021774,-0.00071299,-0.00074753,0.00163163,-0.00029766,0.00080882,-0.00063757,0.00182688,0.00026103,0.00143859,0.00020251,-0.00081614,0.00149773,0.00050645,-0.00034797,0.00073984,0.00194400,-0.00188044,-0.00169213,0.00019533,0.00087202,0.00079281,0.00072967,-0.00120385,0.00158086,0.00089674,-0.00021918,-0.00114732,0.00029743,0.00116309,-0.00180570,-0.00008782,0.00178386,0.00088645,-0.00109855,-0.00075785,-0.00041644,-0.00105216,0.00084725,0.00085486,0.00157793,0.00103046,-0.00004879,0.00064612,0.00065710,-0.00114883,-0.00042452,-0.00168896,-0.00151839,-0.00087251,0.00014076,-0.00156939,0.00085922,-0.00094284,-0.00109014,0.00131819,0.00014728,0.00132606,-0.01142668,0.00002263,0.00084240,-0.00142661,-0.00040658,0.00052728,-0.00105017,-0.00207531,-0.00115817,0.00075698,0.00024350,0.00164984,0.00162258,-0.00012045,0.00064262,-0.00202754,0.00097101,-0.00085090,-0.00112725,0.00124359,-0.00177325,-0.00073544,0.00080778,-0.00116157,-0.00021383,-0.00037482,-0.00315439,-0.00125674,0.00013411,0.00142386,0.00206862,0.00202947,0.00114876,0.00110484,0.00138060,0.00063936,-0.00094838,-0.00091752,0.00053804,-0.00102073,0.00068182,0.00030172,0.00041403,-0.00100847,-0.00006864,0.00007178,0.00016009,-0.00012800,-0.00001186,-0.00150725,-0.00036624,0.00042219,0.00052182,0.00064584,-0.00073963,0.00096089,0.00166911,0.00214669,-0.00120573,-0.00173638,0.00081556,0.00052269,-0.00072194,0.00046623,0.00015576,-0.00005916,-0.00097487,-0.00022229,-0.00115950,0.00000000,0.00000000,0.00000000,0.00000000,0.00000000,0.00000000,0.00000000,0.00000000,0.00000000,0.00000000,0.00000000,0.00000000,0.00000000,0.00000000,0.00000000,0.00000000,0.00000000,0.00000000,0.00000000,0.00000000,0.00000000,0.00000000,0.00000000,0.00000000,0.00000000,0.00000000,0.00000000,0.00000000,0.00000000,0.00000000,0.00000000,0.00000000,0.00000000,0.00000000,0.00000000,0.00000000,0.00000000,0.00000000,0.00000000,0.00000000,0.00000000,0.00000000,0.00000000,0.00000000,0.00000000,0.00000000,0.00000000,0.00000000,-0.00183216,-0.00004201,-0.00003039,0.00116267,-0.00057908,0.00251334,-0.00127791,0.00142444,-0.00039598,-0.00087609,-0.00103349,-0.00077149,-0.00127756,0.00188311,0.00133169,-0.00172978
0.00043548,-0.00051098,-0.00000358,-0.00013087,0.00242273,0.00064117,0.00074966,0.00015630,0.00085946,-0.00103399,-0.00017142,0.00063203,-0.00033490,0.00116499,-0.00029827,-0.00002947,0.00100131,0.00072771,-0.00167346,-0.00134221,-0.00082867,0.00079793,-0.00023620,0.00059838,-0.00091893,0.00183465,-0.00033646,0.00017869,-0.00054400,-0.00121734,-0.00007644,-0.00113035,-0.00001023,0.00049824,0.00076579,-0.00098543,0.00036723,-0.00047353,-0.00061049,0.00014197,-0.00005508,0.00133145,0.00171200,-0.00026351,0.00105196,0.00052470,-0.00003373,0.00127082,-0.00012099,-0.00097829,-0.00059414,0.00030935,-0.00066480,-0.00004192,0.00067068,-0.00157050,0.00090515,0.00082243,0.00031611,-0.00023014,-0.01452910,0.00041303,-0.00052331,0.00026720,0.00011267,0.00042529,-0.00076362,-0.00081730,0.00027744,0.00023866,0.00006379,0.00055844,-0.00056167,0.00205470,-0.00186941,0.00194314,-0.00077647,-0.00027873,0.00092826,-0.00232941,-0.00027051,0.00017149,-0.00049596,-0.00024664,-0.00050168,-0.00185976,-0.00116576,0.00051889,0.00044978,0.00115889,0.00141816,0.00030971,0.00030635,0.00156739,-0.00016908,-0.00118139,-0.00241560,-0.00033541,-0.00120605,0.00033496,0.00135365,0.00055007,-0.00058040,0.00044611,-0.00005903,0.00002789,-0.00015368,0.00017550,-0.00024860,-0.00031773,0.00030457,0.00015192,0.00123301,0.00075287,0.00076493,0.00049370,0.00211110,-0.00049565,-0.00109366,-0.00005295,-0.00006790,-0.00150887,0.00004678,0.00091151,-0.00028748,-0.00202318,0.00118229,-0.00208938,0.00000000,0.00000000,0.00000000,0.00000000,0.00000000,0.00000000,0.00000000,0.00000000,0.00000000,0.00000000,0.00000000,0.00000000,0.00000000,0.00000000,0.00000000,0.00000000,0.00000000,0.00000000,0.00000000,0.00000000,0.00000000,0.00000000,0.00000000,0.00000000,0.00000000,0.00000000,0.00000000,0.00000000,0.00000000,0.00000000,0.00000000,0.00000000,0.00000000,0.00000000,0.00000000,0.00000000,0.00000000,0.00000000,0.00000000,0.00000000,0.00000000,0.00000000,0.00000000,0.00000000,0.00000000,0.00000000,0.00000000,0.00000000,-0.00059273,0.00132110,-0.00101918,0.00084013,-0.00067630,0.00153977,-0.00112190,0.00181543,0.00043745,-0.00016651,-0.00004354,-0.00105949,-0.00094274,0.00086701,0.00066270,-0.00041499
0.00061482,-0.00122731,0.00134096,-0.00100223,0.00179310,0.00001234,0.00051557,0.00077569,0.00208716,0.00082694,0.00152425,0.00119042,-0.00178203,0.00214209,0.00068989,-0.00129569,0.00093867,0.00159760,-0.00180836,-0.00166469,0.00037667,0.00152483,-0.00000272,0.00108074,-0.00150496,0.00228302,-0.00041422,-0.00047557,-0.00138986,0.00216540,0.00221138,-0.00170281,0.00057616,0.00115166,0.00148354,-0.00132355,-0.00019133,0.00081852,-0.00122829,0.00129775,0.00044956,0.00164962,0.00119404,-0.00117168,0.00081491,0.00115279,-0.00096793,0.00090729,-0.00164775,-0.00156385,-0.00078203,0.00165648,-0.00114523,0.00017598,-0.00034199,-0.00010329,0.00124985,0.00118946,0.00156490,0.00045212,0.00132567,-0.01243887,-0.00037313,-0.00048237,-0.00046848,-0.00056557,-0.00088638,-0.00099062,0.00133037,0.00068174,0.00191359,0.00110406,-0.00009025,-0.00038767,-0.00207499,0.00222246,-0.00068040,-0.00074288,0.00083454,-0.00239343,-0.00114257,0.00131884,-0.00097682,-0.00075705,0.00143344,-0.00136385,-0.00153067,0.00085411,0.00114547,0.00150243,0.00191219,0.00166790,0.00151661,0.00273930,0.00069318,-0.00056716,-0.00057637,-0.00082883,0.00061865,-0.00028695,0.00091612,0.00057117,-0.00062008,-0.00082707,-0.00046641,0.00219989,-0.00061611,0.00030816,-0.00000310,-0.00060362,0.00091026,-0.00035552,0.00061956,-0.00023478,0.00182169,0.00149868,0.00306630,-0.00097297,-0.00119733,0.00067012,-0.00005167,-0.00054051,0.00076039,0.00080860,-0.00038212,-0.00037439,0.00024859,-0.00117598,0.00000000,0.00000000,0.00000000,0.00000000,0.00000000,0.00000000,0.00000000,0.00000000,0.00000000,0.00000000,0.00000000,0.00000000,0.00000000,0.00000000,0.00000000,0.00000000,0.00000000,0.00000000,0.00000000,0.00000000,0.00000000,0.00000000,0.00000000,0.00000000,0.00000000,0.00000000,0.00000000,0.00000000,0.00000000,0.00000000,0.00000000,0.00000000,0.00000000,0.00000000,0.00000000,0.00000000,0.00000000,0.00000000,0.00000000,0.00000000,0.00000000,0.00000000,0.00000000,0.00000000,0.00000000,0.00000000,0.00000000,0.00000000,-0.00228727,0.00068139,-0.00119207,0.00138950,-0.00185335,0.00255437,-0.00099350,0.00052759,-0.00052185,-0.00180892,-0.00075588,-0.00228606,-0.00101868,0.00161651,0.00225904,-0.00181329
-0.00014249,0.00140684,-0.00033996,-0.00014309,-0.00124528,-0.00066223,-0.00057175,0.00030349,0.00005670,0.00037747,-0.00035592,-0.00150389,0.00026109,-0.00087782,0.00020827,0.00095045,0.00034461,-0.00074407,0.00148458,0.00072811,-0.00002867,-0.00088343,-0.00046973,-0.00086360,0.00019060,0.00003884,0.00103575,-0.00038621,0.00157165,-0.00001521,-0.00079699,0.00134686,0.00125151,0.00044667,-0.00017687,0.00032765,-0.00045882,0.00170180,0.00009153,-0.00030805,0.00019027,-0.00070423,-0.00057067,0.00004403,0.00011939,-0.00087875,0.00079892,-0.00018956,0.00030061,0.00029055,-0.00066595,0.00009636,-0.00031540,-0.00053952,-0.00006041,0.00262056,-0.00059298,0.00019882,0.00051892,-0.00069360,-0.00004928,0.00015514,-0.01291196,0.00032895,0.00004771,0.00042377,0.00150260,-0.00014240,-0.00136355,-0.00016294,-0.00113578,-0.00077030,0.00063303,-0.00125136,0.00189106,-0.00177480,0.00116166,-0.00011643,-0.00134027,0.00161265,-0.00034955,-0.00045768,0.00047777,0.00005112,0.00008862,0.00186154,0.00036925,-0.00066651,-0.00040694,-0.00167917,-0.00133073,0.00038241,-0.00022098,-0.00107510,-0.00075640,0.00051345,0.00165443,0.00015719,-0.00050222,0.00157546,-0.00102257,-0.00112228,0.00002784,-0.00184541,-0.00003418,-0.00114480,0.00049012,0.00022290,0.00047878,-0.00094906,-0.00041183,-0.00153490,-0.00119337,0.00080667,-0.00197460,-0.00028640,-0.00176422,-0.00005552,0.00059929,0.00084206,0.00010460,0.00057423,0.00142174,-0.00197501,-0.00001608,0.00214524,-0.00135280,0.00156530,0.00000000,0.00000000,0.00000000,0.00000000,0.00000000,0.00000000,0.00000000,0.00000000,0.00000000,0.00000000,0.00000000,0.00000000,0.00000000,0.00000000,0.00000000,0.00000000,0.00000000,0.00000000,0.00000000,0.00000000,0.00000000,0.00000000,0.00000000,0.00000000,0.00000000,0.00000000,0.00000000,0.00000000,0.00000000,0.00000000,0.00000000,0.00000000,0.00000000,0.00000000,0.00000000,0.00000000,0.00000000,0.00000000,0.00000000,0.00000000,0.00000000,0.00000000,0.00000000,0.00000000,0.00000000,0.00000000,0.00000000,0.00000000,0.00098118,-0.00037530,0.00131605,-0.00027062,0.00062240,-0.00124528,0.00023932,-0.00098151,-0.00122433,0.00052814,-0.00024220,0.00126011,0.00030893,-0.00055739,-0.00070521,0.00126908
-0.00054677,0.00069772,-0.00032399,0.00069962,-0.00163555,-0.00127083,-0.00037132,0.00026618,-0.00173742,-0.00022421,-0.00124323,-0.00083021,0.00110643,-0.00132244,-0.00137100,-0.00045528,-0.00124175,-0.00106310,0.00196848,0.00146491,-0.00023796,-0.00137633,-0.00104914,-0.00072940,0.00149554,-0.00143404,0.00028805,-0.00010010,0.00083509,0.00065230,-0.00162728,0.00185318,0.00040726,-0.00127590,-0.00105674,0.00247205,0.00035897,0.00062908,0.00111361,-0.00115381,0.00008029,-0.00236526,-0.00219504,0.00048635,-0.00131768,-0.00177699,0.00015303,-0.00130564,0.00129637,0.00153749,0.00043118,-0.00133133,0.00158707,0.00026802,-0.00000546,0.00159570,-0.00107358,-0.00117301,-0.00106177,-0.00019797,0.00005462,-0.00117071,0.00123141,-0.01322892,0.00076509,-0.00013936,0.00159834,0.00050404,-0.00036602,-0.00063464,-0.00079778,-0.00050788,0.00030448,-0.00112180,0.00181253,-0.00183392,0.00004216,0.00097784,-0.00160560,0.00160554,0.00103680,-0.00191257,0.00091597,0.00055698,-0.00047296,0.00127989,0.00206917,0.00052391,-0.00142786,-0.00207476,-0.00125448,-0.00088321,-0.00082874,-0.00156190,-0.00069785,0.00109771,0.00252299,0.00006352,-0.00002718,-0.00032777,-0.00093372,-0.00079632,0.00051853,-0.00015003,-0.00091250,-0.00206418,0.00012103,-0.00064388,-0.00003542,0.00032489,-0.00071305,-0.00027156,-0.00161631,-0.00080717,-0.00084891,-0.00037302,-0.00238292,0.00073027,0.00236832,-0.00065974,-0.00099586,0.00134913,-0.00013425,-0.00140230,0.00043944,0.00134016,-0.00036592,0.00124022,0.00000000,0.00000000,0.00000000,0.00000000,0.00000000,0.00000000,0.00000000,0.00000000,0.00000000,0.00000000,0.00000000,0.00000000,0.00000000,0.00000000,0.00000000,0.00000000,0.00000000,0.00000000,0.00000000,0.00000000,0.00000000,0.00000000,0.00000000,0.00000000,0.00000000,0.00000000,0.00000000,0.00000000,0.00000000,0.00000000,0.00000000,0.00000000,0.00000000,0.00000000,0.00000000,0.00000000,0.00000000,0.00000000,0.00000000,0.00000000,0.00000000,0.00000000,0.00000000,0.00000000,0.00000000,0.00000000,0.00000000,0.00000000,0.00222900,-0.00050261,0.00221315,-0.00084746,0.00048597,-0.00286531,0.00070249,-0.00128291,0.00003735,0.00168187,0.00098832,0.00107640,0.00030243,-0.00176609,-0.00166416,0.00119777
0.00011333,0.00168191,-0.00002604,0.00072159,-0.00186757,-0.00063589,-0.00087297,0.00121946,-0.00119017,-0.00036206,-0.00015161,-0.00128754,0.00103215,-0.00088059,-0.00056147,-0.00073656,-0.00073918,-0.00025603,0.00099579,0.00088601,-0.00071655,-0.00053618,-0.00008170,-0.00099816,0.00079871,-0.00113288,0.00093744,-0.00004663,0.00123480,0.00059931,-0.00123685,0.00183834,0.00016791,-0.00160253,-0.00085060,0.00120384,-0.00038694,-0.00076124,0.00120223,-0.00048732,-0.00084594,-0.00164044,-0.00151095,0.00008609,-0.00022002,-0.00023499,-0.00006205,0.00004324,0.00088695,0.00186185,-0.00009972,-0.00114934,0.00040581,-0.00101319,0.00010754,0.00110454,-0.00126496,-0.00071528,-0.00124283,0.00052039,-0.00043777,-0.00014340,0.00032753,-0.00014145,-0.01384485,0.00015848,0.00126553,0.00096210,-0.00082707,-0.00174671,-0.00022684,-0.00082198,0.00083528,-0.00020133,0.00114192,-0.00205729,0.00056630,-0.00119961,-0.00099410,0.00093432,-0.00023585,-0.00093014,0.00027006,-0.00039037,-0.00132961,0.00109318,0.00104730,-0.00048661,-0.00146113,-0.00252133,-0.00093337,-0.00149081,-0.00039991,-0.00239057,-0.00147287,0.00020099,0.00228598,0.00038785,0.00135421,-0.00080815,-0.00030413,-0.00116021,0.00087804,-0.00028444,-0.00029174,-0.00092922,0.00083286,0.00044646,0.00001772,0.00031450,-0.00081839,-0.00026867,-0.00020482,0.00027554,-0.00143010,-0.00147946,-0.00228494,0.00043569,0.00091033,0.00051520,0.00000501,0.00071263,-0.00061102,-0.00198004,0.00024958,0.00153339,-0.00095450,0.00263868,0.00000000,0.00000000,0.00000000,0.00000000,0.00000000,0.00000000,0.00000000,0.00000000,0.00000000,0.00000000,0.00000000,0.00000000,0.00000000,0.00000000,0.00000000,0.00000000,0.00000000,0.00000000,0.00000000,0.00000000,0.00000000,0.00000000,0.00000000,0.00000000,0.00000000,0.00000000,0.00000000,0.00000000,0.00000000,0.00000000,0.00000000,0.00000000,0.00000000,0.00000000,0.00000000,0.00000000,0.00000000,0.00000000,0.00000000,0.00000000,0.00000000,0.00000000,0.00000000,0.00000000,0.00000000,0.00000000,0.00000000,0.00000000,0.00195782,0.00022482,0.00116474,-0.00044769,0.00213075,-0.00138218,0.00088672,-0.00014176,-0.00049825,0.00136977,0.00046358,0.00112965,0.00055122,-0.00110147,-0.00056099,0.00171789
-0.00024351,0.00113950,0.00006444,0.00013596,-0.00206511,0.00041088,-0.00009349,-0.00065816,-0.00038868,-0.00074725,-0.00088271,0.00024809,0.00022627,-0.00054182,-0.00075261,-0.00066719,-0.00035376,-0.00104403,0.00094372,0.00042456,-0.00032110,-0.00012029,-0.00017128,-0.00043383,-0.00002146,-0.00032879,0.00013273,0.00024701,0.00076446,0.00039451,-0.00013394,0.00056152,-0.00022502,-0.00144686,-0.00033273,0.00034712,-0.00002998,0.00048784,0.00058551,-0.00116752,0.00053378,-0.00069268,-0.00051785,-0.00002097,-0.00047637,-0.00060196,-0.00016441,-0.00042740,0.00114728,0.00083410,-0.00065247,-0.00046970,-0.00004377,-0.00041179,0.00073145,0.00084749,-0.00107313,-0.00045579,-0.00032427,0.00015189,-0.00074153,0.00040723,0.00059295,-0.00043008,0.00039817,-0.01576245,0.00039958,0.00059246,-0.00027862,-0.00077621,0.00027987,-0.00054700,-0.00037824,-0.00018745,0.00099483,-0.00123948,0.00124012,0.00045971,-0.00094544,0.00080224,0.00035188,-0.00082690,0.00018040,0.00026023,-0.00026116,0.00172982,0.00070024,-0.00108466,-0.00123669,-0.00235179,-0.00084683,-0.00118219,0.00005167,-0.00167577,-0.00045048,0.00022968,0.00086134,0.00013698,-0.00048966,0.00068294,-0.00033714,-0.00039089,0.00051229,-0.00094343,0.00045517,0.00004494,0.00110330,0.00030771,0.00052984,0.00003764,0.00060693,0.00053606,-0.00024614,0.00093733,-0.00135667,-0.00088275,-0.00067680,0.00048506,0.00050776,0.00005748,0.00055550,0.00040158,-0.00084808,-0.00084562,0.00015117,0.00110369,-0.00088936,0.00135412,0.00000000,0.00000000,0.00000000,0.00000000,0.00000000,0.00000000,0.00000000,0.00000000,0.00000000,0.00000000,0.00000000,0.00000000,0.00000000,0.00000000,0.00000000,0.00000000,0.00000000,0.00000000,0.00000000,0.00000000,0.00000000,0.00000000,0.00000000,0.00000000,0.00000000,0.00000000,0.00000000,0.00000000,0.00000000,0.00000000,0.00000000,0.00000000,0.00000000,0.00000000,0.00000000,0.00000000,0.00000000,0.00000000,0.00000000,0.00000000,0.00000000,0.00000000,0.00000000,0.00000000,0.00000000,0.00000000,0.00000000,0.00000000,0.00050508,-0.00074836,0.00035894,-0.00085040,0.00069356,-0.00123657,0.00104707,-0.00006538,-0.00114711,0.00109554,0.00051898,0.00131705,0.00001984,-0.00115919,-0.00072436,0.00092154
-0.00096657,0.00154899,0.00110247,-0.00051993,-0.00174247,-0.00164845,-0.00161336,0.00040692,0.00088820,0.00151916,0.00068606,0.00006568,-0.00000983,-0.00019390,0.00111472,-0.00018719,0.00105696,-0.00029874,-0.00043520,0.00151551,0.00123615,-0.00001923,0.00083412,-0.00033809,-0.00085921,0.00036680,0.00125031,0.00121580,0.00135183,0.00104667,0.00028621,0.00030210,0.00106842,-0.00020791,0.00068630,-0.00026616,-0.00055348,-0.00005950,-0.00030874,-0.00034168,0.00124016,0.00045666,-0.00116695,-0.00048260,-0.00230588,0.00028605,0.00102257,-0.00022562,-0.00040577,0.00026175,-0.00040234,0.00056325,-0.00057194,0.00111241,-0.00216716,0.00209113,-0.00152791,0.00030474,0.00041439,0.00044960,0.00071572,0.00169139,0.00025947,-0.00101985,-0.00044683,-0.00110161,-0.01172524,-0.00087504,-0.00057666,-0.00101794,-0.00011080,0.00024346,0.00089586,-0.00107195,-0.00001880,-0.00219852,0.00147571,-0.00095552,-0.00042054,0.00174875,-0.00040117,0.00109845,-0.00075143,0.00009318,0.00059675,0.00138141,-0.00034544,0.00101663,-0.00112810,-0.00009485,-0.00081196,0.00058037,0.00041121,-0.00232596,0.00082513,0.00137695,0.00165544,0.00132902,0.00132000,-0.00020351,-0.00059241,-0.00079920,0.00000501,-0.00110351,0.00106609,0.00037013,0.00164173,0.00094699,-0.00075107,-0.00141804,0.00029527,0.00040846,-0.00028153,0.00039239,-0.00187643,0.00022046,-0.00231745,-0.00052729,-0.00074963,0.00154106,0.00012604,0.00103349,0.00086711,-0.00199190,-0.00117631,0.00201177,-0.00200818,0.00160125,0.00000000,0.00000000,0.00000000,0.00000000,0.00000000,0.00000000,0.00000000,0.00000000,0.00000000,0.00000000,0.00000000,0.00000000,0.00000000,0.00000000,0.00000000,0.00000000,0.00000000,0.00000000,0.00000000,0.00000000,0.00000000,0.00000000,0.00000000,0.00000000,0.00000000,0.00000000,0.00000000,0.00000000,0.00000000,0.00000000,0.00000000,0.00000000,0.00000000,0.00000000,0.00000000,0.00000000,0.00000000,0.00000000,0.00000000,0.00000000,0.00000000,0.00000000,0.00000000,0.00000000,0.00000000,0.00000000,0.00000000,0.00000000,0.00070590,0.00081666,0.00051889,0.00002347,-0.00071714,-0.00009628,-0.00074477,0.00001591,-0.00058821,-0.00117063,0.00163136,0.00073183,-0.00034281,0.00046458,0.00022581,-0.00016709
-0.00029456,0.00034335,0.00035359,0.00010184,-0.00154923,-0.00118752,-0.00068241,0.00079986,-0.00136220,-0.00006530,-0.00100171,-0.00040531,-0.00027631,-0.00121467,-0.00116702,-0.00054289,-0.00064645,-0.00106042,0.00225842,0.00237847,0.00004850,-0.00000052,0.00002377,-0.00063463,0.00180427,-0.00143769,0.00089220,0.00025459,0.00111289,0.00088320,-0.00107186,0.00128016,0.00012784,-0.00164268,-0.00064650,0.00163771,-0.00136642,0.00069916,0.00115250,-0.00129919,0.00047963,-0.00123302,-0.00073510,0.00160959,-0.00068082,-0.00142304,-0.00033229,-0.00086468,0.00034068,0.00156978,-0.00007773,-0.00026466,0.00181103,0.00082801,-0.00046823,0.00243423,-0.00152406,-0.00101031,-0.00054493,-0.00018101,-0.00015562,-0.00025828,0.00036839,-0.00009868,0.00058498,0.00048891,0.00076987,-0.01417792,-0.00202616,-0.00177992,-0.00031868,-0.00122968,-0.00018065,-0.00100498,0.00198830,-0.00188876,0.00025761,0.00093637,-0.00238786,0.00132867,-0.00013581,-0.00111827,-0.00012374,-0.00047568,0.00025339,0.00147607,0.00182625,-0.00022424,-0.00093466,-0.00152407,-0.00140264,-0.00012945,-0.00086856,-0.00193308,-0.00026308,0.00031857,0.00166313,-0.00035996,0.00082519,0.00004105,-0.00185705,-0.00095389,0.00043199,-0.00082119,-0.00075549,0.00009658,0.00111537,-0.00029155,0.00024356,0.00011788,0.00006250,-0.00064065,-0.00080528,0.00028105,-0.00126279,-0.00064719,-0.00265821,0.00092391,0.00087736,-0.00008591,0.00006398,0.00072247,-0.00019048,-0.00035537,0.00039350,0.00133999,-0.00055857,0.00080907,0.00000000,0.00000000,0.00000000,0.00000000,0.00000000,0.00000000,0.00000000,0.00000000,0.00000000,0.00000000,0.00000000,0.00000000,0.00000000,0.00000000,0.00000000,0.00000000,0.00000000,0.00000000,0.00000000,0.00000000,0.00000000,0.00000000,0.00000000,0.00000000,0.00000000,0.00000000,0.00000000,0.00000000,0.00000000,0.00000000,0.00000000,0.00000000,0.00000000,0.00000000,0.00000000,0.00000000,0.00000000,0.00000000,0.00000000,0.00000000,0.00000000,0.00000000,0.00000000,0.00000000,0.00000000,0.00000000,0.00000000,0.00000000,0.00150526,-0.00094581,0.00089342,-0.00040341,0.00164161,-0.00222356,0.00119914,-0.00119788,0.00013603,0.00118363,0.00011333,0.00112596,0.00273776,-0.00128753,-0.00185849,0.00146190
-0.00112696,0.00035265,-0.00167549,0.00155569,-0.00034834,0.00115902,0.00001997,-0.00034711,-0.00206365,-0.00111498,-0.00138622,-0.00241881,0.00161396,-0.00206820,-0.00177990,0.00165617,-0.00106762,-0.00198696,0.00163052,0.00112154,-0.00197072,-0.00166754,-0.00226154,-0.00229570,0.00165314,-0.00225056,-0.00218428,-0.00216470,0.00096512,-0.00081842,-0.00146160,0.00242453,-0.00105261,-0.00282815,-0.00201518,0.00177572,0.00049247,-0.00044948,0.00257655,-0.00281707,-0.00216693,-0.00265023,-0.00119025,0.00130465,0.00112214,-0.00217117,-0.00071399,-0.00174304,0.00090107,0.00220718,0.00208797,-0.00134514,0.00225934,-0.00075143,0.00237586,0.00029196,-0.00000149,-0.00195058,-0.00170925,-0.00240509,-0.00191492,-0.00173044,0.00158198,0.00270997,0.00075884,0.00205358,0.00184438,0.00050581,-0.01439972,0.00080722,-0.00182568,-0.00062260,-0.00066381,0.00059347,0.00197613,-0.00063055,-0.00088243,0.00236577,-0.00218340,0.00110985,0.00062276,-0.00242401,0.00254695,0.00216367,-0.00296599,0.00071848,0.00213381,-0.00186001,-0.00004636,-0.00176483,-0.00180882,-0.00243824,-0.00166239,0.00172993,-0.00225598,-0.00115715,0.00062185,-0.00127589,-0.00144738,0.00030294,0.00032368,0.00128897,0.00175419,0.00076582,-0.00138006,-0.00227842,-0.00117169,-0.00177755,0.00175125,0.00125261,-0.00228799,-0.00015483,-0.00136301,-0.00090792,0.00096463,-0.00186099,0.00031187,0.00218580,0.00267592,-0.00181606,-0.00105662,-0.00247386,-0.00231606,0.00064589,0.00150989,-0.00142858,0.00164468,0.00054269,0.00000000,0.00000000,0.00000000,0.00000000,0.00000000,0.00000000,0.00000000,0.00000000,0.00000000,0.00000000,0.00000000,0.00000000,0.00000000,0.00000000,0.00000000,0.00000000,0.00000000,0.00000000,0.00000000,0.00000000,0.00000000,0.00000000,0.00000000,0.00000000,0.00000000,0.00000000,0.00000000,0.00000000,0.00000000,0.00000000,0.00000000,0.00000000,0.00000000,0.00000000,0.00000000,0.00000000,0.00000000,0.00000000,0.00000000,0.00000000,0.00000000,0.00000000,0.00000000,0.00000000,0.00000000,0.00000000,0.00000000,0.00000000,0.00167010,-0.00125338,0.00158655,-0.00222737,0.00254181,-0.00263172,0.00235621,-0.00193507,0.00189000,0.00177814,-0.00101164,0.00121597,0.00175517,-0.00179863,-0.00190737,0.00253752
0.00010441,0.00113947,-0.00218758,0.00153565,-0.00263303,0.00096671,-0.00042982,0.00000110,-0.00437463,-0.00149738,-0.00272782,-0.00215103,0.00194749,-0.00336459,-0.00266349,0.00159484,-0.00265526,-0.00219619,0.00292741,0.00154946,-0.00236687,-0.00252297,-0.00280768,-0.00242864,0.00322915,-0.00346793,-0.00108549,-0.00183411,0.00150490,-0.00157193,-0.00354061,0.00358389,-0.00024060,-0.00438373,-0.00314401,0.00324467,0.00118090,0.00054819,0.00257349,-0.00399359,-0.00129801,-0.00376519,-0.00386486,0.00248182,0.00147696,-0.00243220,-0.00125322,-0.00331355,0.00234569,0.00304967,0.00184766,-0.00275204,0.00384546,-0.00138230,0.00265977,0.00152690,0.00003382,-0.00251367,-0.00257006,-0.00253479,-0.00249110,-0.00193584,0.00288673,0.00203671,0.00128831,0.00024092,0.00330616,0.00207091,-0.00102243,-0.01426361,-0.00224903,-0.00151907,0.00013071,-0.00056141,0.00401579,-0.00215466,-0.00056172,0.00249663,-0.00232403,0.00145191,0.00198487,-0.00306469,0.00212316,0.00209733,-0.00379625,0.00227070,0.00389781,-0.00288904,0.00056449,-0.00328160,-0.00188294,-0.00272850,-0.00213604,-0.00185094,-0.00247856,-0.00059457,0.00090621,-0.00189919,-0.00078500,-0.00037385,0.00040333,0.00046009,0.00301330,0.00068192,-0.00196174,-0.00336526,-0.00122927,-0.00220532,0.00149234,0.00195984,-0.00357607,-0.00080943,-0.00064655,-0.00097558,-0.00061610,-0.00247937,-0.00326903,0.00265025,0.00377094,-0.00179512,-0.00046483,-0.00105789,-0.00218039,-0.00074452,0.00192008,0.00024906,0.00148965,0.00090129,0.00000000,0.00000000,0.00000000,0.00000000,0.00000000,0.00000000,0.00000000,0.00000000,0.00000000,0.00000000,0.00000000,0.00000000,0.00000000,0.00000000,0.00000000,0.00000000,0.00000000,0.00000000,0.00000000,0.00000000,0.00000000,0.00000000,0.00000000,0.00000000,0.00000000,0.00000000,0.00000000,0.00000000,0.00000000,0.00000000,0.00000000,0.00000000,0.00000000,0.00000000,0.00000000,0.00000000,0.00000000,0.00000000,0.00000000,0.00000000,0.00000000,0.00000000,0.00000000,0.00000000,0.00000000,0.00000000,0.00000000,0.00000000,0.00397095,-0.00269431,0.00288299,-0.00245201,0.00282425,-0.00368294,0.00286754,-0.00292334,0.00065359,0.00211804,0.00042536,0.00227495,0.00227785,-0.00447565,-0.00306695,0.00318268
-0.00006102,-0.00093390,-0.00103274,0.00071802,-0.00032287,0.00106946,0.00170407,-0.00022748,-0.00003559,0.00037725,-0.00027089,-0.00008262,0.00003861,-0.00000270,0.00104343,0.00012069,-0.00070923,0.00046694,-0.00058279,-0.00034031,-0.00034308,0.00068725,-0.00076118,-0.00006906,-0.00056242,-0.00046465,-0.00038633,-0.00013386,-0.00150498,-0.00088657,0.00067184,-0.00087872,-0.00062373,0.00050249,0.00011956,0.00065896,0.00052694,-0.00059564,-0.00007746,0.00044752,0.00007137,-0.00004710,0.00094294,0.00033342,0.00064311,0.00013769,-0.00006059,-0.00085083,-0.00006107,-0.00001790,-0.00027072,-0.00023970,-0.00059776,0.00016275,0.00084884,-0.00072994,0.00073013,-0.00010969,-0.00080537,-0.00025155,-0.00002424,0.00020038,-0.00032141,0.00065032,0.00037461,0.00124369,-0.00054563,0.00045155,0.00031706,0.00058702,-0.01497855,0.00051554,-0.00062851,0.00058442,-0.00028902,0.00108140,-0.00107517,0.00027926,0.00035070,-0.00092406,0.00082584,-0.00004864,0.00023080,0.00055044,-0.00009171,-0.00164238,0.00001939,-0.00074026,0.00163220,0.00139894,0.00034632,0.00027105,0.00004582,0.00144692,0.00010866,-0.00039657,-0.00047329,-0.00102150,-0.00059554,0.00050696,0.00058173,0.00095507,-0.00020644,0.00090376,-0.00030660,-0.00039487,-0.00080816,-0.00089176,0.00054237,0.00032754,0.00163058,-0.00035403,-0.00052046,0.00006100,0.00097318,0.00072511,0.00029721,-0.00050041,-0.00079019,-0.00110514,0.00014082,-0.00122749,-0.00021956,-0.00015922,0.00004582,-0.00032499,0.00102469,0.00017292,0.00000000,0.00000000,0.00000000,0.00000000,0.00000000,0.00000000,0.00000000,0.00000000,0.00000000,0.00000000,0.00000000,0.00000000,0.00000000,0.00000000,0.00000000,0.00000000,0.00000000,0.00000000,0.00000000,0.00000000,0.00000000,0.00000000,0.00000000,0.00000000,0.00000000,0.00000000,0.00000000,0.00000000,0.00000000,0.00000000,0.00000000,0.00000000,0.00000000,0.00000000,0.00000000,0.00000000,0.00000000,0.00000000,0.00000000,0.00000000,0.00000000,0.00000000,0.00000000,0.00000000,0.00000000,0.00000000,0.00000000,0.00000000,0.00005248,-0.00030111,-0.00004961,-0.00043235,-0.00106169,-0.00042837,-0.00107127,-0.00027842,0.00104796,0.00055451,-0.00021026,-0.00087458,-0.00047859,0.00156176,-0.00065192,-0.00101387
-0.00139353,-0.00010910,-0.00211022,0.00165118,0.00096271,0.00069498,-0.00066978,-0.00036225,-0.00114543,-0.00140968,-0.00084624,-0.00086251,0.00094162,-0.00229875,-0.00078172,0.00099980,-0.00149727,0.00022593,0.00147140,-0.00063076,-0.00201589,-0.00083451,-0.00097644,-0.00192054,0.00128485,-0.00098729,-0.00052250,-0.00003318,-0.00068777,-0.00123268,-0.00163340,0.00126964,-0.00073594,-0.00070228,-0.00063270,0.00073720,0.00029675,-0.00056850,0.00147217,-0.00150827,-0.00055761,-0.00153211,-0.00161469,0.00202501,-0.00040327,-0.00049071,-0.00178099,-0.00060167,0.00081335,0.00140018,0.00094571,-0.00060479,0.00166997,-0.00148900,0.00127148,-0.00089287,0.00071258,-0.00084246,-0.00092879,-0.00120913,-0.00131699,-0.00101192,0.00063397,0.00102709,0.00131757,0.00095416,0.00137791,0.00141966,0.00071469,0.00184301,-0.00092735,-0.01575550,-0.00096443,0.00136403,0.00046262,0.00001040,-0.00185821,0.00083107,0.00171980,0.00038264,0.00129644,-0.00080283,-0.00078323,0.00074662,-0.00076925,-0.00068770,0.00165077,-0.00045575,-0.00060091,0.00070276,0.00008940,-0.00098372,-0.00120643,-0.00007541,-0.00124154,-0.00012866,-0.00047162,-0.00012193,0.00067135,-0.00077537,0.00283244,0.00146539,0.00047295,0.00086881,-0.00004273,-0.00191183,-0.00183853,-0.00073785,0.00006396,0.00077005,-0.00146724,0.00074037,-0.00012445,-0.00095477,0.00126577,-0.00087871,0.00094270,0.00163128,0.00051433,-0.00087440,-0.00023998,-0.00145574,-0.00121035,-0.00020732,0.00156861,-0.00017235,0.00039454,0.00073681,0.00000000,0.00000000,0.00000000,0.00000000,0.00000000,0.00000000,0.00000000,0.00000000,0.00000000,0.00000000,0.00000000,0.00000000,0.00000000,0.00000000,0.00000000,0.00000000,0.00000000,0.00000000,0.00000000,0.00000000,0.00000000,0.00000000,0.00000000,0.00000000,0.00000000,0.00000000,0.00000000,0.00000000,0.00000000,0.00000000,0.00000000,0.00000000,0.00000000,0.00000000,0.00000000,0.00000000,0.00000000,0.00000000,0.00000000,0.00000000,0.00000000,0.00000000,0.00000000,0.00000000,0.00000000,0.00000000,0.00000000,0.00000000,0.00100138,0.00003356,0.00203986,-0.00162845,0.00164767,-0.00126015,0.00140104,0.00025885,-0.00012308,0.00076237,-0.00066008,0.00160579,0.00095979,-0.00111009,-0.00107146,0.00117341
0.00013515,-0.00038667,0.00072831,-0.00099941,0.00247970,0.00038962,0.00100566,-0.00066543,0.00200343,-0.00064445,0.00138648,0.00074598,0.00022670,0.00060370,0.00081526,0.00055491,0.00071698,0.00055301,-0.00134074,0.00066897,-0.00050620,0.00040936,0.00073152,0.00062311,-0.00080847,0.00137924,-0.00017310,0.00019850,0.00005501,-0.00008408,0.00179144,-0.00120090,-0.00049033,0.00096511,0.00012939,-0.00096566,0.00067100,-0.00001109,-0.00054159,0.00170579,-0.00038956,0.00109328,0.00083161,-0.00016195,0.00087462,0.00071526,-0.00014060,0.00086740,-0.00079806,-0.00088124,-0.00016650,0.00081877,-0.00032420,0.00037297,0.00070477,-0.00139302,0.00065551,0.00007883,0.00021715,0.00046271,0.00059815,0.00011652,-0.00032031,0.00063979,-0.00024598,-0.00047698,-0.00140376,-0.00150202,-0.00009696,0.00150908,0.00026690,0.00044068,-0.01502372,0.00031343,-0.00100807,0.00122154,-0.00078716,0.00042931,-0.00049709,-0.00161901,-0.00048663,0.00074925,-0.00076560,-0.00028401,0.00158393,-0.00109993,-0.00083271,-0.00034468,0.00113492,0.00185420,0.00184928,0.00006173,0.00052684,0.00295083,0.00101086,-0.00048761,-0.00098320,-0.00084371,0.00093650,-0.00049834,-0.00013399,0.00054850,-0.00053319,-0.00000561,-0.00065187,0.00066243,0.00021382,-0.00059078,-0.00033403,-0.00013972,0.00083031,0.00031820,0.00007514,-0.00072077,0.00069620,0.00099081,0.00255749,-0.00067569,-0.00111730,-0.00018550,0.00023516,-0.00032611,0.00102447,-0.00004047,-0.00049400,-0.00126780,-0.00000051,-0.00110861,0.00000000,0.00000000,0.00000000,0.00000000,0.00000000,0.00000000,0.00000000,0.00000000,0.00000000,0.00000000,0.00000000,0.00000000,0.00000000,0.00000000,0.00000000,0.00000000,0.00000000,0.00000000,0.00000000,0.00000000,0.00000000,0.00000000,0.00000000,0.00000000,0.00000000,0.00000000,0.00000000,0.00000000,0.00000000,0.00000000,0.00000000,0.00000000,0.00000000,0.00000000,0.00000000,0.00000000,0.00000000,0.00000000,0.00000000,0.00000000,0.00000000,0.00000000,0.00000000,0.00000000,0.00000000,0.00000000,0.00000000,0.00000000,-0.00085905,-0.00008432,-0.00069144,0.00119877,-0.00202453,0.00009546,-0.00069363,-0.00007676,-0.00000928,-0.00055584,-0.00035477,-0.00168923,-0.00049439,0.00154370,0.00147720,-0.00179060
-0.00015376,-0.00069928,-0.00086133,0.00160274,-0.00071233,-0.00059189,-0.00153385,-0.00078243,-0.00145606,-0.00234438,-0.00169843,-0.00096794,0.00122395,-0.00213662,-0.00177592,0.00227401,-0.00119945,-0.00085560,0.00171077,0.00035700,-0.00107719,-0.00222070,-0.00111382,-0.00113459,0.00227071,-0.00217836,-0.00047246,-0.00092536,0.00107079,-0.00107322,-0.00274690,0.00239091,0.00064574,-0.00178206,-0.00156760,0.00254828,0.00070946,0.00047338,0.00245387,-0.00260295,0.00007301,-0.00213384,-0.00259602,0.00100604,-0.00047905,-0.00181749,-0.00036155,-0.00126757,0.00158754,0.00216051,0.00100004,-0.00223709,0.00164785,-0.00175200,0.00063628,0.00110786,-0.00095789,-0.00143154,-0.00190775,-0.00097413,-0.00024938,-0.00128071,0.00084137,0.00090840,0.00174193,0.00031584,0.00184642,0.00187559,-0.00025023,-0.00017086,-0.00064477,-0.00022922,-0.00003810,-0.01252943,0.00175962,-0.00080728,-0.00034830,0.00192210,-0.00090186,0.00073111,0.00155773,-0.00106762,0.00122779,0.00105880,-0.00171858,0.00034628,0.00206510,-0.00018115,0.00017115,-0.00031825,-0.00184524,-0.00167842,-0.00229950,-0.00108004,-0.00113845,0.00149282,0.00138002,-0.00084831,-0.00119478,0.00041567,0.00015886,-0.00133069,-0.00000766,0.00047141,-0.00018276,-0.00179834,-0.00065649,-0.00103780,0.00030691,0.00161244,-0.00133894,-0.00069074,-0.00044751,-0.00065110,-0.00003992,-0.00132865,-0.00096916,0.00067160,0.00259788,-0.00057076,-0.00060479,0.00122219,-0.00110816,-0.00075664,0.00178643,-0.00031300,0.00036924,0.00038337,0.00000000,0.00000000,0.00000000,0.00000000,0.00000000,0.00000000,0.00000000,0.00000000,0.00000000,0.00000000,0.00000000,0.00000000,0.00000000,0.00000000,0.00000000,0.00000000,0.00000000,0.00000000,0.00000000,0.00000000,0.00000000,0.00000000,0.00000000,0.00000000,0.00000000,0.00000000,0.00000000,0.00000000,0.00000000,0.00000000,0.00000000,0.00000000,0.00000000,0.00000000,0.00000000,0.00000000,0.00000000,0.00000000,0.00000000,0.00000000,0.00000000,0.00000000,0.00000000,0.00000000,0.00000000,0.00000000,0.00000000,0.00000000,0.00277888,-0.00100727,0.00163485,-0.00028541,0.00160140,-0.00247338,0.00212282,-0.00118463,0.00103863,0.00140418,0.00098302,0.00253422,0.00219980,-0.00200311,-0.00205809,0.00131392
-0.00025865,0.00053102,0.00194620,-0.00274838,-0.00023263,-0.00223370,-0.00085438,0.00076406,0.00287333,0.00154606,0.00283606,0.00224261,-0.00246840,0.00215351,0.00088688,-0.00273594,0.00401930,0.00150273,-0.00134607,0.00082967,0.00280622,0.00328248,0.00180135,0.00313370,-0.00315120,0.00236711,0.00196648,0.00244265,0.00153600,0.00277796,0.00251236,-0.00287665,0.00126725,0.00202218,0.00133407,-0.00163468,-0.00156599,0.00157938,-0.00266240,0.00291853,0.00154393,0.00324435,0.00255398,-0.00160321,-0.00113098,0.00195852,0.00114207,0.00287421,-0.00255025,-0.00254161,-0.00183374,0.00298011,-0.00232860,0.00313747,-0.00234660,0.00221279,-0.00223686,0.00246473,0.00283597,0.00240905,0.00218675,0.00212891,-0.00149799,-0.00204737,-0.00351726,-0.00128941,-0.00294226,-0.00275739,-0.00065512,-0.00184241,0.00175529,0.00041950,0.00139650,-0.00070594,-0.01411143,-0.00102492,0.00124171,-0.00098082,-0.00021668,0.00048491,-0.00340266,0.00106671,-0.00160314,-0.00128091,0.00350699,0.00071273,-0.00255740,0.00178617,-0.00108678,-0.00038752,0.00062538,0.00287059,0.00204994,0.00135441,0.00276037,0.00108624,0.00049462,0.00114597,0.00193946,-0.00033601,-0.00291484,-0.00173969,-0.00153689,-0.00110834,0.00160799,0.00335103,0.00271862,0.00131525,-0.00116102,-0.00280110,0.00180566,-0.00058279,-0.00019728,0.00190876,-0.00038092,0.00249404,-0.00100434,-0.00189861,-0.00204081,0.00200681,0.00136899,0.00312237,0.00183019,-0.00014566,-0.00203515,0.00123046,-0.00220741,-0.00070985,0.00000000,0.00000000,0.00000000,0.00000000,0.00000000,0.00000000,0.00000000,0.00000000,0.00000000,0.00000000,0.00000000,0.00000000,0.00000000,0.00000000,0.00000000,0.00000000,0.00000000,0.00000000,0.00000000,0.00000000,0.00000000,0.00000000,0.00000000,0.00000000,0.00000000,0.00000000,0.00000000,0.00000000,0.00000000,0.00000000,0.00000000,0.00000000,0.00000000,0.00000000,0.00000000,0.00000000,0.00000000,0.00000000,0.00000000,0.00000000,0.00000000,0.00000000,0.00000000,0.00000000,0.00000000,0.00000000,0.00000000,0.00000000,-0.00220356,0.00004898,-0.00289231,0.00027857,-0.00234596,0.00123579,-0.00107699,0.00132311,0.00026658,-0.00051479,-0.00173352,-0.00228561,-0.00180286,0.00157547,0.00180739,-0.00146234
-0.00063761,0.00014545,-0.00426244,0.00415680,-0.00275399,0.00221957,-0.00003408,-0.00104149,-0.00604518,-0.00429676,-0.00457926,-0.00350717,0.00384590,-0.00568284,-0.00409247,0.00353083,-0.00487132,-0.00428342,0.00551225,0.00070457,-0.00391540,-0.00380126,-0.00411258,-0.00455190,0.00491020,-0.00476944,-0.00227868,-0.00399214,0.00035586,-0.00318720,-0.00525736,0.00542220,-0.00193026,-0.00518900,-0.00438642,0.00437652,0.00258338,-0.00116271,0.00401368,-0.00571375,-0.00319521,-0.00527086,-0.00541278,0.00286651,0.00269566,-0.00465149,-0.00233080,-0.00392785,0.00284652,0.00501156,0.00335657,-0.00452721,0.00505513,-0.00340407,0.00411251,-0.00040743,0.00058665,-0.00449348,-0.00512831,-0.00442362,-0.00360230,-0.00326599,0.00440138,0.00417421,0.00316356,0.00269711,0.00508667,0.00480270,-0.00194994,0.00134086,-0.00361599,-0.00366313,-0.00198761,0.00161898,0.00466777,-0.01429821,-0.00204093,0.00372467,-0.00296406,0.00163447,0.00364486,-0.00477018,0.00368102,0.00342059,-0.00522177,0.00164683,0.00542258,-0.00403407,0.00133147,-0.00425665,-0.00270707,-0.00536138,-0.00422519,-0.00099975,-0.00434111,-0.00142803,0.00156038,-0.00356845,-0.00126226,0.00035015,0.00243365,0.00218345,0.00309497,0.00109700,-0.00281423,-0.00388062,-0.00232180,-0.00333330,0.00344450,0.00384115,-0.00423923,-0.00050376,-0.00247308,-0.00268691,0.00059250,-0.00462875,-0.00176543,0.00455169,0.00508191,-0.00418788,-0.00122428,-0.00273830,-0.00473604,0.00030047,0.00417993,-0.00097204,0.00305046,0.00303046,0.00000000,0.00000000,0.00000000,0.00000000,0.00000000,0.00000000,0.00000000,0.00000000,0.00000000,0.00000000,0.00000000,0.00000000,0.00000000,0.00000000,0.00000000,0.00000000,0.00000000,0.00000000,0.00000000,0.00000000,0.00000000,0.00000000,0.00000000,0.00000000,0.00000000,0.00000000,0.00000000,0.00000000,0.00000000,0.00000000,0.00000000,0.00000000,0.00000000,0.00000000,0.00000000,0.00000000,0.00000000,0.00000000,0.00000000,0.00000000,0.00000000,0.00000000,0.00000000,0.00000000,0.00000000,0.00000000,0.00000000,0.00000000,0.00483000,-0.00280625,0.00461328,-0.00326630,0.00484286,-0.00512964,0.00442931,-0.00325632,0.00107412,0.00354485,0.00016526,0.00420263,0.00483707,-0.00455700,-0.00544048,0.00465132
0.00070710,0.00008131,0.00108375,-0.00085633,0.00237873,-0.00087609,0.00012935,0.00039002,0.00316969,0.00108060,0.00227521,0.00117707,-0.00221860,0.00237749,0.00241372,-0.00063254,0.00227356,0.00226860,-0.00278579,-0.00201494,0.00122797,0.00204413,0.00197088,0.00166684,-0.00243954,0.00204953,0.00162954,0.00018655,-0.00094416,0.00176134,0.00283840,-0.00248006,-0.00021304,0.00289842,0.00285939,-0.00257007,-0.00143371,-0.00023889,-0.00169870,0.00296452,0.00193002,0.00261672,0.00235255,-0.00036205,-0.00013013,0.00209324,-0.00004415,0.00142269,-0.00208376,-0.00238160,-0.00222804,0.00189416,-0.00195524,0.00154983,-0.00134231,-0.00154134,0.00106577,0.00183820,0.00207143,0.00151445,0.00176649,0.00157665,-0.00153834,-0.00214087,-0.00171318,-0.00173081,-0.00262619,-0.00221027,0.00174192,0.00036205,0.00197910,0.00129608,0.00009570,0.00057534,-0.00318009,0.00162922,-0.01462847,-0.00207990,0.00154411,-0.00171295,-0.00137750,0.00288075,-0.00145016,-0.00105956,0.00149036,-0.00180185,-0.00292797,0.00258937,-0.00020168,0.00369867,0.00188952,0.00190073,0.00296730,0.00014107,0.00151677,0.00082144,-0.00143263,0.00131064,-0.00007028,-0.00067378,0.00048792,-0.00015042,-0.00158445,0.00024856,0.00210598,0.00225305,-0.00017808,0.00162326,-0.00232321,-0.00187114,0.00225860,0.00026693,0.00156915,0.00089464,0.00045107,0.00273980,0.00138038,-0.00233429,-0.00291393,0.00221704,0.00023405,0.00025977,0.00203593,0.00041179,-0.00108783,0.00006345,-0.00070302,-0.00147756,0.00000000,0.00000000,0.00000000,0.00000000,0.00000000,0.00000000,0.00000000,0.00000000,0.00000000,0.00000000,0.00000000,0.00000000,0.00000000,0.00000000,0.00000000,0.00000000,0.00000000,0.00000000,0.00000000,0.00000000,0.00000000,0.00000000,0.00000000,0.00000000,0.00000000,0.00000000,0.00000000,0.00000000,0.00000000,0.00000000,0.00000000,0.00000000,0.00000000,0.00000000,0.00000000,0.00000000,0.00000000,0.00000000,0.00000000,0.00000000,0.00000000,0.00000000,0.00000000,0.00000000,0.00000000,0.00000000,0.00000000,0.00000000,-0.00303282,0.00094466,-0.00217574,0.00221788,-0.00330884,0.00318048,-0.00251872,0.00214504,0.00083997,-0.00214051,0.00029708,-0.00218811,-0.00250071,0.00245556,0.00310331,-0.00362049
-0.00039213,0.00112376,-0.00006160,0.00116266,-0.00199651,0.00007536,-0.00059281,0.00083516,-0.00148594,-0.00056436,-0.00065398,-0.00129183,0.00101505,-0.00177886,-0.00075421,0.00024822,-0.00113861,-0.00141593,0.00117925,0.00074683,-0.00040847,-0.00152581,-0.00051397,-0.00052957,0.00103753,-0.00190253,0.00028764,-0.00075413,0.00179575,-0.00023551,-0.00179652,0.00151834,0.00026740,-0.00159104,-0.00013957,0.00072328,-0.00028909,0.00128702,0.00193887,-0.00135456,-0.00119956,-0.00187964,-0.00148412,0.00007754,-0.00060129,-0.00123973,0.00064394,-0.00067292,0.00146006,0.00217218,0.00086577,-0.00207416,0.00082070,0.00028090,-0.00062529,0.00094636,-0.00122083,-0.00072137,-0.00090726,-0.00068552,-0.00093229,-0.00026233,-0.00000506,0.00047451,-0.00089177,0.00065964,0.00130074,0.00124955,-0.00068657,-0.00046873,-0.00063958,-0.00100744,0.00049137,0.00022261,0.00194189,-0.00205981,0.00037429,-0.01095282,-0.00061712,0.00177252,0.00057720,-0.00085212,0.00042638,-0.00042092,-0.00132172,0.00237231,0.00107955,-0.00162124,-0.00129361,-0.00145739,-0.00168159,-0.00120410,-0.00157521,-0.00192152,-0.00128315,0.00041530,0.00146413,-0.00054275,0.00013972,0.00064613,-0.00021440,-0.00052845,0.00042676,0.00009910,-0.00033256,-0.00123448,-0.00047350,-0.00038975,0.00082725,0.00055834,-0.00044735,-0.00044355,-0.00152608,-0.00090183,-0.00059894,-0.00091750,-0.00132586,0.00062456,0.00140045,0.00016156,-0.00045071,-0.00009659,-0.00076212,-0.00100762,0.00072095,0.00142986,0.00018630,0.00111678,0.00000000,0.00000000,0.00000000,0.00000000,0.00000000,0.00000000,0.00000000,0.00000000,0.00000000,0.00000000,0.00000000,0.00000000,0.00000000,0.00000000,0.00000000,0.00000000,0.00000000,0.00000000,0.00000000,0.00000000,0.00000000,0.00000000,0.00000000,0.00000000,0.00000000,0.00000000,0.00000000,0.00000000,0.00000000,0.00000000,0.00000000,0.00000000,0.00000000,0.00000000,0.00000000,0.00000000,0.00000000,0.00000000,0.00000000,0.00000000,0.00000000,0.00000000,0.00000000,0.00000000,0.00000000,0.00000000,0.00000000,0.00000000,0.00191227,-0.00000821,0.00128673,-0.00106447,0.00128375,-0.00129718,0.00166670,-0.00117202,0.00004200,0.00103721,0.00008253,0.00209898,0.00104415,-0.00158246,-0.00102454,0.00178361
0.00021085,0.00047777,-0.00194254,0.00113392,-0.00053706,0.00121948,-0.00087576,-0.00023647,-0.00207323,-0.00100834,-0.00148283,-0.00154788,0.00114974,-0.00132179,-0.00088523,0.00086915,-0.00089029,-0.00108526,0.00069418,0.00035732,-0.00241610,-0.00171327,-0.00157628,-0.00213757,0.00078370,-0.00110719,-0.00046345,0.00007951,-0.00050352,-0.00145795,-0.00229044,0.00181459,-0.00064831,-0.00231984,-0.00081573,0.00094557,-0.00015672,-0.00071954,0.00177637,-0.00172654,-0.00054780,-0.00106300,-0.00128298,0.00022972,0.00080634,-0.00052291,-0.00101180,-0.00134056,0.00248066,0.00205560,0.00118893,-0.00103645,0.00121128,0.00013627,0.00087599,-0.00138543,0.00268928,-0.00186928,-0.00120000,-0.00113589,-0.00200572,-0.00117483,0.00072164,0.00030860,0.00097627,0.00070948,0.00192019,0.00145299,-0.00052695,0.00096048,-0.00135889,-0.00057078,-0.00175295,0.00192642,0.00096614,0.00011176,-0.00131357,0.00127550,-0.01421515,0.00094417,0.00114014,-0.00099121,0.00062748,0.00104720,-0.00197850,-0.00004762,0.00194268,-0.00186922,-0.00033776,-0.00036020,-0.00022344,-0.00051658,-0.00078628,-0.00175240,-0.00212094,-0.00165866,-0.00071441,0.00045874,-0.00025215,-0.00080666,0.00186180,0.00093047,0.00048681,0.00077333,0.00052710,-0.00141898,0.00005742,0.00017194,0.00120660,0.00164662,-0.00190513,0.00145875,0.00077549,-0.00054052,-0.00020510,-0.00231048,-0.00012341,0.00101976,0.00174115,-0.00183333,-0.00061134,-0.00230205,-0.00141713,-0.00051468,0.00149500,-0.00100261,0.00126350,0.00159563,0.00000000,0.00000000,0.00000000,0.00000000,0.00000000,0.00000000,0.00000000,0.00000000,0.00000000,0.00000000,0.00000000,0.00000000,0.00000000,0.00000000,0.00000000,0.00000000,0.00000000,0.00000000,0.00000000,0.00000000,0.00000000,0.00000000,0.00000000,0.00000000,0.00000000,0.00000000,0.00000000,0.00000000,0.00000000,0.00000000,0.00000000,0.00000000,0.00000000,0.00000000,0.00000000,0.00000000,0.00000000,0.00000000,0.00000000,0.00000000,0.00000000,0.00000000,0.00000000,0.00000000,0.00000000,0.00000000,0.00000000,0.00000000,0.00184565,0.00053743,0.00114138,-0.00144885,0.00165392,-0.00092530,0.00065311,-0.00036584,-0.00022038,0.00138593,-0.00048096,0.00118518,0.00152165,-0.00093799,-0.00161152,0.00146967
0.00042399,0.00028778,0.00373231,-0.00303170,0.00224203,-0.00211604,-0.00084272,0.00063410,0.00435911,0.00272518,0.00379697,0.00273325,-0.00259374,0.00365582,0.00404155,-0.00218533,0.00396228,0.00388373,-0.00404840,0.00011630,0.00383321,0.00303338,0.00370918,0.00324891,-0.00370367,0.00338702,0.00295042,0.00307045,0.00036473,0.00334046,0.00435781,-0.00469509,0.00060372,0.00468644,0.00362984,-0.00378459,-0.00415406,0.00066906,-0.00303467,0.00499122,0.00307716,0.00454668,0.00360069,-0.00224323,-0.00302495,0.00284340,0.00098809,0.00202051,-0.00345632,-0.00346712,-0.00229586,0.00352024,-0.00438166,0.00178538,-0.00329238,0.00070869,-0.00039578,0.00373651,0.00408983,0.00341456,0.00349607,0.00300542,-0.00362635,-0.00272176,-0.00387651,-0.00247868,-0.00408052,-0.00308453,0.00258921,-0.00148776,0.00343664,0.00387031,0.00201196,-0.00169566,-0.00412369,0.00084245,0.00163458,-0.00364112,0.00314762,-0.01582827,-0.00347079,0.00427098,-0.00282025,-0.00281788,0.00502834,-0.00141629,-0.00444852,0.00336641,-0.00023298,0.00385166,0.00226056,0.00350987,0.00313218,0.00012190,0.00363224,0.00170644,0.00030347,0.00330198,0.00160930,-0.00131331,-0.00210824,-0.00075848,-0.00267227,-0.00193272,0.00236647,0.00381022,0.00251311,0.00325011,-0.00220797,-0.00359825,0.00346739,-0.00029309,0.00173429,0.00231150,-0.00166403,0.00463089,-0.00074993,-0.00360287,-0.00347175,0.00343690,0.00162832,0.00182182,0.00421425,-0.00051751,-0.00245112,0.00243680,-0.00405467,-0.00206200,0.00000000,0.00000000,0.00000000,0.00000000,0.00000000,0.00000000,0.00000000,0.00000000,0.00000000,0.00000000,0.00000000,0.00000000,0.00000000,0.00000000,0.00000000,0.00000000,0.00000000,0.00000000,0.00000000,0.00000000,0.00000000,0.00000000,0.00000000,0.00000000,0.00000000,0.00000000,0.00000000,0.00000000,0.00000000,0.00000000,0.00000000,0.00000000,0.00000000,0.00000000,0.00000000,0.00000000,0.00000000,0.00000000,0.00000000,0.00000000,0.00000000,0.00000000,0.00000000,0.00000000,0.00000000,0.00000000,0.00000000,0.00000000,-0.00403513,0.00160891,-0.00360961,0.00237432,-0.00421554,0.00404928,-0.00396355,0.00176067,0.00015607,-0.00333993,-0.00169970,-0.00411166,-0.00330484,0.00352481,0.00440460,-0.00468966
-0.00016072,0.00153907,-0.00028771,0.00013732,-0.00146617,-0.00096133,-0.00109354,0.00022343,-0.00074348,0.00068941,-0.00059541,0.00038382,-0.00001924,-0.00175496,-0.00131762,-0.00018997,-0.00087196,-0.00066225,0.00107521,0.00126807,-0.00036091,-0.00101732,-0.00011817,-0.00005763,0.00097843,-0.00119432,0.00022842,-0.00016943,0.00111226,0.00042298,-0.00065864,0.00217539,0.00078273,-0.00045923,-0.00074416,0.00121454,0.00025010,0.00060722,-0.00014015,-0.00062770,-0.00017055,-0.00088331,-0.00152699,-0.00062682,-0.00063590,-0.00052911,0.00052764,0.00005043,0.00047358,0.00198804,-0.00064597,-0.00063303,0.00124389,0.00002750,-0.00024746,0.00254771,-0.00110719,-0.00019436,-0.00080763,-0.00087803,0.00054469,-0.00065668,-0.00012218,0.00071707,-0.00069319,0.00070718,0.00122494,0.00056148,-0.00128768,-0.00159208,-0.00046272,-0.00130684,0.00118292,-0.00115340,0.00121782,-0.00199236,0.00093632,0.00050755,-0.00086752,0.00153303,-0.01130789,-0.00086209,0.00092770,0.00069788,-0.00071065,0.00190364,0.00149387,-0.00065493,-0.00000492,-0.00247814,-0.00178999,-0.00152083,-0.00057257,-0.00180901,-0.00047886,0.00128247,0.00143514,-0.00007149,-0.00056446,-0.00089343,-0.00141399,-0.00027263,0.00127713,-0.00126901,-0.00017194,-0.00019318,0.00040784,-0.00116800,0.00060938,0.00015308,-0.00045306,-0.00134902,-0.00177204,-0.00005553,-0.00171721,-0.00026411,-0.00195143,0.00091692,0.00179757,-0.00041805,-0.00006142,-0.00013778,-0.00014631,-0.00118830,0.00037776,0.00233453,-0.00056200,0.00027937,0.00000000,0.00000000,0.00000000,0.00000000,0.00000000,0.00000000,0.00000000,0.00000000,0.00000000,0.00000000,0.00000000,0.00000000,0.00000000,0.00000000,0.00000000,0.00000000,0.00000000,0.00000000,0.00000000,0.00000000,0.00000000,0.00000000,0.00000000,0.00000000,0.00000000,0.00000000,0.00000000,0.00000000,0.00000000,0.00000000,0.00000000,0.00000000,0.00000000,0.00000000,0.00000000,0.00000000,0.00000000,0.00000000,0.00000000,0.00000000,0.00000000,0.00000000,0.00000000,0.00000000,0.00000000,0.00000000,0.00000000,0.00000000,0.00161724,-0.00077169,0.00151426,-0.00134589,0.00158311,-0.00167379,0.00120325,-0.00146045,0.00018617,0.00174374,-0.00008692,0.00149830,0.00109145,-0.00184980,-0.00180397,0.00134052
0.00014343,-0.00195838,-0.00028928,0.00121083,0.00133155,0.00045354,0.00010169,0.00018105,-0.00064312,-0.00150370,-0.00075719,-0.00060269,0.00088615,-0.00000571,-0.00100736,0.00116847,-0.00061332,0.00002217,-0.00080679,-0.00152875,-0.00075810,0.00032368,-0.00029202,0.00002740,0.00050645,-0.00019503,-0.00153293,-0.00073723,-0.00039383,-0.00021647,-0.00013569,-0.00020371,-0.00112790,0.00013857,0.00035635,-0.00048700,0.00032049,-0.00170000,0.00041375,-0.00092258,-0.00210590,-0.00062589,0.00069232,0.00029632,0.00164423,0.00047853,-0.00203957,-0.00072339,0.00041201,0.00016060,0.00066753,-0.00049174,0.00028295,0.00016977,0.00105284,-0.00220733,0.00205588,-0.00054726,0.00012751,-0.00179868,-0.00116962,-0.00042836,0.00074888,-0.00043640,0.00016578,0.00039662,0.00022149,0.00049185,0.00022811,0.00104014,-0.00011116,-0.00023687,-0.00074814,0.00103369,-0.00156531,0.00133852,-0.00121004,0.00069861,0.00146695,-0.00090369,0.00061307,-0.01487321,0.00087269,0.00087000,-0.00121721,-0.00130601,-0.00052960,0.00026180,0.00067457,0.00181748,0.00075978,0.00045508,-0.00027484,0.00211793,-0.00180776,-0.00126567,-0.00256274,-0.00089933,-0.00164394,0.00008767,0.00123951,0.00100585,-0.00049061,0.00025575,-0.00047326,-0.00101266,-0.00186751,-0.00031021,0.00000922,0.00101871,-0.00001986,-0.00000698,0.00092434,-0.00094313,0.00179207,-0.00085900,0.00140926,0.00028694,-0.00000368,-0.00097417,-0.00089979,-0.00069626,-0.00055564,0.00158107,0.00019622,-0.00229692,0.00117800,-0.00048923,0.00000000,0.00000000,0.00000000,0.00000000,0.00000000,0.00000000,0.00000000,0.00000000,0.00000000,0.00000000,0.00000000,0.00000000,0.00000000,0.00000000,0.00000000,0.00000000,0.00000000,0.00000000,0.00000000,0.00000000,0.00000000,0.00000000,0.00000000,0.00000000,0.00000000,0.00000000,0.00000000,0.00000000,0.00000000,0.00000000,0.00000000,0.00000000,0.00000000,0.00000000,0.00000000,0.00000000,0.00000000,0.00000000,0.00000000,0.00000000,0.00000000,0.00000000,0.00000000,0.00000000,0.00000000,0.00000000,0.00000000,0.00000000,0.00019815,-0.00015302,0.00036235,0.00029111,0.00001759,0.00064643,-0.00067160,0.00072537,0.00059451,-0.00035387,0.00009385,-0.00111287,-0.00009595,-0.00014153,0.00089948,0.00020363
0.00021814,0.00160175,0.00128631,-0.00149183,-0.00146133,-0.00107901,-0.00000634,0.00083446,0.00090832,0.00103561,0.00089533,0.00011210,-0.00055172,0.00013444,0.00126948,-0.00180960,0.00077500,0.00011251,0.00026707,0.00144014,0.00137247,0.00058713,0.00043522,-0.00006963,-0.00081051,0.00034981,0.00110958,0.00073618,0.00038674,0.00154242,0.00073180,-0.00029072,0.00141409,-0.00030828,0.00063542,-0.00075128,-0.00041444,0.00108926,-0.00039054,0.00127152,0.00134816,0.00000735,0.00008795,-0.00022838,-0.00185688,0.00105057,0.00058031,0.00067317,-0.00056604,-0.00059802,-0.00115341,0.00059439,-0.00073732,0.00099343,-0.00125914,0.00237219,-0.00113857,0.00089177,0.00045661,0.00034497,0.00070282,0.00081103,-0.00018340,-0.00041166,-0.00102196,-0.00125927,-0.00040946,-0.00151371,0.00029181,-0.00129172,0.00035919,-0.00138157,0.00052796,-0.00089488,0.00026182,-0.00139231,0.00139579,-0.00154490,-0.00114020,0.00135660,-0.00016773,0.00057644,-0.01477537,-0.00152821,0.00073869,0.00172943,0.00023321,0.00079365,-0.00160553,-0.00107962,-0.00044056,0.00121459,0.00153044,-0.00238955,0.00135273,0.00081408,0.00156860,0.00142906,0.00166643,-0.00060957,-0.00231757,-0.00131361,-0.00009185,-0.00018918,0.00050261,0.00089107,0.00055286,0.00021913,-0.00012695,-0.00036698,0.00028078,0.00068579,0.00028407,0.00176184,-0.00112831,0.00031585,-0.00065762,-0.00106745,-0.00037168,0.00146919,-0.00032857,0.00154312,0.00134426,-0.00211557,-0.00101583,0.00181177,-0.00124069,0.00143940,0.00000000,0.00000000,0.00000000,0.00000000,0.00000000,0.00000000,0.00000000,0.00000000,0.00000000,0.00000000,0.00000000,0.00000000,0.00000000,0.00000000,0.00000000,0.00000000,0.00000000,0.00000000,0.00000000,0.00000000,0.00000000,0.00000000,0.00000000,0.00000000,0.00000000,0.00000000,0.00000000,0.00000000,0.00000000,0.00000000,0.00000000,0.00000000,0.00000000,0.00000000,0.00000000,0.00000000,0.00000000,0.00000000,0.00000000,0.00000000,0.00000000,0.00000000,0.00000000,0.00000000,0.00000000,0.00000000,0.00000000,0.00000000,-0.00015949,0.00005841,-0.00001035,-0.00031954,0.00023316,0.00011366,-0.00069548,-0.00025068,-0.00047898,-0.00092317,0.00015858,0.00037653,-0.00029194,-0.00025218,0.00037100,0.00040487
-0.00114236,0.00125801,-0.00118200,-0.00021176,-0.00102801,-0.00024451,-0.00003334,0.00043779,-0.00115798,0.00019747,-0.00064202,-0.00039454,-0.00044309,0.00002880,0.00039046,-0.00016747,0.00066968,0.00000952,0.00004437,0.00161635,-0.00008159,0.00007543,-0.00000501,-0.00039912,0.00070131,0.00034439,0.00019043,-0.00122229,0.00012773,0.00067150,-0.00034925,0.00136033,-0.00108143,-0.00070844,0.00048143,0.00072556,-0.00099943,0.00063126,0.00048254,-0.00012426,-0.00005578,-0.00075327,-0.00008546,-0.00020346,-0.00134656,-0.00079962,0.00041155,0.00049640,0.00144101,0.00063395,-0.00012106,-0.00165327,0.00072576,0.00041628,-0.00097538,0.00124848,-0.00110274,-0.00060435,-0.00074407,0.00047057,0.00030484,0.00014248,0.00013663,-0.00005420,-0.00132120,0.00026076,0.00101174,-0.00059306,0.00094496,-0.00075976,0.00021522,-0.00058760,0.00008029,-0.00043158,0.00170689,-0.00142567,0.00061241,-0.00047751,-0.00108126,0.00108940,0.00001667,-0.00026474,-0.00085670,-0.01392623,0.00047862,0.00275341,0.00135875,0.00031487,-0.00033392,-0.00197411,-0.00064618,-0.00114110,-0.00071613,-0.00057500,0.00010411,0.00106355,0.00095614,-0.00059422,-0.00028553,-0.00034758,-0.00096450,-0.00083889,0.00124154,-0.00205359,-0.00046476,0.00099158,0.00114955,0.00000638,0.00006273,0.00013547,-0.00058448,-0.00029951,-0.00135645,0.00105332,-0.00104074,0.00093097,-0.00281456,-0.00040628,0.00165765,0.00087447,0.00084196,-0.00024369,0.00001248,-0.00047060,0.00015469,0.00135109,-0.00047461,0.00095176,0.00000000,0.00000000,0.00000000,0.00000000,0.00000000,0.00000000,0.00000000,0.00000000,0.00000000,0.00000000,0.00000000,0.00000000,0.00000000,0.00000000,0.00000000,0.00000000,0.00000000,0.00000000,0.00000000,0.00000000,0.00000000,0.00000000,0.00000000,0.00000000,0.00000000,0.00000000,0.00000000,0.00000000,0.00000000,0.00000000,0.00000000,0.00000000,0.00000000,0.00000000,0.00000000,0.00000000,0.00000000,0.00000000,0.00000000,0.00000000,0.00000000,0.00000000,0.00000000,0.00000000,0.00000000,0.00000000,0.00000000,0.00000000,0.00039328,-0.00070612,0.00096956,-0.00016826,0.00103326,-0.00156243,0.00110275,-0.00017463,-0.00042139,0.00088082,-0.00011692,0.00018006,-0.00005979,-0.00064165,-0.00030209,0.00129043
0.00083196,-0.00279801,0.00005791,0.00036790,0.00304542,0.00159694,0.00086850,-0.00105837,0.00098804,-0.00017407,-0.00025215,-0.00029924,-0.00061495,0.00069088,0.00005418,0.00035311,-0.00016534,0.00092972,-0.00070882,-0.00299931,0.00036111,0.00185331,0.00007427,0.00057992,-0.00041956,0.00069995,0.00000817,0.00050414,-0.00049139,-0.00011304,0.00055666,-0.00128445,0.00001269,0.00108133,-0.00027501,-0.00096987,0.00135594,-0.00157649,-0.00005224,0.00044312,-0.00004311,0.00035491,0.00052455,0.00079275,0.00088744,0.00088788,-0.00188174,-0.00040686,-0.00065708,-0.00131492,0.00100819,0.00015963,-0.00083194,-0.00036484,0.00104016,-0.00234027,0.00205669,0.00083007,-0.00057209,-0.00039927,-0.00106638,0.00013202,0.00025968,0.00020008,0.00012875,0.00021989,-0.00062125,0.00058574,0.00043065,0.00085521,0.00033046,0.00147546,-0.00120373,0.00146667,-0.00154978,0.00287600,-0.00134269,-0.00013157,0.00194513,-0.00173635,0.00107024,0.00023569,0.00022810,0.00094533,-0.01024751,-0.00174760,-0.00098312,0.00059865,0.00193016,0.00304097,0.00123129,0.00075165,-0.00027660,0.00185438,0.00016784,-0.00125431,-0.00227720,-0.00083494,-0.00014273,0.00058873,0.00126057,0.00165338,-0.00040637,0.00184852,0.00071751,0.00096534,-0.00057942,0.00013170,-0.00033752,0.00053097,0.00033349,0.00154917,0.00158713,-0.00054426,0.00036999,-0.00063893,0.00373170,-0.00038378,-0.00137389,-0.00031913,0.00022035,-0.00015722,0.00032805,0.00059653,-0.00076861,-0.00222158,0.00195231,-0.00283948,0.00000000,0.00000000,0.00000000,0.00000000,0.00000000,0.00000000,0.00000000,0.00000000,0.00000000,0.00000000,0.00000000,0.00000000,0.00000000,0.00000000,0.00000000,0.00000000,0.00000000,0.00000000,0.00000000,0.00000000,0.00000000,0.00000000,0.00000000,0.00000000,0.00000000,0.00000000,0.00000000,0.00000000,0.00000000,0.00000000,0.00000000,0.00000000,0.00000000,0.00000000,0.00000000,0.00000000,0.00000000,0.00000000,0.00000000,0.00000000,0.00000000,0.00000000,0.00000000,0.00000000,0.00000000,0.00000000,0.00000000,0.00000000,-0.00081421,0.00006490,-0.00067019,0.00081107,-0.00066347,0.00111443,-0.00140653,0.00148883,0.00019566,-0.00146152,0.00076755,-0.00000762,-0.00095000,0.00201904,0.00149053,-0.00149584
0.00079106,-0.00093370,0.00145323,-0.00205477,0.00155078,-0.00021702,0.00118431,0.00022200,0.00302538,0.00137432,0.00169166,0.00157444,-0.00125649,0.00289531,0.00093126,-0.00272702,0.00228781,0.00215229,-0.00247951,-0.00179445,0.00212172,0.00222673,0.00183220,0.00245269,-0.00196894,0.00243042,0.00139533,0.00239395,-0.00145949,0.00081417,0.00258450,-0.00260498,0.00044412,0.00245054,0.00190936,-0.00255136,-0.00135207,0.00034058,-0.00234047,0.00371321,0.00120652,0.00273679,0.00324457,-0.00144943,-0.00090455,0.00220882,0.00032038,0.00247931,-0.00203875,-0.00310257,-0.00174239,0.00227317,-0.00217869,0.00179760,-0.00134745,-0.00024584,0.00105775,0.00233637,0.00170676,0.00086922,0.00174018,0.00185203,-0.00167240,-0.00131326,-0.00276324,0.00021134,-0.00216405,-0.00244741,0.00099070,-0.00034996,0.00102705,0.00101459,0.00112920,0.00019163,-0.00227494,0.00215078,0.00093317,-0.00148642,0.00094152,-0.00211738,-0.00158821,0.00140280,-0.00163526,-0.00039599,0.00298638,-0.01499648,-0.00214425,0.00132296,0.00114197,0.00224305,0.00174537,0.00257655,0.00231556,0.00184787,0.00166953,-0.00126962,-0.00154759,0.00109178,0.00098818,0.00078832,-0.00113341,0.00046040,-0.00173320,-0.00012637,0.00138580,0.00331494,0.00229292,0.00091920,-0.00141995,-0.00179376,0.00158354,0.00047925,0.00176434,0.00134209,0.00011532,0.00180095,0.00152394,-0.00176148,-0.00293669,0.00111029,0.00114837,0.00198550,0.00197334,0.00063776,-0.00164762,-0.00036264,-0.00103352,-0.00285396,0.00000000,0.00000000,0.00000000,0.00000000,0.00000000,0.00000000,0.00000000,0.00000000,0.00000000,0.00000000,0.00000000,0.00000000,0.00000000,0.00000000,0.00000000,0.00000000,0.00000000,0.00000000,0.00000000,0.00000000,0.00000000,0.00000000,0.00000000,0.00000000,0.00000000,0.00000000,0.00000000,0.00000000,0.00000000,0.00000000,0.00000000,0.00000000,0.00000000,0.00000000,0.00000000,0.00000000,0.00000000,0.00000000,0.00000000,0.00000000,0.00000000,0.00000000,0.00000000,0.00000000,0.00000000,0.00000000,0.00000000,0.00000000,-0.00209636,0.00066507,-0.00249998,0.00124064,-0.00117755,0.00220607,-0.00231223,0.00164686,0.00081032,-0.00101727,-0.00053886,-0.00149693,-0.00192329,0.00305978,0.00149413,-0.00174974
-0.00116515,0.00158847,0.00163575,-0.00176672,-0.00184586,-0.00152347,-0.00053320,0.00153027,-0.00003222,0.00077102,0.00072488,-0.00011647,0.00047101,0.00095390,0.00072215,-0.00191363,0.00061178,0.00032567,0.00037411,0.00090121,0.00179408,0.00038511,0.00118907,0.00102045,-0.00049489,0.00066955,0.00046434,0.00138312,0.00122258,0.00173845,0.00059147,-0.00049165,0.00046492,0.00069345,0.00039824,-0.00023324,-0.00079627,0.00168988,-0.00142085,0.00131420,0.00057968,0.00108952,0.00046442,-0.00041794,-0.00272327,0.00066194,0.00028433,0.00065360,-0.00061003,0.00021411,-0.00065570,0.00071494,-0.00088674,0.00144993,-0.00084748,0.00171379,-0.00233530,0.00058438,0.00017685,0.00184728,0.00104784,0.00144151,-0.00144101,-0.00128928,-0.00106805,-0.00090578,-0.00053631,-0.00128060,-0.00049045,-0.00142379,0.00046286,0.00056900,0.00144940,-0.00099332,0.00044378,-0.00180892,0.00153508,-0.00137337,-0.00027833,0.00075880,-0.00048615,0.00114497,-0.00051162,-0.00069281,0.00112196,0.00134112,-0.01325847,0.00098913,-0.00065926,-0.00120101,-0.00027371,0.00037478,0.00121041,-0.00157541,0.00054441,0.00066796,0.00143624,0.00107063,0.00159976,0.00093481,-0.00170521,-0.00118808,-0.00061653,-0.00074197,0.00073813,0.00067570,0.00186523,0.00067876,-0.00080637,-0.00123285,0.00166158,-0.00102150,-0.00034332,0.00147308,-0.00111615,0.00068776,-0.00200042,-0.00034837,-0.00121033,0.00104462,-0.00008057,0.00167723,0.00176824,-0.00115828,0.00003340,0.00135389,-0.00127170,0.00018279,0.00000000,0.00000000,0.00000000,0.00000000,0.00000000,0.00000000,0.00000000,0.00000000,0.00000000,0.00000000,0.00000000,0.00000000,0.00000000,0.00000000,0.00000000,0.00000000,0.00000000,0.00000000,0.00000000,0.00000000,0.00000000,0.00000000,0.00000000,0.00000000,0.00000000,0.00000000,0.00000000,0.00000000,0.00000000,0.00000000,0.00000000,0.00000000,0.00000000,0.00000000,0.00000000,0.00000000,0.00000000,0.00000000,0.00000000,0.00000000,0.00000000,0.00000000,0.00000000,0.00000000,0.00000000,0.00000000,0.00000000,0.00000000,-0.00000776,0.00096509,-0.00054937,-0.00005097,0.00056822,0.00007825,-0.00016793,0.00045654,-0.00045160,-0.00070114,-0.00061095,-0.00011692,-0.00027249,-0.00030937,-0.00087857,0.00063613
0.00060055,-0.00050240,-0.00061971,-0.00053302,0.00127556,0.00025572,0.00134563,-0.00020794,0.00101492,0.00027976,-0.00045242,0.00083564,-0.00016911,0.00082615,0.00019381,0.00035536,0.00035291,0.00015556,-0.00092648,-0.00089631,-0.00022439,0.00052931,-0.00099651,0.00022532,-0.00061841,0.00108515,0.00004827,-0.00022527,-0.00145102,-0.00032057,0.00080495,-0.00092801,-0.00023691,0.00037908,0.00124009,-0.00139653,-0.00012318,-0.00038660,-0.00041688,-0.00023621,0.00047635,0.00010666,0.00099113,-0.00049398,0.00176204,0.00196270,-0.00136249,0.00004539,0.00020531,0.00031408,0.00045827,0.00022879,-0.00003442,0.00062204,0.00093382,-0.00235400,0.00156668,-0.00007144,0.00124470,-0.00066293,-0.00000149,-0.00058075,-0.00003554,0.00100456,-0.00005032,-0.00078874,-0.00067397,0.00002800,0.00045260,0.00039259,-0.00014154,0.00152072,-0.00142652,0.00176314,-0.00082540,0.00249133,-0.00064229,-0.00061978,0.00088003,-0.00173409,0.00019454,0.00065228,0.00019134,0.00048114,0.00086692,-0.00184923,-0.00101992,-0.01433706,0.00074209,0.00106854,0.00122922,0.00004884,-0.00015725,0.00195759,0.00019032,-0.00154199,-0.00174968,-0.00024084,-0.00081398,0.00005455,0.00121840,0.00147852,-0.00061222,0.00095586,-0.00064022,0.00047753,-0.00104865,0.00022807,0.00038033,0.00073026,0.00102613,0.00044510,0.00111124,0.00007458,0.00042572,0.00039421,0.00113094,-0.00024327,-0.00088256,-0.00026521,0.00008467,-0.00065304,-0.00023780,0.00025777,0.00142383,-0.00161052,0.00054464,-0.00155783,0.00000000,0.00000000,0.00000000,0.00000000,0.00000000,0.00000000,0.00000000,0.00000000,0.00000000,0.00000000,0.00000000,0.00000000,0.00000000,0.00000000,0.00000000,0.00000000,0.00000000,0.00000000,0.00000000,0.00000000,0.00000000,0.00000000,0.00000000,0.00000000,0.00000000,0.00000000,0.00000000,0.00000000,0.00000000,0.00000000,0.00000000,0.00000000,0.00000000,0.00000000,0.00000000,0.00000000,0.00000000,0.00000000,0.00000000,0.00000000,0.00000000,0.00000000,0.00000000,0.00000000,0.00000000,0.00000000,0.00000000,0.00000000,-0.00133568,-0.00005867,-0.00017987,0.00046114,-0.00114138,0.00095850,-0.00089164,0.00022277,0.00114311,-0.00071011,-0.00097193,-0.00126801,-0.00044345,0.00113747,0.00078988,-0.00118072
-0.00086985,0.00030785,-0.00116824,0.00168615,-0.00124344,0.00072158,-0.00014598,0.00022965,-0.00180899,-0.00180699,-0.00141878,-0.00112649,0.00073702,-0.00270389,-0.00061693,0.00095218,-0.00215521,-0.00186141,0.00268051,0.00088373,-0.00181741,-0.00106940,-0.00204395,-0.00167712,0.00150127,-0.00186325,-0.00181305,-0.00212569,0.00037665,-0.00108216,-0.00180595,0.00180389,-0.00017616,-0.00140275,-0.00166253,0.00197840,0.00158992,-0.00028792,0.00287579,-0.00188345,-0.00093711,-0.00162654,-0.00159655,0.00200452,0.00088601,-0.00148954,0.00000160,-0.00059568,0.00173612,0.00300511,-0.00002519,-0.00080919,0.00216791,-0.00016719,0.00121124,0.00015461,-0.00118473,-0.00195144,-0.00164791,-0.00040603,-0.00215299,-0.00085920,0.00202262,0.00084108,0.00038153,0.00025843,0.00222783,0.00147902,-0.00153037,0.00037583,-0.00040284,-0.00131825,-0.00029694,0.00035877,0.00152803,-0.00027705,-0.00094651,0.00082829,-0.00125270,0.00155304,0.00181644,-0.00193792,0.00043853,0.00192010,-0.00129495,0.00069102,0.00204831,-0.00142360,-0.01566128,-0.00074037,-0.00086826,-0.00097205,-0.00184512,-0.00107518,-0.00217660,0.00009698,0.00064156,-0.00134934,-0.00131169,0.00031489,0.00092973,-0.00076817,0.00125611,0.00001965,-0.00062622,-0.00181925,-0.00109857,-0.00039385,0.00112698,0.00105580,-0.00173887,-0.00074205,-0.00110116,-0.00127239,0.00004586,-0.00165742,-0.00126666,0.00126437,0.00144763,0.00001789,-0.00157302,0.00025900,-0.00217273,-0.00137824,0.00162722,-0.00049639,0.00097171,0.00088435,0.00000000,0.00000000,0.00000000,0.00000000,0.00000000,0.00000000,0.00000000,0.00000000,0.00000000,0.00000000,0.00000000,0.00000000,0.00000000,0.00000000,0.00000000,0.00000000,0.00000000,0.00000000,0.00000000,0.00000000,0.00000000,0.00000000,0.00000000,0.00000000,0.00000000,0.00000000,0.00000000,0.00000000,0.00000000,0.00000000,0.00000000,0.00000000,0.00000000,0.00000000,0.00000000,0.00000000,0.00000000,0.00000000,0.00000000,0.00000000,0.00000000,0.00000000,0.00000000,0.00000000,0.00000000,0.00000000,0.00000000,0.00000000,0.00257210,-0.00000093,0.00158113,-0.00128516,0.00105971,-0.00224421,0.00098808,-0.00165455,0.00037561,0.00080432,0.00053507,0.00087333,0.00184464,-0.00168808,-0.00136881,0.00179162
-0.00057973,-0.00092819,-0.00319359,0.00390946,0.00041968,0.00157641,0.00197948,-0.00099411,-0.00393922,-0.00319607,-0.00444476,-0.00287404,0.00308632,-0.00386783,-0.00301404,0.00327824,-0.00464448,-0.00279027,0.00474513,-0.00120872,-0.00385864,-0.00356193,-0.00392966,-0.00377003,0.00441103,-0.00428889,-0.00191605,-0.00303353,-0.00006967,-0.00353617,-0.00366616,0.00436042,-0.00091146,-0.00298449,-0.00280576,0.00370437,0.00421951,-0.00298118,0.00419920,-0.00540130,-0.00217732,-0.00481209,-0.00508784,0.00375566,0.00237948,-0.00363175,-0.00238170,-0.00375511,0.00355817,0.00418917,0.00417069,-0.00457721,0.00404919,-0.00268404,0.00354139,-0.00154790,0.00218333,-0.00350396,-0.00398113,-0.00421160,-0.00391145,-0.00399783,0.00392921,0.00378424,0.00364321,0.00178000,0.00541846,0.00456853,-0.00040388,0.00204428,-0.00205597,-0.00142716,-0.00154557,0.00215668,0.00331440,-0.00006821,-0.00284602,0.00313767,-0.00097537,-0.00032020,0.00321358,-0.00361465,0.00302223,0.00305824,-0.00442391,-0.00051105,0.00437218,-0.00298536,0.00224268,-0.01741398,-0.00208299,-0.00424944,-0.00395964,-0.00024276,-0.00326839,-0.00188676,-0.00086639,-0.00221609,-0.00079979,0.00007038,0.00255311,0.00214393,0.00268666,0.00232915,-0.00170917,-0.00428603,-0.00390774,-0.00271985,0.00209868,0.00330813,-0.00367319,-0.00027116,-0.00208487,-0.00306918,0.00149381,-0.00473744,-0.00105368,0.00427973,0.00411568,-0.00354572,-0.00289654,-0.00329728,-0.00416611,0.00074161,0.00272001,-0.00206630,0.00296489,0.00168034,0.00000000,0.00000000,0.00000000,0.00000000,0.00000000,0.00000000,0.00000000,0.00000000,0.00000000,0.00000000,0.00000000,0.00000000,0.00000000,0.00000000,0.00000000,0.00000000,0.00000000,0.00000000,0.00000000,0.00000000,0.00000000,0.00000000,0.00000000,0.00000000,0.00000000,0.00000000,0.00000000,0.00000000,0.00000000,0.00000000,0.00000000,0.00000000,0.00000000,0.00000000,0.00000000,0.00000000,0.00000000,0.00000000,0.00000000,0.00000000,0.00000000,0.00000000,0.00000000,0.00000000,0.00000000,0.00000000,0.00000000,0.00000000,0.00286629,-0.00096587,0.00437566,-0.00292635,0.00325330,-0.00449469,0.00341860,-0.00257640,0.00119994,0.00162383,0.00079495,0.00322509,0.00359387,-0.00338410,-0.00376286,0.00367515
0.00043182,-0.00059896,-0.00203836,0.00252484,0.00004559,0.00032080,-0.00027176,0.00002823,-0.00120337,-0.00220768,-0.00063797,-0.00080370,0.00136589,-0.00214691,-0.00080721,0.00203660,-0.00120425,-0.00082213,0.00179885,-0.00086752,-0.00130026,-0.00244178,-0.00188598,-0.00231937,0.00090289,-0.00154197,-0.00165050,-0.00152742,-0.00020538,-0.00102856,-0.00245681,0.00090928,-0.00018037,-0.00188695,-0.00098460,0.00154817,0.00098644,-0.00048689,0.00180544,-0.00278488,-0.00121568,-0.00147166,-0.00191559,0.00042950,0.00141564,-0.00100436,-0.00029968,-0.00234260,0.00162818,0.00138439,0.00129890,-0.00139502,0.00174233,-0.00103633,0.00172067,-0.00169951,0.00075439,-0.00148436,-0.00041845,-0.00123347,-0.00115184,-0.00078625,0.00116414,0.00213053,0.00181690,0.00081939,0.00185713,0.00191884,0.00014706,0.00217170,-0.00061268,0.00024715,-0.00028696,0.00022644,0.00105505,0.00017775,-0.00075898,0.00065694,0.00101571,-0.00047564,0.00177160,-0.00119915,0.00142861,0.00160057,-0.00166304,0.00001244,0.00162161,-0.00092227,0.00062284,-0.00033505,-0.01696365,-0.00145514,-0.00179778,0.00081771,-0.00147809,-0.00003062,0.00065229,-0.00054316,-0.00028722,0.00147699,0.00129761,0.00153252,0.00017241,0.00067772,-0.00072638,-0.00190045,-0.00119529,0.00030486,0.00052767,0.00164474,-0.00195509,0.00078161,-0.00115353,-0.00143847,0.00052326,-0.00174068,0.00118243,0.00106346,0.00093494,-0.00053698,0.00048343,-0.00101303,-0.00200874,0.00143953,0.00148096,-0.00066371,0.00034020,-0.00010281,0.00000000,0.00000000,0.00000000,0.00000000,0.00000000,0.00000000,0.00000000,0.00000000,0.00000000,0.00000000,0.00000000,0.00000000,0.00000000,0.00000000,0.00000000,0.00000000,0.00000000,0.00000000,0.00000000,0.00000000,0.00000000,0.00000000,0.00000000,0.00000000,0.00000000,0.00000000,0.00000000,0.00000000,0.00000000,0.00000000,0.00000000,0.00000000,0.00000000,0.00000000,0.00000000,0.00000000,0.00000000,0.00000000,0.00000000,0.00000000,0.00000000,0.00000000,0.00000000,0.00000000,0.00000000,0.00000000,0.00000000,0.00000000,0.00079692,-0.00099167,0.00112306,-0.00059041,0.00013137,-0.00061785,0.00202053,-0.00033167,0.00020039,0.00041772,0.00020687,0.00159013,0.00056092,-0.00114623,-0.00110076,0.00014415
0.00122707,-0.00164312,-0.00023466,0.00033992,0.00190279,0.00141075,0.00225279,-0.00197664,-0.00124337,-0.00124040,-0.00110553,-0.00012030,0.00029465,0.00023184,-0.00042120,0.00183657,-0.00135637,-0.00047742,0.00090563,-0.00215267,-0.00097450,-0.00001247,-0.00068076,-0.00032703,0.00069153,-0.00037636,-0.00126602,-0.00030489,-0.00128037,-0.00136460,0.00015033,-0.00000035,-0.00025781,-0.00002244,-0.00023027,-0.00028696,0.00195421,-0.00127464,0.00013339,-0.00037733,-0.00078765,-0.00002757,-0.00028980,0.00061823,0.00171897,-0.00102344,-0.00143960,-0.00149749,0.00032096,0.00040099,0.00152141,-0.00040332,0.00115020,-0.00046446,0.00152018,-0.00313876,0.00184923,-0.00040127,-0.00078623,-0.00046658,-0.00132891,-0.00036008,0.00175313,0.00093380,0.00046617,-0.00006303,0.00084213,0.00129732,0.00034213,0.00192790,-0.00024836,-0.00009490,-0.00167310,0.00093950,0.00028917,0.00199361,-0.00180948,0.00052952,0.00038998,-0.00156624,0.00023816,-0.00002987,0.00129094,0.00037941,-0.00058807,-0.00116549,0.00010977,-0.00092469,0.00186235,0.00099771,0.00054833,-0.01503318,-0.00127410,0.00129966,-0.00068708,-0.00151311,-0.00153018,-0.00085663,-0.00192846,0.00061486,0.00062880,0.00051927,0.00018129,0.00080223,-0.00112987,-0.00074160,-0.00111773,0.00015549,0.00024316,0.00117357,-0.00042489,0.00073094,0.00018175,-0.00118792,0.00108714,-0.00058579,0.00233587,0.00092898,-0.00074681,-0.00058890,-0.00055167,-0.00048189,-0.00064047,0.00158460,0.00102447,-0.00220882,0.00208065,-0.00208487,0.00000000,0.00000000,0.00000000,0.00000000,0.00000000,0.00000000,0.00000000,0.00000000,0.00000000,0.00000000,0.00000000,0.00000000,0.00000000,0.00000000,0.00000000,0.00000000,0.00000000,0.00000000,0.00000000,0.00000000,0.00000000,0.00000000,0.00000000,0.00000000,0.00000000,0.00000000,0.00000000,0.00000000,0.00000000,0.00000000,0.00000000,0.00000000,0.00000000,0.00000000,0.00000000,0.00000000,0.00000000,0.00000000,0.00000000,0.00000000,0.00000000,0.00000000,0.00000000,0.00000000,0.00000000,0.00000000,0.00000000,0.00000000,-0.00023116,0.00090645,0.00014231,0.00052637,-0.00046724,0.00020429,-0.00019426,0.00027160,0.00043407,-0.00035905,0.00088398,0.00119581,0.00022779,-0.00019477,0.00024749,-0.00024935
0.00063447,-0.00181014,0.00041753,0.00011783,0.00180274,0.00075274,0.00102111,0.00002482,0.00066821,0.00021038,0.00027497,0.00020321,-0.00044663,0.00107158,0.00099717,-0.00000778,-0.00018347,0.00061165,-0.00089574,-0.00102185,-0.00000701,0.00082589,0.00057650,0.00070886,-0.00045634,0.00078987,-0.00115603,0.00033869,-0.00176873,-0.00044163,0.00090087,-0.00077382,0.00030162,0.00018522,0.00055575,-0.00034209,0.00043242,-0.00086504,-0.00142587,0.00018710,0.00039292,0.00119979,0.00055470,-0.00026353,0.00064993,0.00067989,0.00014773,0.00035952,-0.00004875,-0.00090947,0.00068681,0.00076495,-0.00048600,-0.00006562,0.00028938,-0.00137165,0.00153488,0.00034826,0.00023439,-0.00000830,0.00004064,0.00040716,0.00028387,0.00064761,0.00040644,-0.00004250,-0.00102316,-0.00048395,0.00061523,0.00128212,0.00053095,0.00092099,-0.00041254,0.00021086,-0.00038217,0.00220254,-0.00001001,-0.00080337,0.00181563,-0.00245764,-0.00006595,0.00040023,0.00077750,-0.00044011,0.00079646,-0.00094868,-0.00043958,-0.00011680,0.00089058,0.00178237,0.00118985,0.00022445,-0.01103751,0.00160310,-0.00007995,-0.00127092,-0.00240379,-0.00009522,-0.00103593,0.00002566,0.00000918,0.00106133,-0.00098442,-0.00018095,-0.00008333,0.00085593,-0.00116412,-0.00047546,0.00060841,0.00042502,-0.00015993,0.00062685,0.00122729,0.00029896,0.00172865,0.00074320,0.00241443,-0.00067010,-0.00059119,0.00014761,0.00107303,-0.00102613,-0.00012363,0.00045527,0.00046357,-0.00206357,0.00051199,-0.00205317,0.00000000,0.00000000,0.00000000,0.00000000,0.00000000,0.00000000,0.00000000,0.00000000,0.00000000,0.00000000,0.00000000,0.00000000,0.00000000,0.00000000,0.00000000,0.00000000,0.00000000,0.00000000,0.00000000,0.00000000,0.00000000,0.00000000,0.00000000,0.00000000,0.00000000,0.00000000,0.00000000,0.00000000,0.00000000,0.00000000,0.00000000,0.00000000,0.00000000,0.00000000,0.00000000,0.00000000,0.00000000,0.00000000,0.00000000,0.00000000,0.00000000,0.00000000,0.00000000,0.00000000,0.00000000,0.00000000,0.00000000,0.00000000,-0.00173989,0.00004565,-0.00041628,0.00092468,-0.00174428,0.00089791,-0.00138800,0.00065680,0.00001652,0.00031126,0.00053572,-0.00114786,-0.00089611,0.00197476,0.00133417,-0.00082830
0.00044586,-0.00006231,-0.00385284,0.00353213,-0.00430964,0.00266768,0.00102720,-0.00060237,-0.00500156,-0.00356803,-0.00371973,-0.00340282,0.00362154,-0.00517712,-0.00475890,0.00322271,-0.00421619,-0.00405481,0.00442805,0.00092149,-0.00462671,-0.00470455,-0.00429893,-0.00488815,0.00414805,-0.00523583,-0.00289588,-0.00357055,-0.00122531,-0.00374444,-0.00522895,0.00498343,-0.00173256,-0.00464120,-0.00429093,0.00468531,0.00297655,-0.00103431,0.00386153,-0.00571956,-0.00293580,-0.00476376,-0.00478003,0.00312017,0.00262937,-0.00361355,-0.00111161,-0.00351928,0.00381751,0.00507119,0.00299137,-0.00493634,0.00441247,-0.00335246,0.00444762,-0.00125886,0.00162835,-0.00445515,-0.00398549,-0.00408536,-0.00460485,-0.00339924,0.00432686,0.00451054,0.00344803,0.00195594,0.00461990,0.00342555,-0.00134610,0.00098819,-0.00397494,-0.00324379,-0.00183227,0.00165142,0.00527219,-0.00222576,-0.00262265,0.00404790,-0.00417458,0.00100451,0.00330577,-0.00413924,0.00298195,0.00343306,-0.00486868,0.00032886,0.00511566,-0.00411222,0.00028603,-0.00522835,-0.00272565,-0.00500557,-0.00390942,-0.01614241,-0.00388174,-0.00212922,-0.00003625,-0.00331952,-0.00243328,-0.00017511,0.00197529,0.00207329,0.00414302,0.00192376,-0.00212166,-0.00530444,-0.00375490,-0.00297791,0.00269672,0.00336647,-0.00430836,-0.00013356,-0.00302706,-0.00286640,0.00059215,-0.00499357,-0.00108420,0.00375987,0.00510030,-0.00361025,-0.00265972,-0.00361847,-0.00455020,0.00005806,0.00374435,-0.00169485,0.00277285,0.00313803,0.00000000,0.00000000,0.00000000,0.00000000,0.00000000,0.00000000,0.00000000,0.00000000,0.00000000,0.00000000,0.00000000,0.00000000,0.00000000,0.00000000,0.00000000,0.00000000,0.00000000,0.00000000,0.00000000,0.00000000,0.00000000,0.00000000,0.00000000,0.00000000,0.00000000,0.00000000,0.00000000,0.00000000,0.00000000,0.00000000,0.00000000,0.00000000,0.00000000,0.00000000,0.00000000,0.00000000,0.00000000,0.00000000,0.00000000,0.00000000,0.00000000,0.00000000,0.00000000,0.00000000,0.00000000,0.00000000,0.00000000,0.00000000,0.00426078,-0.00261105,0.00509097,-0.00351751,0.00484682,-0.00498677,0.00459007,-0.00337847,0.00093559,0.00367365,0.00123399,0.00384247,0.00368223,-0.00483361,-0.00484174,0.00417942
0.00020781,-0.00112849,-0.00052061,0.00014743,0.00157888,0.00030903,0.00119121,-0.00062352,0.00058651,-0.00053996,-0.00010497,-0.00005440,-0.00026276,0.00156751,0.00057345,-0.00019295,0.00068033,0.00053148,-0.00103602,-0.00201365,0.00034990,0.00111330,0.00013045,0.00102176,-0.00037543,0.00163712,-0.00003183,0.00057538,-0.00158336,0.00002356,0.00136705,-0.00138113,-0.00007565,0.00044663,0.00079912,-0.00132396,0.00001167,-0.00145037,-0.00157942,0.00084957,-0.00029197,0.00127450,0.00131255,-0.00066092,0.00044475,0.00077697,-0.00062079,0.00042445,-0.00080751,-0.00006690,-0.00003298,0.00036977,-0.00049711,0.00004306,0.00015408,-0.00226047,0.00125681,0.00018695,0.00097125,0.00012428,-0.00013167,-0.00019555,-0.00091084,0.00015654,-0.00089466,0.00006057,-0.00096490,-0.00048507,0.00106940,0.00071491,0.00081129,0.00051401,-0.00002810,0.00117425,-0.00116470,0.00209856,-0.00063735,-0.00098494,0.00145447,-0.00194171,-0.00032776,-0.00035775,0.00030245,-0.00006021,0.00064636,-0.00201569,-0.00141295,0.00029693,0.00064451,0.00179390,0.00129593,0.00090734,0.00031929,0.00261631,-0.01099929,-0.00126378,-0.00212650,0.00027214,-0.00112657,-0.00007746,0.00048037,0.00148195,-0.00108842,0.00065141,-0.00014152,0.00019707,-0.00120416,-0.00043978,-0.00042028,0.00021261,0.00138464,0.00060204,0.00124776,0.00041993,0.00096951,0.00029916,0.00243977,-0.00045148,-0.00179468,-0.00054179,0.00028664,-0.00094945,-0.00031973,0.00202545,0.00054623,-0.00124402,0.00116668,-0.00098942,0.00000000,0.00000000,0.00000000,0.00000000,0.00000000,0.00000000,0.00000000,0.00000000,0.00000000,0.00000000,0.00000000,0.00000000,0.00000000,0.00000000,0.00000000,0.00000000,0.00000000,0.00000000,0.00000000,0.00000000,0.00000000,0.00000000,0.00000000,0.00000000,0.00000000,0.00000000,0.00000000,0.00000000,0.00000000,0.00000000,0.00000000,0.00000000,0.00000000,0.00000000,0.00000000,0.00000000,0.00000000,0.00000000,0.00000000,0.00000000,0.00000000,0.00000000,0.00000000,0.00000000,0.00000000,0.00000000,0.00000000,0.00000000,-0.00098859,0.00068470,-0.00101774,0.00150829,-0.00089000,0.00110300,-0.00067809,0.00134339,0.00017404,-0.00056695,0.00030008,-0.00075117,-0.00059449,0.00192742,0.00103869,-0.00131659
0.00043355,-0.00078922,0.00284270,-0.00256508,0.00242731,-0.00072678,0.00067340,-0.00019806,0.00252345,0.00155720,0.00122546,0.00192396,-0.00191626,0.00218244,0.00233442,-0.00276148,0.00167741,0.00201441,-0.00152213,0.00022742,0.00207785,0.00288411,0.00261262,0.00342970,-0.00162263,0.00344932,0.00032862,0.00234023,0.00089487,0.00061905,0.00210144,-0.00327520,0.00118507,0.00204793,0.00148880,-0.00258006,-0.00107471,-0.00001124,-0.00282513,0.00313885,0.00060585,0.00292098,0.00317416,-0.00167300,-0.00014452,0.00136697,0.00090899,0.00248419,-0.00257227,-0.00293788,-0.00069465,0.00286183,-0.00198854,0.00189809,-0.00207527,-0.00021406,-0.00163792,0.00211899,0.00205802,0.00153147,0.00241074,0.00039574,-0.00150441,-0.00148105,-0.00262586,0.00017824,-0.00241350,-0.00223615,-0.00029282,-0.00081671,0.00066057,0.00111882,0.00130324,0.00018544,-0.00153602,0.00227341,0.00071268,-0.00097916,0.00129463,-0.00135601,-0.00120196,0.00123001,-0.00196358,-0.00057363,0.00377040,0.00024754,-0.00224039,0.00100163,0.00047334,0.00191270,0.00170004,0.00254133,0.00120302,0.00177582,0.00185302,-0.01480513,-0.00137556,0.00046099,0.00157885,0.00093498,-0.00170844,-0.00029218,-0.00146267,-0.00053601,0.00078614,0.00322274,0.00255603,0.00055603,-0.00035206,-0.00144226,0.00217193,0.00097316,0.00118210,0.00076795,-0.00001041,0.00219199,0.00239322,-0.00158563,-0.00309484,0.00079653,0.00155055,0.00118542,0.00215454,-0.00170054,-0.00190904,-0.00044592,-0.00050944,-0.00314132,0.00000000,0.00000000,0.00000000,0.00000000,0.00000000,0.00000000,0.00000000,0.00000000,0.00000000,0.00000000,0.00000000,0.00000000,0.00000000,0.00000000,0.00000000,0.00000000,0.00000000,0.00000000,0.00000000,0.00000000,0.00000000,0.00000000,0.00000000,0.00000000,0.00000000,0.00000000,0.00000000,0.00000000,0.00000000,0.00000000,0.00000000,0.00000000,0.00000000,0.00000000,0.00000000,0.00000000,0.00000000,0.00000000,0.00000000,0.00000000,0.00000000,0.00000000,0.00000000,0.00000000,0.00000000,0.00000000,0.00000000,0.00000000,-0.00296426,0.00132260,-0.00255792,0.00173698,-0.00285421,0.00249164,-0.00359329,0.00103841,-0.00037704,-0.00200966,-0.00160668,-0.00198337,-0.00016093,0.00282615,0.00176359,-0.00185577
-0.00000707,0.00063022,0.00432430,-0.00331008,0.00204743,-0.00249699,0.00040508,0.00051437,0.00407187,0.00248976,0.00348691,0.00293950,-0.00308433,0.00407122,0.00399741,-0.00257730,0.00435588,0.00399567,-0.00358941,-0.00039487,0.00304685,0.00332400,0.00357616,0.00331313,-0.00383898,0.00338644,0.00240293,0.00250546,0.00057500,0.00405233,0.00431594,-0.00402766,-0.00016275,0.00390497,0.00384057,-0.00354500,-0.00215351,0.00085665,-0.00344974,0.00419094,0.00201510,0.00430778,0.00385541,-0.00199513,-0.00148558,0.00280752,0.00212376,0.00202265,-0.00272782,-0.00431120,-0.00300286,0.00323233,-0.00443238,0.00251034,-0.00345363,0.00138135,-0.00169459,0.00309538,0.00440228,0.00350920,0.00389155,0.00363735,-0.00305202,-0.00232526,-0.00242650,-0.00237615,-0.00449359,-0.00403031,0.00197943,-0.00180544,0.00323110,0.00354291,0.00261300,-0.00235808,-0.00335284,0.00040837,0.00133594,-0.00274077,0.00162043,0.00049735,-0.00274373,0.00269248,-0.00324115,-0.00254063,0.00377857,-0.00044854,-0.00429235,0.00378926,-0.00062145,0.00255398,0.00300415,0.00320371,0.00308917,0.00071702,0.00406909,0.00216256,-0.01495428,0.00218626,0.00154643,-0.00013554,-0.00246786,-0.00186801,-0.00308888,-0.00256707,0.00236333,0.00311489,0.00294114,0.00215764,-0.00260927,-0.00418291,0.00253470,-0.00133641,0.00081218,0.00114803,-0.00125238,0.00385994,-0.00015724,-0.00433881,-0.00386392,0.00334143,0.00071108,0.00324804,0.00464907,0.00002748,-0.00301089,0.00145720,-0.00332354,-0.00195551,0.00000000,0.00000000,0.00000000,0.00000000,0.00000000,0.00000000,0.00000000,0.00000000,0.00000000,0.00000000,0.00000000,0.00000000,0.00000000,0.00000000,0.00000000,0.00000000,0.00000000,0.00000000,0.00000000,0.00000000,0.00000000,0.00000000,0.00000000,0.00000000,0.00000000,0.00000000,0.00000000,0.00000000,0.00000000,0.00000000,0.00000000,0.00000000,0.00000000,0.00000000,0.00000000,0.00000000,0.00000000,0.00000000,0.00000000,0.00000000,0.00000000,0.00000000,0.00000000,0.00000000,0.00000000,0.00000000,0.00000000,0.00000000,-0.00401484,0.00057785,-0.00340798,0.00281272,-0.00423733,0.00384767,-0.00268082,0.00215325,-0.00089695,-0.00348599,-0.00001731,-0.00417244,-0.00353430,0.00341245,0.00449122,-0.00349729
0.00082342,-0.00045324,0.00000453,-0.00071813,0.00111715,0.00132869,0.00006300,0.00114920,0.00115196,-0.00025379,0.00011673,0.00016222,-0.00061709,0.00154120,-0.00035431,0.00028577,0.00024695,0.00078519,-0.00175362,-0.00122331,-0.00018799,0.00011471,-0.00028076,0.00022071,-0.00169328,0.00047693,-0.00055377,0.00030456,-0.00103704,-0.00043281,0.00038781,-0.00117189,-0.00015885,0.00025218,0.00065168,-0.00119878,-0.00188674,-0.00045595,-0.00028938,-0.00014490,-0.00034692,0.00134233,0.00113731,-0.00001616,0.00000726,-0.00033105,-0.00094219,0.00122757,-0.00074869,-0.00121268,-0.00021513,0.00130171,-0.00057016,0.00032644,0.00106347,-0.00148524,0.00071863,0.00157069,0.00010484,0.00061511,-0.00026047,-0.00086708,-0.00065492,-0.00019971,0.00011275,0.00076432,0.00005104,-0.00046530,0.00145779,0.00016760,-0.00013943,0.00058021,-0.00098975,0.00062587,-0.00168698,0.00117666,-0.00058987,-0.00061600,0.00169983,-0.00050382,-0.00040817,0.00084415,0.00045135,-0.00080100,-0.00057558,-0.00174779,-0.00156381,0.00001047,0.00032133,0.00188641,0.00126947,0.00073643,0.00069939,0.00137696,0.00033912,-0.00138632,-0.00099756,-0.01646945,0.00033720,0.00054403,0.00045556,0.00042310,-0.00101740,-0.00018361,-0.00031657,0.00036016,-0.00038256,0.00062161,0.00021469,0.00037527,-0.00008910,0.00004501,-0.00000450,-0.00044140,0.00045306,-0.00010603,0.00182781,-0.00013974,-0.00078451,0.00059858,0.00071282,-0.00101298,-0.00011979,0.00073984,-0.00027091,-0.00141524,0.00009705,-0.00132382,0.00000000,0.00000000,0.00000000,0.00000000,0.00000000,0.00000000,0.00000000,0.00000000,0.00000000,0.00000000,0.00000000,0.00000000,0.00000000,0.00000000,0.00000000,0.00000000,0.00000000,0.00000000,0.00000000,0.00000000,0.00000000,0.00000000,0.00000000,0.00000000,0.00000000,0.00000000,0.00000000,0.00000000,0.00000000,0.00000000,0.00000000,0.00000000,0.00000000,0.00000000,0.00000000,0.00000000,0.00000000,0.00000000,0.00000000,0.00000000,0.00000000,0.00000000,0.00000000,0.00000000,0.00000000,0.00000000,0.00000000,0.00000000,-0.00091562,0.00068030,-0.00138512,0.00022709,-0.00030078,0.00166662,-0.00137947,0.00073311,-0.00065114,-0.00029901,-0.00054056,-0.00145184,-0.00100893,0.00049584,0.00148521,-0.00096671
-0.00011944,0.00061984,0.00042388,-0.00116014,0.00037482,-0.00038055,0.00003740,-0.00002490,0.00215528,0.00046383,0.00131686,0.00084429,-0.00125456,0.00239990,0.00131370,-0.00067273,0.00181935,0.00174593,-0.00204946,-0.00101379,0.00090595,0.00135475,0.00070677,0.00135055,-0.00099543,0.00142016,0.00116572,0.00058572,-0.00138437,-0.00073240,0.00196614,-0.00183378,0.00001565,0.00246549,0.00168331,-0.00178309,-0.00082908,-0.00052502,-0.00147854,0.00145512,0.00063929,0.00124627,0.00228536,-0.00095259,0.00047848,0.00093368,0.00014743,0.00053821,-0.00118802,-0.00158427,-0.00063169,0.00130711,-0.00168337,0.00068480,-0.00017227,-0.00098982,0.00169035,0.00091172,0.00097404,-0.00008343,-0.00010016,0.00179529,-0.00209904,-0.00138924,-0.00073806,-0.00185275,-0.00165066,-0.00145594,0.00007994,-0.00093950,0.00112027,0.00221227,0.00144236,0.00029075,-0.00190158,0.00163889,0.00050217,-0.00101779,0.00144618,-0.00087227,-0.00252426,0.00107352,-0.00121668,-0.00086442,0.00100403,-0.00159623,-0.00147831,0.00088441,-0.00040463,0.00324807,0.00211889,0.00044905,0.00087161,0.00070061,0.00031495,-0.00035142,-0.00128734,0.00133148,-0.01543886,0.00009539,0.00199735,0.00080926,-0.00043945,-0.00043515,0.00187990,0.00079298,-0.00021611,0.00035272,-0.00073752,-0.00064179,0.00178485,0.00004500,0.00160218,0.00147749,0.00019216,0.00144242,0.00155423,-0.00181768,-0.00113563,0.00162693,0.00002527,-0.00028661,0.00086297,0.00053723,-0.00103176,-0.00008954,-0.00113096,-0.00119768,0.00000000,0.00000000,0.00000000,0.00000000,0.00000000,0.00000000,0.00000000,0.00000000,0.00000000,0.00000000,0.00000000,0.00000000,0.00000000,0.00000000,0.00000000,0.00000000,0.00000000,0.00000000,0.00000000,0.00000000,0.00000000,0.00000000,0.00000000,0.00000000,0.00000000,0.00000000,0.00000000,0.00000000,0.00000000,0.00000000,0.00000000,0.00000000,0.00000000,0.00000000,0.00000000,0.00000000,0.00000000,0.00000000,0.00000000,0.00000000,0.00000000,0.00000000,0.00000000,0.00000000,0.00000000,0.00000000,0.00000000,0.00000000,-0.00185714,0.00068459,-0.00063259,0.00066167,-0.00092969,0.00233241,-0.00163114,0.00211956,-0.00058304,-0.00151160,-0.00041642,-0.00117631,-0.00220190,0.00228766,0.00224099,-0.00154557
-0.00075733,0.00034611,-0.00032776,-0.00002215,-0.00069478,0.00049030,0.00002964,-0.00049305,-0.00093732,-0.00010512,0.00087180,-0.00121403,-0.00001064,-0.00036664,-0.00077434,0.00002567,-0.00119059,-0.00119367,-0.00000301,-0.00000011,-0.00058915,0.00003589,-0.00042783,-0.00043018,0.00008132,-0.00129656,-0.00058198,-0.00055850,-0.00059711,0.00006889,0.00003699,0.00014335,-0.00119994,-0.00118851,-0.00031410,-0.00015093,0.00033704,-0.00079918,0.00055512,-0.00070149,-0.00079754,-0.00095132,-0.00065079,0.00051736,-0.00051878,0.00021575,-0.00025637,0.00015951,0.00060567,0.00002276,-0.00026946,-0.00039267,0.00058322,-0.00023666,0.00048819,0.00003917,0.00050965,-0.00000500,-0.00073351,0.00041325,-0.00022331,0.00002272,0.00086957,-0.00051660,0.00027317,0.00054514,0.00026608,-0.00015695,-0.00003333,-0.00064927,-0.00008815,-0.00108300,-0.00077390,0.00078327,0.00031089,-0.00022746,0.00059227,0.00009112,-0.00005582,-0.00040824,-0.00070769,-0.00010519,-0.00035411,-0.00038782,-0.00127509,0.00029077,0.00078253,-0.00047765,0.00008159,-0.00070640,0.00123933,-0.00033539,0.00001449,-0.00124060,0.00032170,-0.00070396,-0.00129328,0.00065925,0.00028855,-0.01564365,0.00057080,0.00017035,-0.00013811,0.00001546,-0.00092172,-0.00026500,-0.00002965,-0.00019681,0.00040032,0.00001931,0.00009365,0.00078572,0.00023867,0.00080817,0.00019066,-0.00148815,-0.00028022,0.00015600,0.00099731,0.00014606,0.00027941,-0.00037332,-0.00132327,0.00113129,-0.00015178,-0.00050512,-0.00036222,0.00073153,0.00000000,0.00000000,0.00000000,0.00000000,0.00000000,0.00000000,0.00000000,0.00000000,0.00000000,0.00000000,0.00000000,0.00000000,0.00000000,0.00000000,0.00000000,0.00000000,0.00000000,0.00000000,0.00000000,0.00000000,0.00000000,0.00000000,0.00000000,0.00000000,0.00000000,0.00000000,0.00000000,0.00000000,0.00000000,0.00000000,0.00000000,0.00000000,0.00000000,0.00000000,0.00000000,0.00000000,0.00000000,0.00000000,0.00000000,0.00000000,0.00000000,0.00000000,0.00000000,0.00000000,0.00000000,0.00000000,0.00000000,0.00000000,0.00207098,0.00042514,-0.00041667,-0.00024380,0.00236568,-0.00101136,0.00082925,0.00026478,-0.00003144,0.00065445,0.00106556,0.00050839,0.00051420,-0.00039024,-0.00069659,0.00041431
0.00027537,0.00097519,-0.00116966,0.00135247,-0.00316640,-0.00009551,-0.00129900,0.00103454,-0.00169327,-0.00105831,-0.00061012,-0.00130476,0.00109541,-0.00189173,-0.00094015,0.00175377,-0.00152293,-0.00090054,0.00121503,0.00083813,-0.00116651,-0.00248776,-0.00095431,-0.00326534,0.00084312,-0.00177217,-0.00026577,-0.00109152,0.00064378,0.00050973,-0.00200216,0.00157103,0.00014563,-0.00178008,-0.00112916,0.00278397,0.00094547,-0.00002274,0.00173808,-0.00237080,-0.00002357,-0.00313241,-0.00238152,0.00137343,-0.00114149,-0.00186345,-0.00064984,-0.00151207,0.00200893,0.00241121,0.00072043,-0.00164870,0.00107002,-0.00201027,0.00134959,0.00100869,0.00103394,-0.00131710,-0.00174646,-0.00193176,-0.00118695,0.00048653,0.00043299,0.00031882,0.00197282,-0.00018623,0.00207810,0.00098680,-0.00008157,-0.00025870,-0.00020969,0.00021438,-0.00010076,-0.00038408,0.00145330,-0.00259655,-0.00040572,0.00068546,-0.00035972,0.00182065,0.00117664,-0.00085416,0.00034517,0.00078076,-0.00296248,0.00066708,0.00143125,-0.00009459,-0.00143419,-0.00176390,-0.00151068,-0.00232895,-0.00145790,-0.00369035,-0.00092721,0.00217719,0.00230858,-0.00033955,0.00041412,-0.00090365,-0.01302853,-0.00097288,0.00164826,-0.00008257,-0.00032014,-0.00275776,-0.00167989,0.00023557,-0.00019307,0.00031524,-0.00192979,-0.00116535,-0.00167252,-0.00000549,-0.00198725,-0.00122398,-0.00375083,0.00121974,0.00268835,-0.00013187,0.00007513,0.00035572,-0.00130115,-0.00042021,0.00065952,0.00069280,-0.00053189,0.00315338,0.00000000,0.00000000,0.00000000,0.00000000,0.00000000,0.00000000,0.00000000,0.00000000,0.00000000,0.00000000,0.00000000,0.00000000,0.00000000,0.00000000,0.00000000,0.00000000,0.00000000,0.00000000,0.00000000,0.00000000,0.00000000,0.00000000,0.00000000,0.00000000,0.00000000,0.00000000,0.00000000,0.00000000,0.00000000,0.00000000,0.00000000,0.00000000,0.00000000,0.00000000,0.00000000,0.00000000,0.00000000,0.00000000,0.00000000,0.00000000,0.00000000,0.00000000,0.00000000,0.00000000,0.00000000,0.00000000,0.00000000,0.00000000,0.00259229,0.00054690,0.00315195,-0.00116705,0.00141931,-0.00180620,0.00120069,-0.00130200,-0.00038950,0.00153532,0.00145080,0.00177581,0.00117981,-0.00252991,-0.00065360,0.00134928
-0.00088695,0.00002346,-0.00309230,0.00271436,-0.00279816,0.00061257,0.00051204,-0.00015398,-0.00331739,-0.00235785,-0.00248654,-0.00228659,0.00234523,-0.00341139,-0.00128829,0.00300909,-0.00299356,-0.00203017,0.00325065,0.00054809,-0.00264546,-0.00365556,-0.00293552,-0.00296142,0.00241457,-0.00230807,-0.00000146,-0.00222142,0.00032756,-0.00060906,-0.00346789,0.00369561,-0.00075931,-0.00311619,-0.00205871,0.00371434,0.00165756,-0.00109347,0.00350148,-0.00382237,-0.00135457,-0.00350952,-0.00354252,0.00254265,0.00059156,-0.00328392,-0.00056395,-0.00321525,0.00368858,0.00339704,0.00182076,-0.00338262,0.00331347,-0.00251732,0.00225294,0.00028506,-0.00030301,-0.00228069,-0.00321176,-0.00305569,-0.00191040,-0.00107791,0.00178439,0.00249622,0.00221301,0.00057040,0.00322006,0.00216403,0.00030164,0.00053850,-0.00136956,-0.00054807,-0.00161291,-0.00063034,0.00253927,-0.00169491,-0.00087343,0.00170860,-0.00179115,0.00151519,0.00240850,-0.00253350,0.00173629,0.00147897,-0.00323422,0.00001798,0.00303804,-0.00117705,-0.00165727,-0.00239054,-0.00222629,-0.00335111,-0.00220693,-0.00202340,-0.00193012,0.00114859,0.00151735,-0.00172930,-0.00132147,-0.00038693,0.00192798,-0.01491564,0.00286220,0.00041199,-0.00184096,-0.00306775,-0.00186344,-0.00017255,0.00028047,0.00205225,-0.00380571,-0.00148600,-0.00193091,-0.00153693,-0.00016927,-0.00223296,-0.00184144,0.00222841,0.00399652,-0.00193708,-0.00248964,-0.00226273,-0.00247767,0.00015399,0.00136097,0.00021656,0.00105230,0.00195254,0.00000000,0.00000000,0.00000000,0.00000000,0.00000000,0.00000000,0.00000000,0.00000000,0.00000000,0.00000000,0.00000000,0.00000000,0.00000000,0.00000000,0.00000000,0.00000000,0.00000000,0.00000000,0.00000000,0.00000000,0.00000000,0.00000000,0.00000000,0.00000000,0.00000000,0.00000000,0.00000000,0.00000000,0.00000000,0.00000000,0.00000000,0.00000000,0.00000000,0.00000000,0.00000000,0.00000000,0.00000000,0.00000000,0.00000000,0.00000000,0.00000000,0.00000000,0.00000000,0.00000000,0.00000000,0.00000000,0.00000000,0.00000000,0.00331421,-0.00100568,0.00282239,-0.00119669,0.00328569,-0.00325713,0.00322039,-0.00243762,0.00060600,0.00224917,0.00208425,0.00208024,0.00161854,-0.00347892,-0.00359189,0.00341356
-0.00032956,0.00017108,0.00040602,-0.00108600,-0.00205072,-0.00191258,-0.00155539,0.00075124,0.00051543,0.00055536,0.00142669,0.00028237,-0.00061941,0.00049391,0.00110048,-0.00005284,0.00117318,0.00087022,-0.00004043,0.00041661,0.00110275,0.00043869,0.00053502,0.00080619,-0.00104865,0.00082608,0.00176484,0.00166663,0.00059741,0.00088676,0.00171880,-0.00051265,-0.00068593,0.00048616,0.00066464,0.00056633,-0.00111590,0.00075439,-0.00004774,0.00032955,0.00197010,0.00060518,0.00030528,0.00001516,-0.00123361,0.00037331,0.00034938,0.00022040,-0.00041186,0.00024677,-0.00113401,0.00050520,-0.00060867,0.00018725,-0.00114796,0.00145569,-0.00177411,0.00101247,0.00061819,0.00082758,0.00163307,0.00182139,-0.00181149,-0.00136016,-0.00056957,-0.00152026,-0.00041508,-0.00168734,0.00023375,-0.00066819,0.00079150,0.00024631,0.00080875,-0.00185225,-0.00036857,-0.00292509,0.00158009,-0.00104585,-0.00041992,0.00124334,-0.00128295,0.00103299,-0.00095999,-0.00097076,0.00067945,-0.00024723,-0.00068511,0.00155576,-0.00169688,-0.00099567,-0.00036414,-0.00036503,0.00034388,-0.00077816,0.00132925,0.00162703,0.00080922,0.00036107,0.00093048,-0.00114053,-0.00004701,-0.00097404,-0.01512633,-0.00103474,0.00091377,0.00100008,0.00019097,0.00097769,-0.00128678,-0.00052589,0.00015609,-0.00131258,-0.00043785,0.00082878,-0.00118255,0.00095827,-0.00168272,-0.00121544,-0.00028268,0.00178363,-0.00026755,0.00024857,0.00154438,0.00109780,-0.00064152,0.00196672,-0.00269496,0.00144064,0.00000000,0.00000000,0.00000000,0.00000000,0.00000000,0.00000000,0.00000000,0.00000000,0.00000000,0.00000000,0.00000000,0.00000000,0.00000000,0.00000000,0.00000000,0.00000000,0.00000000,0.00000000,0.00000000,0.00000000,0.00000000,0.00000000,0.00000000,0.00000000,0.00000000,0.00000000,0.00000000,0.00000000,0.00000000,0.00000000,0.00000000,0.00000000,0.00000000,0.00000000,0.00000000,0.00000000,0.00000000,0.00000000,0.00000000,0.00000000,0.00000000,0.00000000,0.00000000,0.00000000,0.00000000,0.00000000,0.00000000,0.00000000,-0.00025404,0.00029156,0.00037215,0.00095330,0.00072899,0.00018515,0.00050740,0.00010217,-0.00013250,-0.00051451,0.00112983,-0.00059278,-0.00106091,-0.00033640,-0.00003337,-0.00111150
-0.00155772,0.00093187,-0.00065608,0.00079845,-0.00099754,0.00050284,-0.00039726,0.00022484,-0.00206867,-0.00068128,-0.00139269,-0.00161342,0.00134394,-0.00137207,-0.00195208,0.00165127,-0.00077446,-0.00218925,0.00167883,0.00102215,-0.00135281,-0.00085493,-0.00195568,-0.00143759,0.00214887,-0.00196919,-0.00036932,-0.00117981,0.00075905,-0.00126410,-0.00226484,0.00184117,-0.00029059,-0.00182041,-0.00134192,0.00197075,0.00074672,0.00027660,0.00098263,-0.00150811,-0.00137464,-0.00237115,-0.00181628,0.00061167,-0.00022891,-0.00236720,0.00081262,-0.00144457,0.00115951,0.00238686,0.00030825,-0.00165049,0.00186185,-0.00023010,0.00083216,0.00048941,-0.00013721,-0.00056524,-0.00130364,-0.00100772,-0.00129334,-0.00179370,-0.00011601,0.00103550,0.00118000,0.00074462,0.00132861,0.00061125,-0.00087671,0.00011261,-0.00057736,-0.00117899,0.00006842,-0.00051041,0.00258579,-0.00199835,0.00042518,0.00132620,-0.00176740,0.00136449,0.00043010,-0.00182123,0.00211815,-0.00106574,-0.00102830,0.00128830,0.00180878,-0.00062851,-0.00119891,-0.00157677,-0.00115935,-0.00179999,-0.00204232,-0.00090296,-0.00080020,-0.00019796,0.00069229,-0.00088199,-0.00097145,0.00022360,0.00052628,-0.00105236,0.00109723,-0.01485995,-0.00107105,-0.00071175,-0.00057326,0.00020220,0.00120198,0.00096126,-0.00101894,-0.00120064,-0.00134511,-0.00039939,-0.00081203,-0.00178308,-0.00095532,0.00105591,0.00191413,-0.00153489,-0.00046573,-0.00029457,-0.00123972,-0.00230553,0.00094874,0.00079617,-0.00045067,0.00038571,0.00000000,0.00000000,0.00000000,0.00000000,0.00000000,0.00000000,0.00000000,0.00000000,0.00000000,0.00000000,0.00000000,0.00000000,0.00000000,0.00000000,0.00000000,0.00000000,0.00000000,0.00000000,0.00000000,0.00000000,0.00000000,0.00000000,0.00000000,0.00000000,0.00000000,0.00000000,0.00000000,0.00000000,0.00000000,0.00000000,0.00000000,0.00000000,0.00000000,0.00000000,0.00000000,0.00000000,0.00000000,0.00000000,0.00000000,0.00000000,0.00000000,0.00000000,0.00000000,0.00000000,0.00000000,0.00000000,0.00000000,0.00000000,0.00151346,-0.00057858,0.00134241,-0.00038935,0.00216851,-0.00172679,0.00023201,-0.00111861,0.00051317,0.00074188,0.00009086,0.00022733,0.00166349,-0.00162641,-0.00100214,0.00130912
0.00063193,-0.00111141,-0.00042332,-0.00003788,0.00069853,0.00040029,0.00081262,-0.00002255,-0.00019428,-0.00045175,0.00099050,-0.00093781,0.00035725,0.00063613,0.00075925,0.00010334,0.00031807,-0.00013793,-0.00057865,-0.00016701,-0.00019239,0.00033926,-0.00053297,-0.00079960,-0.00030403,0.00143083,-0.00031344,-0.00089231,-0.00091742,0.00034060,0.00012265,0.00010130,-0.00031457,0.00132162,0.00076586,-0.00033533,-0.00060367,0.00035731,-0.00000875,-0.00043938,-0.00067274,0.00110800,0.00163395,0.00034709,0.00024776,0.00049891,0.00020986,0.00028035,-0.00100370,-0.00028031,-0.00073826,-0.00055535,-0.00028806,-0.00090830,0.00031377,-0.00062264,0.00179595,-0.00041253,0.00200936,-0.00000836,-0.00010699,-0.00037908,-0.00056564,0.00015924,-0.00032006,0.00102682,-0.00025581,-0.00065833,0.00022702,-0.00038935,0.00072524,0.00111582,-0.00073600,0.00088355,-0.00013511,0.00077115,0.00033540,0.00012537,0.00148027,-0.00039921,-0.00018726,0.00009384,0.00008110,-0.00101757,0.00018490,-0.00068379,-0.00121242,-0.00022598,0.00006078,0.00158267,0.00084999,-0.00083840,0.00008076,0.00196364,-0.00037439,-0.00081551,-0.00094045,-0.00029595,0.00012803,-0.00062599,0.00017892,-0.00004129,0.00021365,-0.00104755,-0.01548968,-0.00008664,-0.00119423,0.00012262,0.00057408,-0.00014628,-0.00023343,0.00020645,0.00031356,0.00020021,0.00122367,0.00066114,0.00060661,0.00001990,-0.00030616,-0.00012279,-0.00035633,-0.00098569,0.00074023,-0.00005437,-0.00055536,-0.00080355,0.00029365,-0.00163435,0.00000000,0.00000000,0.00000000,0.00000000,0.00000000,0.00000000,0.00000000,0.00000000,0.00000000,0.00000000,0.00000000,0.00000000,0.00000000,0.00000000,0.00000000,0.00000000,0.00000000,0.00000000,0.00000000,0.00000000,0.00000000,0.00000000,0.00000000,0.00000000,0.00000000,0.00000000,0.00000000,0.00000000,0.00000000,0.00000000,0.00000000,0.00000000,0.00000000,0.00000000,0.00000000,0.00000000,0.00000000,0.00000000,0.00000000,0.00000000,0.00000000,0.00000000,0.00000000,0.00000000,0.00000000,0.00000000,0.00000000,0.00000000,-0.00002991,-0.00013404,0.00004140,0.00014424,0.00001339,0.00127294,0.00058283,0.00056914,0.00035803,0.00036461,0.00068191,-0.00098848,-0.00068506,-0.00020153,0.00031584,-0.00134987
0.00013801,-0.00161146,-0.00071201,0.00094555,0.00220269,0.00158389,0.00202222,-0.00187987,-0.00001574,-0.00145790,-0.00119477,0.00013770,0.00054824,-0.00036594,-0.00081900,0.00168031,-0.00059021,-0.00041329,-0.00029490,-0.00088013,-0.00024621,-0.00072284,-0.00079742,-0.00015065,0.00021481,-0.00024096,-0.00217458,-0.00180648,-0.00117176,-0.00089246,0.00007286,-0.00018962,-0.00017072,0.00027078,-0.00038977,-0.00005069,0.00091333,0.00074776,0.00031223,-0.00082853,-0.00114936,0.00070841,0.00003133,-0.00057760,0.00234422,-0.00117663,-0.00091977,-0.00004398,0.00009818,0.00074980,0.00113013,-0.00038331,0.00093251,-0.00023793,0.00146566,-0.00197599,0.00090701,-0.00171203,-0.00175597,-0.00162041,-0.00160879,-0.00000155,0.00072366,0.00046596,0.00044941,0.00172905,0.00051228,0.00108859,0.00020387,0.00080651,-0.00140914,-0.00085836,-0.00132526,0.00074959,0.00024221,0.00377763,-0.00226422,0.00110283,0.00034328,-0.00192512,0.00157802,-0.00089654,0.00134488,0.00147461,-0.00001588,-0.00110639,-0.00010367,-0.00080875,0.00166110,0.00079003,0.00009078,-0.00101741,-0.00006131,0.00222946,-0.00123327,-0.00196484,-0.00228884,-0.00114705,-0.00154212,0.00166283,0.00035531,0.00214531,0.00050162,0.00221033,-0.00128773,-0.01610078,-0.00021443,-0.00087590,0.00007017,0.00071220,-0.00058708,-0.00050344,0.00070979,-0.00121004,0.00125708,-0.00108401,0.00272703,0.00120944,-0.00034953,-0.00158988,0.00015278,-0.00058254,-0.00159057,0.00129144,0.00162967,-0.00257031,0.00219793,-0.00221774,0.00000000,0.00000000,0.00000000,0.00000000,0.00000000,0.00000000,0.00000000,0.00000000,0.00000000,0.00000000,0.00000000,0.00000000,0.00000000,0.00000000,0.00000000,0.00000000,0.00000000,0.00000000,0.00000000,0.00000000,0.00000000,0.00000000,0.00000000,0.00000000,0.00000000,0.00000000,0.00000000,0.00000000,0.00000000,0.00000000,0.00000000,0.00000000,0.00000000,0.00000000,0.00000000,0.00000000,0.00000000,0.00000000,0.00000000,0.00000000,0.00000000,0.00000000,0.00000000,0.00000000,0.00000000,0.00000000,0.00000000,0.00000000,0.00015004,-0.00062182,0.00036174,0.00023677,-0.00163231,0.00084569,-0.00001251,-0.00017161,0.00054821,0.00051888,-0.00075419,-0.00050719,0.00018680,0.00009825,-0.00048960,0.00044876
0.00091518,-0.00114125,0.00068490,-0.00055141,0.00240204,-0.00004701,0.00197883,-0.00057255,0.00148412,0.00029487,0.00149594,0.00066828,-0.00188212,0.00211907,0.00129340,-0.00100202,0.00126015,0.00156074,-0.00140286,-0.00041478,0.00026519,0.00108131,0.00075402,0.00163690,-0.00122989,0.00173649,-0.00035134,0.00064845,-0.00200178,0.00013771,0.00177945,-0.00216113,0.00009149,0.00110337,0.00105507,-0.00086167,0.00028585,-0.00115623,-0.00190651,0.00108495,0.00012834,0.00186051,0.00198497,-0.00018376,-0.00018769,0.00113445,0.00012145,0.00191521,-0.00174293,-0.00168592,-0.00111357,0.00162244,-0.00141177,0.00071201,0.00013430,-0.00157356,0.00044328,0.00074265,0.00140542,0.00097723,0.00104742,0.00021498,-0.00081793,-0.00023607,-0.00069361,-0.00021699,-0.00136956,-0.00146270,0.00067368,0.00018517,0.00064997,0.00071732,0.00041423,0.00045683,-0.00123117,0.00274776,0.00008161,-0.00084315,0.00169779,-0.00219348,-0.00105917,0.00068802,-0.00106473,-0.00018208,0.00154788,-0.00131347,-0.00116004,0.00088829,0.00158482,0.00167477,0.00158864,0.00063989,0.00064455,0.00282250,0.00015427,-0.00106572,-0.00204953,0.00021790,-0.00051360,0.00037997,-0.00020189,0.00136253,-0.00133154,0.00019783,0.00004563,0.00266380,-0.01246857,0.00008206,-0.00003558,-0.00073509,0.00202777,-0.00016912,0.00067735,0.00039110,0.00148500,0.00110249,0.00264569,-0.00100162,-0.00164877,0.00147204,-0.00049672,-0.00009611,0.00121515,0.00142128,-0.00155843,-0.00130040,-0.00081079,-0.00267562,0.00000000,0.00000000,0.00000000,0.00000000,0.00000000,0.00000000,0.00000000,0.00000000,0.00000000,0.00000000,0.00000000,0.00000000,0.00000000,0.00000000,0.00000000,0.00000000,0.00000000,0.00000000,0.00000000,0.00000000,0.00000000,0.00000000,0.00000000,0.00000000,0.00000000,0.00000000,0.00000000,0.00000000,0.00000000,0.00000000,0.00000000,0.00000000,0.00000000,0.00000000,0.00000000,0.00000000,0.00000000,0.00000000,0.00000000,0.00000000,0.00000000,0.00000000,0.00000000,0.00000000,0.00000000,0.00000000,0.00000000,0.00000000,-0.00199403,-0.00014756,-0.00100684,0.00120946,-0.00171651,0.00203250,-0.00101245,0.00083751,0.00017312,-0.00122783,-0.00016983,-0.00157457,-0.00135158,0.00178963,0.00141417,-0.00196467
0.00048686,-0.00038048,-0.00021958,0.00020598,0.00158879,0.00067158,0.00050330,-0.00066660,0.00122956,-0.00029396,-0.00029239,0.00024808,-0.00104528,0.00025911,-0.00062874,0.00033515,0.00078651,-0.00055329,-0.00059295,-0.00106330,-0.00012809,-0.00011613,0.00037452,0.00017052,0.00019037,-0.00045414,-0.00117159,0.00041645,-0.00050801,-0.00035089,0.00079882,-0.00064197,-0.00015503,0.00037598,0.00008342,-0.00014875,0.00048211,-0.00125343,-0.00057269,-0.00013907,-0.00133720,0.00007046,0.00045341,0.00074806,0.00072453,-0.00014198,-0.00034593,-0.00015371,0.00033228,0.00026127,0.00042452,0.00097723,-0.00007240,-0.00003416,0.00067129,0.00006197,0.00102349,-0.00011598,0.00007212,-0.00088331,0.00015261,-0.00022359,0.00112196,-0.00009135,0.00027518,0.00117156,0.00008080,0.00022817,0.00034480,0.00044852,-0.00055186,0.00003275,-0.00028829,0.00022652,-0.00044162,0.00174049,-0.00161403,0.00070856,0.00092680,-0.00082430,-0.00004822,0.00012223,0.00015372,0.00057686,0.00039736,-0.00098749,-0.00025799,0.00026966,0.00171997,0.00024675,0.00112179,0.00154889,-0.00065200,0.00227326,-0.00034071,-0.00035967,-0.00118031,-0.00027438,-0.00110001,-0.00007558,-0.00033304,0.00151534,-0.00000404,0.00155161,-0.00023910,0.00089640,-0.00076337,-0.01556253,0.00015536,0.00033157,0.00002664,-0.00030808,0.00078017,-0.00153749,0.00068074,0.00048757,0.00197449,0.00011716,-0.00155485,0.00015704,-0.00026972,0.00007815,0.00005672,0.00077507,-0.00043827,-0.00123354,0.00203863,-0.00225138,0.00000000,0.00000000,0.00000000,0.00000000,0.00000000,0.00000000,0.00000000,0.00000000,0.00000000,0.00000000,0.00000000,0.00000000,0.00000000,0.00000000,0.00000000,0.00000000,0.00000000,0.00000000,0.00000000,0.00000000,0.00000000,0.00000000,0.00000000,0.00000000,0.00000000,0.00000000,0.00000000,0.00000000,0.00000000,0.00000000,0.00000000,0.00000000,0.00000000,0.00000000,0.00000000,0.00000000,0.00000000,0.00000000,0.00000000,0.00000000,0.00000000,0.00000000,0.00000000,0.00000000,0.00000000,0.00000000,0.00000000,0.00000000,-0.00080450,-0.00108129,-0.00055869,-0.00021683,-0.00036408,0.00149065,-0.00035842,0.00019558,0.00039773,-0.00091743,-0.00093006,-0.00055567,0.00017311,0.00037939,0.00061711,-0.00029964
0.00033309,0.00003031,0.00100444,0.00006004,0.00013168,-0.00055627,-0.00016505,-0.00061466,-0.00004567,0.00026837,-0.00042440,-0.00112782,-0.00019784,-0.00106531,-0.00059629,0.00014725,-0.00004415,-0.00043015,0.00036775,0.00092276,-0.00044041,-0.00020511,0.00025097,0.00070558,0.00051727,-0.00033173,0.00112329,-0.00107796,0.00045452,0.00091244,-0.00048992,0.00018945,0.00088856,-0.00155343,0.00030461,0.00129857,-0.00085960,-0.00103299,0.00069909,0.00029903,0.00029835,-0.00045987,-0.00074128,0.00036103,-0.00009885,-0.00087237,-0.00019859,0.00042187,-0.00042510,0.00041718,0.00042112,-0.00063897,-0.00023305,-0.00041908,0.00022389,0.00086554,-0.00064986,0.00062868,-0.00075856,-0.00104894,0.00067468,0.00086576,0.00030516,0.00027510,-0.00132944,-0.00003944,0.00002943,-0.00027841,0.00020618,-0.00075914,0.00072526,-0.00088981,-0.00013944,-0.00102407,0.00027610,-0.00151129,-0.00022445,0.00032676,-0.00175490,0.00088904,-0.00022358,-0.00094788,0.00000997,0.00009517,-0.00023603,-0.00072620,0.00012882,0.00085577,0.00021972,-0.00118542,-0.00038527,-0.00057557,0.00063389,-0.00087298,0.00007018,0.00115331,0.00155119,0.00003110,0.00000464,-0.00013074,-0.00059280,-0.00071335,0.00059702,-0.00005951,0.00088061,-0.00082569,0.00138088,-0.00075427,-0.01746102,0.00024694,-0.00053550,-0.00088146,-0.00147675,-0.00019606,-0.00047052,0.00139976,-0.00108381,0.00046731,0.00075727,0.00104396,-0.00021290,0.00071851,-0.00008630,0.00043116,-0.00070308,0.00045968,-0.00076533,0.00120526,0.00000000,0.00000000,0.00000000,0.00000000,0.00000000,0.00000000,0.00000000,0.00000000,0.00000000,0.00000000,0.00000000,0.00000000,0.00000000,0.00000000,0.00000000,0.00000000,0.00000000,0.00000000,0.00000000,0.00000000,0.00000000,0.00000000,0.00000000,0.00000000,0.00000000,0.00000000,0.00000000,0.00000000,0.00000000,0.00000000,0.00000000,0.00000000,0.00000000,0.00000000,0.00000000,0.00000000,0.00000000,0.00000000,0.00000000,0.00000000,0.00000000,0.00000000,0.00000000,0.00000000,0.00000000,0.00000000,0.00000000,0.00000000,0.00090473,-0.00042700,0.00111265,0.00062648,0.00083934,-0.00060520,0.00094725,-0.00017332,0.00025039,-0.00052596,0.00005923,0.00050240,0.00121742,-0.00066583,-0.00085252,0.00004121
-0.00057836,0.00208089,0.00002454,0.00100096,-0.00180122,-0.00080792,-0.00133828,0.00122794,-0.00103162,0.00029610,-0.00012432,-0.00204978,0.00060533,-0.00181328,0.00007043,0.00001723,0.00009494,-0.00025744,0.00133101,0.00182372,-0.00035304,-0.00033581,-0.00063229,-0.00081041,0.00045488,-0.00124142,-0.00005260,-0.00035018,0.00096461,-0.00040965,-0.00037855,0.00138634,0.00107990,-0.00111435,-0.00013514,0.00080425,-0.00009094,0.00048030,0.00055539,-0.00083776,-0.00013491,-0.00097657,-0.00107026,-0.00030353,-0.00103701,-0.00115782,0.00110648,-0.00161046,0.00102862,0.00102945,0.00006065,-0.00088240,0.00080724,-0.00033189,0.00059418,0.00292878,-0.00111631,-0.00017384,-0.00112036,-0.00032585,-0.00009164,0.00024936,-0.00053341,-0.00018620,-0.00029033,-0.00050456,0.00052179,0.00044552,-0.00159215,-0.00207997,-0.00099466,-0.00147182,0.00114791,-0.00064556,0.00142950,-0.00331654,0.00092022,0.00036933,-0.00225614,0.00266826,0.00008558,-0.00080036,0.00077672,0.00084029,-0.00055236,0.00201789,0.00148867,-0.00017231,-0.00147610,-0.00349755,-0.00198493,-0.00081101,-0.00043985,-0.00238560,-0.00008831,0.00142156,0.00184570,0.00067207,0.00072874,-0.00008652,-0.00168800,-0.00116567,0.00179337,-0.00109168,-0.00021564,-0.00129398,0.00098151,-0.00051947,0.00076864,-0.01055365,-0.00100993,-0.00110296,-0.00124689,0.00041548,-0.00159917,-0.00065475,-0.00369911,0.00096790,0.00078073,-0.00041666,-0.00034753,0.00060888,0.00021368,-0.00160882,0.00030650,0.00270253,-0.00146819,0.00231878,0.00000000,0.00000000,0.00000000,0.00000000,0.00000000,0.00000000,0.00000000,0.00000000,0.00000000,0.00000000,0.00000000,0.00000000,0.00000000,0.00000000,0.00000000,0.00000000,0.00000000,0.00000000,0.00000000,0.00000000,0.00000000,0.00000000,0.00000000,0.00000000,0.00000000,0.00000000,0.00000000,0.00000000,0.00000000,0.00000000,0.00000000,0.00000000,0.00000000,0.00000000,0.00000000,0.00000000,0.00000000,0.00000000,0.00000000,0.00000000,0.00000000,0.00000000,0.00000000,0.00000000,0.00000000,0.00000000,0.00000000,0.00000000,0.00168738,-0.00070776,0.00135828,-0.00150489,0.00149023,-0.00131869,0.00214177,-0.00105883,-0.00024469,0.00182170,0.00089014,0.00109712,0.00065684,-0.00154179,-0.00138688,0.00135879
0.00104709,-0.00076257,-0.00085119,-0.00049819,0.00162092,0.00046340,0.00058475,-0.00004867,-0.00083062,-0.00143136,0.00089215,-0.00052113,0.00016925,0.00026189,-0.00007653,0.00053397,-0.00078367,0.00043229,-0.00087316,-0.00164120,-0.00115878,0.00007855,-0.00047819,-0.00075266,0.00038058,0.00021117,-0.00099765,-0.00112915,-0.00108250,-0.00072951,0.00111139,-0.00022405,-0.00096141,0.00059839,-0.00048790,-0.00013934,0.00124247,-0.00081758,-0.00027021,0.00009436,-0.00041358,0.00045316,0.00134158,-0.00016669,0.00221873,0.00045260,-0.00105509,0.00038225,-0.00066118,0.00025389,0.00073762,-0.00037823,0.00122654,-0.00012679,0.00090741,-0.00105901,0.00151221,-0.00038420,-0.00036139,-0.00121187,-0.00118922,-0.00054383,0.00036763,0.00127151,0.00006434,0.00166282,-0.00041776,0.00117620,0.00050439,0.00103589,0.00133210,-0.00038135,-0.00010342,0.00100937,-0.00149118,0.00223183,-0.00137914,0.00119121,-0.00055802,-0.00141593,0.00042101,-0.00019739,-0.00013839,0.00052046,-0.00073559,-0.00185981,0.00022487,0.00037657,0.00084909,0.00160642,0.00058919,-0.00031357,-0.00098575,0.00237388,0.00047541,-0.00116793,-0.00249228,-0.00147555,-0.00021421,0.00061501,0.00033944,-0.00000486,-0.00044976,0.00129130,-0.00036042,0.00025345,-0.00011027,-0.00056805,-0.00002582,0.00035910,-0.01434110,-0.00015530,0.00098529,-0.00020737,0.00127086,0.00006685,0.00184256,0.00050868,-0.00052373,-0.00042764,-0.00074842,-0.00108914,-0.00093839,0.00090006,0.00036281,-0.00246108,0.00069041,-0.00115523,0.00000000,0.00000000,0.00000000,0.00000000,0.00000000,0.00000000,0.00000000,0.00000000,0.00000000,0.00000000,0.00000000,0.00000000,0.00000000,0.00000000,0.00000000,0.00000000,0.00000000,0.00000000,0.00000000,0.00000000,0.00000000,0.00000000,0.00000000,0.00000000,0.00000000,0.00000000,0.00000000,0.00000000,0.00000000,0.00000000,0.00000000,0.00000000,0.00000000,0.00000000,0.00000000,0.00000000,0.00000000,0.00000000,0.00000000,0.00000000,0.00000000,0.00000000,0.00000000,0.00000000,0.00000000,0.00000000,0.00000000,0.00000000,0.00008528,-0.00031341,-0.00007232,0.00038826,-0.00085805,0.00143145,-0.00010320,0.00003401,-0.00079804,-0.00010522,-0.00026364,-0.00127157,0.00002253,0.00015044,0.00067083,0.00058945
0.00060004,0.00068334,-0.00126702,0.00122292,-0.00194335,0.00183939,-0.00035039,0.00104478,-0.00180863,-0.00080448,-0.00052497,-0.00106736,0.00082325,-0.00053682,-0.00131389,0.00035037,-0.00182887,-0.00042474,0.00029031,0.00008768,-0.00125796,-0.00183572,-0.00139564,-0.00157870,0.00127024,-0.00188353,-0.00042501,-0.00021298,-0.00017051,-0.00042073,-0.00191261,0.00031833,0.00059068,-0.00140808,-0.00116261,0.00170089,-0.00042089,-0.00085941,0.00088747,-0.00181778,-0.00005112,-0.00225791,-0.00111873,-0.00021367,-0.00004069,-0.00032190,0.00083410,-0.00037343,0.00109051,0.00120950,0.00130373,-0.00154686,0.00087309,-0.00150228,0.00057782,-0.00018678,-0.00019654,-0.00091631,-0.00129786,-0.00133372,-0.00226883,-0.00126722,-0.00012692,0.00045563,0.00064710,0.00037631,0.00168615,0.00123933,-0.00016089,0.00014185,-0.00091616,-0.00000827,0.00040138,0.00026294,0.00104628,-0.00071321,-0.00068679,0.00062855,0.00027227,0.00045726,0.00065754,-0.00102191,0.00167618,0.00135205,-0.00190089,0.00033395,0.00063754,-0.00155557,-0.00058952,-0.00133714,-0.00032413,-0.00030629,-0.00069231,-0.00144765,-0.00116024,0.00008967,-0.00052003,-0.00077722,-0.00120884,-0.00033522,0.00071007,-0.00087545,-0.00091877,-0.00005693,0.00016200,-0.00232636,-0.00112167,0.00034287,0.00028588,0.00124896,-0.00067617,-0.01397709,-0.00068332,-0.00026803,-0.00226887,-0.00120490,-0.00058985,0.00026523,0.00127848,-0.00057220,-0.00028790,-0.00155932,-0.00161961,-0.00017759,0.00044798,-0.00034786,0.00061265,0.00181766,0.00000000,0.00000000,0.00000000,0.00000000,0.00000000,0.00000000,0.00000000,0.00000000,0.00000000,0.00000000,0.00000000,0.00000000,0.00000000,0.00000000,0.00000000,0.00000000,0.00000000,0.00000000,0.00000000,0.00000000,0.00000000,0.00000000,0.00000000,0.00000000,0.00000000,0.00000000,0.00000000,0.00000000,0.00000000,0.00000000,0.00000000,0.00000000,0.00000000,0.00000000,0.00000000,0.00000000,0.00000000,0.00000000,0.00000000,0.00000000,0.00000000,0.00000000,0.00000000,0.00000000,0.00000000,0.00000000,0.00000000,0.00000000,0.00130752,0.00048143,0.00081974,-0.00022721,0.00137285,-0.00153767,-0.00028284,0.00008539,-0.00077037,0.00124131,0.00028548,0.00046837,0.00073675,-0.00003413,-0.00160813,0.00174623
0.00001042,-0.00004361,-0.00215050,0.00213372,-0.00305069,0.00092958,-0.00061159,0.00032417,-0.00271566,-0.00206951,-0.00063311,-0.00130995,0.00107567,-0.00200899,-0.00116436,0.00189675,-0.00196717,-0.00022943,0.00113597,-0.00088889,-0.00334805,-0.00245445,-0.00175482,-0.00369184,0.00138601,-0.00184957,-0.00019144,-0.00076094,-0.00153915,-0.00126072,-0.00198229,0.00179015,-0.00127065,-0.00098391,-0.00073686,0.00170502,0.00018677,-0.00148499,0.00174830,-0.00286830,-0.00004552,-0.00328056,-0.00246704,0.00059046,0.00034130,-0.00164747,-0.00124668,-0.00113573,0.00158718,0.00218872,0.00106734,-0.00193272,0.00124576,-0.00229927,0.00203875,-0.00054913,0.00252561,-0.00163057,-0.00190691,-0.00235165,-0.00169761,-0.00083745,0.00046157,0.00093035,0.00326626,0.00012260,0.00305458,0.00177812,0.00146525,0.00171281,-0.00055983,-0.00009425,-0.00155088,0.00212981,0.00008442,-0.00091848,-0.00046130,-0.00027747,0.00101293,0.00050775,0.00096230,-0.00042266,0.00145309,0.00015572,-0.00273993,-0.00212855,0.00142721,-0.00123318,-0.00106111,-0.00076830,-0.00045899,-0.00302098,-0.00069825,-0.00182980,-0.00206677,-0.00010358,-0.00061603,-0.00141143,-0.00153647,-0.00115976,0.00298826,0.00116659,0.00116888,-0.00013498,-0.00039985,-0.00267357,-0.00358110,0.00079434,-0.00102369,0.00177888,-0.00114108,0.00074106,-0.01600713,-0.00051893,0.00083440,-0.00302564,0.00073185,-0.00000227,0.00248301,0.00014895,-0.00077459,-0.00200647,-0.00202464,0.00053995,0.00128466,-0.00090250,0.00094945,0.00314117,0.00000000,0.00000000,0.00000000,0.00000000,0.00000000,0.00000000,0.00000000,0.00000000,0.00000000,0.00000000,0.00000000,0.00000000,0.00000000,0.00000000,0.00000000,0.00000000,0.00000000,0.00000000,0.00000000,0.00000000,0.00000000,0.00000000,0.00000000,0.00000000,0.00000000,0.00000000,0.00000000,0.00000000,0.00000000,0.00000000,0.00000000,0.00000000,0.00000000,0.00000000,0.00000000,0.00000000,0.00000000,0.00000000,0.00000000,0.00000000,0.00000000,0.00000000,0.00000000,0.00000000,0.00000000,0.00000000,0.00000000,0.00000000,0.00184757,0.00035346,0.00261751,-0.00137297,0.00116644,-0.00160476,0.00180405,-0.00053801,0.00009227,0.00070265,0.00086242,0.00171487,-0.00017413,-0.00171754,-0.00127089,0.00079925
-0.00007750,-0.00111711,-0.00041626,0.00010948,0.00198821,0.00098596,0.00076184,-0.00114019,0.00102477,-0.00067758,0.00036540,0.00099673,-0.00039687,0.00033879,-0.00076327,-0.00029607,0.00012886,-0.00037658,-0.00104445,-0.00081553,-0.00041693,-0.00039518,0.00033298,-0.00041541,-0.00021477,0.00082037,-0.00066765,-0.00014693,-0.00127891,-0.00115507,0.00041137,-0.00143727,-0.00064408,0.00027632,-0.00029326,-0.00065362,0.00074141,-0.00030155,0.00010693,-0.00049601,-0.00023274,0.00044294,0.00123437,0.00050304,0.00099635,0.00120879,0.00051483,0.00001768,-0.00024270,-0.00054441,0.00071777,-0.00046179,-0.00067347,0.00087333,-0.00028927,-0.00224722,0.00163556,-0.00043907,0.00032375,-0.00127428,0.00000137,-0.00102568,0.00088056,-0.00011145,0.00041471,0.00080394,-0.00034039,0.00036472,0.00146200,0.00212668,0.00039130,0.00085146,-0.00127323,0.00132918,-0.00129831,0.00245073,-0.00146145,-0.00060982,0.00058376,-0.00123941,-0.00016902,0.00013459,0.00065101,0.00090829,0.00011483,-0.00185381,-0.00028690,0.00035990,0.00080641,0.00148612,0.00101257,-0.00031769,0.00041519,0.00157842,0.00017097,-0.00171569,-0.00294502,-0.00137548,0.00007351,0.00000830,0.00129330,0.00133046,-0.00027400,0.00102431,0.00039867,0.00038135,-0.00090978,-0.00115762,0.00050761,0.00072517,0.00024566,0.00011344,0.00066429,-0.01591166,0.00112316,0.00019454,0.00145553,-0.00042975,-0.00058337,-0.00065506,-0.00002321,-0.00081505,0.00033133,0.00043802,-0.00047726,-0.00183286,0.00174948,-0.00170669,0.00000000,0.00000000,0.00000000,0.00000000,0.00000000,0.00000000,0.00000000,0.00000000,0.00000000,0.00000000,0.00000000,0.00000000,0.00000000,0.00000000,0.00000000,0.00000000,0.00000000,0.00000000,0.00000000,0.00000000,0.00000000,0.00000000,0.00000000,0.00000000,0.00000000,0.00000000,0.00000000,0.00000000,0.00000000,0.00000000,0.00000000,0.00000000,0.00000000,0.00000000,0.00000000,0.00000000,0.00000000,0.00000000,0.00000000,0.00000000,0.00000000,0.00000000,0.00000000,0.00000000,0.00000000,0.00000000,0.00000000,0.00000000,-0.00104307,-0.00009369,0.00003969,0.00010762,-0.00085684,0.00076786,-0.00015589,0.00030428,0.00046232,-0.00033926,-0.00005707,-0.00058248,-0.00014695,0.00132919,0.00076312,-0.00069914
-0.00069190,-0.00032846,-0.00249930,0.00257776,-0.00080975,0.00111664,-0.00039240,-0.00026520,-0.00277582,-0.00242842,-0.00240856,-0.00192061,0.00208432,-0.00266508,-0.00295958,0.00276687,-0.00242949,-0.00227660,0.00264622,0.00000992,-0.00191669,-0.00284116,-0.00219519,-0.00334086,0.00347827,-0.00210310,-0.00142140,-0.00187986,0.00134180,-0.00166141,-0.00335765,0.00265757,-0.00000500,-0.00286250,-0.00209382,0.00208864,0.00214730,-0.00087083,0.00271469,-0.00261231,-0.00210869,-0.00326589,-0.00299892,0.00114708,0.00153806,-0.00244731,-0.00104784,-0.00264056,0.00250046,0.00232681,0.00278258,-0.00287992,0.00255648,-0.00101636,0.00165096,-0.00040368,-0.00066877,-0.00186022,-0.00232480,-0.00204354,-0.00273048,-0.00147315,0.00186919,0.00145616,0.00265979,0.00128735,0.00275463,0.00275941,-0.00078011,0.00101881,-0.00201705,-0.00168828,-0.00196869,0.00109077,0.00299275,-0.00061608,-0.00140078,0.00231901,-0.00116783,-0.00051398,0.00207772,-0.00191408,0.00186230,0.00134531,-0.00357325,0.00118736,0.00319708,-0.00312926,0.00010038,-0.00239143,-0.00220508,-0.00208274,-0.00276015,-0.00227367,-0.00271121,-0.00078973,0.00124562,-0.00178337,-0.00134492,0.00018313,0.00123807,-0.00030016,0.00175096,0.00142185,-0.00052491,-0.00303602,-0.00125799,-0.00143671,0.00155552,0.00260417,-0.00221519,-0.00083843,-0.00071589,-0.00165389,-0.01471574,-0.00279629,-0.00101378,0.00169719,0.00223138,-0.00143567,-0.00084667,-0.00126445,-0.00274755,-0.00074964,0.00148926,-0.00072618,0.00126040,0.00163038,0.00000000,0.00000000,0.00000000,0.00000000,0.00000000,0.00000000,0.00000000,0.00000000,0.00000000,0.00000000,0.00000000,0.00000000,0.00000000,0.00000000,0.00000000,0.00000000,0.00000000,0.00000000,0.00000000,0.00000000,0.00000000,0.00000000,0.00000000,0.00000000,0.00000000,0.00000000,0.00000000,0.00000000,0.00000000,0.00000000,0.00000000,0.00000000,0.00000000,0.00000000,0.00000000,0.00000000,0.00000000,0.00000000,0.00000000,0.00000000,0.00000000,0.00000000,0.00000000,0.00000000,0.00000000,0.00000000,0.00000000,0.00000000,0.00261792,-0.00059525,0.00252318,-0.00139658,0.00247727,-0.00270760,0.00157791,-0.00128400,0.00001094,0.00159603,0.00115133,0.00299778,0.00213406,-0.00250934,-0.00222892,0.00308078
0.00138544,-0.00078762,0.00083316,-0.00088790,0.00178153,-0.00063852,0.00187961,-0.00003952,0.00157575,-0.00032551,0.00129713,0.00076883,-0.00069788,0.00069117,0.00012894,-0.00085390,0.00091616,0.00082734,-0.00129659,-0.00058565,0.00005801,0.00087405,0.00109696,0.00126783,-0.00110188,0.00138078,-0.00025725,0.00029389,-0.00068249,0.00094693,0.00144474,-0.00152175,-0.00017135,0.00119777,0.00063576,-0.00110441,-0.00048544,-0.00082288,-0.00109310,0.00080964,-0.00046264,0.00156648,0.00158734,0.00020509,0.00031316,0.00021971,-0.00041144,0.00121811,-0.00214113,-0.00128856,-0.00084606,0.00110046,-0.00045563,0.00048775,0.00011752,0.00014728,-0.00014463,0.00115384,0.00122817,0.00046442,0.00127653,0.00023760,-0.00037678,0.00057113,-0.00123196,-0.00018468,-0.00148010,-0.00127489,-0.00011932,0.00050726,0.00104601,0.00132163,0.00025592,-0.00053831,-0.00126825,0.00146231,-0.00037111,-0.00026644,0.00043314,-0.00172097,-0.00045177,0.00084419,-0.00064661,0.00030737,0.00093360,-0.00167786,-0.00118642,0.00100882,0.00131111,0.00117065,0.00138166,0.00035600,0.00073487,0.00235980,0.00034949,-0.00018398,-0.00147257,-0.00053914,-0.00023079,0.00038042,-0.00019295,0.00098360,-0.00095193,-0.00026332,0.00011058,0.00125800,-0.00005152,-0.00013897,-0.00010809,-0.00108855,0.00115199,-0.00010967,-0.00015153,0.00022082,0.00125023,-0.01110711,0.00148905,-0.00078205,-0.00107456,0.00048547,-0.00036269,-0.00034694,0.00144608,0.00083816,-0.00061622,-0.00127757,0.00020244,-0.00167773,0.00000000,0.00000000,0.00000000,0.00000000,0.00000000,0.00000000,0.00000000,0.00000000,0.00000000,0.00000000,0.00000000,0.00000000,0.00000000,0.00000000,0.00000000,0.00000000,0.00000000,0.00000000,0.00000000,0.00000000,0.00000000,0.00000000,0.00000000,0.00000000,0.00000000,0.00000000,0.00000000,0.00000000,0.00000000,0.00000000,0.00000000,0.00000000,0.00000000,0.00000000,0.00000000,0.00000000,0.00000000,0.00000000,0.00000000,0.00000000,0.00000000,0.00000000,0.00000000,0.00000000,0.00000000,0.00000000,0.00000000,0.00000000,-0.00189243,-0.00047500,-0.00116075,0.00124340,-0.00202934,0.00088196,-0.00080492,0.00021674,-0.00039822,-0.00197297,-0.00018269,-0.00202783,-0.00071194,0.00077101,0.00163036,-0.00222593
-0.00013555,0.00004730,-0.00351304,0.00387101,-0.00340595,0.00138410,-0.00024393,0.00001611,-0.00506456,-0.00336144,-0.00367108,-0.00405293,0.00341378,-0.00428266,-0.00341041,0.00419604,-0.00449893,-0.00383386,0.00478290,0.00121791,-0.00438448,-0.00443321,-0.00428937,-0.00449754,0.00444093,-0.00484534,-0.00275923,-0.00327491,0.00064578,-0.00324756,-0.00478698,0.00475698,-0.00050920,-0.00478857,-0.00405058,0.00474284,0.00280145,-0.00091281,0.00418495,-0.00535764,-0.00229835,-0.00547443,-0.00544450,0.00339853,0.00263507,-0.00482970,-0.00213240,-0.00441180,0.00419356,0.00484195,0.00375546,-0.00527093,0.00446252,-0.00330776,0.00391501,-0.00091682,0.00089315,-0.00463962,-0.00530027,-0.00418107,-0.00382683,-0.00283391,0.00394139,0.00352667,0.00431426,0.00248869,0.00512756,0.00422138,-0.00113358,0.00065598,-0.00363666,-0.00253668,-0.00156045,0.00174291,0.00439676,-0.00235176,-0.00281583,0.00448695,-0.00308680,0.00032874,0.00420758,-0.00428312,0.00398125,0.00305662,-0.00440350,-0.00000775,0.00488216,-0.00433684,-0.00019748,-0.00522168,-0.00237663,-0.00469687,-0.00391763,-0.00172885,-0.00409544,-0.00009914,0.00143227,-0.00265063,-0.00237604,-0.00053635,0.00231586,0.00138056,0.00350292,0.00232740,-0.00296933,-0.00540626,-0.00367074,-0.00223346,0.00317167,0.00386951,-0.00456240,-0.00065641,-0.00232316,-0.00357733,0.00074268,-0.00381887,-0.01442228,0.00384032,0.00581466,-0.00394701,-0.00168117,-0.00339785,-0.00438668,-0.00041992,0.00322798,-0.00108778,0.00243614,0.00360613,0.00000000,0.00000000,0.00000000,0.00000000,0.00000000,0.00000000,0.00000000,0.00000000,0.00000000,0.00000000,0.00000000,0.00000000,0.00000000,0.00000000,0.00000000,0.00000000,0.00000000,0.00000000,0.00000000,0.00000000,0.00000000,0.00000000,0.00000000,0.00000000,0.00000000,0.00000000,0.00000000,0.00000000,0.00000000,0.00000000,0.00000000,0.00000000,0.00000000,0.00000000,0.00000000,0.00000000,0.00000000,0.00000000,0.00000000,0.00000000,0.00000000,0.00000000,0.00000000,0.00000000,0.00000000,0.00000000,0.00000000,0.00000000,0.00438019,-0.00180491,0.00439265,-0.00404497,0.00382674,-0.00475947,0.00454314,-0.00343469,0.00014496,0.00338759,0.00026114,0.00352898,0.00345781,-0.00497791,-0.00421891,0.00450476
-0.00034148,0.00154972,-0.00128191,-0.00068068,-0.00129123,0.00035780,-0.00099906,-0.00048142,-0.00054403,0.00140467,-0.00060255,-0.00029635,0.00003293,-0.00064557,-0.00040858,-0.00206012,0.00061078,-0.00050795,0.00025075,0.00189724,0.00008607,-0.00079181,0.00037570,0.00007517,0.00072769,0.00010639,-0.00083425,0.00076576,0.00106909,-0.00034573,-0.00102806,0.00141908,0.00047923,0.00000705,-0.00086101,0.00017353,0.00031265,0.00046863,-0.00098930,-0.00032210,0.00086680,0.00007702,-0.00026863,-0.00043365,-0.00045129,0.00033227,0.00043136,0.00042546,0.00076839,0.00027398,-0.00059142,-0.00025029,-0.00061876,0.00012096,-0.00079633,0.00054634,-0.00037110,0.00036258,-0.00057378,0.00054006,-0.00013888,0.00040504,-0.00064006,-0.00127621,-0.00005379,0.00028550,0.00075512,0.00018347,-0.00018034,-0.00138454,-0.00161136,-0.00069085,-0.00020168,-0.00018390,0.00045340,-0.00104228,0.00121742,-0.00072863,-0.00043046,0.00110233,-0.00022775,-0.00012862,-0.00065564,-0.00136581,-0.00005655,0.00128181,0.00050881,-0.00088308,-0.00095846,-0.00078928,-0.00075107,0.00080382,-0.00033217,-0.00279263,-0.00015860,-0.00068231,-0.00125924,0.00101930,0.00063331,0.00016308,-0.00023242,-0.00079053,-0.00005587,-0.00031513,0.00020835,0.00031986,0.00113994,-0.00015471,0.00081872,-0.00026997,0.00039471,0.00033113,-0.00021839,0.00080544,-0.00163550,-0.00095656,-0.00126525,-0.01221747,0.00058485,-0.00028271,0.00003465,-0.00031720,-0.00009768,-0.00061332,-0.00007692,0.00124652,-0.00068571,0.00045515,0.00000000,0.00000000,0.00000000,0.00000000,0.00000000,0.00000000,0.00000000,0.00000000,0.00000000,0.00000000,0.00000000,0.00000000,0.00000000,0.00000000,0.00000000,0.00000000,0.00000000,0.00000000,0.00000000,0.00000000,0.00000000,0.00000000,0.00000000,0.00000000,0.00000000,0.00000000,0.00000000,0.00000000,0.00000000,0.00000000,0.00000000,0.00000000,0.00000000,0.00000000,0.00000000,0.00000000,0.00000000,0.00000000,0.00000000,0.00000000,0.00000000,0.00000000,0.00000000,0.00000000,0.00000000,0.00000000,0.00000000,0.00000000,0.00088872,0.00104606,-0.00123790,-0.00088512,0.00234074,-0.00161418,0.00061974,-0.00030042,-0.00026800,0.00093665,-0.00007397,0.00142117,0.00055841,-0.00038389,-0.00112671,0.00086768
-0.00146906,0.00167563,0.00097011,-0.00025047,-0.00089836,-0.00164946,-0.00139518,0.00189948,0.00039823,0.00147847,0.00077880,-0.00007889,-0.00055358,0.00070761,0.00138144,-0.00106524,0.00096558,0.00104643,-0.00076940,0.00102190,0.00131969,0.00070514,0.00168695,0.00043598,-0.00053439,0.00097737,0.00105540,0.00136771,0.00130230,0.00081274,0.00052932,-0.00038355,0.00039925,0.00035051,0.00121229,-0.00034778,-0.00130059,0.00201654,-0.00024099,0.00059918,0.00113492,0.00105831,0.00000426,-0.00019889,-0.00310112,0.00006526,0.00086038,-0.00032269,-0.00049123,-0.00047258,-0.00110889,0.00129305,-0.00134009,0.00097976,-0.00252734,0.00198033,-0.00164997,0.00122287,0.00121017,0.00127402,0.00163492,0.00199852,-0.00153429,-0.00097415,-0.00085366,-0.00143096,-0.00134827,-0.00171621,0.00046360,-0.00149651,0.00064786,0.00006860,0.00113537,-0.00113759,0.00050470,-0.00226476,0.00163597,-0.00114174,0.00041139,0.00222408,-0.00080585,0.00137321,-0.00135925,-0.00022415,0.00068687,0.00105141,-0.00127756,0.00161046,-0.00216253,-0.00080496,-0.00091507,0.00008177,0.00144610,-0.00308645,0.00119632,0.00196084,0.00210889,0.00158514,0.00160075,-0.00047645,-0.00044801,-0.00188268,-0.00110815,-0.00122119,0.00115316,0.00018588,0.00046388,0.00069864,-0.00161421,-0.00174673,0.00060313,-0.00021904,0.00038881,0.00117363,-0.00256319,0.00116013,-0.00176355,-0.00076151,-0.01490294,0.00123650,0.00012614,0.00131542,0.00109268,-0.00155994,-0.00063891,0.00245036,-0.00266224,0.00207343,0.00000000,0.00000000,0.00000000,0.00000000,0.00000000,0.00000000,0.00000000,0.00000000,0.00000000,0.00000000,0.00000000,0.00000000,0.00000000,0.00000000,0.00000000,0.00000000,0.00000000,0.00000000,0.00000000,0.00000000,0.00000000,0.00000000,0.00000000,0.00000000,0.00000000,0.00000000,0.00000000,0.00000000,0.00000000,0.00000000,0.00000000,0.00000000,0.00000000,0.00000000,0.00000000,0.00000000,0.00000000,0.00000000,0.00000000,0.00000000,0.00000000,0.00000000,0.00000000,0.00000000,0.00000000,0.00000000,0.00000000,0.00000000,-0.00067546,0.00112058,0.00020245,0.00095061,0.00012064,0.00062663,0.00062364,-0.00021342,-0.00096756,-0.00017813,0.00120131,-0.00011416,-0.00020446,0.00013148,0.00095349,-0.00053232
0.00101721,-0.00037128,0.00047048,-0.00052777,0.00172385,0.00091728,0.00140202,-0.00073098,0.00109048,0.00026195,0.00121927,0.00098539,-0.00088425,0.00206295,0.00194478,-0.00060294,0.00150360,0.00088137,-0.00179939,-0.00146516,0.00042466,0.00191725,0.00023972,0.00071482,-0.00169995,0.00202685,0.00024997,0.00074806,-0.00133175,0.00131265,0.00227864,-0.00268136,-0.00073516,0.00126859,0.00134418,-0.00159941,-0.00140653,-0.00053223,-0.00124684,0.00164350,0.00078889,0.00124430,0.00144327,-0.00118899,0.00059427,0.00206618,-0.00073012,0.00092577,-0.00141096,-0.00265814,-0.00040299,0.00100081,-0.00137401,-0.00018004,-0.00042578,-0.00078951,0.00176385,0.00176623,0.00061467,0.00076254,0.00027270,0.00063113,-0.00005932,-0.00055325,-0.00048049,-0.00000972,-0.00144693,-0.00115005,0.00093645,0.00025382,0.00069790,0.00121094,-0.00030007,0.00147884,-0.00186454,0.00124089,0.00037964,-0.00033091,0.00113930,-0.00184058,-0.00074739,0.00127944,-0.00009929,-0.00013588,0.00106114,-0.00263825,-0.00210362,0.00081328,0.00196349,0.00144826,0.00201932,0.00178615,0.00150774,0.00172284,0.00022125,-0.00087247,-0.00153686,0.00060728,0.00022386,-0.00074003,0.00035716,-0.00037382,-0.00113839,-0.00092084,-0.00005159,0.00051653,0.00078315,0.00145170,0.00032642,-0.00155392,0.00111792,0.00066554,0.00196205,0.00042587,0.00111656,0.00093328,0.00148316,-0.00099385,-0.00195447,-0.01163941,0.00006687,-0.00023580,0.00069363,0.00164519,-0.00058736,-0.00063244,-0.00020252,-0.00181517,0.00000000,0.00000000,0.00000000,0.00000000,0.00000000,0.00000000,0.00000000,0.00000000,0.00000000,0.00000000,0.00000000,0.00000000,0.00000000,0.00000000,0.00000000,0.00000000,0.00000000,0.00000000,0.00000000,0.00000000,0.00000000,0.00000000,0.00000000,0.00000000,0.00000000,0.00000000,0.00000000,0.00000000,0.00000000,0.00000000,0.00000000,0.00000000,0.00000000,0.00000000,0.00000000,0.00000000,0.00000000,0.00000000,0.00000000,0.00000000,0.00000000,0.00000000,0.00000000,0.00000000,0.00000000,0.00000000,0.00000000,0.00000000,-0.00213675,0.00107559,-0.00138250,0.00140315,-0.00122622,0.00224668,-0.00119158,0.00135745,-0.00015368,-0.00120411,-0.00028003,-0.00227016,-0.00088830,0.00158644,0.00121591,-0.00227413
0.00009963,-0.00006979,-0.00040514,-0.00034396,0.00068626,0.00057125,0.00139688,-0.00102344,-0.00039743,-0.00067723,-0.00112378,-0.00004678,-0.00006776,0.00056723,-0.00005941,0.00008555,-0.00001520,-0.00069056,-0.00036655,-0.00046709,-0.00024264,0.00009888,0.00007952,-0.00046139,-0.00004182,-0.00010655,-0.00074545,-0.00034156,-0.00075716,-0.00123941,0.00013309,0.00043306,-0.00049402,0.00020337,0.00023206,-0.00008318,-0.00033794,-0.00121643,0.00065804,0.00052297,0.00003166,0.00020573,-0.00067779,0.00050756,0.00129702,0.00030162,-0.00021730,0.00007174,-0.00029664,0.00031902,-0.00002454,0.00015428,-0.00012429,-0.00001650,0.00012869,-0.00161674,0.00091691,-0.00026822,-0.00022191,0.00008153,-0.00036437,-0.00067823,-0.00012342,-0.00040796,0.00012730,0.00141936,0.00013867,0.00035869,-0.00030395,0.00061255,-0.00048652,-0.00036197,-0.00065199,0.00110856,-0.00085899,0.00146253,-0.00051415,0.00018242,0.00001668,-0.00121545,-0.00037788,-0.00029444,-0.00050366,0.00111009,0.00011861,-0.00027715,-0.00019851,-0.00052320,-0.00007952,-0.00004072,0.00172359,0.00035868,0.00064769,0.00047333,-0.00064643,-0.00063011,-0.00167938,0.00033589,-0.00078894,0.00009158,0.00134808,0.00033061,-0.00069774,0.00064724,-0.00063269,0.00085297,-0.00075535,-0.00029516,0.00108340,0.00027879,-0.00041442,0.00001128,0.00146833,-0.00001299,0.00140960,-0.00047498,0.00138689,-0.00011583,-0.00038872,-0.00072342,-0.01605247,-0.00156360,0.00022456,0.00142052,0.00013451,-0.00108069,0.00094641,-0.00131339,0.00000000,0.00000000,0.00000000,0.00000000,0.00000000,0.00000000,0.00000000,0.00000000,0.00000000,0.00000000,0.00000000,0.00000000,0.00000000,0.00000000,0.00000000,0.00000000,0.00000000,0.00000000,0.00000000,0.00000000,0.00000000,0.00000000,0.00000000,0.00000000,0.00000000,0.00000000,0.00000000,0.00000000,0.00000000,0.00000000,0.00000000,0.00000000,0.00000000,0.00000000,0.00000000,0.00000000,0.00000000,0.00000000,0.00000000,0.00000000,0.00000000,0.00000000,0.00000000,0.00000000,0.00000000,0.00000000,0.00000000,0.00000000,0.00039314,0.00095372,-0.00079057,-0.00017470,0.00032601,0.00065124,-0.00082993,0.00030393,-0.00008237,-0.00001658,-0.00076983,-0.00059160,0.00052372,-0.00031319,-0.00022101,-0.00019741
0.00033434,0.00004030,0.00004132,-0.00113551,0.00053292,0.00020667,0.00211916,0.00024325,0.00238904,0.00101660,0.00146849,0.00000090,-0.00032185,0.00201570,0.00089549,-0.00062321,0.00222813,0.00178860,-0.00188319,-0.00045717,0.00030211,0.00177584,0.00145255,0.00109234,-0.00196694,0.00186877,-0.00021180,0.00000006,-0.00098268,0.00038819,0.00279651,-0.00202295,-0.00051736,0.00135563,0.00118908,-0.00110570,-0.00005069,0.00000768,-0.00111979,0.00154370,0.00030331,0.00227406,0.00286205,-0.00092996,-0.00034957,0.00179343,0.00083480,0.00196006,-0.00157766,-0.00227606,-0.00172370,0.00180496,-0.00147422,0.00089327,0.00003157,-0.00083808,0.00089425,0.00100476,0.00077398,0.00064170,0.00097440,0.00048582,-0.00128772,0.00017304,-0.00087524,-0.00050669,-0.00264484,-0.00192692,0.00006649,-0.00109936,0.00012314,0.00015953,0.00052319,0.00137796,-0.00085253,-0.00005943,0.00025681,-0.00119558,-0.00069036,-0.00131172,-0.00256665,0.00118034,-0.00125739,-0.00177689,0.00094795,-0.00111466,-0.00181884,0.00094766,0.00119625,0.00079929,0.00204406,0.00031125,0.00200325,0.00185081,0.00097394,-0.00161539,-0.00168019,-0.00024022,0.00028486,0.00053376,0.00007649,0.00115420,-0.00113646,-0.00083299,0.00020670,0.00172480,0.00041278,0.00063802,-0.00019643,-0.00163756,0.00102342,-0.00018719,0.00053886,0.00094797,0.00041956,0.00073942,0.00002155,-0.00098058,-0.00122898,0.00153539,-0.00079677,-0.01511553,0.00122069,0.00101751,-0.00085465,0.00046902,-0.00090400,-0.00098595,0.00000000,0.00000000,0.00000000,0.00000000,0.00000000,0.00000000,0.00000000,0.00000000,0.00000000,0.00000000,0.00000000,0.00000000,0.00000000,0.00000000,0.00000000,0.00000000,0.00000000,0.00000000,0.00000000,0.00000000,0.00000000,0.00000000,0.00000000,0.00000000,0.00000000,0.00000000,0.00000000,0.00000000,0.00000000,0.00000000,0.00000000,0.00000000,0.00000000,0.00000000,0.00000000,0.00000000,0.00000000,0.00000000,0.00000000,0.00000000,0.00000000,0.00000000,0.00000000,0.00000000,0.00000000,0.00000000,0.00000000,0.00000000,-0.00208153,0.00034878,-0.00176886,-0.00017365,-0.00038179,0.00118747,-0.00043312,0.00053807,-0.00030149,-0.00009536,-0.00077352,-0.00195933,-0.00172923,0.00153337,0.00098551,-0.00139555
0.00063650,-0.00201754,0.00017762,0.00068374,0.00253129,0.00037603,0.00131631,-0.00073047,0.00026471,-0.00108990,-0.00067326,-0.00038448,0.00090845,0.00018051,0.00023072,0.00120216,-0.00108449,0.00029451,-0.00032880,-0.00040873,-0.00103398,-0.00007983,-0.00039147,0.00028098,-0.00036343,0.00037150,-0.00129189,-0.00145135,-0.00224444,-0.00064263,0.00085223,-0.00050460,-0.00019844,0.00041946,-0.00069079,-0.00013107,0.00049111,-0.00024828,0.00095223,-0.00006612,-0.00120112,-0.00013952,0.00039057,0.00014859,0.00182905,0.00007801,-0.00114767,-0.00027254,0.00020443,0.00031766,0.00047604,-0.00066123,0.00082622,-0.00027616,0.00096190,-0.00338446,0.00110090,-0.00063292,-0.00052871,-0.00082496,-0.00095529,-0.00120317,0.00157468,0.00184831,0.00039855,-0.00014410,-0.00000339,0.00068571,0.00043885,0.00159879,0.00041196,0.00066426,-0.00065266,0.00080990,-0.00130590,0.00200378,-0.00164503,0.00078975,0.00128894,-0.00191818,0.00100985,-0.00014372,0.00079781,0.00062450,0.00034383,-0.00223337,0.00021774,-0.00036529,0.00132392,0.00202639,0.00089005,-0.00011224,-0.00054437,0.00278043,-0.00058851,-0.00092630,-0.00150619,-0.00112589,-0.00109955,-0.00125395,0.00124754,0.00137372,-0.00055747,0.00166107,0.00004327,-0.00048289,-0.00085980,-0.00051489,-0.00064558,0.00163851,-0.00062222,0.00044372,0.00060574,-0.00029281,0.00204715,0.00061179,0.00220662,0.00067998,-0.00037984,-0.00124772,0.00021478,-0.00160974,-0.01110885,0.00117018,0.00076652,-0.00274942,0.00195691,-0.00150438,0.00000000,0.00000000,0.00000000,0.00000000,0.00000000,0.00000000,0.00000000,0.00000000,0.00000000,0.00000000,0.00000000,0.00000000,0.00000000,0.00000000,0.00000000,0.00000000,0.00000000,0.00000000,0.00000000,0.00000000,0.00000000,0.00000000,0.00000000,0.00000000,0.00000000,0.00000000,0.00000000,0.00000000,0.00000000,0.00000000,0.00000000,0.00000000,0.00000000,0.00000000,0.00000000,0.00000000,0.00000000,0.00000000,0.00000000,0.00000000,0.00000000,0.00000000,0.00000000,0.00000000,0.00000000,0.00000000,0.00000000,0.00000000,-0.00046610,0.00003881,0.00002786,0.00050848,-0.00101870,0.00099629,-0.00031741,0.00028246,-0.00045088,-0.00129257,-0.00069378,-0.00107991,-0.00062151,0.00082736,0.00049214,-0.00041935
-0.00177112,-0.00090770,-0.00219072,0.00226404,-0.00009733,0.00123647,-0.00008880,-0.00039108,-0.00201401,-0.00127434,-0.00200402,-0.00202516,0.00239482,-0.00298410,-0.00155544,0.00267777,-0.00259002,-0.00159106,0.00252560,-0.00100919,-0.00270795,-0.00226620,-0.00254601,-0.00273256,0.00271671,-0.00170372,-0.00091146,-0.00209201,0.00113135,-0.00212752,-0.00304326,0.00362494,0.00062912,-0.00175365,-0.00173987,0.00269287,0.00162734,-0.00044129,0.00263123,-0.00207119,-0.00128585,-0.00228162,-0.00338876,0.00141744,0.00111339,-0.00253206,0.00049025,-0.00187865,0.00285962,0.00277581,0.00165287,-0.00287393,0.00290181,-0.00094727,0.00117884,-0.00056707,-0.00075639,-0.00268576,-0.00299366,-0.00257637,-0.00211411,-0.00211009,0.00164199,0.00187724,0.00191205,0.00073634,0.00237096,0.00285865,-0.00067992,0.00124642,-0.00214301,-0.00094198,-0.00248961,-0.00006117,0.00287307,-0.00035437,-0.00184273,0.00215430,-0.00162622,0.00047273,0.00236631,-0.00138790,0.00122058,0.00219769,-0.00228192,0.00106187,0.00268266,-0.00235186,-0.00050478,-0.00075978,-0.00136137,-0.00169515,-0.00294081,-0.00135622,-0.00143048,-0.00044648,0.00152212,-0.00184432,-0.00143258,0.00100088,0.00210575,0.00001408,0.00200485,0.00061362,-0.00223851,-0.00163896,-0.00216713,-0.00134390,0.00164179,0.00228359,-0.00256146,0.00017071,-0.00249302,-0.00265720,0.00088985,-0.00214714,-0.00080573,0.00201550,0.00281450,-0.00188461,-0.00081838,-0.00023984,-0.00257585,-0.01452334,0.00159495,-0.00176220,0.00205485,0.00103192,0.00000000,0.00000000,0.00000000,0.00000000,0.00000000,0.00000000,0.00000000,0.00000000,0.00000000,0.00000000,0.00000000,0.00000000,0.00000000,0.00000000,0.00000000,0.00000000,0.00000000,0.00000000,0.00000000,0.00000000,0.00000000,0.00000000,0.00000000,0.00000000,0.00000000,0.00000000,0.00000000,0.00000000,0.00000000,0.00000000,0.00000000,0.00000000,0.00000000,0.00000000,0.00000000,0.00000000,0.00000000,0.00000000,0.00000000,0.00000000,0.00000000,0.00000000,0.00000000,0.00000000,0.00000000,0.00000000,0.00000000,0.00000000,0.00201966,-0.00137430,0.00235470,-0.00126887,0.00029302,-0.00315386,0.00188681,-0.00187013,0.00065847,0.00091073,0.00092776,0.00130267,0.00190066,-0.00149809,-0.00208914,0.00140505
-0.00124074,0.00074757,0.00019176,0.00032960,-0.00184523,-0.00044584,-0.00099131,-0.00055669,-0.00059615,0.00093607,-0.00037952,0.00007886,0.00011251,-0.00057884,-0.00077989,-0.00118675,0.00004457,0.00030560,0.00110194,0.00186541,0.00027802,-0.00006671,-0.00008574,0.00029403,0.00004364,-0.00091409,0.00097084,0.00025587,0.00135594,-0.00031678,-0.00056782,0.00139471,0.00118101,-0.00052384,-0.00052610,0.00076597,0.00036510,0.00017216,0.00061997,0.00024063,0.00095655,-0.00071803,-0.00073932,0.00143896,-0.00031520,-0.00059689,0.00030979,-0.00053644,0.00035192,-0.00001104,-0.00066209,0.00017153,0.00048731,0.00031546,-0.00044687,0.00147738,-0.00053194,0.00052284,-0.00018603,0.00056908,-0.00004444,0.00034294,0.00013498,-0.00023930,0.00025181,-0.00019168,0.00082381,0.00042261,-0.00091825,-0.00120262,-0.00085760,-0.00108899,0.00013743,0.00021583,0.00130883,-0.00139292,0.00111476,0.00001317,-0.00172008,0.00159383,0.00003430,-0.00068000,0.00034094,0.00033469,-0.00068722,0.00199758,0.00153297,0.00090599,-0.00043410,-0.00169540,-0.00082715,-0.00018911,0.00083756,-0.00227244,0.00060020,0.00060429,0.00221557,-0.00001601,0.00046497,-0.00080269,-0.00112440,-0.00190195,0.00097472,-0.00029838,-0.00065589,0.00093929,0.00079829,-0.00038564,-0.00029641,-0.00036350,-0.00015349,-0.00035604,-0.00130634,-0.00045785,-0.00105869,-0.00017525,-0.00244600,0.00022850,0.00088524,-0.00016703,-0.00053793,0.00061033,0.00008668,-0.00122259,-0.01608704,0.00233965,0.00022711,0.00052509,0.00000000,0.00000000,0.00000000,0.00000000,0.00000000,0.00000000,0.00000000,0.00000000,0.00000000,0.00000000,0.00000000,0.00000000,0.00000000,0.00000000,0.00000000,0.00000000,0.00000000,0.00000000,0.00000000,0.00000000,0.00000000,0.00000000,0.00000000,0.00000000,0.00000000,0.00000000,0.00000000,0.00000000,0.00000000,0.00000000,0.00000000,0.00000000,0.00000000,0.00000000,0.00000000,0.00000000,0.00000000,0.00000000,0.00000000,0.00000000,0.00000000,0.00000000,0.00000000,0.00000000,0.00000000,0.00000000,0.00000000,0.00000000,0.00052777,0.00002860,0.00023243,-0.00074889,0.00181848,-0.00084997,0.00063967,-0.00069893,-0.00036835,0.00143277,0.00140025,0.00167878,0.00116651,-0.00033249,-0.00070622,0.00093208
0.00129859,-0.00170904,0.00302873,-0.00313245,0.00355977,-0.00178518,0.00051665,-0.00069300,0.00429906,0.00335263,0.00226545,0.00363201,-0.00247727,0.00440196,0.00368929,-0.00245091,0.00323176,0.00295612,-0.00418009,-0.00227520,0.00324896,0.00335465,0.00321939,0.00330594,-0.00338049,0.00409579,0.00252379,0.00228016,0.00013983,0.00222392,0.00396207,-0.00424437,0.00199538,0.00439251,0.00336279,-0.00334714,-0.00163791,0.00046818,-0.00291318,0.00351944,0.00208346,0.00401999,0.00430305,-0.00296406,-0.00132356,0.00323215,0.00102725,0.00276359,-0.00322341,-0.00412583,-0.00127409,0.00318464,-0.00361246,0.00231251,-0.00291966,-0.00053950,-0.00061382,0.00345879,0.00234105,0.00306759,0.00253523,0.00292340,-0.00185605,-0.00275528,-0.00245758,-0.00132985,-0.00369654,-0.00343675,0.00229072,0.00006280,0.00303699,0.00324581,0.00058479,-0.00136189,-0.00391152,0.00280769,0.00114417,-0.00221217,0.00194582,-0.00182368,-0.00197187,0.00291391,-0.00225699,-0.00208795,0.00361489,-0.00227375,-0.00410081,0.00298020,0.00003172,0.00436959,0.00296189,0.00362132,0.00274146,0.00181851,0.00324939,0.00054155,-0.00138535,0.00191815,0.00102594,0.00008615,-0.00134321,-0.00082753,-0.00282091,0.00061762,0.00216644,0.00366811,0.00163207,0.00220391,-0.00262628,-0.00251809,0.00353565,0.00036797,0.00158071,0.00146420,0.00067723,0.00325396,0.00248127,-0.00318072,-0.00417442,0.00216952,0.00100317,0.00217089,0.00302092,-0.00007637,-0.00250922,-0.01375217,-0.00147535,-0.00376559,0.00000000,0.00000000,0.00000000,0.00000000,0.00000000,0.00000000,0.00000000,0.00000000,0.00000000,0.00000000,0.00000000,0.00000000,0.00000000,0.00000000,0.00000000,0.00000000,0.00000000,0.00000000,0.00000000,0.00000000,0.00000000,0.00000000,0.00000000,0.00000000,0.00000000,0.00000000,0.00000000,0.00000000,0.00000000,0.00000000,0.00000000,0.00000000,0.00000000,0.00000000,0.00000000,0.00000000,0.00000000,0.00000000,0.00000000,0.00000000,0.00000000,0.00000000,0.00000000,0.00000000,0.00000000,0.00000000,0.00000000,0.00000000,-0.00304613,0.00217331,-0.00370539,0.00369759,-0.00364593,0.00368217,-0.00358712,0.00310882,-0.00019771,-0.00365601,-0.00006571,-0.00304865,-0.00296949,0.00372618,0.00361672,-0.00354339
-0.00091438,0.00137853,-0.00212181,0.00267305,-0.00160987,0.00069401,-0.00131585,0.00001086,-0.00344227,-0.00169317,-0.00340626,-0.00249541,0.00211526,-0.00385847,-0.00243668,0.00229176,-0.00277063,-0.00305584,0.00384868,0.00160690,-0.00194375,-0.00284705,-0.00293288,-0.00333243,0.00328790,-0.00304783,-0.00067021,-0.00182420,0.00071989,-0.00189292,-0.00323079,0.00384013,-0.00100930,-0.00368817,-0.00257713,0.00263788,0.00112261,-0.00037929,0.00263168,-0.00340835,-0.00226593,-0.00368157,-0.00309483,0.00246112,0.00051376,-0.00331914,-0.00053153,-0.00320729,0.00236356,0.00317527,0.00208240,-0.00281837,0.00362014,-0.00133467,0.00179860,0.00046166,-0.00038805,-0.00266333,-0.00350544,-0.00219151,-0.00185981,-0.00205104,0.00195822,0.00224554,0.00157588,0.00068584,0.00308718,0.00285161,-0.00133655,0.00058966,-0.00224875,-0.00291695,-0.00124485,-0.00020856,0.00351291,-0.00248968,-0.00084541,0.00317025,-0.00234331,0.00110715,0.00215137,-0.00324835,0.00190925,0.00212557,-0.00258645,0.00172652,0.00403647,-0.00283548,-0.00039737,-0.00375119,-0.00302766,-0.00249130,-0.00304114,-0.00215173,-0.00224546,-0.00042912,0.00116864,-0.00220723,-0.00158765,0.00023632,0.00058913,0.00098476,0.00153435,0.00021171,-0.00097087,-0.00296981,-0.00253914,-0.00066563,0.00173937,0.00233584,-0.00336089,-0.00039236,-0.00164306,-0.00112136,-0.00070443,-0.00251583,-0.00301204,0.00272189,0.00333746,-0.00191175,-0.00077746,-0.00057602,-0.00286111,-0.00061166,0.00332566,-0.00029128,-0.01085530,0.00247665,0.00000000,0.00000000,0.00000000,0.00000000,0.00000000,0.00000000,0.00000000,0.00000000,0.00000000,0.00000000,0.00000000,0.00000000,0.00000000,0.00000000,0.00000000,0.00000000,0.00000000,0.00000000,0.00000000,0.00000000,0.00000000,0.00000000,0.00000000,0.00000000,0.00000000,0.00000000,0.00000000,0.00000000,0.00000000,0.00000000,0.00000000,0.00000000,0.00000000,0.00000000,0.00000000,0.00000000,0.00000000,0.00000000,0.00000000,0.00000000,0.00000000,0.00000000,0.00000000,0.00000000,0.00000000,0.00000000,0.00000000,0.00000000,0.00364549,-0.00153217,0.00363417,-0.00249245,0.00376247,-0.00445957,0.00385334,-0.00286767,0.00020660,0.00224340,0.00085787,0.00364600,0.00372981,-0.00369008,-0.00329907,0.00341907
0.00106789,0.00051224,0.00202931,-0.00278969,0.00032088,-0.00178338,-0.00015140,0.00039195,0.00338143,0.00312912,0.00231232,0.00167905,-0.00194589,0.00334278,0.00279565,-0.00328582,0.00413088,0.00254128,-0.00343871,-0.00097529,0.00420854,0.00303314,0.00254799,0.00323520,-0.00320391,0.00313113,0.00241705,0.00212073,-0.00013604,0.00251115,0.00365007,-0.00374315,0.00180305,0.00321971,0.00307075,-0.00261363,-0.00261570,0.00196301,-0.00313161,0.00254484,0.00136203,0.00509446,0.00348346,-0.00083793,-0.00201663,0.00328434,0.00135052,0.00271719,-0.00253876,-0.00314057,-0.00300446,0.00355262,-0.00314397,0.00185188,-0.00339829,0.00092706,0.00006452,0.00306592,0.00325946,0.00296432,0.00252383,0.00281000,-0.00244013,-0.00354265,-0.00201227,-0.00127252,-0.00348006,-0.00400877,0.00107570,-0.00265931,0.00246495,0.00250967,0.00208773,-0.00151223,-0.00242275,0.00104683,0.00191389,-0.00342832,0.00231881,-0.00030497,-0.00389479,0.00337043,-0.00203898,-0.00218532,0.00302556,0.00129354,-0.00402624,0.00258808,-0.00035963,0.00244100,0.00084641,0.00260775,0.00215038,-0.00013042,0.00370830,0.00029617,-0.00017900,0.00168684,0.00204886,0.00008156,-0.00234699,-0.00252588,-0.00240932,-0.00173835,0.00056820,0.00292050,0.00254887,0.00136897,-0.00189708,-0.00320260,0.00306391,0.00055784,0.00240976,0.00179786,-0.00025964,0.00304971,0.00080440,-0.00268154,-0.00372487,0.00216303,0.00090519,0.00145826,0.00379742,-0.00003931,-0.00337969,0.00074940,-0.00178752,-0.01523040,0.00000000,0.00000000,0.00000000,0.00000000,0.00000000,0.00000000,0.00000000,0.00000000,0.00000000,0.00000000,0.00000000,0.00000000,0.00000000,0.00000000,0.00000000,0.00000000,0.00000000,0.00000000,0.00000000,0.00000000,0.00000000,0.00000000,0.00000000,0.00000000,0.00000000,0.00000000,0.00000000,0.00000000,0.00000000,0.00000000,0.00000000,0.00000000,0.00000000,0.00000000,0.00000000,0.00000000,0.00000000,0.00000000,0.00000000,0.00000000,0.00000000,0.00000000,0.00000000,0.00000000,0.00000000,0.00000000,0.00000000,0.00000000,-0.00235626,0.00092299,-0.00356880,0.00213446,-0.00325110,0.00392968,-0.00386389,0.00261541,-0.00009322,-0.00225116,0.00029206,-0.00214236,-0.00275624,0.00269669,0.00315082,-0.00293204
-0.00041819,-0.00013891,0.00111602,0.00013432,0.00014058,0.00151835,0.00031937,0.00014531,-0.00044234,-0.00037187,-0.00111053,0.00106511,0.00051579,-0.00001290,-0.00049277,0.00004524,-0.00047566,-0.00019975,0.00096572,0.00037304,-0.00039760,-0.00053411,0.00009430,-0.00022171,0.00069924,0.00074055,0.00062667,0.00040783,-0.00047368,0.00150606,-0.00038206,-0.00049995,0.00161648,-0.00055811,0.00036392,0.00126649,0.00000805,0.00076146,-0.00011217,0.00025156,-0.00040707,-0.00080769,-0.00097818,-0.00012491,0.00019606,-0.00133635,0.00012578,0.00036832,0.00011106,0.00054426,0.00131654,-0.00010298,0.00036008,0.00087227,0.00028506,0.00191123,-0.00219675,0.00103047,0.00094152,-0.00017633,0.00001501,-0.00047727,0.00122872,0.00006045,0.00023513,-0.00029420,-0.00023989,-0.00025351,-0.00061756,0.00019958,0.00019162,-0.00117120,0.00109560,-0.00173962,0.00125729,-0.00104053,0.00009220,-0.00016858,-0.00125439,-0.00066692,0.00117995,-0.00126487,0.00042527,-0.00070895,0.00098825,0.00065834,-0.00009562,0.00057116,-0.00014628,-0.00136722,-0.00136355,0.00005187,-0.00014568,0.00134434,0.00018909,0.00031104,0.00104282,0.00017184,-0.00037084,0.00222438,-0.00173253,-0.00054893,-0.00018635,-0.00051349,0.00006532,-0.00052052,0.00149198,-0.00129456,-0.00157462,0.00067486,0.00007989,-0.00068617,-0.00039605,0.00019874,-0.00125189,0.00003008,-0.00042609,0.00077370,-0.00073709,-0.00012537,-0.00069674,0.00098131,-0.00027825,-0.00089185,-0.00061082,0.00017333,0.00138556,0.00074242,-0.01510711,0.00056068,-0.00079436,-0.00025795,0.00068968,-0.00110796,-0.00049282,-0.00035986,-0.00111554,-0.00098774,0.00046330,-0.00125411,0.00054405,-0.00044684,0.00092365,0.00084940,0.00028871,-0.00009652,0.00038206,-0.00151005,-0.00015925,0.00065942,-0.00056548,-0.00079404,-0.00092898,-0.00018280,-0.00009360,-0.00125831,0.00008977,0.00118287,-0.00060101,0.00069531,-0.00000660,0.00008927,-0.00110904,0.00068820,0.00093159,-0.00052781,0.00046412,0.00179341,0.00119353,-0.00088462,-0.00077342,0.00048379,-0.00010879,-0.00010916,0.00068152,-0.00094012,-0.00020691,0.00041345,0.00075967,-0.00036302,-0.00098840,-0.00085389,-0.00000432,-0.00082542,0.00081977,-0.00025972,0.00097947,-0.00045271,0.00058110,-0.00003625,-0.00059703,0.00002632
0.00137130,-0.00095301,0.00053189,-0.00029934,0.00026050,0.00060044,0.00139364,-0.00028782,0.00076140,-0.00047207,-0.00076930,0.00073331,-0.00004350,0.00093920,-0.00041684,-0.00057421,-0.00020157,-0.00016747,-0.00032506,0.00010208,0.00014595,0.00122638,0.00056212,0.00180714,0.00010807,0.00125601,0.00008485,0.00061214,-0.00054901,-0.00079756,0.00118495,-0.00048915,0.00009991,-0.00051733,0.00037702,0.00010619,0.00076412,-0.00190653,-0.00102344,0.00010324,0.00041235,0.00035460,0.00074253,0.00056536,0.00101348,0.00004269,-0.00038544,0.00086160,0.00014914,-0.00142068,0.00020791,0.00011549,-0.00111213,-0.00115567,0.00008256,-0.00168273,0.00034381,-0.00090787,0.00025836,0.00004415,-0.00066073,0.00014477,0.00017587,0.00051575,-0.00046646,-0.00053206,-0.00048209,-0.00060701,-0.00060561,0.00070573,0.00069372,0.00011196,-0.00030045,0.00018949,-0.00053655,0.00251342,-0.00000118,-0.00007898,0.00088291,-0.00154732,0.00021814,0.00060340,-0.00015616,0.00097546,0.00050477,-0.00083669,-0.00046200,-0.00038859,0.00076158,0.00050660,0.00118678,0.00085981,-0.00002046,0.00089626,-0.00046687,-0.00108044,-0.00187057,-0.00014549,-0.00094786,0.00056090,0.00046303,0.00081594,-0.00111936,0.00091194,-0.00002785,0.00038851,-0.00050457,-0.00037430,0.00043151,0.00089099,0.00076098,0.00054769,0.00139472,-0.00003960,0.00058511,-0.00072525,0.00201194,-0.00037144,-0.00066322,-0.00035152,-0.00064664,-0.00004953,-0.00010712,0.00047498,-0.00038391,-0.00173482,0.00072663,-0.00206651,0.00110554,-0.01413714,0.00069262,-0.00173636,-0.00045680,-0.00035149,-0.00048434,-0.00018162,0.00068545,0.00229590,-0.00005863,0.00054449,-0.00097945,0.00171722,-0.00071508,0.00093205,0.00026064,-0.00026586,-0.00111287,0.00027585,-0.00191478,0.00028067,0.00148394,0.00023072,0.00037538,0.00065530,-0.00089515,0.00119273,-0.00186395,-0.00025869,0.00097516,-0.00024811,0.00046146,-0.00049795,-0.00135908,0.00061916,0.00072558,-0.00048465,-0.00107851,-0.00101564,-0.00023434,0.00038050,-0.00085721,-0.00160643,0.00250645,-0.00015595,0.00191846,-0.00117365,-0.00001210,-0.00039976,-0.00071092,0.00066691,-0.00056648,0.00097542,-0.00143826,0.00104662,0.00055273,-0.00103820,0.00106933,-0.00002141,-0.00052477,0.00114172,0.00044393,-0.00044214
0.00019330,0.00097498,-0.00011838,0.00043337,0.00134223,0.00021526,0.00065900,0.00021050,0.00028065,-0.00036038,-0.00194595,0.00011771,-0.00024446,0.00112399,0.00034366,-0.00039393,0.00063430,0.00063208,-0.00131681,0.00060057,-0.00084473,0.00036855,0.00080022,0.00065587,-0.00034210,0.00086546,0.00034562,0.00014202,0.00021446,-0.00073937,0.00047999,-0.00068559,0.00066557,-0.00051938,-0.00010138,-0.00147442,0.00046344,-0.00199251,-0.00151754,0.00099327,0.00005503,0.00102964,0.00084219,-0.00088906,0.00010040,0.00058232,0.00055470,0.00144485,-0.00084232,-0.00068423,-0.00080979,-0.00057101,-0.00066825,0.00073223,0.00034917,-0.00052875,-0.00099220,0.00096834,0.00029435,0.00040764,-0.00059745,0.00023865,-0.00058359,0.00054123,-0.00058216,0.00073004,-0.00080369,-0.00113210,0.00068947,-0.00071222,-0.00109114,-0.00034099,0.00147932,-0.00008528,-0.00025437,-0.00101429,0.00069607,0.00019497,-0.00065300,-0.00036939,-0.00079890,-0.00028562,0.00003455,-0.00129948,0.00171539,0.00067386,-0.00150966,-0.00010992,-0.00086658,-0.00048061,0.00063961,0.00130477,0.00045879,0.00052035,0.00076092,-0.00098157,-0.00107900,0.00004245,-0.00025960,0.00088285,-0.00104793,0.00038419,-0.00004802,-0.00015571,0.00071303,-0.00041381,0.00091900,0.00085424,0.00025130,-0.00081428,0.00121424,0.00081419,0.00049138,0.00139509,0.00038333,-0.00015640,-0.00052598,-0.00009916,0.00001764,0.00022418,-0.00018478,-0.00001245,-0.00015052,-0.00102067,-0.00042151,-0.00029376,-0.00072580,0.00012112,-0.00055856,-0.00021364,-0.01520485,-0.00114826,0.00017553,-0.00049150,0.00059078,-0.00008163,0.00104379,0.00193150,0.00075950,0.00037180,-0.00013109,0.00052529,-0.00017264,0.00157474,0.00109143,0.00031204,-0.00016920,0.00081129,-0.00166915,-0.00042668,0.00050952,-0.00001449,0.00000733,0.00018842,-0.00034348,-0.00001957,-0.00107041,-0.00029425,0.00035826,-0.00070755,-0.00040909,-0.00061574,-0.00111257,-0.00028306,0.00043561,-0.00122578,-0.00090746,-0.00045091,-0.00066253,0.00073932,-0.00079048,-0.00101933,0.00115170,-0.00025960,0.00035668,0.00014362,-0.00057385,0.00038031,-0.00059255,0.00036181,-0.00083896,0.00039467,-0.00012707,0.00114352,-0.00115177,0.00106479,-0.00093700,-0.00137951,-0.00044705,0.00112875,-0.00014737,-0.00064607
-0.00022653,0.00085365,0.00072429,-0.00114333,-0.00167900,0.00040748,-0.00125378,0.00108178,0.00067125,-0.00028522,0.00045124,0.00140832,0.00041432,-0.00013265,0.00008088,0.00009635,0.00007926,0.00006659,-0.00079796,0.00011183,-0.00023219,-0.00033276,-0.00003347,-0.00059671,-0.00015184,0.00002482,0.00062108,0.00049479,-0.00076823,0.00060162,0.00069896,-0.00051854,-0.00047776,0.00042439,0.00030562,0.00101159,-0.00021713,0.00010660,0.00024257,0.00076658,0.00115737,-0.00090744,0.00006514,-0.00075417,-0.00148196,0.00062629,0.00077036,0.00029505,-0.00029267,0.00035942,-0.00094405,0.00042426,-0.00036600,-0.00042891,-0.00049146,0.00069648,-0.00132151,0.00048157,0.00025695,-0.00025662,-0.00041561,-0.00071995,-0.00020738,-0.00112840,0.00016393,-0.00126188,0.00028296,-0.00012249,0.00032224,-0.00026070,0.00016901,0.00049761,-0.00009402,-0.00019882,-0.00010656,-0.00151958,0.00142696,-0.00078380,0.00079028,0.00046042,-0.00114053,-0.00048459,-0.00073115,0.00032836,-0.00094853,-0.00050634,-0.00029393,0.00053448,-0.00014680,-0.00108143,0.00028963,0.00005421,0.00113038,-0.00134239,0.00060811,0.00050524,0.00085592,0.00012131,0.00051682,-0.00087051,0.00016310,0.00017394,0.00001219,-0.00038195,0.00068123,0.00046037,-0.00003600,0.00023869,-0.00003258,0.00010127,0.00051659,-0.00138119,-0.00039084,0.00033736,-0.00127457,0.00113133,-0.00023092,-0.00096017,-0.00076366,0.00068129,0.00021535,0.00136184,0.00078006,-0.00054529,0.00025254,0.00140408,-0.00046945,0.00158172,-0.00027526,-0.00001522,0.00065448,-0.01533603,-0.00043064,0.00055448,0.00063703,0.00064807,-0.00076992,-0.00266791,0.00054137,0.00110484,0.00018524,-0.00229222,-0.00081034,-0.00067188,-0.00020470,0.00044343,-0.00042774,0.00068875,0.00283198,-0.00058662,-0.00132388,0.00085387,0.00071510,-0.00009044,0.00103283,-0.00160962,0.00125603,0.00010962,0.00029100,-0.00027942,0.00129687,0.00054339,0.00130179,-0.00047269,-0.00011592,-0.00043158,0.00021264,0.00060303,-0.00010432,0.00074787,0.00085238,0.00227700,-0.00247689,-0.00206689,-0.00024665,0.00134487,0.00064947,-0.00013134,-0.00041757,0.00025313,0.00023559,-0.00037357,0.00081763,-0.00028739,-0.00209252,0.00012755,-0.00024779,-0.00037062,-0.00086986,0.00008583,0.00103657,-0.00083993
0.00030639,-0.00007975,-0.00066246,0.00005640,-0.00096490,-0.00066498,-0.00152619,-0.00031914,-0.00034093,0.00035937,-0.00065652,-0.00076050,0.00016111,-0.00041670,-0.00039023,-0.00007178,-0.00029806,0.00011620,0.00119846,0.00080483,0.00040244,-0.00078968,-0.00066276,-0.00110554,0.00066476,-0.00148447,-0.00051678,0.00001770,0.00054350,-0.00079590,-0.00053094,0.00135926,-0.00035841,-0.00128515,-0.00123096,0.00008687,0.00013435,-0.00039900,0.00103482,-0.00020039,0.00053393,-0.00046172,0.00000101,0.00064406,0.00008784,-0.00036725,0.00031512,0.00004280,-0.00027116,-0.00008302,0.00121905,-0.00007048,0.00126219,-0.00046843,0.00024199,0.00023737,-0.00057274,-0.00083620,-0.00060332,-0.00119596,-0.00116964,0.00016363,0.00065761,-0.00004135,-0.00021588,-0.00092036,0.00064853,-0.00003289,-0.00096107,-0.00110466,0.00007042,-0.00033683,-0.00033999,0.00014387,0.00062620,-0.00076647,0.00107913,0.00173597,-0.00082745,0.00063739,0.00084754,0.00011151,0.00032573,0.00089757,-0.00083254,0.00114085,0.00162738,-0.00126993,-0.00126674,-0.00163283,-0.00119198,-0.00069732,-0.00084925,-0.00090266,-0.00023144,-0.00027472,0.00064980,0.00001589,0.00073860,-0.00012637,0.00005111,0.00071034,0.00031204,-0.00022088,-0.00009554,0.00000827,-0.00080111,0.00011103,0.00061994,0.00066249,-0.00071352,0.00023707,0.00036819,-0.00020475,0.00065996,-0.00090043,-0.00025997,0.00078237,0.00063555,0.00063049,0.00086371,0.00008212,-0.00117264,-0.00070983,0.00008983,0.00128927,0.00040577,-0.00009885,-0.00090985,0.00027523,0.00033077,0.00136096,-0.01457546,0.00019728,-0.00050652,0.00164722,0.00066619,-0.00284037,-0.00017033,-0.00031801,0.00008932,-0.00156039,0.00143626,-0.00220482,-0.00052020,0.00009641,0.00137940,0.00011544,0.00113329,0.00162155,-0.00141426,-0.00090441,-0.00063754,-0.00021379,0.00005996,-0.00067762,0.00054996,0.00162109,-0.00096310,0.00000212,-0.00021041,0.00049522,-0.00060942,-0.00002964,-0.00140333,0.00178498,0.00107923,0.00099512,0.00042534,-0.00013797,0.00002453,0.00065202,-0.00114457,0.00055064,-0.00137735,-0.00075404,0.00140069,-0.00106494,0.00075707,-0.00059605,0.00189077,-0.00079970,0.00021298,-0.00051575,-0.00074541,0.00026967,-0.00056610,0.00221574,0.00102540,0.00016546,-0.00059057,0.00064545
0.00111166,0.00089424,0.00031275,-0.00205501,-0.00021824,0.00006655,0.00088579,0.00079436,0.00188305,0.00068066,0.00197675,0.00090883,-0.00086655,0.00191408,0.00129594,-0.00110516,0.00150421,0.00076410,-0.00239114,-0.00006939,0.00024654,0.00163027,0.00141023,0.00179020,-0.00208240,0.00197444,0.00023525,0.00100106,-0.00185691,0.00049063,0.00159394,-0.00290417,-0.00165672,0.00150240,0.00203682,-0.00143760,-0.00182587,-0.00122302,-0.00114623,0.00154439,0.00124368,0.00151898,0.00257652,-0.00138472,-0.00077345,0.00090886,0.00023039,0.00173233,-0.00248794,-0.00172260,-0.00148698,0.00176447,-0.00122908,0.00017806,-0.00010700,-0.00042407,0.00156266,0.00103958,0.00157637,0.00149955,0.00115085,0.00096775,-0.00169161,-0.00193626,-0.00203000,-0.00213534,-0.00164595,-0.00186925,0.00144122,-0.00081137,0.00164871,0.00081580,0.00099487,0.00079587,-0.00123636,-0.00032111,0.00112490,-0.00129534,0.00192643,-0.00086219,-0.00220450,0.00224002,-0.00135682,-0.00077210,0.00247473,-0.00111554,-0.00221183,0.00051521,0.00107215,0.00157883,0.00294602,0.00192659,0.00093228,-0.00023962,0.00144135,-0.00082630,-0.00199825,0.00085218,-0.00054690,-0.00207303,-0.00089883,-0.00008040,-0.00134648,-0.00067890,0.00038947,0.00170939,0.00055097,0.00134699,-0.00042522,-0.00131035,0.00153909,-0.00094660,0.00120704,0.00059152,-0.00057749,0.00185229,0.00059763,-0.00207560,-0.00139131,0.00108064,0.00091275,-0.00018142,0.00097197,0.00091560,-0.00131723,0.00059890,-0.00164542,-0.00050555,0.00007465,0.00031217,0.00120896,-0.00252925,-0.00171657,-0.01056512,0.00130055,0.00156106,-0.00030916,0.00363739,0.00039258,0.00236250,-0.00243714,0.00067184,-0.00216774,0.00062790,0.00050356,-0.00182464,-0.00187932,0.00124422,-0.00075156,-0.00264968,0.00007000,0.00162999,0.00214455,-0.00021719,0.00054365,0.00039301,-0.00140296,-0.00154938,0.00200600,0.00139139,0.00079313,0.00025838,-0.00142541,-0.00208069,0.00174125,-0.00157933,-0.00245305,-0.00264422,-0.00178335,-0.00013857,0.00109155,-0.00079945,0.00182773,-0.00155575,0.00126502,0.00073665,-0.00234080,0.00071227,-0.00198507,0.00094455,-0.00096754,0.00220107,-0.00224339,0.00238827,-0.00033768,-0.00086872,-0.00053497,-0.00128155,-0.00176948,0.00247945,0.00201442,-0.00220546
0.00105940,-0.00046632,-0.00069030,-0.00041850,-0.00058849,0.00116683,0.00007875,-0.00071017,0.00019373,-0.00137387,0.00011813,0.00093430,0.00031694,0.00081648,-0.00046669,0.00059957,-0.00019620,-0.00006997,-0.00037443,-0.00012629,-0.00014151,-0.00033931,0.00004958,0.00182489,0.00021688,0.00075312,-0.00063565,-0.00055562,-0.00092709,-0.00156971,0.00025563,-0.00086744,-0.00019289,-0.00032876,-0.00002472,-0.00039113,0.00021342,-0.00042001,-0.00064622,-0.00044057,0.00052882,-0.00020757,0.00038598,0.00030488,0.00103422,0.00052827,-0.00033235,-0.00019144,0.00076242,-0.00072650,-0.00017925,0.00028776,-0.00032365,0.00036446,0.00158645,-0.00146014,0.00156128,0.00086895,0.00000439,-0.00084454,-0.00023131,0.00006530,-0.00002804,0.00060414,0.00035630,0.00073686,-0.00008254,0.00028520,-0.00045039,0.00011951,-0.00038670,0.00023664,0.00041998,0.00069698,-0.00017045,0.00184259,-0.00022621,0.00034510,-0.00047657,-0.00127009,-0.00010379,-0.00107841,-0.00094029,0.00073464,0.00008919,-0.00051891,-0.00007950,-0.00038207,0.00062076,0.00134114,0.00031177,0.00030979,0.00043374,0.00114298,-0.00006472,-0.00113015,-0.00072028,-0.00169832,-0.00109670,-0.00023048,-0.00058667,0.00026238,-0.00089604,0.00015628,-0.00010498,0.00081211,0.00044474,-0.00110166,0.00043768,0.00024824,-0.00124888,0.00019746,0.00011699,-0.00016815,0.00000319,-0.00061612,0.00146951,-0.00004117,-0.00053386,0.00042672,-0.00007089,0.00017388,0.00038192,0.00086705,-0.00024973,-0.00079877,0.00049504,-0.00074675,0.00074713,-0.00155833,0.00066449,-0.00047092,0.00070484,-0.00043892,-0.01487597,-0.00035377,0.00137627,0.00192051,-0.00144150,-0.00034730,-0.00102201,0.00160134,-0.00027547,0.00090153,0.00003409,-0.00020429,-0.00043794,0.00007631,-0.00164592,-0.00090076,0.00053534,0.00019026,-0.00022629,0.00048590,-0.00222846,0.00114783,-0.00169787,-0.00012045,0.00039176,-0.00058843,-0.00100872,-0.00074389,-0.00073895,0.00023348,0.00059213,-0.00007677,-0.00141635,-0.00067659,0.00014786,-0.00105113,-0.00099920,-0.00106448,0.00268009,0.00022526,0.00098500,-0.00054808,-0.00035849,-0.00034737,-0.00166851,0.00022056,-0.00085659,0.00040018,0.00009962,0.00035004,0.00086795,-0.00064289,-0.00005187,0.00006070,-0.00057505,0.00036370,-0.00010538,-0.00027914
0.00064949,-0.00042103,0.00072789,-0.00024035,0.00183904,0.00121813,0.00066069,-0.00019429,0.00126699,-0.00068216,-0.00002936,0.00056348,-0.00045921,0.00041652,0.00009170,-0.00100438,-0.00048218,0.00051234,-0.00084955,-0.00028879,0.00062253,0.00075716,0.00020636,0.00048930,-0.00030409,0.00056300,-0.00020974,0.00008363,-0.00025253,-0.00109577,0.00075736,-0.00203905,-0.00002160,0.00014977,0.00134990,-0.00124934,0.00002506,-0.00089327,-0.00055528,0.00198551,-0.00068974,0.00109939,0.00096203,0.00008977,0.00025403,0.00018520,0.00000972,-0.00027537,-0.00137670,-0.00095895,0.00076893,0.00064612,-0.00065340,-0.00012251,0.00054659,-0.00095373,0.00105355,0.00079991,0.00047740,0.00064684,-0.00027449,0.00035439,-0.00095769,-0.00074764,-0.00054757,0.00033315,-0.00142474,-0.00061062,-0.00009449,0.00044871,0.00012891,0.00042281,0.00009665,0.00097496,-0.00120128,0.00119655,-0.00092246,-0.00065197,0.00135521,-0.00142619,-0.00091743,0.00002624,-0.00057220,-0.00032451,-0.00022132,-0.00013025,-0.00105785,0.00016970,0.00128805,0.00188848,0.00022816,0.00061741,0.00034535,0.00039633,0.00052200,-0.00173428,-0.00100652,-0.00033548,-0.00075636,0.00035217,-0.00059722,-0.00002196,0.00046564,-0.00010326,0.00033300,0.00065788,0.00080623,0.00025844,-0.00033953,0.00030423,0.00034682,-0.00009826,0.00128380,0.00023941,0.00008177,0.00124123,0.00085119,0.00029989,-0.00027850,0.00026849,0.00074318,0.00072440,0.00111915,-0.00041497,-0.00032244,-0.00065050,0.00047486,-0.00284903,0.00004148,0.00019138,0.00008099,-0.00067764,0.00033173,0.00084754,0.00082049,-0.01531427,0.00125700,0.00307614,-0.00048109,0.00029043,-0.00078814,0.00092217,-0.00115119,0.00012392,0.00149690,-0.00127484,-0.00113486,0.00064690,-0.00082955,-0.00041689,0.00075440,-0.00016815,0.00040402,-0.00017377,-0.00072935,0.00135653,-0.00179752,-0.00197844,0.00088836,-0.00055018,-0.00056958,-0.00062744,-0.00086862,-0.00037962,0.00170339,-0.00170516,-0.00021563,-0.00029888,-0.00029252,-0.00062816,0.00040675,-0.00120453,0.00107699,-0.00089455,0.00162524,0.00046688,-0.00069098,0.00017804,-0.00097858,0.00086758,-0.00101260,0.00220835,-0.00165071,0.00074385,0.00062540,-0.00024496,0.00023716,-0.00116869,0.00007233,0.00122050,0.00135411,-0.00060988
0.00019443,0.00055401,-0.00038797,0.00035816,-0.00080355,-0.00025233,-0.00132068,-0.00106569,-0.00095504,-0.00099602,-0.00132173,-0.00036596,0.00025301,-0.00140278,-0.00025435,0.00086447,-0.00070312,-0.00036386,0.00110182,0.00027517,0.00059292,-0.00187119,-0.00107330,-0.00066158,0.00217898,-0.00056174,-0.00058914,0.00037826,0.00031769,-0.00022590,-0.00131226,0.00174908,0.00086742,-0.00061119,-0.00118292,0.00167271,-0.00024152,0.00048341,0.00083207,-0.00189564,0.00021860,-0.00148034,-0.00169101,0.00110190,-0.00081855,-0.00080775,-0.00013374,-0.00192122,0.00108934,0.00123017,0.00084746,-0.00063050,0.00198317,-0.00061095,0.00018303,-0.00000973,0.00032802,-0.00044930,-0.00061151,-0.00044364,0.00051373,-0.00123978,0.00082261,-0.00125990,0.00061179,-0.00019464,0.00146080,0.00073155,0.00026811,0.00020087,0.00004780,0.00024099,-0.00086646,-0.00006762,0.00036539,-0.00083075,-0.00053939,0.00173162,0.00041625,0.00115520,0.00136434,-0.00086606,-0.00010557,0.00071477,-0.00131052,0.00012412,0.00176690,-0.00038165,-0.00020970,0.00015454,-0.00169439,-0.00117398,-0.00088133,-0.00220733,-0.00028736,0.00054401,0.00215110,-0.00059813,0.00001614,-0.00007482,0.00009775,-0.00026253,0.00167189,0.00037839,-0.00013106,-0.00127279,-0.00014270,-0.00042806,0.00035942,0.00137155,-0.00091102,-0.00053634,-0.00199023,-0.00124791,-0.00088780,-0.00087953,-0.00285340,0.00081861,0.00165571,-0.00055200,-0.00031999,0.00181081,-0.00123399,-0.00056467,0.00015653,0.00026302,-0.00008158,0.00098854,-0.00040358,-0.00035488,0.00032602,0.00272650,0.00181664,-0.00045439,-0.00076410,0.00022741,-0.01663622,-0.00218513,0.00022243,-0.00112109,0.00135574,-0.00080975,0.00184147,-0.00092438,-0.00065853,0.00105854,0.00124038,-0.00179608,0.00112172,0.00160138,-0.00066250,-0.00182043,-0.00137423,0.00082491,-0.00017912,0.00018026,0.00174620,0.00141085,-0.00185647,0.00013096,-0.00107042,-0.00037756,0.00011298,0.00046780,-0.00060304,0.00073271,0.00107729,0.00086340,0.00123941,-0.00085984,-0.00166269,0.00025367,-0.00223365,0.00033750,-0.00177453,-0.00004081,0.00174970,-0.00045369,0.00084397,-0.00112308,0.00127399,-0.00119279,0.00040763,-0.00107549,-0.00140092,0.00011529,0.00071995,0.00164846,0.00086556,-0.00214106,-0.00146234,-0.00009629
-0.00044263,0.00000399,-0.00348496,0.00257143,-0.00223890,0.00210094,-0.00156457,-0.00063466,-0.00275679,-0.00316287,-0.00280583,-0.00150465,0.00157453,-0.00316255,-0.00287806,0.00180183,-0.00257534,-0.00205961,0.00224712,0.00022281,-0.00183911,-0.00418645,-0.00304608,-0.00248156,0.00294204,-0.00346024,-0.00131657,-0.00095974,-0.00079469,-0.00199291,-0.00436391,0.00415295,-0.00006935,-0.00274400,-0.00246667,0.00290038,0.00153773,-0.00022209,0.00264282,-0.00278854,-0.00086259,-0.00379850,-0.00329583,0.00156294,0.00069603,-0.00195228,-0.00092266,-0.00230865,0.00404901,0.00278029,0.00142751,-0.00224199,0.00278384,-0.00168348,0.00082551,-0.00044976,-0.00006106,-0.00281394,-0.00249290,-0.00183077,-0.00224269,-0.00217958,0.00185969,0.00149798,0.00226690,0.00174861,0.00299132,0.00258461,0.00016961,0.00082528,-0.00204904,-0.00334955,-0.00035649,0.00002886,0.00297344,-0.00121551,-0.00047213,0.00249726,-0.00093281,0.00087414,0.00191808,-0.00223986,0.00130399,0.00193722,-0.00333384,0.00083426,0.00370446,-0.00279103,-0.00002517,-0.00254139,-0.00251428,-0.00212840,-0.00263391,-0.00222417,-0.00224828,-0.00022579,0.00148485,-0.00148309,0.00017952,0.00027084,-0.00005122,0.00033691,0.00143736,0.00154539,-0.00102069,-0.00265746,-0.00150666,-0.00124683,0.00172038,0.00202556,-0.00212838,-0.00014699,-0.00132776,-0.00237668,0.00020543,-0.00325896,-0.00144465,0.00197588,0.00339922,-0.00202255,-0.00171744,-0.00028566,-0.00238328,-0.00015154,0.00276345,-0.00009551,0.00240273,0.00204888,-0.00029085,-0.00241662,-0.00209007,0.00384164,0.00293852,-0.00241589,-0.00348329,-0.00259190,0.00230127,-0.01493174,-0.00233920,-0.00220534,0.00260088,-0.00023827,0.00307474,0.00008698,-0.00114155,0.00263993,0.00318211,-0.00307536,0.00051618,0.00348756,0.00138318,-0.00416239,-0.00292988,0.00214205,-0.00123319,0.00212774,0.00177831,0.00335528,-0.00404707,-0.00065146,-0.00160359,-0.00206822,-0.00142479,0.00192057,-0.00278459,0.00388646,0.00397188,0.00073122,0.00322149,-0.00121319,-0.00246894,-0.00156371,-0.00096543,0.00301556,-0.00161768,-0.00192150,0.00401680,-0.00088099,0.00357030,-0.00263657,0.00302284,-0.00339358,0.00243176,-0.00177531,0.00095830,0.00241496,0.00112486,0.00321390,0.00376266,-0.00336599,-0.00330354,0.00361539
0.00007509,-0.00094676,0.00089384,-0.00105463,0.00027546,0.00123780,0.00097759,0.00072291,0.00163091,0.00055985,-0.00001169,0.00056462,-0.00106088,0.00103195,-0.00035452,-0.00021893,0.00058115,0.00147810,-0.00053217,-0.00087953,0.00001013,0.00114494,0.00139891,0.00126713,-0.00111002,0.00124044,-0.00114854,0.00028223,0.00018830,-0.00045527,0.00069513,-0.00036228,0.00090192,-0.00039588,-0.00012313,-0.00131194,0.00012707,0.00000247,-0.00066044,0.00114064,-0.00023818,0.00183088,0.00190222,-0.00011216,0.00127921,0.00064137,0.00004701,0.00020147,-0.00108692,-0.00170526,-0.00044277,0.00079079,-0.00045912,0.00058600,-0.00081215,-0.00071490,0.00007612,0.00106398,0.00132531,0.00020680,0.00120213,-0.00109143,0.00027621,0.00036648,-0.00057078,0.00035627,-0.00059437,0.00005601,0.00014690,-0.00031149,-0.00003953,0.00008278,0.00002109,-0.00064066,-0.00056310,0.00077416,-0.00015601,0.00091681,0.00058312,-0.00090047,-0.00097706,-0.00009522,-0.00057054,0.00060739,0.00050176,-0.00022691,0.00044113,0.00062928,0.00078791,0.00166671,0.00088097,-0.00005388,-0.00019301,0.00220152,0.00072959,-0.00065299,-0.00020475,-0.00090245,-0.00027561,0.00054724,-0.00267317,-0.00008172,0.00067536,0.00033596,-0.00058022,0.00127072,0.00021095,-0.00011918,0.00000332,-0.00034377,0.00022225,0.00036216,0.00095365,-0.00119691,0.00135937,0.00058446,0.00154850,-0.00070500,-0.00103890,0.00040960,0.00022695,0.00005153,0.00120409,0.00002938,-0.00145002,-0.00086054,-0.00077298,-0.00246956,0.00070259,0.00037454,0.00141224,-0.00164996,-0.00132259,-0.00049616,0.00064275,0.00017828,0.00061034,0.00191951,-0.01674315,0.00058509,-0.00070287,0.00145306,-0.00146630,0.00091445,0.00015687,-0.00046850,-0.00094640,0.00038508,-0.00104626,-0.00043106,0.00100932,0.00063774,0.00128306,0.00037565,-0.00018224,0.00068249,-0.00110516,0.00020282,0.00127820,0.00027360,0.00013293,-0.00006853,-0.00027419,-0.00021053,0.00101992,-0.00068699,-0.00088338,-0.00007292,-0.00056951,-0.00011442,-0.00037221,-0.00087390,0.00175278,-0.00059302,0.00047776,-0.00020950,-0.00083898,-0.00043657,-0.00129203,-0.00014445,-0.00126702,0.00095742,-0.00142805,0.00024038,0.00053827,0.00021936,0.00080029,-0.00126027,-0.00055106,0.00066803,0.00129839,0.00034153
0.00200933,-0.00102813,-0.00015397,0.00110375,0.00078326,0.00077730,0.00075854,0.00160040,0.00123073,-0.00059505,-0.00032764,0.00097519,0.00075514,0.00009695,0.00066417,0.00035425,-0.00068332,0.00071096,-0.00095766,0.00058980,-0.00001371,0.00058886,-0.00016056,0.00066003,-0.00119116,0.00093333,0.00043003,0.00009882,-0.00047868,0.00010687,0.00102083,0.00022477,-0.00082294,-0.00033006,0.00008714,-0.00025008,-0.00006810,0.00057894,-0.00038819,0.00085517,0.00011866,0.00048166,0.00082650,0.00084116,0.00036145,-0.00017843,0.00019045,-0.00010461,-0.00111844,-0.00109318,0.00020942,-0.00008088,0.00015395,0.00049234,0.00006769,-0.00028529,0.00157003,-0.00028094,0.00037294,-0.00007930,0.00092739,0.00093088,0.00032979,-0.00012020,0.00018832,-0.00056491,-0.00039186,-0.00046596,0.00003243,0.00004289,0.00062451,0.00033434,-0.00035191,-0.00018606,0.00020459,0.00020763,0.00013259,-0.00118441,-0.00031705,-0.00083014,-0.00076961,-0.00026402,0.00041094,0.00012302,0.00020238,-0.00151880,0.00013510,-0.00078734,0.00158671,0.00099458,-0.00025517,0.00035590,-0.00055533,0.00079252,0.00036837,-0.00076025,-0.00087136,0.00046382,0.00007236,0.00054121,-0.00026884,-0.00032251,-0.00026054,0.00046833,-0.00080235,0.00009855,-0.00052004,-0.00015866,-0.00033662,-0.00038952,-0.00044860,0.00092999,-0.00025107,-0.00100063,0.00082233,0.00075696,0.00075699,-0.00011822,0.00007490,0.00026162,0.00003824,-0.00034898,0.00012916,0.00035010,-0.00018240,-0.00048283,0.00012514,0.00033691,-0.00020039,0.00130940,0.00000894,0.00007482,-0.00035936,0.00014746,-0.00046038,0.00030341,0.00121845,0.00280064,-0.00036744,-0.01275821,0.00034492,0.00039829,0.00013569,-0.00041137,0.00006505,-0.00031562,-0.00122142,-0.00057487,-0.00134897,-0.00074635,0.00052999,-0.00005811,-0.00009411,0.00049891,0.00026646,0.00063409,-0.00128607,0.00027351,0.00067127,0.00016288,-0.00108488,-0.00022600,-0.00022961,-0.00070696,0.00110447,-0.00031299,0.00014500,-0.00147083,0.00046861,-0.00122351,-0.00082600,-0.00110376,0.00154302,0.00003950,0.00078156,-0.00043971,0.00058035,0.00036896,-0.00065858,0.00067277,-0.00083501,0.00119440,0.00030755,-0.00073921,0.00036945,-0.00021886,-0.00055519,0.00000281,-0.00088261,0.00081826,0.00004037,-0.00002508
-0.00050353,0.00144592,-0.00020273,0.00013509,-0.00196485,-0.00003726,-0.00123660,0.00042980,0.00058647,-0.00028514,-0.00090209,0.00006295,0.00174236,0.00028171,-0.00019375,-0.00016929,-0.00009558,0.00022046,-0.00089398,0.00140581,0.00026816,-0.00114410,-0.00040533,-0.00111662,-0.00030325,0.00010714,0.00002194,0.00126233,-0.00096175,0.00042325,0.00086001,0.00113315,-0.00029220,-0.00056604,-0.00038471,0.00074408,-0.00066255,0.00050552,-0.00063034,0.00028968,0.00042057,-0.00184860,-0.00082336,-0.00008835,-0.00037488,0.00008805,0.00069505,-0.00048108,0.00027439,-0.00006423,-0.00008547,-0.00120299,-0.00021339,0.00002879,-0.00084058,0.00080744,-0.00072795,0.00124390,-0.00095120,-0.00029197,0.00001852,-0.00076851,-0.00042473,0.00024293,-0.00041957,0.00003832,0.00015834,0.00041983,0.00015449,-0.00059331,0.00016462,-0.00022620,0.00009192,0.00038711,0.00050639,-0.00133757,0.00002607,-0.00019873,0.00036748,-0.00017599,-0.00014729,-0.00024961,0.00009523,-0.00130390,-0.00121171,0.00043115,-0.00003354,0.00089359,-0.00023422,0.00012151,-0.00074632,0.00009360,-0.00000377,-0.00136085,-0.00062166,0.00069345,0.00098940,0.00119423,-0.00004058,-0.00070224,-0.00000231,-0.00025668,0.00058148,-0.00037075,0.00091989,0.00138286,0.00077512,-0.00060869,-0.00029142,-0.00017441,-0.00047392,-0.00094059,-0.00079904,0.00022170,-0.00019322,0.00146995,-0.00089795,-0.00066771,0.00050731,0.00063731,-0.00066677,0.00128599,0.00071639,0.00008434,0.00026019,0.00091861,-0.00036541,0.00067484,-0.00063052,0.00069543,-0.00005994,0.00043674,-0.00036213,0.00013266,-0.00058682,0.00037948,-0.00120402,-0.00334548,0.00082937,0.00093350,-0.01270313,-0.00151173,0.00046616,-0.00089374,-0.00001829,0.00045915,0.00036395,0.00016532,0.00105534,0.00036292,-0.00033441,0.00039829,0.00120638,-0.00078377,0.00054972,-0.00171676,0.00142567,-0.00016150,0.00053219,-0.00041581,0.00129041,0.00101123,0.00154786,-0.00031196,-0.00000033,-0.00029653,-0.00014850,0.00035138,-0.00006245,0.00112902,0.00091779,0.00209495,-0.00248127,-0.00092846,-0.00081244,0.00028314,0.00092146,-0.00021884,0.00023039,0.00010202,0.00173413,-0.00007360,0.00020782,-0.00032956,-0.00082077,0.00032770,-0.00059404,0.00031100,0.00107810,-0.00029098,-0.00029611,0.00056081
-0.00046666,0.00024715,-0.00131374,0.00050206,-0.00121558,-0.00066815,-0.00017368,-0.00076495,-0.00238484,-0.00077466,-0.00084051,-0.00098648,0.00173353,-0.00246554,-0.00151963,0.00119438,-0.00240024,-0.00224161,0.00333917,0.00139569,-0.00186721,-0.00284730,-0.00169079,-0.00163667,0.00184610,-0.00263630,-0.00119696,-0.00022379,0.00138475,-0.00115775,-0.00171926,0.00298718,-0.00022412,-0.00195377,-0.00173130,0.00080255,0.00088629,-0.00010730,0.00206628,-0.00196067,0.00028333,-0.00266219,-0.00276693,0.00151593,0.00059571,-0.00210674,0.00078966,-0.00292608,0.00116624,0.00276188,0.00137214,-0.00182725,0.00227066,-0.00177263,0.00045911,0.00065608,0.00071147,-0.00224318,-0.00239742,-0.00237302,-0.00111840,-0.00030238,0.00133788,0.00295287,0.00108622,0.00093822,0.00291332,0.00143593,-0.00182489,-0.00030687,-0.00113543,-0.00044976,-0.00170417,0.00124762,0.00324354,-0.00167392,-0.00058182,0.00151635,-0.00210913,-0.00003712,0.00167628,-0.00151231,0.00040389,0.00148755,-0.00222060,0.00022261,0.00243122,-0.00251145,-0.00024693,-0.00170624,-0.00095698,-0.00229591,-0.00166037,-0.00133762,-0.00184357,0.00030869,0.00115028,-0.00103594,-0.00063117,0.00051551,-0.00008621,0.00093403,0.00172758,0.00072090,-0.00242833,-0.00147228,-0.00084132,0.00072437,0.00226219,0.00230431,-0.00214833,-0.00054250,-0.00067423,-0.00119532,-0.00004535,-0.00087881,-0.00167718,0.00088308,0.00285089,-0.00012251,-0.00036755,-0.00084685,-0.00126510,-0.00111488,0.00076240,0.00029351,0.00112181,0.00128599,-0.00119445,0.00059625,-0.00146085,0.00211887,0.00153843,-0.00102716,-0.00202037,-0.00199508,0.00000912,-0.00221491,-0.00103176,-0.00307601,0.00300812,-0.01467087,0.00256350,-0.00004949,-0.00052688,0.00178819,0.00066879,-0.00225980,-0.00006533,0.00104206,-0.00023735,-0.00397192,-0.00233628,0.00184657,-0.00088132,0.00100915,0.00085619,0.00188157,-0.00255317,-0.00111661,-0.00127581,0.00012825,0.00029345,0.00169761,-0.00150790,0.00284231,0.00250393,0.00015259,0.00289793,-0.00027962,-0.00186907,0.00046478,-0.00189227,0.00231590,-0.00120248,-0.00076165,0.00383466,-0.00074641,0.00179775,-0.00222204,0.00250407,-0.00323697,0.00186758,-0.00200601,-0.00048837,0.00120220,-0.00033484,0.00213084,0.00218709,-0.00214180,-0.00273080,0.00337650
-0.00019348,0.00085154,0.00039128,-0.00050195,-0.00081112,0.00017107,0.00037578,0.00049531,-0.00067877,-0.00011742,-0.00029679,0.00069180,-0.00053233,-0.00050099,-0.00029509,-0.00008315,-0.00030141,0.00016300,0.00005908,0.00068684,-0.00056920,0.00034011,-0.00100179,0.00027398,0.00006565,-0.00040108,0.00117684,0.00004611,-0.00008411,-0.00066513,-0.00006815,-0.00067081,0.00097985,-0.00047854,-0.00050732,0.00089664,0.00107243,-0.00020257,0.00074009,-0.00035310,-0.00010543,0.00042498,-0.00053941,-0.00016396,-0.00071107,0.00059055,-0.00019923,-0.00059285,-0.00066319,0.00033574,0.00010684,0.00092503,-0.00021363,0.00026387,-0.00076845,-0.00000977,0.00005166,0.00040264,0.00088576,0.00020377,-0.00091113,0.00021142,-0.00010939,0.00073954,0.00030471,-0.00034660,0.00106227,0.00036037,0.00054468,-0.00093370,0.00015579,0.00013759,0.00061982,-0.00003387,0.00090070,0.00059176,0.00081388,0.00040814,0.00097969,0.00083513,0.00041738,0.00009273,-0.00068085,0.00043932,-0.00104253,0.00061927,0.00113315,-0.00014496,-0.00045073,0.00097159,-0.00066058,-0.00017320,-0.00016977,0.00088990,0.00137918,0.00095668,0.00153352,0.00030630,-0.00019678,0.00037423,-0.00063901,-0.00122449,0.00013514,0.00076722,0.00017200,0.00079868,-0.00048581,0.00014164,-0.00115923,0.00057200,-0.00006588,-0.00002077,0.00083075,0.00114515,-0.00003679,-0.00077330,-0.00012930,0.00028835,0.00000506,0.00060241,-0.00009517,-0.00021683,0.00016820,0.00060033,-0.00017223,0.00058171,0.00016651,-0.00038110,0.00100946,0.00068278,0.00052476,-0.00139967,0.00046295,0.00086782,0.00047652,-0.00018785,0.00002329,-0.00181302,-0.00058150,0.00079901,-0.00035573,-0.00134270,-0.01618865,-0.00039107,0.00024056,-0.00010081,0.00133612,-0.00009706,0.00161149,-0.00003003,-0.00071411,0.00090342,-0.00038514,-0.00047292,0.00056436,-0.00118477,0.00036587,-0.00054736,-0.00023835,-0.00058353,0.00028923,0.00088742,0.00047249,0.00091393,0.00025427,-0.00019595,0.00056155,0.00150227,-0.00057749,0.00039245,0.00057427,0.00029598,-0.00193740,0.00015450,-0.00095771,0.00060908,0.00037450,-0.00079078,-0.00092748,0.00001810,0.00081367,0.00049765,-0.00046622,-0.00004356,-0.00105605,-0.00043008,0.00037491,0.00007961,-0.00063821,-0.00019072,-0.00113260,-0.00027697
0.00013622,0.00047341,-0.00047324,0.00010654,-0.00178721,-0.00033054,0.00103548,0.00116927,-0.00080912,-0.00039480,0.00003755,-0.00095281,0.00091003,-0.00088164,-0.00025428,-0.00038176,-0.00104809,-0.00061218,0.00057596,0.00114950,-0.00106582,-0.00148044,-0.00158574,-0.00210552,0.00133896,-0.00107173,-0.00009688,0.00019033,0.00021202,0.00045745,-0.00120966,0.00119091,0.00001203,-0.00171739,-0.00078163,0.00050693,0.00034902,0.00019107,0.00086432,-0.00105092,0.00045381,-0.00003821,-0.00074648,0.00071761,0.00018271,-0.00125130,-0.00124261,-0.00062063,0.00076744,0.00194475,0.00038356,-0.00041485,0.00166968,-0.00093381,0.00101572,0.00113227,-0.00023096,-0.00128116,0.00040272,-0.00030226,-0.00055914,-0.00052939,0.00078127,0.00151274,0.00080162,0.00091006,0.00143650,-0.00045388,-0.00090308,-0.00029075,-0.00064151,-0.00034763,0.00022407,-0.00028890,0.00041772,-0.00146867,-0.00089786,0.00110999,-0.00061780,0.00170848,0.00162045,-0.00061779,0.00013055,0.00017871,-0.00126164,0.00075936,0.00053581,0.00019214,-0.00076602,-0.00128807,-0.00132541,-0.00166723,-0.00055836,0.00035402,-0.00129988,0.00075766,0.00012118,-0.00071013,0.00065362,0.00019308,0.00043836,0.00006676,0.00073181,-0.00027710,-0.00061865,-0.00116086,-0.00037396,0.00022607,0.00064445,-0.00006472,-0.00085608,-0.00013280,-0.00076846,0.00014148,0.00012275,-0.00083196,-0.00093856,0.00082424,0.00022288,0.00002506,-0.00025391,-0.00005236,-0.00077913,-0.00119842,0.00061436,0.00084572,0.00048852,0.00087050,0.00050618,-0.00043058,0.00023047,0.00113407,-0.00071090,-0.00104155,-0.00051497,-0.00047795,-0.00084209,-0.00166687,0.00039252,-0.00140536,0.00156069,-0.00014105,0.00086303,-0.01598635,-0.00154645,0.00055618,-0.00039099,-0.00100462,0.00039534,0.00098715,-0.00038915,-0.00193410,-0.00035485,-0.00016639,0.00016239,0.00085274,0.00055297,0.00091084,-0.00125107,0.00072059,-0.00071838,0.00034706,0.00011529,-0.00004233,-0.00188169,0.00053516,0.00076440,0.00083661,0.00122526,-0.00002952,-0.00132029,0.00109984,0.00056766,0.00177781,-0.00088439,-0.00047718,0.00072932,-0.00130842,0.00134559,-0.00120552,0.00025235,-0.00097981,0.00140088,-0.00095562,0.00026422,0.00171257,0.00078052,0.00004680,0.00054788,-0.00173722,-0.00225145,0.00045780
0.00133779,-0.00083156,0.00063072,0.00035194,0.00056635,-0.00018662,-0.00098161,0.00067828,0.00028567,-0.00028539,0.00108450,0.00018241,0.00061394,0.00041880,0.00077067,-0.00067084,0.00007548,0.00152494,-0.00038019,0.00012860,0.00043167,-0.00093044,0.00002450,0.00004142,-0.00089220,-0.00022552,0.00017702,0.00062840,-0.00018389,-0.00035339,0.00106451,-0.00131299,0.00051689,-0.00034349,0.00024426,-0.00040784,-0.00045539,-0.00007263,-0.00064456,0.00046978,-0.00016242,0.00000809,-0.00071854,0.00008536,0.00034027,0.00044126,0.00019895,0.00079394,-0.00012962,-0.00113608,-0.00104123,-0.00045282,-0.00136147,0.00050988,0.00060822,0.00032232,0.00014163,0.00060742,0.00126122,-0.00004469,0.00093893,0.00034512,0.00002907,-0.00040173,-0.00031938,-0.00047989,-0.00087204,0.00081813,0.00072348,-0.00102936,0.00136483,0.00033773,0.00015458,-0.00087788,-0.00068857,-0.00014456,0.00033439,-0.00053692,0.00090134,0.00010094,-0.00011061,0.00082015,0.00055162,-0.00010166,-0.00015257,0.00000449,-0.00093526,0.00066990,0.00009420,0.00105608,0.00065314,0.00025863,0.00078427,0.00067457,0.00085192,-0.00048972,0.00000071,0.00000541,-0.00062436,0.00050601,0.00016271,-0.00048297,-0.00067217,-0.00014375,0.00034243,-0.00007180,0.00017101,0.00003525,-0.00004077,-0.00033068,-0.00058052,0.00033327,0.00018519,-0.00016525,-0.00043061,0.00019314,-0.00003251,-0.00055930,-0.00010228,0.00047090,0.00061567,-0.00051201,-0.00004974,-0.00116851,-0.00109873,0.00075354,-0.00060536,0.00013098,0.00027664,-0.00037860,0.00120209,0.00070260,-0.00038961,-0.00043867,-0.00024174,-0.00000996,-0.00031441,0.00130729,-0.00064757,0.00034477,0.00024430,0.00053430,0.00018981,-0.00104648,-0.01675508,0.00031193,-0.00037741,0.00017753,-0.00048549,-0.00067303,-0.00039363,-0.00016322,0.00018875,0.00105819,0.00002794,0.00025425,-0.00014395,-0.00051523,-0.00032416,0.00079536,-0.00038088,-0.00002278,-0.00062714,-0.00058879,-0.00036524,0.00030947,0.00051087,-0.00108582,-0.00000815,0.00049322,-0.00006596,-0.00051970,0.00071477,-0.00022557,-0.00002325,0.00120951,-0.00035190,0.00027775,0.00064900,0.00016343,0.00006150,0.00053558,0.00049190,-0.00023331,0.00055280,-0.00001592,0.00053900,0.00085346,-0.00101002,-0.00020481,0.00049237,-0.00017268
0.00056820,0.00082539,-0.00066198,-0.00113454,-0.00022498,0.00024033,-0.00093217,-0.00054839,0.00079490,-0.00106870,0.00025180,-0.00065472,0.00035480,-0.00024137,-0.00165223,-0.00113031,-0.00097890,0.00025159,0.00001590,-0.00058753,-0.00001328,-0.00066892,-0.00121885,-0.00029164,0.00085310,-0.00096081,-0.00048764,0.00056065,0.00027937,0.00088285,-0.00094234,0.00067233,0.00015692,-0.00092299,-0.00098874,-0.00038302,-0.00130765,0.00069814,-0.00007381,-0.00025400,-0.00055396,-0.00080865,-0.00068240,-0.00149621,-0.00043540,-0.00036820,-0.00116168,-0.00012302,-0.00052312,-0.00026917,0.00044884,0.00054047,-0.00009396,0.00020930,0.00006050,0.00045198,-0.00001470,-0.00019264,0.00063073,0.00081670,-0.00066718,-0.00041525,-0.00027753,-0.00006937,0.00032516,-0.00002629,-0.00061788,-0.00024175,-0.00081752,0.00006897,-0.00010699,0.00001667,-0.00074091,-0.00000933,-0.00021929,-0.00032755,0.00115416,0.00026208,0.00064725,-0.00023466,-0.00117916,0.00013461,-0.00013303,0.00055637,-0.00000596,0.00079251,0.00037356,-0.00062697,-0.00045812,-0.00056281,-0.00129215,-0.00031322,0.00016072,-0.00048915,-0.00034729,0.00015101,0.00051690,-0.00036978,0.00028996,-0.00039538,0.00017254,0.00012782,-0.00144221,-0.00011645,0.00029537,0.00025185,0.00047631,-0.00002855,-0.00001741,0.00074709,-0.00030991,0.00019604,0.00018707,0.00138545,-0.00100115,-0.00098975,0.00068075,-0.00081328,0.00002877,0.00004525,0.00033179,0.00093671,0.00008523,-0.00050355,0.00008225,0.00045753,0.00037607,-0.00026586,0.00019126,0.00088042,0.00048150,0.00123137,0.00037625,0.00014970,0.00038241,-0.00015547,-0.00001265,-0.00235344,0.00082404,0.00004799,-0.00003366,0.00027507,0.00002724,0.00027355,0.00053884,-0.01556251,0.00085667,-0.00052011,0.00107693,0.00018932,-0.00019291,-0.00013300,0.00033672,0.00070227,0.00099186,-0.00130222,0.00011319,0.00020259,-0.00035240,-0.00012613,0.00130598,0.00010884,-0.00017869,0.00033825,-0.00102774,0.00053716,0.00003930,0.00128794,-0.00011412,0.00039107,0.00041775,0.00021502,-0.00135679,-0.00097016,-0.00096736,0.00084799,0.00109188,0.00009026,-0.00048116,0.00054330,0.00031965,0.00006959,0.00035870,-0.00000894,-0.00006567,-0.00031480,-0.00016701,0.00029055,0.00035264,-0.00007803,-0.00112266,0.00050044
0.00071149,0.00060145,0.00101947,0.00001246,0.00016637,-0.00075362,-0.00035344,0.00040076,0.00068558,0.00099869,0.00059108,0.00097658,-0.00081987,0.00066018,0.00026018,-0.00031158,0.00125760,0.00056037,-0.00042517,0.00012369,0.00051359,0.00042935,0.00043646,0.00191388,-0.00063137,0.00207087,0.00004922,0.00085086,-0.00078487,0.00173585,0.00158800,-0.00096847,0.00008407,0.00109064,0.00136855,-0.00032947,-0.00037690,-0.00017100,0.00015508,0.00007453,0.00008379,0.00052529,0.00014018,-0.00026629,0.00056893,0.00054479,0.00040188,0.00140426,-0.00047742,-0.00114799,-0.00046022,0.00090678,-0.00085820,-0.00033096,0.00056712,0.00124747,-0.00039243,0.00011174,0.00090094,0.00164067,0.00060834,0.00015925,0.00015859,-0.00121360,-0.00137277,0.00038121,-0.00076405,-0.00138737,0.00054989,0.00053274,0.00051929,0.00091870,0.00084989,-0.00089273,-0.00038625,0.00052857,0.00027520,-0.00031148,-0.00076014,-0.00051812,0.00003071,-0.00066951,0.00032437,-0.00076367,0.00089680,-0.00088212,-0.00056660,0.00068478,0.00055119,-0.00047898,0.00125849,-0.00025115,0.00054281,0.00142159,0.00046902,0.00103416,0.00013884,-0.00040879,-0.00027102,0.00043723,-0.00020806,-0.00061522,-0.00117302,0.00007204,-0.00014571,0.00058706,0.00116890,0.00030287,-0.00005139,-0.00157111,0.00093806,-0.00086538,0.00003431,-0.00018030,-0.00100506,0.00071133,-0.00023976,-0.00029904,-0.00084718,0.00082219,0.00062011,0.00160464,0.00147308,-0.00084698,-0.00128883,-0.00006398,0.00024851,-0.00119030,-0.00009799,0.00023812,0.00024910,-0.00208930,-0.00051242,-0.00009770,0.00097401,0.00098012,-0.00056507,0.00099685,0.00119542,0.00074958,-0.00063120,-0.00002066,0.00021182,-0.00122147,0.00019356,-0.00151523,-0.01718024,0.00100692,0.00034106,-0.00035010,-0.00095232,0.00072006,0.00109472,-0.00157254,0.00032581,-0.00026080,0.00018238,-0.00024630,0.00049471,0.00088858,-0.00010582,-0.00025939,0.00006725,-0.00102256,0.00078501,-0.00036607,-0.00064014,0.00022121,-0.00066100,0.00100086,0.00062903,0.00132690,-0.00011710,-0.00111975,0.00153457,0.00076508,-0.00114348,-0.00037012,-0.00168961,0.00045268,-0.00125341,0.00073300,-0.00066512,0.00047524,0.00032824,-0.00027621,-0.00083376,-0.00079347,-0.00068389,0.00082164,0.00053926,-0.00172991
0.00126077,-0.00087993,0.00028751,-0.00063788,-0.00001067,-0.00080697,0.00161488,0.00019326,0.00009673,0.00013625,0.00112743,0.00057209,-0.00133562,0.00093137,-0.00054625,0.00088690,0.00009786,0.00134024,-0.00026470,-0.00046590,0.00084615,0.00017240,0.00140665,0.00009152,0.00047772,0.00001072,-0.00028652,0.00026566,-0.00023022,-0.00016750,0.00015723,-0.00098062,-0.00003580,0.00048170,0.00068510,-0.00045275,0.00020462,-0.00036794,-0.00050438,0.00033493,0.00012397,0.00041955,0.00099460,-0.00021482,-0.00032341,-0.00018951,-0.00015415,-0.00094928,0.00066658,-0.00081502,-0.00068901,0.00129091,-0.00171212,-0.00077699,0.00002368,-0.00010535,-0.00018844,0.00106135,-0.00032043,-0.00015504,0.00036480,0.00036723,-0.00008180,-0.00073404,0.00012516,0.00073344,0.00032812,-0.00020013,0.00147147,0.00034866,0.00014574,0.00030884,0.00008235,-0.00048605,0.00012240,0.00031855,-0.00107050,-0.00012065,-0.00001187,-0.00082897,-0.00055079,0.00095393,-0.00052649,0.00002256,0.00004525,-0.00064147,-0.00050127,0.00069026,0.00115719,0.00128184,0.00021671,-0.00163948,-0.00123835,-0.00110845,0.00072974,-0.00113768,-0.00004582,0.00035792,0.00005336,-0.00037112,0.00039779,-0.00025883,-0.00020860,0.00055997,0.00009859,0.00034980,-0.00029695,0.00062870,0.00015013,-0.00086046,-0.00038474,-0.00058687,0.00002207,-0.00074439,-0.00067803,-0.00010018,-0.00058341,0.00031745,0.00023557,0.00046599,0.00029312,-0.00045437,0.00207910,0.00042043,-0.00015412,-0.00056289,-0.00029821,-0.00116920,0.00051386,-0.00066413,0.00052823,-0.00047441,0.00048504,0.00003004,-0.00057583,-0.00077342,-0.00020810,0.00166817,-0.00069707,-0.00008647,-0.00008573,0.00146957,-0.00095025,0.00077036,0.00000743,-0.00058569,-0.00035072,-0.01460411,-0.00187922,-0.00136051,0.00078514,0.00062875,-0.00059549,0.00139206,-0.00100162,0.00065205,-0.00070619,-0.00075432,0.00084107,0.00019280,-0.00099938,-0.00073155,-0.00075060,-0.00017370,0.00034379,-0.00005283,-0.00001086,-0.00289832,-0.00026113,-0.00071911,0.00020016,-0.00148147,0.00094869,-0.00039813,0.00142348,0.00117080,-0.00041747,-0.00014878,0.00070204,0.00140404,-0.00116833,0.00102493,-0.00031067,0.00151715,-0.00078150,0.00018106,-0.00019268,-0.00024274,-0.00144631,0.00002103,0.00107602,-0.00027744
-0.00052885,0.00074680,-0.00010249,-0.00166006,0.00120244,0.00026823,0.00053786,-0.00066194,0.00137636,0.00201899,0.00031354,-0.00024781,-0.00143813,0.00180980,0.00118716,-0.00034220,0.00184143,0.00134704,-0.00161091,-0.00116038,0.00086907,0.00160908,0.00014356,0.00086925,-0.00213946,0.00248221,-0.00009277,0.00056265,0.00048076,0.00069681,0.00141885,-0.00184790,-0.00082672,0.00157547,0.00241909,-0.00109615,-0.00004535,-0.00043315,-0.00102811,0.00199674,-0.00007629,0.00183050,0.00097857,-0.00024831,-0.00155998,0.00042677,-0.00055959,0.00051128,-0.00066411,-0.00156705,-0.00077691,0.00022313,-0.00102519,0.00014448,-0.00127016,-0.00049109,0.00044180,0.00047926,0.00098899,0.00054707,0.00131984,0.00123009,-0.00204432,-0.00109826,-0.00038942,0.00043579,-0.00275702,-0.00213116,-0.00027106,0.00015267,0.00095840,0.00010023,0.00035940,0.00070721,-0.00121833,0.00071214,-0.00047662,-0.00132025,0.00066310,-0.00095408,-0.00045466,0.00154429,0.00012184,-0.00105187,0.00190936,-0.00099364,-0.00237996,0.00085240,-0.00034704,-0.00017141,0.00095936,0.00096521,0.00097008,0.00127260,0.00020356,-0.00141159,-0.00150591,0.00039967,-0.00072874,-0.00011023,0.00054287,-0.00027095,-0.00134749,-0.00048969,0.00038419,0.00060854,-0.00041173,-0.00018496,-0.00053198,-0.00110555,0.00064204,0.00050502,0.00086401,0.00089540,-0.00022426,0.00109029,0.00120858,-0.00165633,-0.00232327,0.00128633,0.00015267,-0.00086037,0.00156751,0.00064475,-0.00179086,-0.00023112,-0.00167613,-0.00093222,-0.00032467,0.00027034,-0.00039467,-0.00017894,-0.00151889,0.00138587,0.00156245,0.00128145,-0.00075103,0.00284102,0.00078054,0.00146645,-0.00150503,0.00019745,-0.00156906,-0.00027610,0.00042726,-0.00057936,-0.00077206,0.00085153,-0.01271587,-0.00254451,0.00020127,0.00213283,0.00155312,-0.00064791,-0.00040285,-0.00160671,-0.00166621,-0.00110687,0.00287836,0.00169465,0.00113285,0.00073717,0.00052227,-0.00065145,0.00147692,-0.00159553,-0.00165554,-0.00003299,-0.00169288,0.00125652,0.00210626,-0.00030534,0.00055416,-0.00168972,0.00046187,0.00091300,-0.00262023,0.00085514,-0.00159617,0.00218876,-0.00138516,0.00294914,-0.00088389,0.00190978,-0.00014634,-0.00139186,-0.00074774,-0.00153496,-0.00175932,0.00258879,0.00168846,-0.00305222
-0.00045309,0.00135174,-0.00008356,-0.00009555,-0.00087477,-0.00060069,0.00012397,-0.00007413,-0.00116508,0.00028904,-0.00046680,-0.00161564,-0.00057735,0.00068519,0.00009167,0.00074601,-0.00029209,-0.00003565,0.00067894,0.00110062,-0.00075652,-0.00023526,-0.00009639,-0.00039892,0.00009236,0.00013050,0.00099778,-0.00060775,0.00059457,0.00057966,-0.00065624,0.00139811,-0.00066389,-0.00059394,-0.00096847,-0.00031768,-0.00133460,0.00076408,0.00022376,-0.00015377,0.00051616,0.00017617,0.00034191,-0.00023265,0.00035783,-0.00009006,0.00026758,0.00033824,0.00048550,0.00089905,0.00038556,-0.00041861,0.00052028,-0.00059194,0.00035464,0.00083675,-0.00019639,0.00068898,-0.00040925,0.00004874,-0.00012747,-0.00018482,-0.00131207,0.00044735,-0.00050996,-0.00045737,0.00057364,0.00023193,0.00074527,-0.00082238,-0.00066421,-0.00040995,0.00009203,-0.00013090,0.00110505,-0.00101434,-0.00023473,0.00016495,-0.00003994,0.00081645,-0.00020054,-0.00023384,0.00031226,-0.00008081,-0.00059909,0.00184569,0.00081505,-0.00023543,-0.00017617,-0.00139875,-0.00062691,-0.00094298,-0.00111933,-0.00008375,-0.00077159,0.00008417,0.00046483,-0.00100949,0.00109805,0.00095325,-0.00103635,0.00064633,0.00084066,0.00074533,0.00021826,-0.00051512,-0.00039860,0.00075901,0.00079008,-0.00013750,-0.00015953,0.00006750,-0.00138946,0.00006521,-0.00004292,-0.00011730,-0.00091000,0.00032554,-0.00045680,-0.00002143,-0.00082465,0.00023238,-0.00119697,0.00059739,-0.00039517,0.00146280,0.00073613,0.00133601,-0.00032332,0.00109543,-0.00032714,0.00043030,0.00077879,0.00010821,-0.00104620,0.00048723,-0.00082641,-0.00163744,0.00132007,0.00018718,0.00037803,-0.00192904,0.00014493,-0.00083461,-0.00084194,0.00012387,0.00084774,-0.00061736,-0.00032811,-0.01517428,0.00039379,-0.00084193,0.00033848,-0.00066736,0.00086078,-0.00132833,0.00164466,0.00030844,-0.00002258,-0.00011165,0.00112620,0.00136218,0.00078010,0.00053937,-0.00048005,-0.00007687,0.00004983,0.00157509,0.00079121,0.00071693,-0.00040829,0.00019514,-0.00060476,-0.00021890,-0.00104476,0.00135381,-0.00019220,0.00006819,0.00013414,-0.00125572,0.00107051,-0.00060024,0.00085647,-0.00076607,-0.00120967,0.00094785,-0.00117549,-0.00049478,0.00092368,-0.00000484,-0.00032466,-0.00011835
-0.00171597,0.00103006,-0.00080976,0.00085242,-0.00125618,-0.00053850,-0.00007369,-0.00145986,-0.00166129,-0.00112692,-0.00105526,-0.00080888,0.00153439,-0.00194533,-0.00042431,0.00080956,-0.00180980,-0.00141470,0.00215823,0.00095618,-0.00092032,-0.00122385,-0.00151126,-0.00212023,0.00188379,-0.00209454,0.00166220,-0.00069062,0.00105067,-0.00021471,-0.00165275,0.00221645,0.00075715,-0.00147880,-0.00081343,0.00131949,0.00110699,-0.00007460,0.00156312,-0.00220719,0.00034025,-0.00143281,-0.00209325,0.00056221,0.00076428,-0.00148009,-0.00009083,-0.00125814,0.00134647,0.00187296,0.00105875,-0.00150672,0.00188051,-0.00062854,0.00168998,0.00037014,-0.00019830,-0.00102573,-0.00083679,-0.00188227,-0.00095324,-0.00075694,0.00168956,0.00033188,0.00008299,-0.00129812,0.00149628,0.00097204,-0.00191884,-0.00065445,-0.00067157,-0.00053905,-0.00105348,0.00001217,0.00096176,-0.00179069,-0.00076974,0.00085188,-0.00222061,0.00093569,0.00127904,-0.00059717,0.00078960,0.00007859,-0.00173493,0.00134910,0.00150456,-0.00234316,-0.00076466,-0.00172296,-0.00126863,-0.00144472,-0.00054308,-0.00086505,-0.00086777,0.00139249,0.00071191,0.00072479,0.00101273,0.00017438,0.00014162,0.00016863,0.00135215,0.00098092,-0.00062121,-0.00087917,-0.00037830,0.00034555,0.00062637,0.00063228,-0.00125296,0.00024537,-0.00011846,-0.00074500,-0.00033315,-0.00095264,-0.00115823,0.00134458,0.00253964,-0.00064492,-0.00019822,0.00072319,-0.00027090,-0.00090034,0.00029192,-0.00023777,0.00103530,0.00211071,-0.00077404,0.00052495,-0.00118567,0.00191936,0.00081390,-0.00072122,-0.00245363,-0.00022815,0.00015056,-0.00201119,-0.00013403,-0.00164590,0.00155786,-0.00140707,0.00150063,-0.00059054,-0.00090152,0.00168719,0.00142877,-0.00171032,0.00086731,0.00205843,-0.01358316,-0.00236605,-0.00154547,0.00156231,0.00066197,0.00094868,0.00033550,0.00143493,-0.00219049,0.00037057,-0.00057526,-0.00129295,0.00030793,0.00003592,-0.00190060,0.00183804,0.00193013,0.00106032,0.00121787,-0.00084271,-0.00017386,0.00069318,-0.00087082,0.00140549,-0.00190011,-0.00127807,0.00244612,0.00002905,0.00163853,-0.00109261,0.00097872,-0.00189389,0.00211925,-0.00115249,-0.00010375,0.00009211,0.00067038,0.00250399,0.00096449,-0.00192520,-0.00133009,0.00217501
0.00042118,0.00037778,-0.00010820,-0.00127519,0.00179640,0.00176014,0.00119625,0.00009140,-0.00002968,-0.00077966,-0.00040481,0.00088781,-0.00029102,0.00054528,0.00072701,0.00012960,-0.00086119,0.00033929,0.00046764,-0.00124367,-0.00041186,0.00109856,0.00008985,0.00070873,-0.00066656,0.00119914,-0.00155771,-0.00060265,-0.00004865,-0.00063005,-0.00040961,-0.00054522,-0.00118374,0.00050496,0.00061409,0.00061466,0.00027321,0.00017312,-0.00009264,0.00028310,-0.00010452,0.00028567,0.00006906,0.00013540,0.00032651,0.00010127,-0.00034467,0.00023315,-0.00051873,-0.00010352,-0.00042642,-0.00002603,0.00011278,-0.00089969,-0.00002766,-0.00048806,0.00041468,0.00052285,-0.00061861,-0.00014290,0.00091670,-0.00003203,0.00076058,0.00020294,0.00047688,-0.00017929,0.00016885,-0.00058247,0.00000853,0.00108442,0.00028321,0.00076832,-0.00037753,0.00004616,-0.00077606,0.00218727,0.00061746,-0.00020462,0.00035011,-0.00132268,0.00042875,0.00065636,-0.00086853,-0.00094550,0.00096210,-0.00042844,-0.00123365,0.00025724,0.00048192,0.00199756,0.00153422,0.00034362,0.00001597,0.00269774,0.00042654,-0.00067750,-0.00162570,-0.00068618,-0.00071152,0.00084342,-0.00001137,0.00032612,-0.00119173,-0.00062240,-0.00057251,-0.00022004,-0.00018541,0.00018936,0.00064328,-0.00046087,-0.00025554,0.00086455,0.00119858,0.00075669,0.00092655,0.00014001,0.00108661,-0.00045259,-0.00031847,-0.00067079,-0.00034434,-0.00085824,0.00036029,0.00003239,-0.00001319,-0.00055739,0.00029941,-0.00104528,0.00001956,-0.00056528,0.00014720,0.00018818,0.00001476,-0.00160822,0.00003083,-0.00051191,0.00065199,0.00250464,-0.00103890,-0.00036375,-0.00010599,0.00077270,0.00039647,-0.00004309,-0.00009795,-0.00056803,-0.00157181,0.00004539,-0.00217880,-0.00017557,0.00024619,-0.01105431,-0.00047997,0.00016369,-0.00042074,0.00091252,-0.00181590,0.00060874,-0.00057693,0.00026862,-0.00140483,-0.00118662,-0.00041254,-0.00138392,0.00028217,-0.00031740,0.00040396,-0.00194435,0.00016812,-0.00195723,-0.00000221,-0.00232687,0.00188186,-0.00003311,0.00161427,-0.00000656,-0.00011850,0.00053805,0.00019026,0.00039812,-0.00096727,0.00010937,-0.00113152,-0.00021309,-0.00012016,-0.00114237,-0.00080281,-0.00123476,-0.00091263,0.00024925,-0.00022948,-0.00011218
0.00100026,-0.00147629,0.00216614,-0.00123321,0.00181369,-0.00080019,0.00156620,-0.00042090,0.00168558,0.00104411,0.00044638,0.00217760,-0.00146135,0.00094763,0.00197801,-0.00189138,0.00165616,0.00090566,-0.00135614,-0.00021166,0.00201934,0.00157636,0.00083970,0.00162251,-0.00164451,0.00044462,0.00041285,0.00058944,0.00034096,0.00084358,0.00167196,-0.00271075,0.00061606,0.00217381,0.00191066,-0.00189027,-0.00040394,0.00041374,-0.00138391,0.00246696,0.00053657,0.00217730,0.00163168,-0.00076256,-0.00002104,0.00101478,-0.00041630,0.00157397,-0.00174775,-0.00149596,-0.00044966,0.00138151,-0.00202450,0.00088473,-0.00103519,-0.00068024,-0.00027642,0.00130424,0.00071986,0.00221236,0.00229359,0.00197415,-0.00056299,-0.00114522,-0.00099598,0.00005686,-0.00167000,-0.00241009,-0.00051703,0.00040395,0.00029533,0.00100276,0.00156792,0.00007926,-0.00204626,0.00224044,-0.00073071,-0.00072473,-0.00010469,-0.00050718,-0.00102058,0.00155962,-0.00173376,0.00045088,0.00269617,0.00125246,-0.00215312,0.00115119,0.00015853,0.00199591,0.00088138,0.00116545,0.00148393,0.00125585,0.00217629,-0.00029182,-0.00051168,0.00113616,0.00114217,0.00097156,-0.00136258,-0.00008631,-0.00155250,-0.00041653,0.00065175,0.00103680,0.00109392,0.00046199,-0.00057398,-0.00140421,0.00198553,-0.00026332,0.00048552,0.00130149,0.00062712,0.00201645,0.00067429,-0.00095818,-0.00234933,0.00098272,-0.00067376,0.00074617,0.00205713,0.00042967,-0.00149439,0.00032945,-0.00011624,-0.00153893,0.00082262,0.00040721,0.00035242,-0.00302657,-0.00149560,0.00026925,0.00134566,0.00088199,-0.00006721,0.00401703,0.00088869,0.00148290,-0.00111819,0.00193291,-0.00277225,0.00118570,0.00147815,-0.00178290,-0.00092496,0.00160203,-0.00086678,-0.00139946,-0.00037973,0.00244252,-0.01339140,-0.00001473,-0.00033880,0.00097986,-0.00191100,-0.00130666,0.00127760,0.00146545,0.00017694,0.00072543,0.00039246,-0.00048951,0.00195525,-0.00159330,-0.00186846,-0.00062950,-0.00171898,0.00059607,0.00117342,-0.00216681,0.00170901,-0.00026021,0.00187958,-0.00030576,-0.00164074,0.00071485,-0.00240957,0.00183724,-0.00219317,0.00237088,-0.00171185,0.00008323,-0.00004246,-0.00112532,-0.00108744,-0.00173216,-0.00190614,0.00280090,0.00221349,-0.00147969
0.00011682,0.00103604,0.00037679,0.00077760,-0.00270177,-0.00183082,-0.00287114,-0.00001097,-0.00162348,0.00001154,-0.00049697,-0.00122531,0.00085954,-0.00138043,-0.00064276,0.00014153,-0.00076479,-0.00022151,0.00101508,0.00265211,-0.00049557,-0.00057194,-0.00067853,-0.00043003,0.00069707,-0.00067557,-0.00015131,-0.00054959,0.00099871,0.00157905,-0.00042872,0.00113736,0.00026092,-0.00058549,0.00029225,0.00147385,0.00073461,-0.00038909,0.00097322,-0.00195979,-0.00028341,-0.00144974,-0.00067816,0.00086941,-0.00021912,-0.00066203,-0.00008787,-0.00092598,0.00160228,0.00184580,-0.00043061,-0.00094857,0.00120791,0.00036047,0.00037123,0.00199367,-0.00119063,-0.00141179,-0.00026159,-0.00096907,-0.00002171,-0.00030570,0.00062663,0.00014588,0.00034569,0.00017555,0.00123712,0.00032115,-0.00088135,-0.00007002,-0.00036497,0.00009950,-0.00003247,-0.00110542,0.00106603,-0.00255378,0.00136154,0.00017372,-0.00176136,0.00279964,-0.00005365,-0.00122883,0.00059654,-0.00035818,-0.00182108,0.00049435,0.00116339,-0.00045852,-0.00089987,-0.00278657,-0.00059855,-0.00118138,-0.00061912,-0.00120343,-0.00099029,0.00119664,0.00231046,0.00010177,0.00090288,-0.00088880,-0.00033502,-0.00066402,0.00058153,-0.00104656,-0.00098734,-0.00132264,0.00014783,-0.00083192,0.00030344,0.00035924,-0.00095548,0.00014070,-0.00115300,-0.00002702,-0.00223371,-0.00097775,-0.00278819,0.00075960,0.00158897,-0.00031246,0.00004702,0.00045471,-0.00077327,0.00002921,0.00015236,0.00091721,-0.00125526,0.00375746,-0.00055161,0.00077005,0.00035060,0.00171114,0.00023690,0.00028328,-0.00100548,-0.00031630,-0.00094226,-0.00444132,0.00067692,-0.00113652,0.00049864,-0.00226577,0.00151316,-0.00219796,-0.00027991,0.00156773,0.00108134,-0.00036442,0.00279938,0.00128424,-0.00087957,-0.00139951,-0.00016431,-0.01156192,-0.00024513,-0.00101658,0.00251248,0.00059523,-0.00080515,0.00009985,0.00034863,0.00019428,0.00054133,0.00034733,0.00011252,0.00083783,0.00094453,0.00158429,0.00051303,0.00067115,-0.00021400,0.00186314,-0.00228907,0.00028778,-0.00177538,0.00045620,0.00110066,-0.00089817,0.00133293,-0.00100353,0.00164686,-0.00153165,0.00201284,-0.00054652,-0.00030418,0.00059208,-0.00007550,0.00093228,0.00096223,-0.00204732,-0.00075468,0.00123380
0.00014369,0.00024598,0.00064447,-0.00049288,0.00065787,-0.00019447,-0.00125719,0.00200080,0.00156172,0.00022433,0.00064369,0.00031877,-0.00004014,0.00102652,0.00054992,-0.00025567,0.00077394,0.00095271,-0.00153258,-0.00071920,0.00106458,0.00050058,0.00113632,0.00027358,-0.00104059,0.00044387,0.00090627,0.00053745,-0.00199085,0.00021562,0.00051740,-0.00143403,0.00047273,0.00162164,0.00094398,-0.00050559,-0.00027484,-0.00131569,-0.00026002,0.00197540,0.00109116,0.00103335,0.00141492,0.00025156,-0.00041422,0.00089164,0.00003482,0.00088224,-0.00062792,-0.00068172,-0.00004967,0.00112188,-0.00092710,-0.00046856,-0.00159864,-0.00099670,0.00020471,0.00086801,-0.00137618,-0.00010742,0.00106019,0.00146789,-0.00109431,-0.00090556,-0.00119069,0.00072361,-0.00132298,0.00054005,0.00064629,0.00034820,0.00023295,0.00109644,0.00020752,0.00088340,-0.00095167,0.00034662,0.00061907,-0.00183285,0.00158747,0.00022345,-0.00047951,0.00025343,-0.00077382,0.00006117,0.00100764,-0.00113321,-0.00136053,0.00044930,-0.00146105,0.00184379,0.00190014,0.00110877,0.00181310,-0.00067911,-0.00047443,0.00007279,-0.00058105,0.00043118,-0.00068079,-0.00038345,-0.00030941,-0.00054941,-0.00017065,-0.00027562,0.00157357,-0.00060702,0.00021348,0.00105621,-0.00017860,-0.00072197,0.00060745,-0.00025859,0.00039658,0.00045325,0.00028375,0.00004606,-0.00062282,-0.00181819,-0.00065841,0.00116664,-0.00025168,-0.00029266,0.00130607,0.00007426,-0.00030455,-0.00025824,-0.00074194,-0.00035020,0.00079040,-0.00064737,0.00032219,-0.00070990,-0.00097939,0.00135253,-0.00055616,0.00032687,-0.00046757,0.00127878,0.00048392,0.00145967,-0.00151292,0.00031686,-0.00196272,0.00087571,0.00061009,0.00046575,-0.00052727,0.00082658,-0.00051196,-0.00111454,0.00065186,0.00176553,0.00031535,-0.00068027,-0.01559836,-0.00012978,-0.00066742,-0.00097450,0.00161337,0.00038161,0.00084230,0.00018919,0.00076087,0.00010544,0.00025702,-0.00068083,-0.00127118,-0.00110370,-0.00106935,-0.00002432,-0.00014042,0.00015622,0.00028107,-0.00098258,-0.00033001,-0.00020058,-0.00120538,0.00213034,-0.00135392,0.00128566,-0.00011885,0.00103156,-0.00090873,0.00195117,-0.00057938,0.00000815,-0.00004423,-0.00106760,-0.00151234,0.00103634,0.00097660,-0.00100689
-0.00134513,0.00122375,-0.00055398,0.00048516,-0.00164868,0.00066171,-0.00191017,0.00065834,-0.00160219,-0.00153657,-0.00098899,-0.00112555,0.00049494,-0.00162409,-0.00093719,0.00116258,-0.00130030,-0.00192666,0.00160944,0.00169293,-0.00016488,-0.00144750,-0.00107234,-0.00128443,0.00093350,-0.00109019,0.00032304,-0.00007150,0.00093939,0.00079864,-0.00123963,0.00250607,-0.00057337,-0.00184539,-0.00109381,0.00143911,0.00069090,-0.00047275,0.00241008,-0.00189102,-0.00121784,-0.00228786,-0.00221800,0.00046027,-0.00038201,-0.00144441,0.00092078,-0.00091015,0.00143013,0.00138568,0.00057713,-0.00184112,0.00125356,-0.00066830,0.00063096,0.00117973,-0.00184832,-0.00088820,-0.00134422,-0.00070832,-0.00143705,-0.00100916,0.00083960,0.00023580,-0.00036120,0.00043390,0.00170253,0.00182469,-0.00055324,0.00045261,-0.00141860,-0.00010942,0.00009172,-0.00059533,0.00112215,-0.00130032,-0.00002077,0.00082082,-0.00189108,0.00198685,0.00073638,-0.00156183,0.00052703,0.00073679,-0.00227622,0.00207196,0.00207198,-0.00082454,-0.00079599,-0.00311511,-0.00261817,-0.00120361,-0.00118177,-0.00180279,-0.00094030,-0.00019312,0.00199402,-0.00067993,-0.00004099,0.00069749,0.00000332,-0.00036523,0.00106452,0.00035874,-0.00106947,-0.00120510,-0.00021287,0.00009559,0.00027601,0.00036934,-0.00143446,0.00000730,-0.00167768,-0.00065520,-0.00098504,-0.00034020,-0.00146619,0.00121754,0.00181425,-0.00073467,0.00013533,-0.00008723,-0.00141347,-0.00136304,0.00067566,0.00150942,-0.00072373,0.00206700,-0.00111654,0.00014880,-0.00146151,0.00222392,0.00105432,0.00063462,-0.00120688,-0.00051528,-0.00088155,-0.00321981,0.00028972,-0.00201105,0.00191126,-0.00193397,0.00123580,-0.00105590,-0.00186870,0.00112180,0.00171507,-0.00162313,0.00179415,0.00066797,-0.00025453,-0.00234037,-0.00106233,0.00024882,0.00101322,-0.01150262,0.00233001,0.00105645,-0.00138690,-0.00052464,-0.00082174,0.00077507,0.00213939,0.00105862,-0.00220315,0.00174727,0.00097755,0.00211693,0.00101210,-0.00015442,-0.00122524,0.00098140,-0.00180247,0.00096808,-0.00242917,-0.00028899,0.00186640,-0.00015702,0.00148463,-0.00220255,0.00273048,-0.00255723,0.00213750,-0.00160432,-0.00059015,0.00160321,0.00027106,0.00120690,0.00147084,-0.00292914,-0.00115446,0.00163808
0.00039642,-0.00003337,0.00128727,-0.00118266,0.00307312,-0.00064290,-0.00059428,-0.00043115,0.00115424,0.00099651,0.00009197,0.00158760,-0.00103248,0.00158621,0.00082607,-0.00186893,0.00085742,-0.00016674,-0.00083764,-0.00084761,0.00273488,0.00215198,0.00164277,0.00222032,-0.00111421,0.00124582,-0.00017715,0.00132237,0.00099335,0.00044539,0.00143425,-0.00120372,0.00267802,0.00115831,0.00046160,-0.00203176,-0.00037194,0.00060918,-0.00170372,0.00225482,0.00129864,0.00178480,0.00234590,-0.00133286,-0.00135258,0.00152820,0.00084670,0.00092981,-0.00202455,-0.00152415,0.00000639,0.00101069,-0.00176915,0.00088998,-0.00188557,-0.00021674,-0.00082580,0.00104870,0.00089248,0.00132645,0.00049307,0.00028409,-0.00052725,-0.00117388,-0.00015839,0.00062074,-0.00165112,-0.00056544,-0.00049389,0.00042384,0.00032923,0.00002888,0.00052045,-0.00021213,-0.00141689,0.00109299,0.00061490,-0.00133052,0.00228327,-0.00030855,-0.00049110,0.00080134,-0.00039803,-0.00007567,0.00236337,0.00201233,-0.00194527,0.00038745,0.00049183,0.00144187,0.00100004,0.00192349,0.00011526,0.00236659,0.00055490,-0.00068245,-0.00062215,0.00059756,0.00028248,0.00107775,-0.00198549,0.00038735,-0.00256594,-0.00018977,0.00012080,0.00174257,0.00275863,0.00001879,0.00070197,-0.00134285,0.00076330,0.00128222,0.00101607,0.00026220,0.00098473,0.00088709,0.00168417,-0.00110050,-0.00277957,0.00030717,0.00139247,0.00160459,0.00105453,0.00001421,-0.00129320,-0.00118541,-0.00003440,-0.00272660,0.00008536,0.00082006,0.00069272,-0.00240632,-0.00074266,0.00065595,0.00207500,0.00095580,-0.00001285,0.00283511,0.00017310,0.00172610,-0.00135304,0.00147548,-0.00142432,0.00062707,0.00131533,-0.00235098,0.00003679,0.00131199,-0.00059116,-0.00090836,-0.00080307,0.00183126,0.00125155,-0.00106073,0.00064929,-0.00065277,-0.01518495,-0.00143152,0.00142497,0.00129679,0.00073184,-0.00014132,0.00056808,-0.00034403,0.00167357,-0.00155348,-0.00220820,0.00174672,-0.00128443,0.00130652,0.00147559,-0.00033964,0.00133400,-0.00112774,-0.00043245,-0.00077648,-0.00195712,0.00173048,-0.00196040,0.00132010,-0.00157678,0.00166042,-0.00203608,0.00078254,-0.00049642,-0.00179660,-0.00077760,-0.00137993,-0.00088047,0.00257318,0.00226778,-0.00087702
-0.00090176,0.00078330,0.00008562,0.00027612,-0.00046222,0.00005397,-0.00099063,0.00070875,-0.00042831,-0.00059743,-0.00014470,-0.00129513,0.00026184,-0.00150092,0.00015759,0.00057134,-0.00065274,-0.00129024,0.00107591,0.00078151,-0.00006019,-0.00080634,-0.00042785,-0.00088460,0.00085084,0.00030955,-0.00029909,0.00012208,0.00158092,-0.00032320,-0.00103712,0.00044328,0.00018454,-0.00114911,-0.00122088,0.00059932,0.00049970,0.00098857,-0.00027740,-0.00061030,-0.00008824,-0.00123463,-0.00123896,0.00052262,-0.00109820,-0.00084953,0.00035849,-0.00152622,0.00009179,0.00061391,0.00041980,-0.00106053,0.00034444,0.00018550,-0.00004421,0.00056762,0.00014351,-0.00037099,-0.00042225,-0.00017671,-0.00039977,-0.00047407,-0.00026230,0.00041207,0.00068529,0.00008222,0.00029240,0.00035762,-0.00106483,0.00026024,0.00089417,-0.00013138,0.00058274,0.00014348,0.00082520,-0.00178388,0.00006465,0.00059637,0.00048186,0.00093659,0.00010904,0.00024351,0.00077705,0.00012320,-0.00057509,0.00033585,0.00083237,-0.00018759,0.00010292,-0.00185176,-0.00132993,-0.00050071,-0.00054368,-0.00026626,-0.00035455,0.00116364,0.00118353,0.00006892,0.00013584,0.00030883,0.00076102,-0.00011956,0.00119719,-0.00052073,-0.00090956,-0.00051370,0.00012302,-0.00013254,-0.00010921,-0.00037175,-0.00125360,-0.00082225,-0.00099263,0.00019102,-0.00069475,-0.00072333,-0.00167055,0.00119323,0.00111447,-0.00081334,0.00017565,-0.00053219,-0.00006892,-0.00106504,0.00068496,-0.00011055,0.00010630,0.00133951,0.00015250,0.00044622,0.00004635,0.00130531,0.00104039,0.00088019,-0.00094332,-0.00115045,-0.00090889,-0.00213891,0.00111212,-0.00006968,0.00062580,-0.00269658,-0.00009271,-0.00068379,-0.00063274,0.00022086,0.00161144,-0.00086122,0.00231602,0.00111782,-0.00044091,-0.00010437,-0.00040678,-0.00047723,0.00095404,-0.00081949,0.00129172,-0.01300869,-0.00105851,0.00071186,0.00086395,0.00135406,0.00064832,0.00163921,-0.00060721,0.00006628,0.00030707,0.00190303,0.00040298,0.00035120,-0.00001655,0.00136189,-0.00187386,-0.00067173,-0.00207266,0.00060737,-0.00012462,-0.00047686,0.00040317,-0.00037300,0.00162796,-0.00099120,0.00203861,-0.00037488,-0.00173964,-0.00046948,-0.00021575,-0.00008038,0.00057619,-0.00088927,-0.00021442,0.00122585
0.00068307,-0.00135728,0.00055564,0.00103192,0.00111558,-0.00031798,-0.00033295,-0.00020535,0.00040327,0.00024444,0.00046455,0.00044390,0.00001548,-0.00045624,-0.00045649,0.00066474,-0.00041488,-0.00040332,-0.00000970,-0.00049107,-0.00022945,0.00000471,0.00109585,0.00082432,0.00023563,-0.00036599,-0.00024515,-0.00023652,-0.00162016,0.00004653,-0.00030085,-0.00056395,-0.00045650,-0.00018796,-0.00080542,-0.00044680,0.00065872,-0.00113763,0.00061872,0.00056302,-0.00100349,0.00007478,-0.00020603,0.00067633,0.00103854,0.00009104,-0.00095449,0.00052588,-0.00108747,-0.00037996,0.00085772,-0.00148297,-0.00070167,-0.00097848,0.00032051,-0.00035991,0.00023165,-0.00037689,-0.00055129,-0.00000997,-0.00049493,0.00025239,0.00114935,0.00118336,0.00017646,0.00105624,0.00021862,0.00013824,0.00035633,0.00091238,-0.00066035,0.00038033,-0.00017148,0.00004306,0.00055855,0.00034573,-0.00083929,0.00051741,0.00039206,-0.00128019,0.00142211,0.00000791,0.00034424,0.00112629,0.00049396,0.00011686,0.00019847,0.00058009,0.00114529,0.00054589,0.00072279,-0.00040083,0.00046159,-0.00005378,0.00037367,-0.00142814,-0.00126322,-0.00048926,0.00004620,-0.00025566,-0.00036552,-0.00030454,0.00081167,0.00106592,-0.00005193,-0.00020185,-0.00127734,-0.00013473,0.00068363,-0.00043015,-0.00108258,0.00082765,0.00118414,-0.00015524,0.00052900,-0.00126273,0.00149787,0.00084003,-0.00005307,-0.00120639,-0.00058178,-0.00098877,0.00098440,0.00058111,-0.00043310,-0.00127248,0.00015941,-0.00110130,0.00066098,-0.00050177,-0.00010966,-0.00014971,-0.00006566,-0.00120582,0.00015020,-0.00080035,0.00041813,0.00180476,-0.00058596,-0.00020870,0.00067081,0.00195411,-0.00006501,0.00026811,-0.00076273,0.00045742,-0.00129358,-0.00029774,-0.00058507,0.00014377,0.00117666,-0.00094275,-0.00160433,0.00138430,-0.00012716,0.00190360,-0.00164833,0.00005728,-0.01631309,0.00059524,-0.00227981,-0.00038289,-0.00091394,0.00039579,-0.00119710,0.00060830,0.00162796,-0.00161219,0.00078901,-0.00134454,-0.00176183,-0.00139395,0.00101969,0.00071919,0.00113465,-0.00186433,-0.00050839,-0.00005801,-0.00034492,0.00058010,-0.00089663,0.00034553,-0.00045173,-0.00055392,0.00096376,-0.00011240,0.00046388,0.00008386,0.00086376,-0.00012587,0.00029595,0.00011887
-0.00015122,0.00047600,-0.00072981,0.00013405,0.00039862,0.00051786,-0.00105904,0.00034875,-0.00052798,-0.00049722,0.00068461,-0.00002282,0.00035576,0.00060041,-0.00047876,0.00062601,-0.00014361,-0.00053996,0.00017043,0.00020303,-0.00139619,-0.00034931,0.00053875,-0.00089715,-0.00035236,-0.00026643,0.00040836,0.00104359,-0.00135806,-0.00060287,0.00000867,-0.00096343,-0.00072871,-0.00045779,0.00025960,0.00097124,0.00055584,-0.00116469,0.00083069,-0.00064793,0.00039032,-0.00036463,0.00005008,0.00086384,-0.00048257,0.00051267,0.00021282,-0.00036292,0.00131104,0.00093283,-0.00043042,-0.00063222,0.00022291,-0.00027454,0.00134338,-0.00098057,0.00080676,0.00042254,-0.00071367,-0.00096864,0.00029154,0.00001131,0.00026084,0.00056977,0.00089519,-0.00071130,0.00035259,-0.00011864,0.00011998,0.00167336,0.00030483,0.00055155,-0.00066977,0.00111736,-0.00002833,0.00011627,-0.00072612,-0.00008294,-0.00010675,0.00060903,0.00040858,-0.00036979,-0.00073049,-0.00074698,-0.00117720,-0.00106163,0.00017490,0.00017899,-0.00024484,-0.00010771,-0.00046953,-0.00088332,-0.00011025,-0.00065011,0.00064372,0.00042363,0.00120956,0.00022313,-0.00068771,0.00030821,0.00149966,0.00063123,0.00038219,-0.00064491,-0.00021792,-0.00124138,-0.00072150,-0.00000208,-0.00059784,-0.00024100,-0.00024690,0.00128817,-0.00021628,0.00009213,0.00105476,0.00077435,0.00105236,0.00069818,0.00077193,0.00039603,-0.00059876,-0.00153301,-0.00029436,0.00155292,0.00062885,0.00025090,0.00024799,-0.00064013,0.00060167,-0.00052350,-0.00013195,0.00090201,-0.00064526,0.00110689,-0.00049319,0.00065449,0.00039419,0.00014689,-0.00074324,-0.00014684,-0.00024795,-0.00113818,-0.00018377,-0.00083721,0.00003541,0.00078588,0.00047556,-0.00024609,0.00129385,-0.00029352,0.00047191,-0.00047751,-0.00007367,0.00032730,-0.00037831,-0.00008619,0.00091441,0.00056506,-0.00020829,-0.01664813,-0.00028154,-0.00102831,0.00024134,0.00051631,-0.00084796,0.00017321,-0.00053767,-0.00096063,0.00031013,0.00058546,0.00019619,0.00063505,0.00011673,0.00080541,0.00094599,0.00091120,0.00073675,0.00071597,-0.00004394,-0.00000742,0.00029088,0.00038754,0.00099547,-0.00061117,-0.00073683,-0.00025063,0.00042775,-0.00036983,-0.00015350,-0.00017009,-0.00088057,0.00029604
0.00032709,-0.00011457,0.00136845,-0.00080062,0.00162057,-0.00042086,0.00098001,-0.00019084,0.00189640,0.00064286,0.00111268,0.00128005,0.00030725,0.00143657,0.00090885,0.00035678,0.00151238,0.00155101,-0.00195436,-0.00127241,0.00078740,0.00157194,0.00116271,0.00137624,-0.00142298,0.00104497,0.00164731,0.00052002,-0.00117536,0.00058486,0.00177415,-0.00241284,-0.00013858,0.00147902,0.00126653,-0.00199810,-0.00001076,-0.00070680,-0.00070729,0.00189648,0.00033751,0.00229291,0.00114048,0.00021865,-0.00100291,0.00074812,-0.00044354,0.00115761,-0.00154874,-0.00122725,-0.00057555,0.00110087,-0.00179156,0.00146837,-0.00048821,-0.00119905,0.00069508,0.00106845,0.00063314,0.00127869,0.00074637,0.00080111,-0.00140985,-0.00188108,0.00018238,-0.00069184,-0.00085829,-0.00046072,0.00122213,0.00004879,0.00100086,0.00223429,-0.00115141,0.00050673,-0.00168606,0.00151295,0.00025639,-0.00130908,0.00070065,-0.00176132,-0.00047113,0.00240382,-0.00067498,-0.00007005,0.00036246,-0.00235231,-0.00161408,0.00058416,0.00086666,0.00278694,0.00135220,0.00068741,0.00150800,0.00077812,0.00180107,0.00057443,-0.00129186,-0.00019558,-0.00007996,-0.00026715,0.00000757,0.00016150,-0.00144090,-0.00008487,0.00128559,0.00092585,0.00110027,0.00104385,-0.00030732,-0.00141885,0.00080209,0.00070653,0.00104631,0.00027817,0.00014475,0.00151236,0.00065000,-0.00153829,-0.00121962,0.00101305,0.00095154,0.00069300,0.00064038,-0.00034381,-0.00138767,-0.00055289,-0.00151419,-0.00118437,0.00105795,0.00001409,0.00049760,-0.00168601,-0.00207327,0.00042452,0.00152315,0.00104622,-0.00084378,0.00361461,0.00022619,0.00098509,-0.00108208,0.00087420,-0.00209380,0.00017045,0.00029349,-0.00099991,-0.00265422,0.00084228,-0.00080798,-0.00116996,0.00015201,0.00129205,0.00061293,-0.00029625,-0.00018204,-0.00046277,-0.00189532,-0.00089149,0.00126784,0.00062341,-0.01178161,-0.00059207,-0.00030860,-0.00122637,0.00170506,-0.00178212,-0.00235460,-0.00274032,-0.00115933,-0.00048277,0.00084579,-0.00157558,0.00202165,-0.00076420,0.00178697,0.00057408,-0.00180653,0.00192547,-0.00180513,0.00151660,-0.00240733,0.00180500,-0.00175977,0.00194271,0.00022152,-0.00110451,0.00033530,-0.00164090,-0.00139147,0.00196823,0.00244650,-0.00228868
0.00277616,-0.00043347,0.00054488,-0.00179898,0.00075634,0.00020494,0.00168092,-0.00049373,0.00150808,0.00061965,0.00097716,0.00043977,-0.00050055,0.00179255,-0.00104433,-0.00090571,0.00104827,0.00069003,-0.00198529,-0.00004445,-0.00083851,0.00118073,0.00057323,0.00155501,-0.00144961,0.00039921,-0.00036480,-0.00021060,-0.00093979,0.00090678,0.00149313,-0.00089689,0.00014549,-0.00143085,0.00097061,-0.00091962,-0.00071415,-0.00033492,-0.00031757,0.00079734,-0.00045367,0.00148263,0.00075033,0.00071370,0.00134597,-0.00042390,-0.00129743,0.00056490,-0.00149812,-0.00058816,-0.00003191,0.00192609,0.00015247,0.00010728,-0.00053760,-0.00006292,-0.00053405,-0.00010515,0.00072782,-0.00057452,0.00005041,-0.00127138,0.00072092,-0.00058414,-0.00020864,0.00000243,-0.00137151,-0.00112445,-0.00024570,-0.00025437,-0.00011793,0.00124210,-0.00004098,-0.00078949,-0.00014535,0.00011223,-0.00014711,-0.00107187,-0.00071767,-0.00153882,-0.00071916,0.00001730,-0.00020056,-0.00081338,0.00021989,-0.00168645,-0.00143015,0.00022096,0.00153888,0.00066945,0.00180173,-0.00053237,0.00151201,0.00084458,0.00031809,-0.00059681,-0.00015826,-0.00055623,-0.00065940,-0.00020475,-0.00106750,-0.00083716,0.00005962,0.00032156,0.00002052,0.00100868,0.00115030,-0.00028702,-0.00043874,-0.00046028,0.00065118,0.00020102,0.00026097,-0.00036519,0.00109108,0.00029862,0.00137307,-0.00069533,-0.00008255,-0.00024890,-0.00075515,-0.00034129,0.00094132,-0.00044986,-0.00087281,-0.00098032,-0.00076345,-0.00179536,0.00033748,0.00084532,0.00026874,-0.00265918,-0.00079824,0.00007528,0.00062370,-0.00023362,0.00017620,0.00262395,-0.00064655,0.00044794,-0.00049594,0.00150746,-0.00047974,0.00114501,0.00107252,-0.00150333,-0.00233740,0.00078433,-0.00076936,0.00014368,-0.00033621,0.00117766,0.00084730,0.00033098,-0.00051892,0.00065272,-0.00122129,-0.00047051,0.00176871,-0.00090910,-0.00053582,-0.01673776,0.00046831,-0.00028439,0.00072390,-0.00077234,-0.00052777,0.00047505,-0.00022537,-0.00046081,0.00108988,-0.00047298,0.00074483,-0.00014582,0.00122332,0.00120470,-0.00091710,0.00064252,-0.00112827,0.00090790,-0.00021052,0.00164661,-0.00198594,0.00043992,0.00033760,0.00005040,0.00028255,-0.00147923,-0.00006102,-0.00001026,0.00166785,-0.00141073
0.00036524,0.00008134,0.00085050,-0.00060332,0.00151535,0.00047325,0.00060709,-0.00081328,0.00131346,0.00171680,0.00150141,0.00051374,-0.00147573,0.00164880,0.00070342,-0.00031039,0.00112988,0.00138846,-0.00153676,-0.00149509,0.00021752,0.00131605,0.00051808,0.00091824,-0.00064363,0.00101286,-0.00069947,0.00051589,-0.00077533,0.00003697,0.00147628,-0.00107768,-0.00079886,0.00257273,0.00047583,-0.00079138,-0.00023885,-0.00098108,-0.00228637,0.00155189,0.00000517,0.00129368,0.00068207,-0.00084433,-0.00009972,0.00022938,-0.00094898,0.00118596,-0.00160158,-0.00154746,-0.00006025,0.00166580,-0.00097257,0.00032535,-0.00119601,-0.00078792,0.00089892,0.00039319,0.00086039,0.00115845,0.00077349,0.00001973,-0.00058757,-0.00053422,-0.00089758,0.00086940,-0.00107611,-0.00137183,0.00016694,0.00203453,0.00101674,-0.00006838,0.00122638,-0.00093722,-0.00130490,0.00141899,0.00060217,-0.00024144,0.00151807,-0.00170032,-0.00087166,0.00148314,-0.00029671,-0.00208587,0.00090154,-0.00182522,-0.00125507,-0.00001465,0.00045342,0.00086695,0.00082261,0.00079951,0.00114764,0.00169410,0.00067095,-0.00123028,-0.00097581,0.00019461,-0.00082419,-0.00017582,0.00064146,0.00037975,0.00003427,-0.00096675,0.00051519,0.00040541,0.00023414,-0.00066810,-0.00049109,-0.00146191,0.00025967,0.00084767,0.00081630,0.00141211,0.00018014,0.00129424,0.00149484,-0.00128376,-0.00066571,0.00049514,0.00107771,0.00075775,0.00104458,0.00129843,-0.00051897,-0.00048235,-0.00043277,-0.00065283,-0.00003696,0.00040239,0.00058570,-0.00197513,-0.00155412,-0.00016684,0.00159741,0.00081810,-0.00032449,0.00244727,0.00036033,0.00182056,-0.00161048,0.00105231,-0.00122716,0.00041724,0.00077890,-0.00145217,-0.00173771,0.00070484,-0.00012260,-0.00124252,0.00114998,0.00229337,0.00131234,-0.00102111,0.00051186,0.00020518,-0.00118298,-0.00149729,0.00185304,0.00117650,0.00002182,0.00114566,-0.01545707,-0.00156217,0.00116416,-0.00206766,-0.00115022,-0.00076296,-0.00070347,0.00002287,0.00101725,0.00006466,0.00201982,-0.00076237,0.00103123,-0.00043014,-0.00199552,-0.00059483,-0.00092777,0.00079869,-0.00117266,0.00187513,-0.00101134,0.00128057,0.00076836,-0.00031374,0.00006398,-0.00125966,-0.00100295,0.00240780,0.00147637,-0.00191869
-0.00006833,0.00095630,-0.00030603,-0.00073563,0.00095782,0.00033978,-0.00051796,-0.00041171,0.00085188,0.00051607,-0.00014178,0.00133672,-0.00104232,0.00034253,0.00044252,-0.00100649,0.00065630,0.00085001,-0.00065091,-0.00056920,-0.00000817,0.00101198,0.00111580,0.00036393,-0.00139688,0.00109918,-0.00023001,0.00013719,0.00014958,-0.00087111,0.00040543,0.00015934,0.00122431,0.00089943,-0.00050553,-0.00063536,0.00054952,-0.00074202,-0.00186675,0.00063554,0.00003222,0.00063003,0.00154749,-0.00177420,0.00019534,0.00119604,0.00065848,0.00121715,-0.00147034,-0.00021933,-0.00053229,0.00056766,-0.00076672,0.00033968,-0.00089400,0.00097409,0.00065518,0.00066393,0.00102583,0.00012810,0.00012632,-0.00016803,-0.00005102,-0.00072625,-0.00119100,-0.00091437,-0.00151066,-0.00077984,-0.00039107,-0.00104594,0.00020674,0.00019771,0.00145924,-0.00072649,-0.00048044,0.00128385,0.00047593,0.00062094,-0.00023029,-0.00072231,-0.00086062,0.00053249,-0.00084905,-0.00055504,0.00066244,-0.00027369,-0.00180333,0.00065432,0.00063816,0.00058598,-0.00020593,0.00115478,0.00123565,-0.00007659,0.00015410,-0.00055240,-0.00144246,0.00126243,0.00018115,0.00065527,-0.00119002,0.00055077,-0.00132226,0.00005567,0.00108066,0.00058302,-0.00004569,0.00003242,-0.00035985,-0.00108969,0.00045894,0.00009405,0.00020203,-0.00002546,-0.00026883,0.00035649,0.00060407,-0.00055226,-0.00089903,0.00032174,0.00010945,0.00130250,0.00072460,-0.00063941,-0.00068612,0.00076841,-0.00067230,0.00012734,0.00010476,0.00099051,0.00047204,-0.00226510,-0.00077813,-0.00066085,0.00173474,0.00103463,-0.00021384,0.00098629,0.00052208,0.00027676,-0.00135294,0.00052363,-0.00076932,-0.00043502,-0.00032248,-0.00162408,-0.00060521,0.00083549,-0.00017368,-0.00083795,-0.00099191,0.00105452,0.00117975,-0.00112876,0.00118470,-0.00123695,-0.00025429,-0.00027934,0.00138507,0.00107729,0.00042127,0.00080335,-0.00077538,-0.01610297,0.00009360,-0.00019163,-0.00089191,0.00141203,-0.00131597,0.00106662,-0.00005244,0.00023092,0.00038028,-0.00129382,-0.00032269,-0.00016935,-0.00068871,0.00105198,-0.00101784,0.00046839,-0.00009752,-0.00029311,-0.00056891,0.00023884,-0.00025824,-0.00006024,-0.00054669,-0.00123437,0.00000516,0.00069534,0.00077008,-0.00079387
-0.00002386,0.00081518,0.00046105,-0.00108833,-0.00100950,0.00041057,-0.00145070,0.00104911,0.00083155,0.00078048,0.00112141,0.00142485,0.00043288,0.00089615,0.00027821,-0.00141528,-0.00012581,0.00080388,-0.00066145,-0.00083883,-0.00055976,0.00044665,0.00004114,0.00017079,-0.00026706,0.00070161,-0.00059714,-0.00028258,0.00054944,-0.00061042,-0.00003005,-0.00095356,0.00051805,-0.00007273,-0.00004570,-0.00051785,0.00025429,-0.00194560,-0.00059432,-0.00019610,0.00034497,0.00057696,0.00047555,-0.00121305,-0.00037115,0.00020653,0.00073068,0.00115299,0.00038322,-0.00160254,-0.00076540,-0.00003656,-0.00154493,0.00066957,-0.00035791,-0.00032152,-0.00048140,0.00121902,0.00117814,0.00053274,-0.00068694,0.00088364,-0.00090918,-0.00191780,0.00029039,0.00002489,-0.00012013,0.00036836,0.00085996,0.00107137,0.00014187,0.00126540,0.00036444,0.00026985,-0.00205160,0.00049213,0.00166925,-0.00126446,0.00247517,0.00111228,-0.00029206,0.00088860,-0.00051045,-0.00163792,0.00101418,0.00056824,-0.00119111,0.00162647,-0.00194466,0.00010117,0.00017300,0.00151065,0.00012222,-0.00168710,0.00050113,-0.00042301,-0.00023761,0.00021637,0.00077276,-0.00005340,0.00185282,-0.00186866,-0.00135385,0.00053308,0.00091897,0.00083077,0.00001182,0.00134845,-0.00099402,-0.00091578,0.00032477,0.00118362,0.00201147,0.00033484,-0.00070217,-0.00081707,0.00036804,-0.00156301,-0.00137922,0.00112698,0.00094169,0.00002505,0.00040662,-0.00100261,-0.00105310,-0.00026023,-0.00047667,0.00027295,0.00157152,-0.00028521,-0.00019555,-0.00052305,-0.00025238,0.00089130,-0.00000618,0.00056255,0.00093304,0.00141968,-0.00015233,0.00079668,-0.00040488,-0.00018953,-0.00008612,-0.00131643,0.00033884,-0.00094719,0.00000257,0.00019820,0.00042356,-0.00046108,0.00000946,0.00069500,-0.00012214,0.00157690,-0.00038477,-0.00064076,0.00031117,-0.00046346,-0.00038473,-0.00097816,0.00065391,-0.00093351,-0.00082598,-0.00030286,-0.01476557,-0.00022823,-0.00109599,-0.00119926,-0.00051289,-0.00059784,0.00006585,-0.00034734,0.00031875,0.00038567,-0.00065597,0.00040049,-0.00066302,0.00240447,0.00049027,0.00152810,-0.00046155,0.00017613,-0.00142862,0.00110003,-0.00014763,-0.00012713,0.00042930,-0.00026381,-0.00053577,0.00189973,0.00072674,-0.00014709
-0.00145548,0.00086670,-0.00060078,0.00053196,-0.00016088,0.00001090,0.00048599,0.00024143,0.00025801,-0.00008567,0.00032543,-0.00054476,-0.00077243,0.00009169,0.00077038,-0.00107326,-0.00007569,-0.00066669,0.00077952,0.00102957,-0.00006014,-0.00010952,0.00009814,-0.00182821,0.00141364,-0.00081328,0.00012642,0.00003003,-0.00020394,0.00006058,-0.00016059,0.00057787,-0.00020921,0.00044177,-0.00092489,0.00006902,0.00119491,0.00121253,0.00075453,0.00092053,-0.00007827,-0.00003780,-0.00088092,-0.00055527,-0.00129341,-0.00067463,0.00021671,-0.00022565,0.00010554,0.00030222,0.00067047,0.00016097,-0.00006479,-0.00031207,-0.00098203,0.00106052,-0.00076642,-0.00094287,-0.00034476,-0.00059848,0.00007526,-0.00113798,0.00044009,0.00047546,-0.00065984,-0.00064607,0.00009514,0.00026303,0.00029255,-0.00089289,-0.00021151,-0.00163783,0.00013751,0.00099094,-0.00007505,-0.00201559,-0.00053605,-0.00044625,-0.00069582,0.00081979,0.00019941,0.00022996,0.00141896,0.00055660,0.00015039,-0.00000803,0.00068244,0.00044496,-0.00006124,-0.00087281,-0.00080826,-0.00050304,-0.00016978,0.00011584,0.00000806,-0.00008725,0.00149811,-0.00010924,0.00034267,0.00140647,0.00088712,0.00044344,0.00150416,0.00013938,-0.00146906,0.00004053,0.00174750,-0.00082675,0.00085458,-0.00004239,0.00077909,0.00015520,-0.00114455,0.00053403,-0.00066956,-0.00161404,-0.00041526,0.00004776,0.00043773,-0.00048007,0.00096117,-0.00037437,-0.00032937,-0.00099562,-0.00066490,0.00007583,0.00073224,0.00040013,-0.00017960,0.00106106,0.00003133,0.00053785,0.00098294,0.00061781,-0.00014523,-0.00106104,-0.00028513,-0.00175257,0.00007178,-0.00034093,-0.00035272,-0.00066805,0.00055207,-0.00068309,0.00042024,0.00025340,0.00066813,-0.00023902,0.00130537,-0.00023361,-0.00044492,-0.00026923,-0.00029330,-0.00071546,0.00013008,-0.00071315,0.00147279,-0.00056139,0.00001767,0.00022212,0.00084219,0.00015719,-0.00027305,0.00106074,0.00000921,-0.01693782,-0.00043622,0.00144106,0.00105649,0.00072807,0.00049544,0.00156329,-0.00164711,0.00011961,-0.00157701,0.00097357,0.00001928,-0.00076681,0.00052867,-0.00030704,0.00045991,-0.00206173,0.00010878,-0.00042970,-0.00016471,0.00092653,0.00121806,0.00127224,-0.00014799,0.00116334,-0.00152944,0.00024653
-0.00058384,0.00124985,0.00062576,0.00082380,-0.00040447,-0.00071389,-0.00174877,0.00030165,-0.00076023,0.00037418,-0.00069948,-0.00083059,0.00086640,-0.00115980,0.00014376,0.00008093,0.00056037,-0.00000087,0.00063780,0.00084163,0.00101365,0.00074894,0.00060208,-0.00006386,-0.00009406,-0.00036070,0.00091093,-0.00031095,0.00083316,-0.00120694,0.00012271,-0.00056707,0.00034520,0.00031735,0.00038860,0.00083152,0.00001169,-0.00054010,-0.00019466,-0.00093480,0.00059697,-0.00056920,-0.00008285,-0.00094391,-0.00083913,-0.00000385,0.00034343,-0.00082613,0.00099188,0.00105022,-0.00087353,-0.00126964,0.00022141,0.00040803,-0.00016819,0.00181217,-0.00059962,-0.00005433,0.00088559,-0.00001841,-0.00016100,0.00050397,0.00000000,-0.00078800,-0.00035671,-0.00024882,-0.00020781,-0.00049791,-0.00051641,-0.00037970,-0.00029143,-0.00018648,0.00021180,0.00069557,0.00027144,-0.00138257,0.00045802,0.00034975,-0.00072547,0.00003881,0.00035421,0.00061292,0.00022970,-0.00000835,-0.00005027,0.00067592,0.00180399,0.00002735,-0.00092361,-0.00117840,-0.00033797,-0.00026208,0.00002483,-0.00097531,-0.00072705,0.00022215,0.00071041,0.00060828,0.00087602,0.00010192,0.00105535,0.00015559,0.00012328,0.00009182,0.00001818,-0.00006577,-0.00084889,-0.00037867,-0.00004518,-0.00012186,0.00091164,-0.00077365,-0.00146561,-0.00103462,-0.00128135,-0.00013501,-0.00169846,0.00001195,0.00116924,0.00068006,0.00099392,0.00050437,-0.00019512,-0.00059686,0.00011758,0.00077773,-0.00024060,0.00059600,-0.00161890,0.00004321,-0.00013579,0.00174184,0.00056581,0.00017780,-0.00081723,0.00029391,-0.00112667,-0.00166688,0.00091091,0.00021986,0.00036264,-0.00150107,0.00060380,-0.00137102,0.00065567,0.00067070,0.00035892,0.00017902,0.00207885,-0.00012594,-0.00113891,0.00062959,0.00046474,-0.00069711,0.00094349,-0.00189493,0.00144121,-0.00039377,0.00127727,-0.00016901,0.00010994,0.00111481,0.00138535,0.00030052,-0.00067616,-0.00030352,-0.01362278,0.00139389,-0.00100230,0.00139820,0.00030518,0.00081437,-0.00152943,-0.00007687,-0.00087548,0.00069264,0.00077632,-0.00026451,-0.00017643,-0.00045193,0.00051503,-0.00072238,0.00022416,0.00014897,0.00036226,0.00076593,0.00019474,0.00116834,0.00008650,-0.00026985,-0.00056752,0.00067477
0.00133537,-0.00208960,0.00192491,-0.00146001,0.00369772,0.00090954,0.00030970,-0.00101763,0.00114842,0.00079430,0.00050563,0.00202399,-0.00164504,0.00217163,0.00103917,-0.00140538,0.00123912,0.00043703,-0.00114855,-0.00002073,0.00137776,0.00247682,0.00245845,0.00386304,-0.00107257,0.00124394,-0.00038997,0.00051302,0.00051201,-0.00070807,0.00214515,-0.00135397,0.00116379,0.00184063,0.00020613,-0.00214208,-0.00034129,0.00085131,-0.00266417,0.00233978,-0.00023681,0.00321107,0.00148429,-0.00167810,0.00066380,0.00123645,0.00042491,0.00177698,-0.00082306,-0.00292935,-0.00029457,0.00232250,-0.00160163,0.00195764,-0.00108458,-0.00083019,-0.00028289,0.00192872,0.00125410,0.00180822,0.00116775,0.00023502,-0.00007388,-0.00021371,-0.00167591,0.00053618,-0.00192525,-0.00088470,-0.00015952,0.00020955,0.00014669,-0.00043079,-0.00023374,-0.00002006,-0.00095108,0.00233423,-0.00008392,-0.00048423,0.00050038,-0.00352099,-0.00018539,0.00091353,-0.00019592,-0.00057736,0.00307982,0.00138128,-0.00122248,0.00064623,0.00240622,0.00128135,0.00202126,0.00114951,0.00071279,0.00302205,0.00105349,-0.00075276,-0.00206210,-0.00042450,0.00102490,0.00044595,-0.00175117,0.00105220,-0.00129438,0.00091166,-0.00014774,0.00276571,0.00301432,-0.00049678,0.00114071,-0.00038610,0.00196603,0.00011747,0.00120399,-0.00009608,0.00185805,0.00112678,0.00241581,-0.00043988,-0.00281444,-0.00017077,0.00084449,0.00075623,0.00165439,0.00017787,-0.00162454,-0.00098768,0.00092812,-0.00355009,0.00093421,0.00044201,0.00027407,-0.00266367,-0.00087250,0.00040212,0.00153663,0.00071834,0.00127730,0.00399887,0.00047311,0.00134689,-0.00183825,0.00229006,-0.00148809,0.00308160,0.00182432,-0.00303501,-0.00144264,0.00114957,-0.00195831,-0.00108846,-0.00010260,0.00184652,0.00170349,-0.00139276,-0.00029466,-0.00008637,-0.00203371,-0.00108437,0.00151525,0.00120071,0.00006854,0.00062467,-0.00032690,-0.00026949,0.00150765,-0.00155716,-0.00199002,-0.01261873,-0.00135197,0.00173625,0.00138402,-0.00058546,0.00197267,-0.00120511,0.00074737,0.00041331,-0.00118610,0.00000605,-0.00265056,0.00045972,-0.00275917,0.00197788,-0.00214941,0.00034669,-0.00034477,-0.00094903,-0.00206797,-0.00195299,-0.00064383,0.00236054,0.00171261,-0.00148433
-0.00032072,0.00013463,0.00058303,0.00058602,-0.00041776,-0.00129813,-0.00136224,0.00001874,-0.00069778,0.00035783,-0.00058680,-0.00115729,0.00092765,0.00023589,-0.00065387,-0.00052625,0.00017616,-0.00026786,0.00042193,0.00128060,-0.00027315,-0.00094352,0.00054013,0.00012681,0.00040812,-0.00059199,-0.00100306,0.00032935,0.00102285,0.00058659,0.00051372,0.00009114,0.00026924,-0.00136812,-0.00028818,0.00068639,-0.00057402,0.00021339,0.00114367,-0.00106050,-0.00100630,-0.00061543,-0.00112327,-0.00103949,-0.00034006,0.00009513,0.00045464,-0.00059269,0.00176190,0.00084301,-0.00035423,-0.00156060,0.00059913,0.00012792,0.00101534,0.00004957,0.00003584,0.00065319,0.00045367,-0.00031271,0.00040525,-0.00043959,-0.00057534,-0.00039478,0.00026899,-0.00021157,0.00128323,0.00152184,0.00028849,-0.00024948,-0.00031526,-0.00084023,0.00120681,-0.00060664,0.00065780,-0.00089853,-0.00007574,0.00045226,-0.00033680,0.00125218,0.00025287,-0.00170339,0.00070031,-0.00013513,-0.00087172,0.00077269,0.00153642,0.00053771,-0.00015448,-0.00119603,-0.00156963,-0.00013945,0.00040169,-0.00044377,-0.00083432,0.00060660,0.00020571,0.00041994,0.00060622,0.00027337,-0.00010553,-0.00056728,0.00045195,-0.00044149,0.00005810,0.00042010,-0.00019403,0.00089975,-0.00021460,0.00084634,-0.00084143,-0.00041867,-0.00089886,-0.00102733,-0.00065983,0.00007516,-0.00166419,0.00000124,0.00035310,-0.00076863,-0.00027627,-0.00011357,-0.00120204,0.00054761,0.00023552,0.00152525,0.00018022,0.00141683,-0.00034533,0.00100934,0.00000809,0.00092201,0.00060226,0.00030596,-0.00011423,-0.00011431,-0.00102427,-0.00283540,0.00050663,0.00009048,0.00031240,-0.00044270,0.00055128,-0.00063948,-0.00057429,0.00026555,0.00055833,-0.00049018,0.00147250,0.00081489,-0.00139068,-0.00034053,-0.00045847,-0.00050809,0.00066383,-0.00086719,0.00162170,0.00055352,-0.00049449,0.00055207,0.00083976,0.00184356,0.00176767,0.00035625,-0.00112299,0.00121047,0.00002428,0.00176229,-0.01213658,0.00110782,0.00046730,0.00046587,-0.00185766,-0.00040413,-0.00131721,0.00094619,0.00102728,-0.00021184,0.00189048,-0.00000173,0.00181936,0.00013761,0.00163828,0.00004993,0.00012293,0.00079550,0.00074921,0.00091726,0.00044127,-0.00087615,-0.00030817,0.00088822
-0.00006767,0.00016665,0.00113481,-0.00224399,0.00171527,0.00000394,0.00011620,0.00046318,0.00236048,0.00039965,0.00117279,0.00123348,-0.00118155,0.00228274,0.00206111,-0.00089910,0.00189812,0.00060361,-0.00227031,-0.00101349,0.00058115,0.00186170,0.00075837,0.00303524,-0.00181203,0.00140532,0.00038413,0.00033720,-0.00028874,0.00089367,0.00160695,-0.00197787,-0.00019389,0.00229478,0.00130651,-0.00201806,-0.00118316,-0.00007645,-0.00276882,0.00155475,0.00041521,0.00294563,0.00311843,-0.00128811,0.00106260,0.00199187,0.00046140,0.00114015,-0.00107274,-0.00287738,-0.00121342,0.00176431,-0.00210615,0.00028063,-0.00048352,-0.00040617,0.00071762,0.00234037,0.00145042,0.00104302,0.00203109,0.00137426,-0.00055689,-0.00103186,-0.00110030,0.00095774,-0.00202154,-0.00160107,0.00023070,0.00015757,0.00105929,0.00117380,0.00024061,0.00037646,-0.00254274,0.00158347,-0.00044890,-0.00161369,0.00144187,-0.00146638,-0.00171590,0.00097480,-0.00021449,-0.00090368,0.00165824,-0.00020847,-0.00273849,0.00028133,0.00072011,0.00216975,0.00092798,0.00151688,0.00199097,0.00287083,0.00164299,-0.00044601,-0.00101603,-0.00085425,0.00086845,-0.00024266,-0.00107097,-0.00043847,-0.00047416,0.00066562,0.00164220,0.00217469,0.00107452,-0.00006934,-0.00043589,-0.00156084,0.00096356,-0.00009941,0.00092248,0.00124722,0.00069068,0.00193331,0.00181851,-0.00072023,-0.00183996,0.00095499,0.00187804,0.00094317,0.00157717,-0.00000699,-0.00107055,-0.00086470,-0.00000793,-0.00225162,0.00027123,0.00102271,0.00125176,-0.00240802,-0.00186527,0.00059420,0.00103567,0.00068488,-0.00098411,0.00519665,0.00083784,0.00111450,-0.00224942,0.00186619,-0.00243814,0.00054382,0.00100026,-0.00192566,-0.00167344,0.00189308,-0.00139668,-0.00202016,-0.00039474,0.00196702,0.00145603,-0.00082586,0.00036656,0.00005977,-0.00255186,-0.00116392,0.00274600,0.00218675,0.00072014,0.00090864,0.00073443,-0.00066602,0.00167570,-0.00198005,-0.00141496,-0.00116697,-0.00172356,-0.01499014,0.00094584,-0.00214267,0.00182817,-0.00173069,0.00175690,-0.00019194,-0.00197383,-0.00021905,-0.00283544,0.00086534,-0.00177456,0.00213617,-0.00237484,0.00182131,-0.00021702,-0.00093170,-0.00120492,-0.00216178,-0.00208924,0.00181064,0.00284148,-0.00125518
-0.00048101,-0.00122876,0.00081600,-0.00002695,0.00070524,0.00016334,0.00121841,0.00052443,0.00080006,-0.00016670,-0.00006818,0.00152619,0.00029579,0.00117709,-0.00099927,-0.00007171,0.00063195,-0.00013935,-0.00127349,0.00005558,-0.00048578,0.00184006,0.00114477,0.00098050,-0.00018903,0.00038948,-0.00060544,0.00011127,-0.00051874,-0.00059280,0.00106607,-0.00118352,-0.00149865,0.00098887,0.00022134,-0.00100938,-0.00015990,-0.00005072,-0.00066706,-0.00007326,0.00052850,0.00103530,0.00099941,0.00018126,0.00063338,0.00008442,-0.00068488,0.00087265,-0.00127425,-0.00128376,-0.00055305,0.00088793,-0.00086047,0.00059879,0.00093302,-0.00194590,-0.00019592,0.00034622,-0.00017733,0.00080817,0.00001872,0.00038003,-0.00001516,-0.00008722,-0.00110463,-0.00000519,-0.00101583,0.00027976,0.00038479,-0.00003346,-0.00037666,-0.00025773,0.00083417,-0.00002920,-0.00060266,0.00189033,-0.00058595,0.00019736,0.00054002,-0.00085172,0.00001792,0.00080167,0.00001365,0.00019461,0.00094134,-0.00046208,-0.00101431,0.00127531,0.00160943,0.00136923,0.00113704,0.00000593,0.00121184,-0.00009300,0.00096815,-0.00066612,-0.00169317,-0.00112281,0.00071516,-0.00030654,0.00099494,0.00037989,-0.00096884,-0.00022812,0.00025418,-0.00047902,-0.00005371,-0.00050237,-0.00143613,-0.00026374,0.00014450,0.00183221,0.00089836,0.00015072,0.00051740,-0.00017915,0.00133890,0.00003415,-0.00143375,0.00123463,0.00147413,-0.00064450,0.00034993,0.00014074,-0.00116673,-0.00090226,-0.00007553,-0.00021041,0.00143311,-0.00223035,-0.00056010,-0.00064388,-0.00068271,-0.00109999,-0.00018511,0.00039526,0.00012792,0.00312989,-0.00105140,-0.00015984,-0.00047219,0.00136600,-0.00048301,0.00077850,0.00051164,-0.00023737,-0.00077003,0.00040241,-0.00065850,-0.00104463,0.00145665,0.00114444,0.00034579,0.00065336,-0.00151524,0.00060349,-0.00125631,-0.00027721,0.00030410,0.00005311,-0.00063030,0.00016902,-0.00116021,-0.00112599,0.00057987,-0.00071762,-0.00093978,-0.00230142,-0.00048635,-0.00085876,-0.01328175,-0.00138746,0.00199772,0.00050941,0.00169477,-0.00011071,-0.00035536,0.00012627,-0.00105812,0.00140722,-0.00116084,0.00059205,-0.00029305,0.00135793,-0.00082895,0.00003155,0.00047201,0.00087059,-0.00085621,0.00101188,0.00159307,-0.00171567
0.00125602,-0.00050960,0.00248790,-0.00222952,0.00113274,-0.00205200,0.00033457,-0.00018761,0.00325011,0.00168271,0.00340390,0.00226873,-0.00168295,0.00337714,0.00254818,-0.00181816,0.00271660,0.00214651,-0.00326443,-0.00111621,0.00175706,0.00279371,0.00230429,0.00253684,-0.00234668,0.00262733,0.00131569,0.00231108,-0.00023361,0.00148375,0.00315385,-0.00356445,0.00054671,0.00321355,0.00251042,-0.00326192,-0.00131296,-0.00049469,-0.00149468,0.00304760,0.00157292,0.00308570,0.00325794,-0.00173361,-0.00042415,0.00184122,0.00031874,0.00235646,-0.00230196,-0.00237245,-0.00233728,0.00202003,-0.00263616,0.00194575,-0.00032210,-0.00087886,0.00087621,0.00256674,0.00281884,0.00266292,0.00220045,0.00222166,-0.00160916,-0.00266185,-0.00134997,-0.00092460,-0.00320858,-0.00205592,0.00023199,0.00031986,0.00339724,0.00161409,0.00122013,-0.00011545,-0.00265944,0.00109825,-0.00034812,-0.00221629,0.00173625,-0.00203144,-0.00256542,0.00215161,-0.00167200,-0.00147049,0.00271300,-0.00062868,-0.00354707,0.00233014,0.00050542,0.00295635,0.00274835,0.00165949,0.00191166,0.00105445,0.00264446,-0.00129252,-0.00209927,0.00163933,0.00038887,-0.00081889,-0.00006782,0.00004318,-0.00200317,-0.00147426,0.00103607,0.00287800,0.00159844,0.00205021,-0.00078860,-0.00179180,0.00255473,0.00106004,0.00170300,0.00151038,-0.00023887,0.00278617,0.00151971,-0.00296001,-0.00224019,0.00207042,0.00007888,0.00100258,0.00221598,0.00083010,-0.00203277,-0.00019202,-0.00139932,-0.00180503,0.00040951,-0.00015454,0.00092434,-0.00259794,-0.00301453,0.00112980,0.00349446,0.00195448,-0.00033210,0.00414009,0.00182937,0.00301138,-0.00303981,0.00145785,-0.00284828,0.00052187,0.00101502,-0.00328815,-0.00180501,0.00338378,-0.00109371,-0.00340942,-0.00065255,0.00368773,0.00215398,-0.00150470,0.00095946,-0.00172112,-0.00178138,-0.00251179,0.00359900,0.00196089,0.00123309,0.00102922,0.00032875,-0.00168242,0.00265273,-0.00307982,-0.00271839,-0.00239529,-0.00402200,0.00020259,0.00230228,-0.01378057,0.00156009,-0.00244727,0.00214337,0.00167535,-0.00332904,0.00151069,-0.00230226,0.00288456,-0.00314518,0.00375213,-0.00310216,0.00211597,-0.00096766,-0.00230016,-0.00122589,-0.00324763,-0.00240502,0.00240228,0.00380679,-0.00406665
-0.00075123,0.00046827,-0.00190702,0.00169848,-0.00283867,0.00163480,-0.00103324,-0.00035022,-0.00384740,-0.00266748,-0.00276935,-0.00314871,0.00239829,-0.00335255,-0.00290351,0.00200936,-0.00302663,-0.00281193,0.00317657,0.00071226,-0.00197999,-0.00279072,-0.00285673,-0.00226396,0.00257767,-0.00283100,-0.00175278,-0.00177420,0.00102781,-0.00186186,-0.00306972,0.00298656,0.00037565,-0.00381590,-0.00252041,0.00341999,0.00136890,0.00026542,0.00204410,-0.00358300,-0.00090440,-0.00368182,-0.00334688,0.00150809,0.00106244,-0.00321128,-0.00061959,-0.00342675,0.00204542,0.00250592,0.00280218,-0.00285105,0.00362269,-0.00304350,0.00219881,0.00047914,-0.00136925,-0.00190741,-0.00245525,-0.00233407,-0.00185752,-0.00229064,0.00128874,0.00152287,0.00207075,0.00214909,0.00357430,0.00196480,-0.00103679,0.00037364,-0.00270873,-0.00184724,-0.00041708,-0.00054475,0.00380319,-0.00258777,-0.00067805,0.00199787,-0.00204723,0.00123086,0.00236563,-0.00272727,0.00115786,0.00268794,-0.00371664,0.00145139,0.00377962,-0.00222932,-0.00031452,-0.00363318,-0.00156356,-0.00317183,-0.00248832,-0.00202491,-0.00233761,-0.00039904,0.00192385,-0.00185643,-0.00076572,-0.00030424,0.00074133,-0.00044140,0.00192210,0.00069704,-0.00176080,-0.00256426,-0.00182413,-0.00093594,0.00162366,0.00259016,-0.00312343,-0.00052377,-0.00162066,-0.00059771,-0.00068127,-0.00363663,-0.00193226,0.00307369,0.00389769,-0.00269299,-0.00041586,0.00000523,-0.00201802,-0.00090693,0.00186416,-0.00066188,0.00174182,0.00255490,-0.00045290,-0.00104970,-0.00167620,0.00348973,0.00338339,-0.00247873,-0.00270628,-0.00273012,0.00100446,-0.00433004,-0.00147278,-0.00362765,0.00356805,-0.00108514,0.00317644,0.00116316,-0.00062596,0.00260820,0.00231430,-0.00403338,-0.00004630,0.00411145,0.00142755,-0.00402758,-0.00352146,0.00252117,-0.00099962,0.00240491,0.00195376,0.00329104,-0.00408037,-0.00095943,-0.00160612,-0.00205411,-0.00065337,0.00200920,-0.00240395,0.00351048,0.00393297,0.00146153,0.00335530,-0.00143648,-0.00221359,-0.00028922,-0.01499636,0.00257985,-0.00200294,-0.00200975,0.00351501,-0.00107119,0.00332803,-0.00359674,0.00427221,-0.00356547,0.00236898,-0.00324420,0.00031590,0.00244049,0.00062965,0.00316253,0.00357871,-0.00288700,-0.00277196,0.00312810
-0.00097296,0.00200680,0.00010414,-0.00002438,-0.00203350,0.00007129,-0.00277976,-0.00045229,-0.00007742,0.00038463,-0.00040477,0.00060764,0.00012661,0.00018813,-0.00004913,0.00044464,0.00062109,-0.00085417,0.00014089,0.00122603,0.00048879,-0.00054360,0.00057146,0.00033341,0.00006393,-0.00092250,0.00073271,0.00032783,0.00086795,0.00077726,-0.00055349,0.00104547,-0.00103629,-0.00000635,0.00009138,-0.00004824,0.00012748,0.00045725,-0.00030348,0.00033032,0.00060248,-0.00095198,0.00038418,0.00009381,-0.00084317,-0.00070306,0.00043862,-0.00011456,0.00090555,0.00006842,-0.00056329,-0.00010095,-0.00050814,-0.00059105,-0.00129504,0.00063898,-0.00034305,0.00094601,-0.00019096,0.00026126,-0.00029400,0.00055180,0.00017799,-0.00109112,-0.00033949,-0.00009693,0.00003556,-0.00046838,-0.00080593,-0.00085623,0.00053345,-0.00108957,0.00024665,0.00047584,0.00014014,-0.00075031,0.00110582,0.00030072,-0.00024601,0.00134966,-0.00033896,0.00013825,0.00048330,-0.00054581,-0.00027293,0.00143580,0.00015752,0.00026277,-0.00046597,-0.00036465,-0.00069902,0.00047581,0.00035432,-0.00174424,0.00039503,0.00047218,0.00000972,0.00110063,-0.00042957,-0.00015138,-0.00091841,-0.00021632,-0.00045152,-0.00011849,-0.00045765,0.00003528,0.00088503,0.00037496,-0.00011597,-0.00054652,0.00043569,-0.00002408,-0.00031268,0.00070373,-0.00125326,-0.00092101,-0.00143504,0.00058911,0.00038412,0.00023724,0.00023889,-0.00003661,-0.00053312,0.00009256,0.00033507,0.00056195,-0.00105144,0.00208379,-0.00115999,0.00045060,-0.00093845,0.00037009,0.00006076,0.00094406,-0.00025748,-0.00035084,-0.00072185,-0.00280152,0.00042103,-0.00030457,-0.00062369,-0.00245590,0.00040228,-0.00089133,-0.00012307,-0.00003568,0.00074530,-0.00012901,0.00207787,0.00029595,-0.00032887,-0.00007722,0.00113724,-0.00047843,0.00089544,-0.00081812,0.00182857,-0.00041486,-0.00063411,-0.00006383,0.00128879,0.00075662,0.00073895,0.00013550,0.00031173,0.00075524,0.00048093,0.00130342,-0.00065285,0.00075423,0.00052223,0.00156772,-0.00248066,-0.01081636,-0.00175046,0.00053117,0.00165499,0.00032082,0.00075635,-0.00114882,0.00121700,-0.00111973,0.00114718,0.00001728,-0.00208003,0.00059934,-0.00012308,0.00099248,-0.00033101,-0.00031298,0.00034873,0.00059925
0.00019744,-0.00027080,-0.00129513,0.00177017,0.00001904,0.00045890,0.00042469,-0.00115636,-0.00254476,0.00032874,-0.00200328,-0.00101078,0.00158321,-0.00235318,-0.00159793,0.00172875,-0.00253196,-0.00117344,0.00253967,0.00132777,0.00042224,-0.00092818,-0.00157112,-0.00118897,0.00209612,-0.00098749,-0.00039219,-0.00062120,0.00155454,-0.00043918,-0.00168931,0.00217996,-0.00056838,-0.00160137,-0.00161733,0.00103795,0.00093208,0.00016494,0.00035522,-0.00147205,-0.00078822,-0.00170259,-0.00196800,0.00158388,0.00087522,-0.00145173,-0.00063166,-0.00120860,0.00064756,0.00108420,0.00165515,-0.00163807,0.00188951,-0.00021886,0.00033988,-0.00057352,-0.00046257,-0.00149181,-0.00129532,-0.00036150,-0.00004906,-0.00227279,0.00201285,0.00192285,0.00089829,0.00002540,0.00198958,0.00150924,-0.00062207,0.00001799,-0.00079041,-0.00171678,-0.00084383,-0.00044642,0.00261388,0.00047589,-0.00157224,0.00167154,-0.00108634,0.00072796,0.00128413,-0.00128171,0.00153287,0.00123561,0.00049908,0.00096063,0.00247759,-0.00139382,0.00054620,-0.00085364,-0.00139247,-0.00124590,-0.00197632,-0.00090759,-0.00079251,-0.00092135,0.00026712,-0.00152778,0.00047566,0.00049991,0.00070397,0.00079611,0.00100193,0.00133736,-0.00187128,0.00003995,-0.00109700,-0.00080846,0.00150042,0.00185895,-0.00165131,-0.00076937,-0.00060712,-0.00168380,0.00010880,-0.00069841,-0.00062170,0.00160478,0.00190548,-0.00057820,-0.00042170,0.00006942,-0.00111419,-0.00241392,0.00156256,-0.00087335,0.00088082,-0.00111050,-0.00054171,-0.00088765,-0.00135965,0.00274252,0.00232865,-0.00218466,-0.00156512,-0.00037865,0.00043540,-0.00250393,-0.00227803,-0.00235433,0.00345962,0.00049011,0.00201861,0.00037924,-0.00025776,0.00205287,0.00063822,-0.00163495,-0.00079825,0.00219310,-0.00006679,-0.00276920,-0.00189442,0.00154238,-0.00070277,0.00096457,0.00060836,0.00161639,-0.00278400,0.00073578,-0.00162490,-0.00064607,0.00012797,-0.00053863,-0.00188226,0.00115264,0.00273928,0.00143651,0.00182664,-0.00102090,-0.00156713,-0.00069207,-0.00017191,0.00194281,-0.01685030,-0.00177807,0.00214592,-0.00115398,0.00129837,-0.00101065,0.00098029,-0.00194194,0.00081324,-0.00206483,-0.00057783,0.00110461,-0.00006823,0.00159192,0.00205103,-0.00201082,-0.00188137,0.00153957
0.00059245,-0.00164293,0.00220127,-0.00120107,0.00185692,-0.00027310,-0.00007325,-0.00118193,0.00224843,0.00011836,0.00075374,0.00221588,-0.00173501,0.00241689,0.00056296,-0.00244941,0.00197418,0.00070640,-0.00190244,0.00102529,0.00121936,0.00090836,0.00133712,0.00255714,-0.00123919,0.00166945,-0.00058397,0.00088078,-0.00057137,0.00176802,0.00122596,-0.00239557,0.00106785,0.00195724,0.00187146,-0.00162490,-0.00059309,-0.00030105,-0.00201013,0.00224578,-0.00033092,0.00240712,0.00218093,-0.00036926,0.00132193,0.00212848,0.00055272,0.00236763,-0.00254885,-0.00199751,-0.00054344,0.00239574,-0.00190000,0.00266898,-0.00158232,-0.00062651,-0.00107574,0.00033391,0.00099365,0.00153403,0.00099578,0.00002189,0.00011624,-0.00150567,-0.00092974,0.00050987,-0.00184392,-0.00244233,-0.00042783,0.00029673,0.00094020,0.00086038,0.00080624,-0.00047684,-0.00224625,0.00204392,-0.00014210,-0.00170923,0.00045341,-0.00011166,-0.00124821,0.00090792,-0.00128833,-0.00106595,0.00273366,-0.00062845,-0.00231380,0.00048493,0.00036949,0.00133592,0.00185254,0.00156000,0.00200150,0.00154703,0.00084666,-0.00086308,-0.00164305,0.00142876,0.00054837,0.00059486,-0.00097078,-0.00008770,-0.00201227,0.00076181,0.00124137,0.00188365,0.00192629,0.00084825,-0.00023060,-0.00111097,0.00097986,0.00062890,0.00130035,0.00046826,-0.00054227,0.00126352,0.00230734,-0.00015514,-0.00283232,0.00087978,0.00025224,0.00273946,0.00144181,0.00014730,-0.00095373,-0.00115664,0.00090285,-0.00243105,0.00079313,-0.00002184,0.00080857,-0.00372366,-0.00149832,0.00064950,0.00186119,0.00155752,0.00008813,0.00434251,0.00076917,0.00164822,-0.00180236,0.00197660,-0.00133580,0.00021895,0.00307038,-0.00124264,-0.00088595,0.00234500,-0.00112082,-0.00107428,-0.00048541,0.00256044,0.00115475,-0.00094309,-0.00049745,-0.00045135,-0.00264344,-0.00074129,0.00125072,0.00102885,0.00079763,0.00022698,-0.00119510,-0.00143679,0.00226547,-0.00121563,-0.00206371,0.00035684,-0.00128834,0.00106734,0.00098130,-0.00084328,0.00065145,-0.00105522,0.00119170,-0.01555352,-0.00202862,0.00128697,-0.00247892,0.00074400,-0.00224449,0.00293146,-0.00200539,0.00152021,0.00052255,-0.00075722,-0.00142416,-0.00113810,-0.00074583,0.00225434,0.00136872,-0.00103842
-0.00024276,0.00103227,0.00088178,-0.00123840,-0.00115029,-0.00087096,0.00049359,0.00007145,0.00078728,0.00133166,0.00131095,-0.00024694,-0.00123305,0.00107473,0.00067233,-0.00117501,0.00117457,0.00074523,-0.00063613,-0.00048466,0.00197867,0.00038602,0.00040897,0.00043321,-0.00058328,0.00121908,0.00150408,0.00038976,0.00057560,0.00074961,0.00055697,-0.00068000,-0.00024960,0.00063893,0.00026172,-0.00048347,-0.00101611,0.00056344,-0.00110840,0.00198450,0.00054273,0.00092372,0.00103016,-0.00071794,-0.00150707,0.00008183,0.00099579,0.00118733,-0.00116101,-0.00082447,-0.00133601,0.00132792,-0.00057982,0.00042626,-0.00173574,0.00172206,-0.00167639,0.00117015,0.00140544,0.00054878,0.00226535,0.00116670,-0.00069892,-0.00035084,-0.00035645,-0.00114862,-0.00038513,-0.00107568,-0.00011098,-0.00114609,0.00116905,0.00011981,0.00108176,-0.00079076,-0.00015503,-0.00178133,0.00116240,-0.00085367,-0.00054711,0.00038303,-0.00101964,0.00184583,-0.00164488,-0.00126899,0.00143080,0.00078651,-0.00056592,0.00022609,0.00032402,-0.00124029,-0.00017995,0.00055115,0.00027017,-0.00158792,0.00158594,0.00066888,0.00089971,0.00048611,0.00057931,0.00087509,-0.00011221,-0.00159050,-0.00022730,-0.00101378,0.00138454,0.00078962,0.00153350,0.00085438,-0.00013996,-0.00165193,0.00159759,-0.00038670,-0.00080393,0.00032630,-0.00095730,0.00095768,-0.00150171,-0.00102491,-0.00063833,0.00102948,0.00044194,0.00078591,0.00191788,-0.00102577,-0.00148046,0.00250166,-0.00183662,0.00092658,-0.00068723,0.00148052,0.00033911,0.00024886,-0.00000990,0.00118555,-0.00026129,0.00043066,-0.00084974,-0.00160248,0.00089814,0.00096856,-0.00082527,-0.00049775,-0.00000197,-0.00052862,0.00002107,-0.00022613,0.00059601,0.00016911,0.00028635,-0.00138608,-0.00084648,0.00143510,0.00031004,-0.00129916,-0.00026062,-0.00142482,0.00127545,-0.00146996,0.00035836,0.00039502,0.00134355,0.00034128,0.00075634,0.00017204,-0.00044322,-0.00072216,-0.00060230,0.00160519,-0.00037703,0.00117586,0.00125409,0.00147233,-0.00168095,-0.00033143,-0.00021724,0.00115522,-0.01581428,-0.00064873,-0.00033859,-0.00030913,-0.00018252,0.00098317,-0.00141046,0.00055001,0.00013410,0.00014452,0.00010929,-0.00005369,-0.00205096,0.00047531,-0.00073037,-0.00003794
-0.00061813,-0.00047254,-0.00106974,0.00097198,0.00084986,-0.00009090,0.00050682,-0.00005068,0.00007139,-0.00031157,-0.00025400,0.00009865,-0.00015636,-0.00051267,0.00086705,0.00061329,-0.00010330,-0.00062103,0.00044304,0.00028789,-0.00093491,-0.00096217,-0.00106805,-0.00040412,0.00119331,-0.00075912,-0.00096056,0.00081761,-0.00074587,0.00038409,-0.00150873,0.00015820,-0.00064791,0.00000095,0.00014785,0.00012037,0.00142614,0.00019174,0.00036971,-0.00138049,-0.00030761,-0.00035150,0.00041129,0.00102156,0.00052180,-0.00071530,-0.00133759,-0.00141571,0.00024627,0.00007893,0.00165515,-0.00081453,-0.00061391,-0.00063363,0.00105984,-0.00181632,0.00063988,-0.00043474,0.00057063,-0.00067739,-0.00002790,0.00005441,0.00032997,-0.00003508,0.00084408,-0.00046166,0.00062829,0.00059397,0.00085364,-0.00017927,-0.00000020,-0.00026104,-0.00006683,-0.00013208,0.00000560,0.00054878,-0.00073745,0.00089924,0.00005929,-0.00039199,0.00084919,-0.00037213,0.00045130,0.00005356,-0.00109452,-0.00095008,0.00061187,-0.00019893,0.00103529,0.00075694,-0.00044744,0.00056313,-0.00076817,0.00058297,-0.00039425,0.00032582,-0.00066786,0.00063434,-0.00051189,0.00056805,0.00116495,0.00008426,0.00065147,0.00063672,-0.00032997,-0.00020961,-0.00087336,-0.00122190,0.00048685,0.00091860,-0.00034513,0.00039497,0.00007730,-0.00073774,-0.00100758,-0.00020450,0.00107774,0.00069464,0.00003990,-0.00001235,0.00021285,0.00032803,0.00027596,0.00015479,0.00000350,-0.00054937,0.00030998,-0.00061277,0.00146023,-0.00124210,0.00021383,-0.00018661,0.00039323,-0.00046261,-0.00068333,-0.00033399,-0.00035637,0.00127823,-0.00008259,0.00037512,-0.00033344,0.00092344,-0.00085489,-0.00054729,0.00024170,-0.00016235,-0.00053290,-0.00074280,-0.00066251,-0.00007538,0.00077544,-0.00013348,0.00002614,0.00019562,0.00062017,0.00102283,-0.00007599,-0.00060963,-0.00061849,0.00068144,-0.00029662,0.00037034,-0.00162215,0.00074334,0.00035448,-0.00031937,-0.00011274,-0.00096303,0.00002172,-0.00118374,-0.00080365,-0.00004234,0.00138493,0.00072267,-0.00018841,-0.00017281,-0.00074309,-0.01597426,0.00047196,0.00026776,0.00041060,0.00020277,0.00147757,-0.00026673,0.00012333,-0.00010134,0.00043176,0.00002807,-0.00027328,-0.00039895,-0.00078586,-0.00020885
-0.00012557,0.00108383,0.00202248,-0.00138803,-0.00171858,-0.00113432,-0.00036577,-0.00040369,0.00037542,0.00071675,0.00069941,-0.00038795,-0.00042548,0.00021352,0.00075093,-0.00225599,0.00105098,0.00070108,-0.00031303,0.00126036,0.00230926,0.00121967,0.00145994,0.00169548,-0.00207419,0.00085351,0.00122449,0.00080476,0.00067228,0.00023334,0.00185875,-0.00087724,0.00053634,-0.00026365,-0.00036895,-0.00038236,-0.00127875,0.00076483,-0.00113380,0.00113344,0.00153745,0.00122473,0.00074511,-0.00031210,-0.00184685,0.00089044,0.00079615,0.00031629,-0.00097242,-0.00223823,-0.00100158,0.00111464,-0.00084716,0.00082369,-0.00192318,0.00153545,-0.00126426,0.00182248,0.00131237,0.00226180,0.00159851,0.00119367,-0.00051873,-0.00028438,-0.00160484,-0.00063425,-0.00017927,-0.00116807,-0.00083573,-0.00199095,0.00072868,0.00045508,0.00115693,-0.00158494,-0.00031869,-0.00131088,0.00149124,-0.00131498,-0.00025286,0.00053115,-0.00104681,0.00115298,-0.00092745,-0.00055146,0.00099110,0.00155707,-0.00080770,0.00148356,-0.00076863,-0.00041141,-0.00027628,0.00122818,0.00189900,-0.00130098,0.00095362,0.00164197,0.00143363,-0.00012325,0.00131286,-0.00128775,-0.00068109,-0.00194091,0.00003333,-0.00119176,0.00057261,0.00085741,0.00241780,0.00093071,0.00003838,-0.00180533,0.00154539,-0.00013189,0.00033899,0.00173452,-0.00103310,0.00112871,-0.00171557,-0.00186523,0.00032013,0.00142292,0.00019727,0.00099380,0.00126483,-0.00062683,-0.00114511,0.00229667,-0.00125514,-0.00007005,-0.00062684,0.00111190,-0.00008314,-0.00057388,-0.00060599,0.00133741,0.00006337,0.00020714,-0.00083719,-0.00126634,0.00083430,0.00065276,-0.00066689,-0.00192319,-0.00102356,0.00018713,0.00073359,-0.00063587,-0.00004236,0.00088135,0.00151865,-0.00002058,-0.00187891,0.00081117,0.00028757,-0.00152810,0.00053073,-0.00183942,0.00181037,-0.00059148,0.00010835,-0.00149166,0.00153361,0.00048846,0.00113822,0.00050713,0.00055513,-0.00031803,-0.00044278,0.00064591,0.00055517,0.00103442,0.00081490,0.00250877,-0.00196931,-0.00073561,-0.00123613,0.00096877,-0.00061425,0.00078989,-0.01620405,0.00041718,-0.00045609,-0.00004000,-0.00072888,-0.00011126,-0.00002133,0.00007226,0.00085363,-0.00023975,0.00005139,0.00069492,0.00112944,-0.00079190
-0.00004683,-0.00035325,-0.00085119,0.00078625,0.00018542,0.00165003,-0.00064025,-0.00032547,-0.00145187,-0.00112456,-0.00136005,0.00030140,0.00090895,0.00008780,-0.00044017,0.00079413,-0.00058543,-0.00085663,0.00013645,-0.00075015,-0.00061044,-0.00098553,-0.00089241,-0.00104346,0.00139287,-0.00053475,-0.00064164,-0.00011560,0.00057589,-0.00100939,-0.00104683,0.00080145,-0.00067047,-0.00046001,-0.00061362,0.00116345,0.00054344,-0.00071411,0.00112516,-0.00110329,-0.00063771,0.00016356,-0.00058817,-0.00034558,0.00081623,0.00062563,-0.00079754,-0.00100843,0.00036053,0.00060426,0.00054475,-0.00036052,0.00141445,0.00081300,0.00148835,-0.00094563,0.00068866,-0.00048605,-0.00040707,-0.00106623,-0.00219779,-0.00146049,0.00107531,0.00086449,0.00102329,0.00032208,0.00074214,0.00209980,-0.00051412,0.00103400,-0.00094152,-0.00064175,0.00001634,0.00156896,-0.00061086,0.00197002,-0.00117176,0.00074960,-0.00007101,-0.00109605,0.00119024,-0.00125015,0.00081601,0.00089550,-0.00121965,-0.00066684,0.00055288,-0.00104514,0.00071504,-0.00003170,-0.00026278,-0.00027257,-0.00104251,0.00193859,-0.00042227,-0.00009219,-0.00107549,-0.00082980,-0.00080183,0.00107151,0.00033276,0.00126030,0.00014621,0.00154559,-0.00038570,-0.00066442,-0.00134131,-0.00118352,0.00086375,0.00136104,-0.00049234,0.00028113,-0.00065216,-0.00127215,0.00048555,-0.00124125,-0.00003248,0.00109874,0.00085576,-0.00062521,0.00057557,-0.00108493,-0.00193538,0.00002695,0.00094652,-0.00102773,0.00119218,-0.00030187,-0.00105784,-0.00068462,0.00031278,0.00058733,0.00056568,-0.00123222,0.00004400,0.00033036,-0.00028568,0.00133255,-0.00141835,-0.00017188,0.00031121,0.00065864,-0.00041512,-0.00033292,-0.00047795,0.00061006,-0.00062498,0.00068245,-0.00048895,-0.00038895,0.00022271,-0.00048261,-0.00021913,0.00147558,0.00065335,0.00035055,-0.00097479,0.00028368,-0.00006020,-0.00022354,-0.00151973,0.00085651,-0.00060407,0.00001185,0.00074545,0.00087411,0.00059226,-0.00158794,0.00062053,-0.00091444,-0.00063662,-0.00093278,0.00135877,0.00012958,0.00068624,-0.00071191,-0.00043572,-0.00052866,0.00103370,-0.01611382,0.00074933,-0.00072118,0.00062904,-0.00068786,-0.00005033,-0.00003071,-0.00084576,-0.00025588,0.00014881,0.00016375,-0.00131845,0.00060910
0.00015340,-0.00011980,0.00114195,-0.00170860,-0.00009279,-0.00103293,0.00067870,0.00077472,-0.00004553,0.00042535,0.00123262,0.00078100,-0.00098794,-0.00034532,0.00044804,-0.00134726,0.00206988,0.00124253,0.00047220,0.00023474,0.00183019,0.00144479,0.00184718,0.00046114,-0.00063632,0.00024962,0.00088746,0.00052932,0.00042339,-0.00022526,0.00080775,0.00019787,0.00057289,0.00032889,0.00062755,-0.00062044,-0.00043303,0.00045936,-0.00191728,0.00156246,0.00152659,0.00128157,0.00106153,-0.00110401,-0.00105295,0.00064640,0.00102824,0.00138180,-0.00038632,-0.00114642,-0.00096407,0.00151263,-0.00115517,0.00037214,-0.00058659,0.00197001,-0.00079272,0.00117093,0.00095016,0.00204083,0.00095484,0.00145214,-0.00130492,-0.00206559,-0.00101826,-0.00150531,-0.00170709,-0.00123895,0.00042761,-0.00151939,0.00017236,0.00094276,0.00049698,-0.00048975,-0.00115239,-0.00046005,0.00105628,-0.00132923,-0.00080428,0.00026129,-0.00110668,0.00197599,-0.00157485,-0.00093901,0.00241831,0.00083081,-0.00053168,0.00120388,-0.00013776,-0.00027800,0.00020221,0.00037623,0.00069478,-0.00115249,0.00153454,0.00000688,0.00120913,0.00139093,0.00093237,0.00034338,-0.00137856,-0.00066329,-0.00083091,0.00009143,0.00150146,-0.00066434,0.00097838,0.00110714,-0.00004225,-0.00144272,0.00059827,-0.00002080,-0.00032552,0.00103920,-0.00046045,0.00061249,-0.00110594,-0.00105123,-0.00038342,0.00115760,0.00036215,0.00059826,0.00190444,-0.00023366,-0.00032483,0.00124486,-0.00087702,-0.00017901,0.00002667,0.00032232,-0.00031106,-0.00028576,0.00010820,0.00053956,-0.00034502,0.00096136,-0.00028562,-0.00137500,0.00104365,0.00056217,0.00034764,-0.00019404,0.00016783,-0.00123986,0.00038881,-0.00089693,0.00047725,0.00013631,0.00104197,0.00019610,-0.00110018,0.00075820,0.00009115,0.00004163,0.00050955,-0.00041373,0.00162342,0.00031074,-0.00034666,0.00026474,0.00116327,0.00131641,0.00088371,0.00020024,-0.00108278,-0.00049536,-0.00033418,0.00053584,0.00037996,0.00133302,0.00124137,0.00151593,-0.00042173,-0.00103479,-0.00039757,0.00091540,-0.00140139,0.00104118,-0.00059224,0.00151075,-0.01573219,0.00063597,-0.00039597,0.00045728,0.00023080,-0.00058826,0.00068316,0.00059884,-0.00187814,0.00105421,-0.00034942,-0.00046652
0.00002598,-0.00120452,-0.00160559,0.00237913,0.00161948,0.00226091,-0.00049695,-0.00013510,-0.00095806,-0.00263000,-0.00149675,0.00060852,0.00112321,-0.00196314,-0.00063733,0.00173758,-0.00177710,-0.00072355,0.00133441,-0.00025881,-0.00248214,-0.00123656,-0.00135476,-0.00235300,0.00176921,-0.00177999,-0.00081461,-0.00121629,-0.00126696,-0.00028584,-0.00055119,0.00134895,0.00057758,-0.00121771,-0.00065907,0.00155448,0.00066781,-0.00088682,0.00091302,-0.00084232,-0.00071949,-0.00180687,-0.00158099,0.00124096,0.00099904,-0.00161336,-0.00109007,-0.00125324,0.00071886,0.00077693,0.00086841,-0.00044382,0.00114430,-0.00128554,0.00142131,-0.00144254,0.00070119,-0.00113494,-0.00152972,-0.00090813,-0.00187246,-0.00120531,0.00100111,0.00105578,0.00212028,0.00156306,0.00131747,0.00145378,-0.00074516,0.00224239,-0.00154232,-0.00074768,-0.00241474,0.00092788,-0.00062723,0.00184672,-0.00230720,0.00166910,0.00067800,-0.00171742,0.00125191,-0.00142220,0.00212074,0.00044464,-0.00165782,-0.00115363,0.00069341,-0.00134751,0.00096538,0.00059777,0.00056296,-0.00112031,-0.00186738,0.00133317,-0.00162094,-0.00021734,-0.00175459,-0.00096937,-0.00166751,-0.00009895,0.00154556,0.00149650,0.00108751,0.00144543,-0.00054837,-0.00170098,-0.00111672,-0.00096063,0.00086645,0.00202251,-0.00132188,-0.00085680,-0.00050130,-0.00196972,0.00223253,-0.00270754,0.00128215,0.00079125,0.00210100,-0.00121226,-0.00008529,-0.00206405,-0.00183333,-0.00008464,0.00197617,-0.00267889,0.00136805,0.00001630,-0.00018903,-0.00147521,-0.00073875,0.00002574,0.00117320,-0.00163890,-0.00060448,-0.00061527,0.00141934,0.00174412,-0.00145000,-0.00005113,0.00063574,0.00112823,0.00038763,0.00177523,-0.00008458,0.00099760,-0.00027302,-0.00058390,-0.00101467,0.00008850,0.00175204,-0.00107891,-0.00008544,0.00103637,-0.00110403,0.00152801,-0.00172424,0.00102541,-0.00010451,0.00045980,-0.00226319,-0.00034408,-0.00079892,-0.00119429,-0.00034949,-0.00061139,0.00067350,-0.00153247,0.00157879,-0.00252360,-0.00103359,-0.00172996,0.00162325,0.00050185,0.00124141,-0.00116175,0.00137736,-0.00029335,0.00122394,-0.00076717,0.00060507,-0.01676570,0.00103716,-0.00122404,0.00059018,0.00065826,-0.00010186,0.00122529,0.00128277,-0.00022098,-0.00043507,0.00132045
0.00011688,0.00074818,0.00070860,-0.00156597,-0.00090945,-0.00161556,-0.00095013,-0.00055850,0.00008742,0.00157996,0.00155941,0.00074348,-0.00021878,-0.00034267,-0.00014339,-0.00101425,0.00190863,0.00094656,-0.00021034,0.00076075,0.00230646,0.00084180,0.00127444,0.00084433,-0.00134339,0.00028015,0.00128763,0.00046924,0.00043648,0.00102149,0.00068822,-0.00113650,0.00016856,0.00113672,-0.00018436,-0.00041527,-0.00054436,0.00047848,-0.00050983,0.00018797,0.00144973,0.00068303,0.00023452,-0.00008978,-0.00159630,0.00007934,0.00152499,0.00180759,-0.00073851,-0.00171962,-0.00110250,0.00198256,-0.00057671,0.00079142,-0.00242941,0.00151174,-0.00100570,0.00027108,0.00056105,0.00113053,0.00129080,0.00123940,-0.00115201,-0.00158962,-0.00067218,0.00012978,-0.00135566,-0.00136141,-0.00059965,-0.00196238,-0.00041363,0.00124770,0.00079552,-0.00051310,0.00069618,-0.00190076,0.00188082,-0.00041228,-0.00102509,-0.00002428,-0.00173458,0.00020564,-0.00217579,-0.00011990,0.00118582,0.00027992,-0.00066758,0.00075611,-0.00141858,-0.00006324,0.00100269,0.00089463,0.00111300,-0.00130276,0.00138783,0.00004363,0.00109896,0.00011812,0.00086989,-0.00039911,-0.00162318,-0.00101073,-0.00035240,-0.00171859,0.00083286,0.00061748,0.00151113,0.00068292,-0.00011502,-0.00087607,0.00088530,-0.00090315,0.00069652,0.00110540,-0.00128516,0.00112507,-0.00085289,-0.00067527,0.00127086,0.00103309,-0.00018661,0.00101386,0.00210817,-0.00001446,-0.00114916,0.00185093,-0.00087224,-0.00041849,-0.00003858,0.00129022,-0.00009316,0.00007723,-0.00007737,-0.00014700,0.00079222,0.00029443,-0.00125076,-0.00256656,-0.00029434,0.00139135,-0.00001937,-0.00151642,0.00012619,-0.00058212,0.00035750,-0.00066410,0.00061917,0.00063050,0.00122808,0.00057251,-0.00145509,-0.00021774,0.00144175,-0.00096293,-0.00020403,-0.00073826,0.00138263,0.00049164,0.00045138,-0.00004902,0.00164962,-0.00080521,0.00099514,0.00043786,0.00039752,-0.00043877,-0.00037995,-0.00001941,0.00014000,0.00094612,0.00198761,0.00144002,-0.00283218,-0.00019324,-0.00104797,0.00140419,-0.00133003,0.00145191,-0.00063657,0.00049696,0.00014624,0.00058579,-0.01649288,0.00020814,-0.00003908,-0.00026584,0.00048102,-0.00038662,-0.00017571,-0.00024800,-0.00058091,-0.00127444
0.00107446,-0.00061171,-0.00081585,0.00097256,0.00012929,0.00027753,0.00127991,-0.00050635,-0.00085496,-0.00073826,-0.00203692,0.00004198,-0.00019282,-0.00101956,-0.00096841,0.00184241,-0.00148789,-0.00000588,0.00071782,0.00070166,-0.00079408,-0.00162087,-0.00151009,-0.00167560,0.00088472,-0.00086721,-0.00157041,-0.00078216,-0.00053622,-0.00126411,-0.00224053,0.00113418,-0.00033768,-0.00057571,-0.00052372,0.00095591,0.00003549,-0.00007314,0.00131879,-0.00028312,-0.00098921,-0.00085596,-0.00075251,0.00003939,0.00054914,-0.00056712,-0.00058567,-0.00070444,0.00124321,0.00087554,0.00079745,-0.00026751,0.00043354,-0.00010867,0.00077392,-0.00028521,0.00017906,-0.00063614,-0.00101627,-0.00107228,-0.00074258,-0.00140009,0.00099898,0.00069557,0.00138570,0.00094115,0.00129217,0.00162933,0.00026390,0.00100207,-0.00104427,0.00065701,-0.00127645,0.00107992,0.00133476,0.00148809,-0.00124360,0.00112019,-0.00050265,-0.00138164,0.00103383,-0.00028413,0.00104757,0.00118337,-0.00112691,-0.00028201,0.00100496,-0.00127618,-0.00004388,0.00058737,0.00021519,-0.00048212,-0.00139623,0.00046467,-0.00057046,-0.00137413,-0.00021996,-0.00065824,-0.00078559,0.00031860,0.00066286,0.00065043,0.00042115,0.00075836,0.00001071,-0.00090991,-0.00109764,-0.00079627,0.00091669,0.00214088,-0.00100787,0.00043408,-0.00031187,-0.00171258,0.00120089,-0.00134549,0.00097043,0.00091815,0.00016895,-0.00103796,-0.00057151,-0.00148404,-0.00077680,-0.00003119,0.00112954,-0.00087062,0.00122004,0.00010489,0.00041682,-0.00002722,0.00088069,-0.00009214,0.00115379,-0.00054922,0.00026584,-0.00067153,-0.00000337,0.00189930,-0.00081424,-0.00063181,0.00068351,0.00061337,-0.00050397,0.00017179,-0.00019208,-0.00028296,0.00043941,-0.00004612,-0.00026636,-0.00028299,0.00188782,-0.00081871,-0.00087743,0.00213506,-0.00044026,0.00095526,-0.00175469,0.00079159,-0.00094578,-0.00068685,-0.00014832,-0.00043693,-0.00054048,0.00028920,0.00020452,-0.00030634,0.00005907,-0.00044557,0.00146729,-0.00134765,-0.00078219,-0.00112025,0.00096915,0.00094986,0.00040871,-0.00112664,0.00155724,-0.00103126,0.00137698,-0.00119593,-0.00056293,-0.00074108,0.00014975,-0.01638860,0.00061457,0.00012795,-0.00048720,-0.00095413,0.00123468,-0.00109145,-0.00122277,-0.00006730
-0.00071286,0.00057256,0.00123571,-0.00064958,-0.00095290,0.00080681,0.00049435,0.00084898,0.00006792,0.00003359,-0.00061751,-0.00029891,0.00019287,-0.00017225,0.00054263,0.00027684,-0.00050230,-0.00002093,0.00067770,0.00017257,-0.00099355,0.00015485,-0.00018966,0.00019836,0.00023134,0.00010838,0.00121827,-0.00024112,0.00003930,-0.00098358,0.00032293,-0.00078675,-0.00070923,-0.00072827,-0.00102319,-0.00161871,-0.00059576,0.00002544,0.00100086,-0.00085721,0.00044967,-0.00019763,0.00035650,-0.00044814,0.00077190,-0.00014436,0.00138752,-0.00060434,-0.00045489,-0.00103557,0.00057898,0.00051574,-0.00013473,-0.00001766,0.00049683,0.00035978,-0.00057683,0.00075379,-0.00120323,-0.00030102,0.00046705,-0.00025000,-0.00089795,0.00027618,0.00021575,-0.00094687,-0.00023289,0.00019503,0.00092537,0.00058950,0.00046574,-0.00004874,-0.00025743,0.00048465,0.00080705,-0.00081632,0.00147399,0.00018658,-0.00053110,0.00097676,0.00025165,0.00060567,-0.00017216,0.00015497,0.00000158,0.00055134,-0.00003639,0.00097622,-0.00032661,0.00030652,-0.00012234,-0.00096037,0.00013064,-0.00051049,0.00002227,-0.00004631,-0.00065198,-0.00064879,-0.00019194,-0.00034842,-0.00009055,-0.00020838,0.00007193,0.00056560,0.00013853,-0.00063983,-0.00002687,0.00069512,-0.00003656,-0.00005206,-0.00091765,-0.00013530,-0.00055719,-0.00000323,-0.00074405,-0.00058945,-0.00078414,-0.00032335,-0.00028605,-0.00008201,-0.00015285,-0.00016744,-0.00088078,0.00046100,-0.00012779,0.00048186,-0.00040345,0.00061507,0.00075624,0.00062611,-0.00043809,-0.00144079,-0.00032017,-0.00015504,-0.00007166,0.00065475,-0.00085882,0.00019241,0.00038731,-0.00024069,-0.00021433,-0.00054432,-0.00092924,0.00091196,0.00104985,-0.00004745,0.00062163,-0.00113844,0.00003050,-0.00141905,-0.00015442,-0.00043051,-0.00021976,0.00003922,-0.00014782,-0.00032345,0.00008758,-0.00156336,0.00055924,-0.00058641,-0.00075426,0.00009421,0.00111060,0.00017322,0.00043663,0.00008155,0.00104331,-0.00104985,0.00046684,0.00000279,-0.00091995,-0.00046097,0.00001362,-0.00118093,-0.00128930,0.00020085,0.00062149,-0.00051323,0.00058341,-0.00047403,0.00099788,0.00046734,0.00025847,0.00011882,-0.01641076,-0.00081271,0.00033894,0.00003419,-0.00035120,-0.00010816,-0.00007179,0.00036484
0.00004761,-0.00008404,0.00079159,-0.00151934,-0.00065900,-0.00136193,-0.00067083,0.00035650,0.00077377,0.00148847,0.00054555,0.00033455,-0.00092577,0.00147725,0.00098182,-0.00069468,0.00238677,0.00052629,-0.00015146,-0.00006921,0.00065211,0.00101194,0.00165581,0.00075533,0.00030927,0.00096471,0.00086717,0.00029635,0.00050215,0.00090659,0.00059222,-0.00041008,-0.00051192,0.00044362,-0.00011713,-0.00078182,-0.00113589,0.00010402,-0.00143646,0.00060298,0.00087153,0.00133570,0.00057024,-0.00063952,-0.00039822,0.00057369,0.00044389,0.00115195,-0.00115605,-0.00119595,0.00035599,0.00134570,-0.00083994,0.00025970,-0.00056795,0.00121224,-0.00090880,0.00228642,0.00038878,0.00174922,0.00124342,0.00085530,-0.00118499,0.00054490,-0.00056373,-0.00032705,-0.00084788,-0.00146159,-0.00042247,-0.00112324,0.00106787,0.00088796,0.00115872,0.00001074,-0.00003389,-0.00112623,0.00118264,-0.00063171,-0.00021515,0.00008983,-0.00069287,0.00096395,-0.00205883,-0.00126357,0.00063586,0.00102473,-0.00078717,0.00026705,-0.00093447,-0.00070987,0.00008214,0.00065805,0.00280491,-0.00107981,0.00112305,0.00031758,0.00051105,0.00067880,-0.00003733,-0.00073895,-0.00012478,-0.00068538,-0.00140377,-0.00144573,0.00068661,0.00104589,0.00056874,0.00037479,-0.00105802,-0.00103846,0.00041473,0.00075663,0.00062308,0.00112924,-0.00143882,0.00044912,-0.00098388,-0.00118493,-0.00002544,0.00064076,0.00037203,0.00095993,0.00142978,0.00057690,-0.00049708,0.00066489,-0.00130812,-0.00034598,-0.00074562,0.00108478,0.00029822,0.00007181,-0.00094508,0.00095263,-0.00026390,0.00068011,-0.00089555,-0.00160145,0.00044711,0.00130526,-0.00024751,-0.00059155,-0.00036425,0.00020351,0.00039417,-0.00074780,0.00049482,0.00054845,0.00065263,0.00033163,-0.00194470,0.00000195,0.00081804,-0.00121325,0.00026208,-0.00150882,0.00065292,-0.00085868,0.00034715,-0.00024668,0.00121826,-0.00007722,0.00081233,0.00002593,0.00040047,0.00101055,0.00052532,0.00080013,0.00029324,0.00095494,0.00119862,0.00138452,-0.00138684,-0.00038934,-0.00050455,0.00086262,-0.00025153,0.00032464,-0.00121399,-0.00047022,-0.00010142,0.00079294,-0.00001172,0.00014369,-0.00084023,-0.01552510,-0.00024679,0.00030910,-0.00097354,0.00005251,0.00075228,-0.00046191
0.00073788,0.00072007,-0.00011272,-0.00047300,0.00010896,-0.00060191,0.00003370,-0.00025112,-0.00015958,0.00113555,0.00119917,0.00006498,-0.00074749,0.00048482,0.00001762,0.00045856,-0.00124805,0.00007018,0.00042521,-0.00066167,-0.00085238,0.00095090,-0.00021656,0.00020918,-0.00082552,0.00025545,0.00076163,0.00009389,-0.00027126,-0.00030457,-0.00112737,-0.00026501,0.00012057,0.00060023,-0.00015890,-0.00005749,-0.00143602,0.00049779,0.00046133,-0.00029189,0.00053893,-0.00037252,-0.00058575,0.00060276,0.00071568,-0.00077749,-0.00043404,0.00051973,-0.00002260,-0.00038916,-0.00023565,0.00042277,-0.00078074,0.00094060,-0.00032235,0.00047519,0.00007556,-0.00128978,0.00021155,-0.00112234,-0.00016016,-0.00040905,-0.00056612,-0.00004424,-0.00002522,0.00065094,0.00154295,0.00051103,0.00054792,0.00017474,0.00005284,-0.00076721,0.00015052,0.00047861,-0.00054604,0.00024083,0.00024503,-0.00007199,0.00062708,-0.00166016,0.00061868,0.00085814,-0.00037938,0.00003505,0.00057422,-0.00020823,-0.00141472,0.00006214,0.00038758,-0.00046202,0.00000391,0.00037575,0.00087915,-0.00002912,0.00129934,-0.00068127,0.00010377,-0.00023396,-0.00004900,0.00031358,-0.00055478,-0.00024878,-0.00067273,0.00010376,0.00127320,-0.00004532,-0.00045250,-0.00001610,-0.00020580,0.00115546,0.00044822,0.00028453,-0.00117814,0.00023145,0.00000159,-0.00029230,-0.00024431,-0.00078206,0.00077417,0.00020634,0.00016425,-0.00022433,-0.00003364,-0.00014746,0.00072663,-0.00021099,0.00047365,0.00028782,0.00030106,0.00106020,0.00014677,-0.00059521,0.00000647,0.00106265,0.00062467,0.00011767,-0.00034467,-0.00008158,0.00118152,-0.00078394,0.00053322,-0.00077065,0.00023489,0.00008621,0.00063870,0.00003173,-0.00006268,0.00030168,-0.00064302,-0.00081402,0.00021040,-0.00092565,-0.00076390,-0.00139392,-0.00015294,-0.00049392,0.00052736,-0.00050754,0.00021030,-0.00101122,-0.00015066,0.00025882,-0.00022041,0.00066620,0.00053585,0.00134333,0.00040596,0.00032553,-0.00008405,0.00083116,0.00066888,-0.00018619,0.00021587,0.00034025,0.00005228,0.00035704,-0.00030638,0.00077872,-0.00022087,-0.00048965,0.00087740,0.00110288,-0.00001631,-0.00020720,0.00006441,-0.00107032,-0.01582100,-0.00123735,0.00047902,-0.00024303,-0.00072694,0.00013879
0.00041704,0.00168064,0.00086174,-0.00204975,-0.00073719,-0.00075247,-0.00034763,-0.00009826,0.00023004,0.00040188,0.00131312,-0.00020879,-0.00107236,0.00142792,0.00064847,-0.00031165,0.00166564,0.00074203,-0.00084766,0.00019412,0.00089343,-0.00016298,0.00061867,0.00113794,-0.00169290,0.00123363,0.00085948,0.00153824,0.00100398,0.00034950,-0.00011100,-0.00066313,-0.00016119,0.00027020,0.00026958,-0.00047182,0.00014567,0.00159069,-0.00107136,0.00156768,0.00044265,0.00038817,0.00060172,0.00041051,-0.00034317,-0.00013735,-0.00055931,0.00139373,-0.00053906,-0.00136077,-0.00110100,0.00110093,-0.00037859,0.00083686,-0.00090142,0.00168121,-0.00126923,0.00059004,0.00040960,0.00142058,0.00128495,0.00035834,-0.00005662,-0.00124386,-0.00102328,0.00050151,-0.00015502,-0.00117433,0.00095167,-0.00189374,-0.00044958,0.00058774,0.00068345,-0.00034337,-0.00031913,-0.00051389,0.00073796,-0.00059519,-0.00015815,0.00008690,-0.00032455,0.00060157,-0.00122180,-0.00082237,0.00131911,0.00072461,-0.00125183,0.00097809,-0.00088429,-0.00079939,0.00092758,0.00074129,0.00051977,-0.00046996,0.00160664,0.00078899,0.00020295,-0.00025081,0.00125393,-0.00113155,-0.00099705,-0.00186638,-0.00092805,-0.00209206,0.00066832,0.00017893,0.00091038,0.00118474,0.00000876,-0.00063032,0.00042214,-0.00070479,-0.00011009,0.00135196,-0.00045847,0.00007676,-0.00109740,-0.00052663,-0.00047332,0.00026001,-0.00068528,0.00136965,0.00198045,-0.00096616,-0.00012604,0.00176315,-0.00028915,0.00041521,0.00013290,0.00066639,-0.00010477,-0.00017688,0.00065580,0.00116306,0.00141111,0.00031135,-0.00109065,-0.00170639,0.00060263,0.00043257,0.00026243,0.00002062,-0.00039137,-0.00043274,0.00073084,-0.00108768,0.00094131,0.00067497,0.00030679,-0.00011656,-0.00048209,-0.00048854,0.00094522,-0.00124770,-0.00039091,-0.00071154,0.00090707,-0.00073656,0.00018788,-0.00046107,0.00073854,0.00097215,0.00100320,0.00036651,-0.00018509,0.00055983,0.00015580,0.00067577,-0.00072368,0.00081495,0.00225579,0.00067605,-0.00188409,-0.00001039,-0.00114715,0.00124105,0.00023697,0.00056807,-0.00114362,-0.00003818,0.00121850,0.00129287,-0.00120885,-0.00028937,0.00022119,0.00002289,-0.00041068,-0.01628455,-0.00091131,-0.00000015,0.00037012,-0.00105398
0.00033799,0.00020376,0.00037548,-0.00182760,-0.00141120,-0.00190289,0.00008349,-0.00003285,0.00080442,0.00058769,0.00155329,-0.00033814,-0.00203212,0.00011650,0.00144387,-0.00088249,0.00182776,0.00062684,-0.00056581,0.00016966,0.00177324,0.00115621,0.00099710,0.00075155,-0.00131729,0.00113557,0.00030163,0.00103834,0.00143681,0.00055545,0.00129300,-0.00053863,-0.00035416,0.00086215,0.00149440,-0.00050149,-0.00046767,0.00114888,-0.00181472,0.00175783,0.00105257,0.00139670,0.00119935,-0.00027606,-0.00200195,0.00068557,0.00017191,0.00165131,-0.00038788,-0.00116329,-0.00172543,0.00190915,0.00013420,0.00030434,-0.00014777,0.00154632,-0.00050391,0.00205131,0.00083889,0.00138350,0.00143360,0.00200884,-0.00099655,-0.00230174,-0.00167008,-0.00176227,-0.00081159,0.00053701,-0.00037589,-0.00168616,0.00045160,0.00003278,0.00110082,-0.00047491,-0.00045096,-0.00099348,0.00163561,-0.00120443,-0.00015078,0.00175838,-0.00155667,0.00098013,-0.00143369,-0.00114056,0.00129436,0.00033054,-0.00056695,0.00006380,-0.00043678,0.00014738,-0.00048245,0.00044847,0.00147908,-0.00146153,0.00113793,0.00189818,0.00114866,0.00070608,0.00052656,-0.00046146,-0.00069479,-0.00116501,-0.00071597,-0.00065551,0.00066290,0.00016063,0.00156070,0.00113902,0.00036215,-0.00196670,0.00153456,-0.00017310,-0.00089938,0.00175798,-0.00058232,0.00080424,-0.00154140,-0.00096801,0.00034928,0.00209706,0.00068808,0.00125928,0.00130896,-0.00047080,-0.00103891,0.00250491,-0.00055825,0.00047342,0.00037366,0.00073734,0.00045526,-0.00076414,-0.00005907,0.00188399,-0.00073905,0.00146680,-0.00162859,-0.00126207,0.00062945,0.00021784,-0.00019903,-0.00067833,-0.00112935,-0.00085303,-0.00048044,-0.00044057,0.00027194,-0.00041737,0.00097884,0.00054035,-0.00114774,-0.00016759,0.00002527,-0.00134665,-0.00049589,-0.00120549,0.00048199,0.00010754,0.00065616,0.00033295,0.00121722,0.00099305,0.00125090,0.00077149,0.00001101,-0.00050144,-0.00028645,0.00111544,-0.00093470,0.00028648,0.00136584,0.00199715,-0.00127929,-0.00124278,-0.00096129,0.00152081,-0.00109059,-0.00055227,-0.00027561,-0.00020373,-0.00177476,0.00056300,-0.00014147,0.00028618,-0.00041761,-0.00012288,0.00038226,-0.00097455,-0.01620911,0.00012859,-0.00046104,-0.00066386
0.00129183,-0.00081318,-0.00123986,0.00130381,0.00050826,0.00123716,0.00030705,-0.00021061,-0.00152125,-0.00143885,-0.00170898,-0.00028117,0.00092470,-0.00130208,-0.00132617,0.00132459,-0.00054723,-0.00063706,0.00036344,-0.00007593,-0.00158461,-0.00200626,-0.00135464,-0.00087772,0.00160729,-0.00074405,-0.00154523,-0.00055644,-0.00002240,-0.00052451,-0.00128294,0.00031121,-0.00021979,-0.00064932,-0.00115153,0.00027064,0.00120944,-0.00111878,0.00085000,-0.00100271,-0.00115366,-0.00162736,-0.00000409,-0.00003514,0.00269077,-0.00045721,-0.00062009,-0.00121269,0.00099283,0.00147562,0.00116845,-0.00095953,0.00110367,-0.00132775,0.00221111,-0.00158667,0.00142201,-0.00076917,-0.00100271,-0.00120139,-0.00275367,-0.00166685,0.00202099,0.00104302,0.00076589,0.00051853,0.00221147,0.00185725,0.00092241,0.00026333,-0.00005843,0.00000906,-0.00041756,0.00112910,0.00030728,0.00119745,-0.00243899,0.00148845,0.00027932,-0.00097012,0.00135806,-0.00197162,0.00160207,0.00161293,-0.00062464,-0.00008497,0.00045989,-0.00132139,0.00076032,0.00045632,-0.00027324,-0.00139543,-0.00150015,0.00144358,-0.00066771,-0.00123173,-0.00107324,-0.00134955,-0.00053467,0.00040148,0.00109885,0.00115706,0.00026377,0.00097411,-0.00090438,-0.00112440,-0.00142957,-0.00084474,0.00016670,0.00212814,-0.00175285,0.00020844,-0.00017532,-0.00081685,0.00116372,-0.00157685,0.00157430,0.00088051,0.00102588,-0.00160843,-0.00149148,-0.00066928,-0.00227155,0.00148303,0.00127120,-0.00222847,0.00176007,-0.00051112,0.00049275,-0.00176230,-0.00013427,0.00050959,0.00086304,-0.00109318,-0.00069643,-0.00041325,-0.00002106,0.00185275,-0.00082534,-0.00027445,0.00021233,0.00127651,-0.00023676,-0.00013303,-0.00025156,0.00081291,-0.00003988,-0.00105076,-0.00051180,0.00048370,0.00153570,-0.00091744,-0.00075566,0.00138882,-0.00061565,0.00180776,-0.00075958,0.00047538,-0.00056601,0.00056655,-0.00089939,-0.00164076,-0.00021877,-0.00005225,0.00037370,0.00216488,0.00049487,-0.00082380,0.00050558,-0.00112948,-0.00136268,-0.00212076,0.00256439,0.00226484,0.00116485,-0.00161245,0.00150728,-0.00109920,0.00142443,0.00091233,0.00061759,0.00001987,0.00010253,-0.00116928,0.00073226,0.00039839,-0.00086200,0.00022457,0.00134866,-0.01584560,-0.00042177,0.00154444
-0.00008097,-0.00012340,-0.00159175,0.00092246,0.00086348,0.00126512,0.00105136,-0.00026253,-0.00121687,-0.00118596,-0.00090378,-0.00055873,0.00129293,-0.00071173,-0.00056698,0.00101145,-0.00158284,-0.00080313,0.00063231,-0.00069799,-0.00189068,-0.00080656,-0.00117970,-0.00096233,0.00138504,-0.00069905,-0.00097207,-0.00148600,-0.00122520,-0.00054003,-0.00219938,0.00037697,-0.00121922,-0.00180105,-0.00155972,0.00134061,0.00024392,-0.00093747,0.00067122,-0.00118871,-0.00138169,-0.00072609,-0.00079403,-0.00023627,0.00146556,-0.00073759,-0.00129104,-0.00118722,0.00081465,0.00166292,0.00072317,-0.00137363,0.00181431,-0.00130562,0.00091323,-0.00041968,0.00088295,-0.00145532,-0.00086663,-0.00158742,-0.00120633,-0.00114668,0.00150194,0.00098688,0.00128065,0.00177408,0.00154454,0.00116213,0.00088019,0.00210582,-0.00192799,-0.00019822,-0.00046434,0.00109048,0.00005688,0.00099566,-0.00131624,0.00213614,0.00065167,-0.00044832,0.00147544,-0.00065789,0.00144011,0.00084192,-0.00102116,-0.00113721,-0.00031782,-0.00035539,0.00162858,0.00009593,-0.00005946,0.00000316,-0.00099129,0.00117694,-0.00130546,-0.00100823,-0.00047659,-0.00016870,-0.00045532,0.00012310,0.00177907,0.00003952,0.00036914,0.00120945,-0.00072738,-0.00077333,-0.00182981,-0.00072703,-0.00021615,0.00197896,-0.00071196,-0.00076336,-0.00075299,-0.00060081,0.00175140,-0.00098733,0.00097268,0.00110879,0.00125685,-0.00142971,-0.00046294,-0.00176391,-0.00181854,0.00112874,0.00166846,-0.00096740,0.00231676,-0.00006535,-0.00053111,-0.00122595,-0.00031015,0.00054843,0.00109949,-0.00102329,0.00045746,-0.00088219,0.00020170,0.00195805,-0.00057798,-0.00027088,0.00079876,0.00143180,-0.00032101,-0.00032963,-0.00057728,-0.00038274,-0.00118524,-0.00005797,-0.00103465,0.00059673,0.00197449,-0.00047671,-0.00092832,0.00112823,0.00032563,0.00237372,-0.00074163,0.00054855,-0.00049186,0.00027237,-0.00130693,-0.00022149,-0.00083339,-0.00055047,-0.00001000,-0.00027679,0.00043408,-0.00088224,0.00053190,0.00008168,-0.00051320,-0.00164095,0.00208655,0.00177984,0.00045980,-0.00106654,0.00011327,-0.00118068,0.00168669,-0.00085335,-0.00087568,-0.00023245,-0.00032188,-0.00054500,0.00036247,0.00002601,-0.00054288,-0.00016670,0.00029178,-0.00032550,-0.01574594,0.00003045
-0.00071939,0.00142693,0.00081078,-0.00144958,-0.00016002,-0.00045736,0.00015284,0.00043665,0.00165238,0.00151813,0.00123910,0.00029210,-0.00128667,0.00055643,0.00092421,-0.00189053,0.00157973,0.00058448,-0.00034560,0.00220070,0.00043619,0.00069356,0.00024763,0.00083817,-0.00076819,0.00112860,0.00088376,0.00127293,0.00041250,0.00037063,0.00111185,0.00055486,-0.00033844,0.00144055,0.00151672,-0.00038866,-0.00134945,0.00100306,-0.00125970,0.00150545,0.00105249,0.00112605,0.00038666,-0.00026926,-0.00225324,0.00083781,0.00069073,0.00120011,-0.00079526,-0.00110864,-0.00057679,0.00096467,-0.00100652,0.00005044,-0.00144760,0.00068667,-0.00074161,0.00078452,0.00096126,0.00189849,0.00166383,0.00174072,-0.00099279,-0.00156616,-0.00109621,0.00014323,-0.00133916,-0.00182060,-0.00009557,-0.00136189,-0.00022698,0.00022288,0.00016985,-0.00116031,-0.00004669,-0.00170238,0.00090369,-0.00114627,-0.00018073,0.00014301,-0.00124519,0.00213144,-0.00107288,-0.00066792,0.00074337,0.00134378,-0.00001935,0.00097206,-0.00071193,0.00027787,-0.00026372,0.00059024,0.00150788,-0.00161409,0.00137612,0.00105717,0.00184421,0.00057192,0.00047844,-0.00106901,-0.00069804,-0.00020501,-0.00078285,-0.00086913,0.00042512,0.00144347,0.00109293,0.00055976,-0.00073905,-0.00211495,0.00206021,0.00063569,-0.00013186,0.00111081,-0.00077545,0.00081460,-0.00136538,-0.00154644,-0.00043229,0.00145600,0.00027093,0.00099333,0.00212769,-0.00098450,-0.00109162,0.00212951,-0.00166563,0.00034950,-0.00046823,0.00155366,-0.00046936,-0.00116327,-0.00095896,0.00115376,0.00111987,0.00083933,-0.00164035,-0.00139487,0.00139863,0.00077917,-0.00096275,-0.00149332,0.00009760,0.00015514,0.00052232,-0.00084419,-0.00012204,0.00068856,-0.00066681,-0.00137050,-0.00047604,0.00133582,0.00076478,-0.00079972,-0.00011325,-0.00239310,0.00055828,-0.00049967,0.00059499,0.00055882,0.00103626,0.00048105,0.00013727,-0.00020752,-0.00067636,-0.00098150,-0.00038370,0.00043495,-0.00037733,0.00082408,0.00072994,0.00129637,-0.00222013,-0.00184883,-0.00171237,0.00174075,-0.00042057,0.00030652,-0.00127464,0.00048706,-0.00010320,0.00050485,-0.00110783,0.00048740,0.00003618,0.00007509,0.00050240,-0.00041242,-0.00055643,0.00109431,-0.00010105,-0.01569810
