-0.01135397,0.00012864,-0.00087240,0.00090177,-0.00007344,0.00009885,-0.00032860,-0.00023718,-0.00044969,-0.00000498,-0.00142428,0.00004908,0.00009760,-0.00049085,0.00001256,0.00084465,-0.00059056,-0.00098296,0.00031931,-0.00012109,-0.00011960,-0.00092871,-0.00035703,-0.00096992,0.00098711,-0.00055308,-0.00035737,-0.00073316,0.00002956,-0.00041417,-0.00187646,0.00034237,0.00002675,-0.00025743,-0.00075336,0.00053030,0.00037242,-0.00014926,0.00087244,-0.00048562,-0.00020818,-0.00080547,-0.00017020,0.00040522,0.00063153,-0.00086760,-0.00087228,-0.00080903,0.00042109,0.00076466,0.00076429,-0.00031516,0.00063637,-0.00020383,0.00026039,0.00011532,0.00051868,-0.00045339,-0.00101490,-0.00087933,-0.00055143,-0.00104693,0.00074321,0.00023737,0.00033566,0.00031464,0.00067098,0.00043370,-0.00072605,0.00041818,-0.00064544,-0.00028387,-0.00067498,-0.00070716,0.00013562,-0.00031701,-0.00063581,0.00083804,-0.00059442,0.00032094,0.00065089,-0.00026663,0.00030677,0.00056446,-0.00007580,0.00008881,0.00057878,-0.00046211,-0.00023024,-0.00028877,-0.00034956,-0.00071835,-0.00080027,0.00048052,-0.00048553,-0.00032509,0.00002845,-0.00036901,-0.00090787,-0.00050151,0.00054834,0.00061718,0.00025232,-0.00023685,0.00001624,-0.00065239,-0.00083856,0.00007079,0.00051289,0.00047628,-0.00031884,-0.00029257,-0.00138320,-0.00080824,-0.00007498,0.00002577,0.00016507,0.00001302,0.00082077,-0.00039863,-0.00046753,0.00023604,-0.00125968,-0.00060815,0.00038130,0.00049365,0.00048097,0.00092720,0.00000000,0.00000000,0.00000000,0.00000000,0.00000000,0.00000000,0.00000000,0.00000000,0.00000000,0.00000000,0.00000000,0.00000000,0.00000000,0.00000000,0.00000000,0.00000000,-0.00015153,0.00000000,0.00000000,0.00000000,0.00000000,0.00000000,0.00000000,0.00000000,0.00000000,0.00000000,0.00000000,0.00000000,0.00000000,0.00000000,0.00000000,0.00000000,0.00000000,0.00000000,0.00000000,0.00000000,0.00000000,0.00000000,0.00000000,0.00000000,0.00000000,0.00000000,0.00000000,0.00000000,0.00000000,0.00000000,0.00000000,0.00000000,0.00032221,-0.00038214,0.00083067,-0.00002074,-0.00018430,-0.00028628,0.00042144,-0.00005221,0.00003678,0.00028132,0.00019291,0.00057915,0.00028282,-0.00007872,-0.00034436,-0.00017952
0.00066377,-0.01077733,0.00020238,-0.00063675,0.00018086,-0.00089236,0.00101009,0.00081793,0.00111677,0.00063955,0.00086275,0.00052676,-0.00068502,0.00109160,0.00041628,-0.00080431,0.00095697,0.00150424,-0.00085138,-0.00016666,0.00011480,0.00055158,0.00133551,0.00170274,-0.00072844,0.00068908,-0.00012415,0.00067987,-0.00055271,0.00085537,0.00071527,-0.00000436,0.00005975,0.00052216,0.00052345,-0.00159961,-0.00024602,-0.00071463,-0.00116086,0.00117717,0.00026615,0.00027210,0.00086787,-0.00069957,0.00010319,0.00068243,0.00023814,0.00172934,-0.00079093,-0.00159303,-0.00036763,0.00080826,-0.00067555,0.00063708,-0.00074008,0.00013037,0.00049943,0.00102800,0.00032890,0.00107560,0.00092277,0.00030581,-0.00037196,-0.00066784,-0.00069949,-0.00009528,-0.00020583,-0.00130936,0.00104636,-0.00035240,-0.00030665,0.00018890,0.00061213,-0.00008703,-0.00070459,0.00027575,0.00045410,-0.00144900,0.00008399,-0.00017298,-0.00049318,0.00051756,-0.00016889,-0.00042285,0.00018049,-0.00052392,-0.00092215,0.00046813,0.00029509,0.00103956,0.00071203,0.00067904,0.00022409,-0.00042541,0.00021167,-0.00078270,-0.00024029,0.00026574,0.00086719,-0.00048055,-0.00020335,0.00033051,-0.00132690,-0.00007352,-0.00076743,0.00063078,0.00095483,0.00106685,-0.00008796,-0.00037765,0.00071207,0.00077749,0.00024872,-0.00017195,-0.00094979,0.00107733,-0.00029951,-0.00066335,-0.00049329,0.00057979,0.00012690,-0.00049788,0.00148367,0.00029511,-0.00027210,0.00019592,-0.00022930,-0.00041370,0.00000000,0.00000000,0.00000000,0.00000000,0.00000000,0.00000000,0.00000000,0.00000000,0.00000000,0.00000000,0.00000000,0.00000000,0.00000000,0.00000000,0.00000000,0.00000000,0.00000000,0.00004926,0.00000000,0.00000000,0.00000000,0.00000000,0.00000000,0.00000000,0.00000000,0.00000000,0.00000000,0.00000000,0.00000000,0.00000000,0.00000000,0.00000000,0.00000000,0.00000000,0.00000000,0.00000000,0.00000000,0.00000000,0.00000000,0.00000000,0.00000000,0.00000000,0.00000000,0.00000000,0.00000000,0.00000000,0.00000000,0.00000000,-0.00135238,-0.00018220,-0.00038520,0.00036401,-0.00057194,0.00004347,-0.00071093,0.00093561,0.00027761,-0.00057248,0.00047820,0.00001084,-0.00077222,0.00059627,0.00098258,-0.00122959
0.00024911,-0.00084389,-0.00803224,-0.00112703,-0.00019375,-0.00036820,0.00089165,0.00038383,0.00174784,0.00059064,0.00169138,0.00137672,-0.00081208,0.00179710,0.00132733,-0.00123581,0.00083566,0.00180757,-0.00099994,-0.00085699,0.00056180,0.00106160,0.00070698,0.00132521,-0.00159903,0.00125017,0.00093730,0.00077268,-0.00117479,0.00055818,0.00182767,-0.00155535,0.00052175,0.00078883,0.00147039,-0.00145013,-0.00039108,0.00005084,-0.00146846,0.00082051,0.00098995,0.00091100,0.00107568,-0.00065154,-0.00013096,0.00115612,-0.00090494,0.00010511,-0.00081721,-0.00164498,-0.00084265,0.00146040,-0.00078593,0.00037001,-0.00095016,-0.00001547,0.00042079,0.00151893,0.00060093,0.00037743,0.00117341,0.00069157,-0.00068758,-0.00062789,-0.00028859,-0.00086330,-0.00149143,-0.00153695,0.00092929,-0.00091932,0.00079789,0.00088150,0.00008851,0.00011574,-0.00180976,-0.00013917,0.00099100,-0.00107388,0.00121398,0.00003360,-0.00073064,0.00154046,-0.00060845,-0.00085350,0.00016210,-0.00175190,-0.00165022,0.00113078,-0.00004149,0.00113953,0.00117212,0.00050851,0.00154832,0.00023162,0.00144962,-0.00026890,-0.00094361,0.00008720,-0.00012554,0.00019963,0.00021993,-0.00037236,-0.00166065,-0.00067797,0.00063389,0.00046503,0.00048107,0.00074133,-0.00099939,-0.00085606,0.00094982,0.00099735,0.00118839,0.00108397,0.00043331,0.00068015,0.00131128,-0.00137393,-0.00123462,0.00161225,0.00051152,-0.00061066,0.00158397,0.00047234,-0.00053529,0.00016625,-0.00038511,-0.00095707,0.00000000,0.00000000,0.00000000,0.00000000,0.00000000,0.00000000,0.00000000,0.00000000,0.00000000,0.00000000,0.00000000,0.00000000,0.00000000,0.00000000,0.00000000,0.00000000,0.00000000,0.00000000,-0.00128237,0.00000000,0.00000000,0.00000000,0.00000000,0.00000000,0.00000000,0.00000000,0.00000000,0.00000000,0.00000000,0.00000000,0.00000000,0.00000000,0.00000000,0.00000000,0.00000000,0.00000000,0.00000000,0.00000000,0.00000000,0.00000000,0.00000000,0.00000000,0.00000000,0.00000000,0.00000000,0.00000000,0.00000000,0.00000000,-0.00112678,0.00007297,-0.00093122,0.00111171,-0.00117221,0.00174983,-0.00121352,0.00140689,-0.00015243,-0.00123750,-0.00000807,-0.00143253,-0.00208112,0.00099700,0.00105263,-0.00188008
-0.00030499,0.00030347,0.00022735,-0.00863390,0.00020685,-0.00057364,-0.00019903,-0.00019296,-0.00113854,-0.00080839,-0.00096828,0.00026483,0.00053374,-0.00050003,0.00010390,-0.00005954,-0.00102084,-0.00132169,0.00077646,0.00059385,-0.00012645,-0.00054206,-0.00041765,-0.00023244,0.00102285,-0.00090990,-0.00023492,0.00044647,0.00092515,-0.00012658,-0.00134787,0.00092040,0.00097566,-0.00055473,-0.00117829,0.00058854,0.00011712,-0.00007286,0.00084970,-0.00039449,-0.00064078,-0.00077495,-0.00105239,0.00004388,-0.00037266,-0.00022640,0.00078874,-0.00013493,0.00051861,0.00089072,0.00003888,-0.00037190,0.00051073,0.00042769,0.00000211,0.00024826,-0.00132830,-0.00004373,-0.00074319,-0.00022417,0.00071891,-0.00011637,0.00055614,-0.00024722,-0.00001240,0.00020547,0.00053447,0.00088586,-0.00057452,-0.00026641,0.00037375,-0.00049168,0.00045241,-0.00032631,0.00094343,-0.00068668,0.00010485,-0.00007061,-0.00051505,0.00115842,0.00015979,-0.00034338,0.00023836,-0.00030170,-0.00022451,0.00136294,0.00045678,-0.00024626,-0.00040161,-0.00098289,-0.00104044,0.00006952,-0.00050883,-0.00072138,-0.00046814,0.00096329,0.00102923,-0.00001990,0.00042634,0.00064712,-0.00025834,-0.00123095,0.00059006,-0.00077510,-0.00035558,-0.00010887,0.00091789,0.00015816,0.00016131,0.00009961,-0.00086537,-0.00078492,-0.00055468,-0.00034335,-0.00090441,-0.00026523,-0.00203480,0.00021596,0.00110799,-0.00051687,-0.00054046,0.00098372,-0.00056728,0.00010831,0.00023548,0.00058560,-0.00043794,0.00051047,0.00000000,0.00000000,0.00000000,0.00000000,0.00000000,0.00000000,0.00000000,0.00000000,0.00000000,0.00000000,0.00000000,0.00000000,0.00000000,0.00000000,0.00000000,0.00000000,0.00000000,0.00000000,0.00000000,-0.00081855,0.00000000,0.00000000,0.00000000,0.00000000,0.00000000,0.00000000,0.00000000,0.00000000,0.00000000,0.00000000,0.00000000,0.00000000,0.00000000,0.00000000,0.00000000,0.00000000,0.00000000,0.00000000,0.00000000,0.00000000,0.00000000,0.00000000,0.00000000,0.00000000,0.00000000,0.00000000,0.00000000,0.00000000,0.00092454,0.00026489,0.00027956,-0.00093142,0.00086175,-0.00029253,0.00089551,-0.00120384,-0.00052238,0.00047051,0.00074348,0.00023350,0.00057656,-0.00127550,-0.00082655,0.00061320
-0.00086016,0.00033884,-0.00182728,0.00176795,-0.01144889,0.00075060,0.00043490,0.00048571,-0.00123375,-0.00073735,-0.00100634,0.00003656,0.00045867,-0.00053023,-0.00078101,0.00065629,-0.00126143,-0.00135047,0.00131214,-0.00029565,-0.00099564,-0.00076237,-0.00165322,-0.00114190,0.00088399,-0.00096159,-0.00008418,-0.00044885,0.00041285,-0.00024550,-0.00126194,0.00133420,-0.00005955,-0.00127434,-0.00121575,0.00071474,0.00044999,-0.00040049,0.00118015,-0.00052526,-0.00160177,-0.00142784,-0.00109177,0.00078186,0.00070948,-0.00051974,-0.00091191,-0.00122892,0.00070822,0.00128394,0.00127770,-0.00072601,0.00167316,-0.00144290,0.00104273,-0.00114550,0.00080518,-0.00071796,-0.00049835,-0.00112993,-0.00048863,-0.00127190,0.00074365,0.00129940,0.00105722,0.00062664,0.00092938,0.00150896,0.00006196,0.00020903,-0.00202164,-0.00057356,-0.00091700,0.00071240,0.00014113,-0.00071179,-0.00059675,0.00069541,-0.00021493,0.00005763,0.00052027,-0.00122507,0.00100414,0.00035491,-0.00052775,-0.00033564,0.00129487,-0.00136340,-0.00030679,-0.00004116,-0.00057981,-0.00028583,-0.00051941,0.00076043,-0.00104129,-0.00071883,-0.00035615,-0.00024938,-0.00097537,-0.00038998,0.00110093,0.00095879,0.00059595,0.00002230,-0.00007703,-0.00080356,-0.00038917,-0.00117299,0.00033064,0.00116436,-0.00068438,0.00014478,-0.00149200,-0.00015457,0.00082100,-0.00095698,0.00012512,0.00119853,0.00187114,-0.00096969,-0.00030991,-0.00054109,-0.00183257,-0.00037578,0.00109277,-0.00025368,0.00140197,-0.00028770,0.00000000,0.00000000,0.00000000,0.00000000,0.00000000,0.00000000,0.00000000,0.00000000,0.00000000,0.00000000,0.00000000,0.00000000,0.00000000,0.00000000,0.00000000,0.00000000,0.00000000,0.00000000,0.00000000,0.00000000,-0.00001477,0.00000000,0.00000000,0.00000000,0.00000000,0.00000000,0.00000000,0.00000000,0.00000000,0.00000000,0.00000000,0.00000000,0.00000000,0.00000000,0.00000000,0.00000000,0.00000000,0.00000000,0.00000000,0.00000000,0.00000000,0.00000000,0.00000000,0.00000000,0.00000000,0.00000000,0.00000000,0.00000000,0.00077026,-0.00048197,0.00093513,-0.00118056,0.00151944,-0.00076569,0.00079706,-0.00063777,0.00021353,0.00091501,-0.00003495,0.00063167,0.00055440,-0.00062312,-0.00176724,0.00088825
-0.00005663,-0.00007099,-0.00049245,0.00059041,-0.00064872,-0.01277213,-0.00062022,0.00031955,-0.00140976,-0.00017253,-0.00076613,-0.00074338,0.00071312,-0.00121151,-0.00137441,0.00055485,-0.00075251,-0.00127732,0.00092149,0.00122109,-0.00061542,-0.00024010,-0.00042140,-0.00033283,0.00132930,-0.00059287,-0.00081839,-0.00059481,0.00052810,0.00011955,-0.00126269,0.00084837,0.00047779,-0.00060879,-0.00083433,-0.00000258,0.00046651,0.00056626,0.00079721,-0.00103738,-0.00096470,-0.00076457,-0.00068204,-0.00012698,-0.00040099,-0.00089197,-0.00025130,-0.00077865,0.00079574,0.00114433,0.00005000,-0.00094204,0.00058247,-0.00144604,0.00032983,0.00086378,0.00004127,-0.00103450,-0.00080755,-0.00013055,-0.00156196,-0.00019035,0.00031296,0.00005139,0.00040831,0.00045139,0.00096240,0.00085663,-0.00081596,0.00024391,0.00001398,-0.00094745,0.00027651,-0.00042467,0.00138462,-0.00051066,0.00038293,0.00076279,-0.00092179,0.00033840,0.00040897,-0.00092193,0.00052440,0.00041502,0.00053864,0.00126077,0.00100075,-0.00107082,-0.00025906,-0.00129365,-0.00136404,0.00005777,-0.00087414,-0.00105147,-0.00068495,0.00074694,0.00092803,0.00057688,-0.00015854,0.00064727,-0.00010560,-0.00069538,0.00097885,0.00011583,-0.00032181,-0.00006463,0.00040332,-0.00025618,0.00036013,0.00037004,-0.00116386,0.00010626,-0.00045738,0.00026213,-0.00121579,-0.00029568,-0.00164662,0.00064755,0.00095404,-0.00062519,-0.00070325,0.00034059,-0.00075778,-0.00018088,-0.00000751,0.00001021,-0.00040803,0.00061960,0.00000000,0.00000000,0.00000000,0.00000000,0.00000000,0.00000000,0.00000000,0.00000000,0.00000000,0.00000000,0.00000000,0.00000000,0.00000000,0.00000000,0.00000000,0.00000000,0.00000000,0.00000000,0.00000000,0.00000000,0.00000000,0.00119393,0.00000000,0.00000000,0.00000000,0.00000000,0.00000000,0.00000000,0.00000000,0.00000000,0.00000000,0.00000000,0.00000000,0.00000000,0.00000000,0.00000000,0.00000000,0.00000000,0.00000000,0.00000000,0.00000000,0.00000000,0.00000000,0.00000000,0.00000000,0.00000000,0.00000000,0.00000000,0.00060969,-0.00051286,0.00088155,-0.00040974,0.00064434,-0.00026993,0.00030993,-0.00153066,0.00039107,-0.00008779,-0.00030014,0.00117158,0.00090333,-0.00114886,-0.00104424,0.00130107
-0.00074885,0.00055379,-0.00113870,0.00157650,0.00058085,0.00058696,-0.01328303,0.00036410,-0.00184255,-0.00082771,-0.00147549,-0.00066064,0.00060448,-0.00093563,-0.00050606,0.00040625,-0.00133247,-0.00070270,0.00103706,0.00004974,-0.00099740,-0.00001460,-0.00113526,-0.00045527,0.00130081,-0.00104438,-0.00043163,-0.00052443,0.00020839,-0.00096089,-0.00104573,0.00121456,0.00010178,-0.00063071,-0.00122173,0.00128452,0.00044127,-0.00047601,0.00131488,-0.00084913,0.00021242,-0.00097920,-0.00122533,-0.00018969,0.00142568,-0.00043876,0.00018016,-0.00098394,0.00049779,0.00115321,0.00155296,-0.00122343,0.00194076,-0.00106689,0.00123188,-0.00072895,-0.00011496,-0.00102049,-0.00126045,-0.00117925,-0.00112599,-0.00094015,0.00055057,0.00116757,0.00075319,0.00135174,0.00069594,0.00088433,-0.00132840,-0.00019118,-0.00068124,-0.00057231,-0.00023274,-0.00010042,0.00111025,0.00038375,-0.00099216,0.00136279,-0.00089850,-0.00005725,0.00079558,-0.00171549,0.00141856,0.00221026,-0.00071990,0.00070336,0.00140391,-0.00057795,0.00098231,-0.00025956,-0.00107728,-0.00026753,-0.00118858,-0.00022618,-0.00140431,-0.00027706,0.00025389,-0.00047885,-0.00088828,0.00033435,-0.00003654,0.00066008,0.00000855,0.00139596,-0.00019697,-0.00010015,-0.00133841,-0.00066878,0.00099339,0.00121499,-0.00088233,-0.00022359,-0.00161720,-0.00084328,-0.00010538,-0.00068761,-0.00033891,0.00169781,0.00053115,-0.00074426,0.00054010,-0.00047176,-0.00116037,0.00003708,0.00053470,-0.00092864,0.00078993,0.00047971,0.00000000,0.00000000,0.00000000,0.00000000,0.00000000,0.00000000,0.00000000,0.00000000,0.00000000,0.00000000,0.00000000,0.00000000,0.00000000,0.00000000,0.00000000,0.00000000,0.00000000,0.00000000,0.00000000,0.00000000,0.00000000,0.00000000,0.00098746,0.00000000,0.00000000,0.00000000,0.00000000,0.00000000,0.00000000,0.00000000,0.00000000,0.00000000,0.00000000,0.00000000,0.00000000,0.00000000,0.00000000,0.00000000,0.00000000,0.00000000,0.00000000,0.00000000,0.00000000,0.00000000,0.00000000,0.00000000,0.00000000,0.00000000,0.00120724,-0.00033016,0.00076714,-0.00173710,0.00071365,-0.00162524,0.00037082,-0.00001600,0.00038694,0.00118336,-0.00082745,0.00068820,0.00098460,-0.00094677,-0.00062413,0.00120368
-0.00022118,0.00057743,0.00111842,-0.00127997,0.00084899,-0.00024730,0.00046015,-0.01204260,0.00084386,0.00117425,0.00179706,0.00032749,-0.00068781,0.00052062,0.00071972,-0.00094114,0.00117633,0.00079926,-0.00069714,0.00005254,0.00074830,0.00064693,0.00086164,0.00117994,-0.00105886,0.00083614,0.00082856,0.00039752,-0.00039326,0.00024362,0.00069960,-0.00161138,0.00025645,0.00050681,0.00175649,-0.00037687,0.00037520,-0.00001058,-0.00070487,0.00073907,0.00086267,0.00113014,0.00145030,-0.00001478,-0.00036766,0.00056866,-0.00008518,0.00026029,-0.00107126,-0.00125256,-0.00035239,0.00077306,-0.00070040,0.00040706,-0.00006475,0.00001406,-0.00020280,0.00049256,0.00134262,0.00070040,0.00078563,0.00132327,-0.00061108,-0.00020625,-0.00083231,-0.00129836,-0.00140497,-0.00051903,0.00016844,-0.00052071,0.00108240,0.00053119,0.00067487,-0.00051084,-0.00047997,-0.00035610,0.00023729,-0.00048148,0.00056426,-0.00020646,-0.00098471,0.00061270,-0.00051835,-0.00069207,0.00124378,-0.00019458,-0.00048983,0.00084453,-0.00036346,0.00081582,0.00077445,0.00052895,0.00071772,0.00036994,0.00124024,0.00001245,-0.00052251,0.00072009,-0.00011117,-0.00005094,-0.00014182,-0.00008834,-0.00080532,-0.00098576,0.00055559,-0.00016740,0.00057132,0.00013611,-0.00138603,-0.00058786,0.00080586,0.00029462,0.00086473,0.00036322,0.00053670,0.00117890,0.00038014,-0.00146107,-0.00084486,0.00034527,0.00106182,-0.00040199,0.00034283,0.00003576,-0.00104337,0.00024167,-0.00091930,-0.00033553,0.00000000,0.00000000,0.00000000,0.00000000,0.00000000,0.00000000,0.00000000,0.00000000,0.00000000,0.00000000,0.00000000,0.00000000,0.00000000,0.00000000,0.00000000,0.00000000,0.00000000,0.00000000,0.00000000,0.00000000,0.00000000,0.00000000,0.00000000,0.00101730,0.00000000,0.00000000,0.00000000,0.00000000,0.00000000,0.00000000,0.00000000,0.00000000,0.00000000,0.00000000,0.00000000,0.00000000,0.00000000,0.00000000,0.00000000,0.00000000,0.00000000,0.00000000,0.00000000,0.00000000,0.00000000,0.00000000,0.00000000,0.00000000,-0.00078071,0.00024006,-0.00097091,0.00012099,-0.00029833,0.00093829,-0.00065373,0.00036983,0.00000637,-0.00022228,0.00009725,-0.00090767,-0.00121585,0.00123484,0.00105952,-0.00074848
0.00047709,-0.00043014,-0.00008948,-0.00030506,0.00053406,0.00034432,-0.00010838,-0.00087040,-0.00900751,-0.00087784,0.00033200,0.00021654,-0.00039944,0.00018077,-0.00020839,-0.00019935,-0.00028781,0.00038646,0.00030617,-0.00085011,-0.00032472,0.00003308,-0.00044260,0.00040809,-0.00009405,0.00018132,-0.00040774,-0.00070494,-0.00123290,-0.00022836,0.00008882,-0.00049656,-0.00053085,-0.00020335,0.00040825,0.00031932,0.00081252,-0.00026965,0.00018532,-0.00014484,0.00000416,0.00040383,0.00026813,-0.00044336,0.00092580,0.00021825,-0.00009405,-0.00041152,-0.00030353,-0.00009295,0.00118466,0.00029834,-0.00023363,0.00005284,0.00011273,-0.00073136,0.00043226,0.00015837,0.00017467,-0.00041881,-0.00073921,0.00007770,0.00005661,0.00016937,0.00066935,-0.00003863,0.00067102,0.00018338,0.00102636,0.00042544,-0.00052300,0.00032425,0.00008736,0.00038035,-0.00040450,0.00084021,-0.00013776,-0.00062928,0.00048220,-0.00136836,-0.00017785,-0.00009260,0.00066537,0.00012744,-0.00025672,-0.00026828,-0.00124639,-0.00051878,0.00048470,0.00107360,0.00049516,-0.00138354,-0.00045085,0.00066240,-0.00032301,-0.00084201,-0.00072762,-0.00054140,-0.00099860,-0.00016987,0.00154853,0.00068803,-0.00005574,0.00079693,-0.00029452,-0.00052868,-0.00044256,0.00064368,0.00012095,0.00055088,-0.00035622,0.00020875,-0.00025819,0.00015017,0.00105156,-0.00031207,0.00152190,-0.00008462,-0.00010376,-0.00041164,-0.00027535,-0.00032276,0.00019263,0.00015249,0.00007141,-0.00063882,0.00090150,-0.00072778,0.00000000,0.00000000,0.00000000,0.00000000,0.00000000,0.00000000,0.00000000,0.00000000,0.00000000,0.00000000,0.00000000,0.00000000,0.00000000,0.00000000,0.00000000,0.00000000,0.00000000,0.00000000,0.00000000,0.00000000,0.00000000,0.00000000,0.00000000,0.00000000,0.00031840,0.00000000,0.00000000,0.00000000,0.00000000,0.00000000,0.00000000,0.00000000,0.00000000,0.00000000,0.00000000,0.00000000,0.00000000,0.00000000,0.00000000,0.00000000,0.00000000,0.00000000,0.00000000,0.00000000,0.00000000,0.00000000,0.00000000,0.00000000,-0.00011709,0.00078529,-0.00064653,-0.00044473,-0.00098953,0.00067659,-0.00054035,0.00053076,0.00020012,0.00015137,-0.00006517,-0.00015742,-0.00047361,0.00035393,0.00095370,-0.00045943
0.00118070,0.00010375,0.00054430,-0.00214461,0.00029189,0.00005651,0.00105571,0.00062968,0.00127186,-0.01061778,0.00175816,0.00101946,-0.00120568,0.00104966,0.00073207,-0.00173233,0.00143529,0.00114841,-0.00101047,-0.00139959,0.00081441,0.00118319,0.00114511,0.00107039,-0.00183933,0.00108441,0.00153875,0.00052715,-0.00138422,0.00051681,0.00136365,-0.00175065,-0.00078275,0.00130655,0.00077938,-0.00084419,-0.00069641,-0.00042658,-0.00166619,0.00029236,0.00090797,0.00055583,0.00131464,0.00035785,-0.00078866,0.00118609,-0.00004678,0.00079107,-0.00130111,-0.00113002,-0.00026921,0.00138490,-0.00119399,-0.00010698,-0.00042860,-0.00047761,0.00066986,0.00136767,0.00101179,0.00007982,0.00024888,0.00107157,-0.00147444,-0.00092449,-0.00046234,-0.00084179,-0.00090732,-0.00182254,0.00127326,0.00025805,0.00080863,0.00119833,-0.00017414,0.00012211,-0.00177225,0.00003763,0.00036373,-0.00126282,0.00102462,-0.00127327,-0.00060097,0.00096902,-0.00100014,-0.00093603,0.00062248,-0.00137428,-0.00159346,0.00098131,0.00065335,0.00095279,0.00116382,0.00061297,0.00163970,0.00071030,0.00065561,-0.00081513,-0.00137257,0.00039413,-0.00043139,0.00002147,0.00049254,0.00016324,-0.00205960,-0.00039659,0.00041811,0.00039157,0.00001017,0.00051100,-0.00052450,-0.00076847,0.00066330,0.00130281,0.00110951,0.00055554,-0.00008092,0.00024452,0.00138692,-0.00057888,-0.00094956,0.00114922,0.00003584,-0.00049500,0.00121906,0.00173862,-0.00054344,0.00024649,0.00013734,-0.00096601,0.00000000,0.00000000,0.00000000,0.00000000,0.00000000,0.00000000,0.00000000,0.00000000,0.00000000,0.00000000,0.00000000,0.00000000,0.00000000,0.00000000,0.00000000,0.00000000,0.00000000,0.00000000,0.00000000,0.00000000,0.00000000,0.00000000,0.00000000,0.00000000,0.00000000,-0.00068105,0.00000000,0.00000000,0.00000000,0.00000000,0.00000000,0.00000000,0.00000000,0.00000000,0.00000000,0.00000000,0.00000000,0.00000000,0.00000000,0.00000000,0.00000000,0.00000000,0.00000000,0.00000000,0.00000000,0.00000000,0.00000000,0.00000000,-0.00131638,0.00061180,-0.00091559,0.00115717,-0.00134343,0.00122788,-0.00097284,0.00143633,0.00023995,-0.00095223,-0.00039795,-0.00150119,-0.00151383,0.00172822,0.00135358,-0.00140320
-0.00070874,-0.00024796,-0.00054331,-0.00044151,0.00048722,0.00088201,0.00025046,0.00034194,0.00035146,-0.00034105,-0.00966175,-0.00034704,0.00002205,0.00029564,-0.00022741,0.00048540,0.00005039,0.00062743,0.00023718,-0.00160386,0.00023443,0.00003106,0.00004668,-0.00005468,-0.00012896,0.00053340,-0.00019628,-0.00019910,-0.00037685,-0.00033317,0.00010815,-0.00003865,-0.00047621,0.00003827,-0.00006994,-0.00025787,0.00061733,-0.00070608,0.00017255,-0.00023694,0.00001997,0.00012737,0.00058685,0.00045853,0.00069853,0.00022770,-0.00052902,-0.00007711,-0.00033999,0.00009494,-0.00011488,0.00011380,0.00016028,-0.00121304,0.00006615,-0.00105003,0.00047960,0.00016020,-0.00025385,-0.00067341,-0.00088643,-0.00015616,0.00000674,0.00012600,0.00067053,-0.00004394,-0.00011819,0.00034308,0.00013276,-0.00005023,0.00003886,0.00003410,-0.00002704,0.00116427,-0.00047843,0.00050676,-0.00066698,0.00070100,0.00054520,-0.00132089,-0.00033580,-0.00001390,-0.00001311,-0.00006727,-0.00101867,-0.00112485,-0.00019347,-0.00081172,0.00071774,0.00061337,0.00046056,-0.00048809,0.00055770,0.00079029,-0.00074836,-0.00076364,-0.00081488,-0.00030338,-0.00065065,-0.00003278,0.00147911,0.00029515,-0.00039675,0.00097150,0.00006449,-0.00031965,-0.00110068,0.00007116,0.00027831,0.00037335,0.00002418,0.00155883,0.00026717,-0.00017604,0.00104368,-0.00062195,0.00163336,-0.00023468,-0.00038002,-0.00052205,-0.00072307,-0.00107179,-0.00001149,0.00090987,0.00050483,-0.00138816,0.00077984,-0.00119894,0.00000000,0.00000000,0.00000000,0.00000000,0.00000000,0.00000000,0.00000000,0.00000000,0.00000000,0.00000000,0.00000000,0.00000000,0.00000000,0.00000000,0.00000000,0.00000000,0.00000000,0.00000000,0.00000000,0.00000000,0.00000000,0.00000000,0.00000000,0.00000000,0.00000000,0.00000000,-0.00083275,0.00000000,0.00000000,0.00000000,0.00000000,0.00000000,0.00000000,0.00000000,0.00000000,0.00000000,0.00000000,0.00000000,0.00000000,0.00000000,0.00000000,0.00000000,0.00000000,0.00000000,0.00000000,0.00000000,0.00000000,0.00000000,0.00014718,-0.00010794,-0.00009746,-0.00002109,-0.00058211,0.00091609,-0.00050740,0.00035561,-0.00011834,-0.00025730,0.00026923,-0.00012603,-0.00022184,0.00076424,0.00055366,-0.00052845
0.00074266,-0.00011291,0.00059384,-0.00012610,0.00080938,0.00032682,0.00030773,-0.00025694,0.00116420,0.00035045,0.00024815,-0.01165631,-0.00122803,0.00139369,0.00020730,-0.00095924,-0.00035511,0.00079625,-0.00056584,-0.00074470,-0.00023238,0.00042267,0.00055756,0.00020931,-0.00013459,0.00083408,-0.00036111,-0.00078010,-0.00048663,0.00001730,-0.00016052,-0.00068913,-0.00114382,-0.00010760,0.00007142,-0.00080309,0.00091119,-0.00129991,-0.00040197,-0.00005875,0.00081847,0.00088341,0.00057194,-0.00029980,0.00091800,0.00046587,-0.00047377,0.00061793,0.00003641,-0.00004499,0.00056109,0.00024501,-0.00059367,-0.00025576,0.00023956,-0.00022395,0.00073726,-0.00004950,0.00023331,0.00034920,0.00000736,0.00033354,-0.00037921,-0.00024310,0.00023433,-0.00026930,-0.00027508,-0.00016348,0.00021150,0.00027276,-0.00004719,0.00059483,-0.00022016,0.00099240,-0.00081548,0.00121094,-0.00055646,0.00027912,-0.00023525,-0.00047834,0.00079729,0.00057298,-0.00008729,0.00011773,-0.00097170,-0.00064957,-0.00077386,-0.00027308,0.00002631,0.00092002,0.00066219,0.00022727,-0.00016226,0.00001012,-0.00054227,-0.00130464,-0.00044907,0.00043990,-0.00033950,-0.00090203,0.00158008,0.00048780,-0.00059676,0.00037231,0.00018077,-0.00001093,-0.00102869,0.00030414,-0.00021746,-0.00076603,0.00006425,0.00006042,0.00055156,0.00068622,0.00078098,-0.00009662,0.00075052,-0.00048046,-0.00024085,0.00054202,-0.00024005,-0.00092145,0.00004848,0.00050189,0.00010136,-0.00074698,0.00022105,-0.00068773,0.00000000,0.00000000,0.00000000,0.00000000,0.00000000,0.00000000,0.00000000,0.00000000,0.00000000,0.00000000,0.00000000,0.00000000,0.00000000,0.00000000,0.00000000,0.00000000,0.00000000,0.00000000,0.00000000,0.00000000,0.00000000,0.00000000,0.00000000,0.00000000,0.00000000,0.00000000,0.00000000,0.00037208,0.00000000,0.00000000,0.00000000,0.00000000,0.00000000,0.00000000,0.00000000,0.00000000,0.00000000,0.00000000,0.00000000,0.00000000,0.00000000,0.00000000,0.00000000,0.00000000,0.00000000,0.00000000,0.00000000,0.00000000,-0.00055833,0.00069415,-0.00072300,-0.00019459,-0.00085285,0.00116017,-0.00022481,0.00058644,0.00054052,-0.00061098,0.00022184,-0.00019577,-0.00129805,0.00084849,0.00020205,-0.00051761
-0.00015499,0.00030297,0.00076076,-0.00092818,0.00001202,-0.00012015,0.00020354,-0.00029491,0.00015242,-0.00010590,0.00030185,-0.00043413,-0.01239921,0.00050156,0.00029137,-0.00080024,0.00044763,-0.00014893,-0.00039182,0.00059225,0.00086962,0.00067961,0.00087885,0.00070468,-0.00017067,0.00119231,0.00017105,0.00051624,0.00029350,0.00047649,0.00061664,-0.00063961,0.00011040,0.00107979,0.00048146,-0.00060788,0.00024036,0.00000949,-0.00084736,0.00116995,-0.00013870,0.00118259,0.00022517,0.00035456,-0.00088388,-0.00016063,0.00117194,0.00023987,0.00013937,-0.00067163,-0.00109809,0.00037108,-0.00140725,0.00013938,-0.00068744,-0.00010234,-0.00057640,0.00031803,-0.00015572,0.00071067,0.00048665,0.00011005,-0.00032653,-0.00104711,-0.00039225,-0.00090824,-0.00077206,-0.00033131,0.00073471,0.00025439,0.00000819,0.00006384,-0.00029815,-0.00021252,0.00014184,0.00099713,-0.00001338,-0.00035687,0.00036327,0.00006580,-0.00058197,0.00060641,-0.00092260,-0.00015088,0.00089841,0.00011384,0.00023339,0.00016517,-0.00050196,0.00002181,0.00031369,0.00110884,0.00031294,-0.00044098,0.00074901,0.00045918,0.00082002,-0.00039988,0.00111871,-0.00000116,-0.00065998,0.00024661,0.00056413,-0.00053049,0.00037544,0.00077381,0.00015830,-0.00015045,-0.00085961,-0.00038054,0.00106681,0.00014341,-0.00043695,0.00063620,-0.00004690,0.00046374,-0.00042271,-0.00034666,-0.00098417,0.00001019,-0.00014691,0.00154497,0.00011461,-0.00038424,0.00022959,0.00085870,-0.00147270,0.00073748,0.00000000,0.00000000,0.00000000,0.00000000,0.00000000,0.00000000,0.00000000,0.00000000,0.00000000,0.00000000,0.00000000,0.00000000,0.00000000,0.00000000,0.00000000,0.00000000,0.00000000,0.00000000,0.00000000,0.00000000,0.00000000,0.00000000,0.00000000,0.00000000,0.00000000,0.00000000,0.00000000,0.00000000,0.00044026,0.00000000,0.00000000,0.00000000,0.00000000,0.00000000,0.00000000,0.00000000,0.00000000,0.00000000,0.00000000,0.00000000,0.00000000,0.00000000,0.00000000,0.00000000,0.00000000,0.00000000,0.00000000,0.00000000,-0.00005409,0.00098775,-0.00024064,-0.00001593,-0.00013364,-0.00017834,0.00037625,-0.00042956,0.00061683,-0.00020986,0.00000958,-0.00046644,-0.00075838,0.00014518,0.00072344,-0.00008126
0.00048408,-0.00017820,-0.00040105,0.00015762,0.00060209,0.00062604,0.00047174,-0.00072752,0.00078771,-0.00070303,0.00029626,0.00101700,-0.00019557,-0.01103429,-0.00104635,0.00005203,0.00029833,0.00083026,-0.00018687,-0.00046728,-0.00038146,-0.00025057,0.00031557,-0.00059336,-0.00064654,0.00051422,-0.00016026,-0.00056672,-0.00027759,-0.00038331,-0.00009230,0.00032210,-0.00109015,0.00073485,-0.00034859,0.00002403,0.00061979,-0.00077436,-0.00027971,-0.00058530,0.00003893,-0.00064129,0.00073180,0.00053786,0.00025689,0.00032603,-0.00004008,-0.00004261,-0.00071689,-0.00034393,0.00049552,0.00011371,-0.00022502,-0.00003133,0.00058596,-0.00037092,0.00069773,-0.00071180,-0.00006096,0.00003159,-0.00072977,-0.00002479,0.00036823,0.00039587,0.00057387,0.00049350,0.00007767,0.00046726,0.00001193,-0.00012171,-0.00032930,-0.00060712,-0.00049882,0.00049017,-0.00070001,0.00037966,-0.00059609,0.00013315,0.00057301,-0.00080244,0.00035863,0.00068581,0.00002499,-0.00002049,-0.00163566,-0.00139550,-0.00092749,-0.00037688,-0.00028965,0.00052846,0.00105401,0.00004050,0.00012889,-0.00005051,0.00040358,-0.00090013,-0.00060699,0.00018407,-0.00031344,-0.00067307,0.00168693,0.00036361,-0.00034634,0.00071912,-0.00007491,-0.00046267,-0.00080103,-0.00058572,0.00014935,-0.00040768,-0.00015045,0.00092843,0.00055407,-0.00135609,0.00067960,-0.00085675,0.00180803,-0.00083620,-0.00019447,-0.00006767,-0.00029394,-0.00120746,-0.00028357,0.00099338,0.00006770,-0.00011254,0.00038287,-0.00046463,0.00000000,0.00000000,0.00000000,0.00000000,0.00000000,0.00000000,0.00000000,0.00000000,0.00000000,0.00000000,0.00000000,0.00000000,0.00000000,0.00000000,0.00000000,0.00000000,0.00000000,0.00000000,0.00000000,0.00000000,0.00000000,0.00000000,0.00000000,0.00000000,0.00000000,0.00000000,0.00000000,0.00000000,0.00000000,-0.00064613,0.00000000,0.00000000,0.00000000,0.00000000,0.00000000,0.00000000,0.00000000,0.00000000,0.00000000,0.00000000,0.00000000,0.00000000,0.00000000,0.00000000,0.00000000,0.00000000,0.00000000,0.00000000,0.00030169,-0.00059003,-0.00044003,0.00066181,-0.00037061,0.00055727,-0.00021504,0.00041099,0.00002208,0.00063410,0.00008145,-0.00036868,-0.00029842,0.00011046,0.00034228,-0.00042314
0.00035404,-0.00006367,0.00028077,-0.00065330,0.00033490,-0.00065671,0.00058790,-0.00012900,0.00125646,0.00027385,0.00107012,0.00023943,-0.00113915,-0.00010256,-0.01085631,-0.00038661,0.00071064,0.00055499,-0.00045918,-0.00070938,0.00049558,-0.00007054,-0.00009809,-0.00011592,-0.00135125,0.00078167,-0.00028032,0.00011703,-0.00140758,-0.00018994,0.00057738,-0.00085102,0.00010556,0.00032894,0.00026502,-0.00011649,-0.00019911,0.00005251,0.00010162,-0.00021264,0.00024678,0.00034508,0.00133935,-0.00069723,-0.00005707,0.00095987,0.00009960,0.00035102,-0.00055965,-0.00121737,-0.00109233,0.00083233,-0.00034947,0.00017080,0.00002549,-0.00011564,0.00086914,-0.00006043,0.00058399,-0.00054365,0.00040195,0.00036423,-0.00038483,-0.00059083,0.00035918,-0.00032125,-0.00051509,-0.00095004,0.00062214,-0.00004034,0.00113561,0.00060952,-0.00027587,0.00026382,-0.00176074,0.00050929,0.00079738,0.00027192,0.00112882,-0.00033190,-0.00070939,0.00072037,-0.00035843,-0.00002304,-0.00006589,-0.00158842,-0.00112359,-0.00040941,0.00074118,0.00042951,0.00065014,-0.00001416,0.00088231,0.00064904,0.00069209,0.00004417,-0.00102218,-0.00029292,-0.00017328,-0.00023824,-0.00015578,0.00069301,-0.00015827,0.00011297,-0.00003515,0.00055850,0.00024569,-0.00075236,-0.00051509,-0.00113224,0.00017612,0.00102503,0.00081826,0.00001803,0.00028864,-0.00066968,0.00131104,-0.00065452,-0.00012772,0.00089792,-0.00000723,-0.00023993,0.00054294,0.00055265,-0.00051333,-0.00036896,0.00042475,-0.00069661,0.00000000,0.00000000,0.00000000,0.00000000,0.00000000,0.00000000,0.00000000,0.00000000,0.00000000,0.00000000,0.00000000,0.00000000,0.00000000,0.00000000,0.00000000,0.00000000,0.00000000,0.00000000,0.00000000,0.00000000,0.00000000,0.00000000,0.00000000,0.00000000,0.00000000,0.00000000,0.00000000,0.00000000,0.00000000,0.00000000,0.00137531,0.00000000,0.00000000,0.00000000,0.00000000,0.00000000,0.00000000,0.00000000,0.00000000,0.00000000,0.00000000,0.00000000,0.00000000,0.00000000,0.00000000,0.00000000,0.00000000,0.00000000,-0.00061300,0.00071166,-0.00047520,0.00055659,-0.00104278,0.00094170,0.00022214,0.00052523,0.00073763,0.00004029,0.00004884,-0.00043215,-0.00025277,0.00073003,0.00096986,-0.00080434
-0.00001130,0.00091259,-0.00083701,0.00055697,-0.00078494,-0.00034164,-0.00134893,0.00006885,-0.00165154,-0.00111504,-0.00055527,-0.00154144,0.00046226,-0.00127389,-0.00077572,-0.00884962,-0.00046227,-0.00107302,0.00090372,0.00099936,-0.00075508,-0.00122019,-0.00018127,-0.00083088,0.00117242,-0.00113451,-0.00034606,0.00009202,0.00096567,-0.00021830,-0.00131773,0.00100043,0.00073405,-0.00097520,-0.00096377,0.00066462,-0.00033373,-0.00009519,0.00081565,-0.00119039,-0.00057809,-0.00051159,-0.00077498,-0.00006957,0.00023456,-0.00047689,0.00043450,-0.00071764,0.00107387,0.00098296,0.00045084,-0.00075533,0.00117018,-0.00067686,0.00029752,0.00041488,-0.00023445,-0.00061849,-0.00025587,-0.00097488,-0.00052841,-0.00092715,0.00029559,0.00075058,0.00002003,0.00032806,0.00139161,0.00126715,-0.00117557,-0.00040001,-0.00072097,-0.00107232,0.00037249,-0.00033946,0.00102172,-0.00137671,0.00015828,-0.00006142,-0.00109753,0.00068268,0.00024947,-0.00117525,0.00112516,0.00026501,-0.00022778,0.00095238,0.00142069,-0.00097898,-0.00103097,-0.00107891,-0.00062099,-0.00011344,-0.00062640,-0.00053686,-0.00047337,-0.00008697,0.00095994,-0.00026611,0.00002206,0.00067064,-0.00093216,0.00005994,0.00139248,-0.00015085,-0.00061515,0.00006624,0.00003225,-0.00043001,0.00080886,0.00070830,-0.00079179,-0.00123210,-0.00124242,-0.00129164,-0.00120078,-0.00080217,-0.00130086,-0.00014785,0.00053207,-0.00052351,-0.00023369,0.00017665,-0.00111767,-0.00035264,0.00013959,0.00057058,-0.00051074,0.00085287,0.00000000,0.00000000,0.00000000,0.00000000,0.00000000,0.00000000,0.00000000,0.00000000,0.00000000,0.00000000,0.00000000,0.00000000,0.00000000,0.00000000,0.00000000,0.00000000,0.00000000,0.00000000,0.00000000,0.00000000,0.00000000,0.00000000,0.00000000,0.00000000,0.00000000,0.00000000,0.00000000,0.00000000,0.00000000,0.00000000,0.00000000,0.00022307,0.00000000,0.00000000,0.00000000,0.00000000,0.00000000,0.00000000,0.00000000,0.00000000,0.00000000,0.00000000,0.00000000,0.00000000,0.00000000,0.00000000,0.00000000,0.00000000,0.00157312,-0.00051864,0.00062835,-0.00136020,0.00105360,-0.00194946,0.00084212,-0.00090538,0.00020789,0.00144866,-0.00048079,0.00101120,0.00146070,-0.00124869,-0.00117688,0.00097086
0.00032176,-0.00104196,0.00029862,-0.00107345,0.00070525,0.00051677,0.00046289,-0.00038525,0.00101284,0.00041516,0.00101305,-0.00023235,-0.00084621,0.00105455,0.00037473,0.00032327,-0.00849430,0.00119771,-0.00122688,-0.00192115,0.00035802,0.00148596,0.00105768,0.00071357,-0.00080430,0.00066988,0.00023364,0.00055740,-0.00082599,0.00023444,0.00085658,-0.00082790,-0.00041679,0.00087283,0.00104376,-0.00115462,0.00021802,-0.00042968,-0.00108469,0.00100184,0.00005756,0.00035934,0.00035742,-0.00028883,0.00004111,0.00094572,-0.00080071,-0.00055898,-0.00070946,-0.00092395,-0.00005433,0.00021115,-0.00053737,-0.00099386,0.00005288,-0.00101821,0.00017926,0.00066108,0.00017495,0.00029685,0.00039805,0.00065956,-0.00011222,0.00012776,0.00042694,-0.00080522,-0.00037058,-0.00104054,0.00063417,0.00026641,0.00013502,0.00077836,-0.00018116,0.00077352,-0.00061892,0.00076693,-0.00005836,-0.00025872,0.00154278,-0.00070840,-0.00032599,0.00137295,-0.00030917,-0.00012321,0.00041716,-0.00073233,-0.00132567,0.00060014,0.00040349,0.00116876,0.00168098,0.00003846,0.00077795,0.00001954,0.00090039,-0.00077930,-0.00058775,0.00034079,0.00006109,-0.00082989,0.00114560,0.00014613,-0.00108107,0.00181556,0.00097675,0.00008023,0.00002394,0.00054724,-0.00059651,0.00005064,0.00017733,0.00097988,0.00111346,0.00077602,0.00072549,0.00004481,0.00171253,-0.00045335,-0.00094884,0.00058539,0.00017634,0.00034402,0.00108325,0.00127496,-0.00012597,-0.00117604,0.00044080,-0.00061805,0.00000000,0.00000000,0.00000000,0.00000000,0.00000000,0.00000000,0.00000000,0.00000000,0.00000000,0.00000000,0.00000000,0.00000000,0.00000000,0.00000000,0.00000000,0.00000000,0.00000000,0.00000000,0.00000000,0.00000000,0.00000000,0.00000000,0.00000000,0.00000000,0.00000000,0.00000000,0.00000000,0.00000000,0.00000000,0.00000000,0.00000000,0.00000000,0.00090957,0.00000000,0.00000000,0.00000000,0.00000000,0.00000000,0.00000000,0.00000000,0.00000000,0.00000000,0.00000000,0.00000000,0.00000000,0.00000000,0.00000000,0.00000000,-0.00109886,0.00051947,-0.00071301,0.00150034,-0.00126089,0.00125603,-0.00051384,0.00097238,-0.00016496,-0.00118274,-0.00006141,-0.00026324,-0.00087620,0.00142684,0.00103091,-0.00117131
-0.00060394,0.00004303,0.00012048,0.00000473,0.00015716,0.00038119,0.00051539,-0.00019061,-0.00020289,-0.00117655,0.00005709,-0.00032382,-0.00031258,0.00009684,-0.00049352,0.00074516,-0.00037499,-0.01244163,0.00095085,-0.00091472,-0.00087745,-0.00071346,0.00023525,-0.00020376,0.00094652,0.00034727,-0.00057741,-0.00132303,-0.00036781,-0.00020389,-0.00039735,0.00042748,0.00035190,0.00051380,-0.00068245,0.00067876,0.00099973,-0.00012984,0.00074253,-0.00125966,-0.00000249,-0.00070346,0.00016356,-0.00015973,0.00074996,-0.00011440,-0.00073205,-0.00087889,0.00012482,0.00015701,0.00031520,0.00008804,0.00035026,-0.00131933,-0.00010001,-0.00045958,0.00116668,-0.00095013,-0.00041308,-0.00105802,-0.00071754,-0.00026565,0.00017768,-0.00007592,0.00076913,0.00065538,-0.00020165,-0.00016752,0.00011082,0.00012599,0.00001829,0.00129258,-0.00039597,0.00062216,-0.00044617,0.00075853,-0.00114749,0.00044845,0.00017729,0.00029723,-0.00000524,0.00084156,0.00017484,0.00118702,-0.00111379,-0.00092775,0.00027843,-0.00047562,0.00012253,0.00028063,0.00058019,-0.00043333,-0.00038674,0.00022814,-0.00022043,-0.00043469,0.00046053,-0.00043550,-0.00088795,-0.00074504,0.00020949,0.00085480,-0.00004734,0.00091066,-0.00063543,-0.00045976,-0.00098082,-0.00085039,0.00025840,0.00039752,-0.00073857,0.00013246,0.00026728,-0.00077168,0.00059400,-0.00077059,0.00148767,0.00050850,0.00064817,-0.00069439,-0.00007463,0.00016135,-0.00034702,0.00095120,0.00049398,-0.00075073,0.00042569,-0.00086016,0.00000000,0.00000000,0.00000000,0.00000000,0.00000000,0.00000000,0.00000000,0.00000000,0.00000000,0.00000000,0.00000000,0.00000000,0.00000000,0.00000000,0.00000000,0.00000000,0.00000000,0.00000000,0.00000000,0.00000000,0.00000000,0.00000000,0.00000000,0.00000000,0.00000000,0.00000000,0.00000000,0.00000000,0.00000000,0.00000000,0.00000000,0.00000000,0.00000000,0.00021156,0.00000000,0.00000000,0.00000000,0.00000000,0.00000000,0.00000000,0.00000000,0.00000000,0.00000000,0.00000000,0.00000000,0.00000000,0.00000000,0.00000000,0.00021698,0.00065225,-0.00012793,-0.00017732,-0.00058844,0.00096048,-0.00031936,0.00060295,-0.00052771,-0.00017621,0.00019160,0.00031223,-0.00014805,0.00027822,0.00003457,-0.00076102
-0.00013157,0.00016997,0.00090999,-0.00019298,-0.00034687,-0.00045047,0.00001772,0.00047842,0.00008739,0.00089897,0.00046593,0.00031024,-0.00019103,-0.00004113,0.00051687,-0.00042739,-0.00023544,0.00016001,-0.00917791,0.00090878,0.00050614,0.00024228,0.00022927,0.00084701,0.00097094,0.00037550,-0.00004279,0.00165354,0.00022832,0.00031403,0.00085271,0.00016912,0.00018274,0.00027809,0.00024291,0.00001155,-0.00016114,0.00091782,0.00009380,0.00070993,-0.00057005,0.00076836,0.00004664,-0.00012890,-0.00051479,-0.00095547,0.00066243,0.00040928,0.00058434,0.00072292,-0.00109323,0.00036784,0.00012691,0.00097944,0.00024617,-0.00002225,-0.00086086,0.00087676,0.00029079,0.00123618,0.00016082,0.00047867,0.00043669,-0.00034099,-0.00055748,-0.00049461,-0.00129179,0.00053096,-0.00006731,-0.00019128,-0.00004662,0.00008050,0.00045354,-0.00072775,0.00109399,-0.00049466,0.00046542,-0.00082561,-0.00036378,0.00022916,-0.00015729,-0.00035946,0.00030150,0.00007215,0.00095496,0.00061115,0.00066031,-0.00002951,0.00007905,-0.00117943,-0.00064815,0.00039898,-0.00006269,-0.00034929,0.00018472,0.00037304,0.00039060,-0.00004774,0.00021802,-0.00016495,-0.00137287,-0.00058347,0.00084169,-0.00053419,0.00047588,0.00046914,0.00044640,0.00049394,-0.00065219,-0.00014189,-0.00008445,-0.00072619,-0.00027104,0.00007319,-0.00087956,0.00023262,-0.00113598,0.00002510,-0.00044819,0.00086966,-0.00013166,0.00077075,0.00029633,-0.00066548,-0.00026251,0.00002316,-0.00131528,-0.00013467,0.00000000,0.00000000,0.00000000,0.00000000,0.00000000,0.00000000,0.00000000,0.00000000,0.00000000,0.00000000,0.00000000,0.00000000,0.00000000,0.00000000,0.00000000,0.00000000,0.00000000,0.00000000,0.00000000,0.00000000,0.00000000,0.00000000,0.00000000,0.00000000,0.00000000,0.00000000,0.00000000,0.00000000,0.00000000,0.00000000,0.00000000,0.00000000,0.00000000,0.00000000,0.00054609,0.00000000,0.00000000,0.00000000,0.00000000,0.00000000,0.00000000,0.00000000,0.00000000,0.00000000,0.00000000,0.00000000,0.00000000,0.00000000,0.00022143,0.00048835,-0.00015151,-0.00046587,0.00064930,-0.00034258,0.00057386,0.00047556,-0.00034301,-0.00027023,0.00058751,0.00002198,0.00008623,-0.00036278,0.00089549,0.00079828
0.00043917,-0.00051097,0.00140046,-0.00189988,0.00028573,-0.00030856,0.00020656,0.00008983,0.00186484,0.00046845,0.00117607,0.00095294,-0.00093638,0.00172974,0.00113177,-0.00148767,0.00100773,0.00161593,-0.00175814,-0.01113237,0.00074774,0.00191741,0.00143575,0.00065193,-0.00162707,0.00147863,0.00101930,0.00138551,-0.00065378,-0.00010833,0.00279076,-0.00189020,0.00055099,0.00204922,0.00123082,-0.00073646,-0.00080190,0.00048391,-0.00205850,0.00141054,0.00085494,0.00159728,0.00151704,-0.00106933,-0.00129215,0.00182941,-0.00015296,0.00051651,-0.00026296,-0.00119539,-0.00150587,0.00084699,-0.00171616,0.00020346,-0.00110075,-0.00003439,0.00028933,0.00077612,0.00175722,0.00171645,0.00096601,0.00123990,-0.00178581,-0.00103682,-0.00110870,-0.00189288,-0.00167424,-0.00150428,0.00084626,-0.00093209,0.00166352,0.00136244,0.00097337,-0.00004064,-0.00165492,0.00036725,0.00135772,-0.00197294,0.00143512,-0.00005098,-0.00140889,0.00187811,-0.00117200,-0.00096724,0.00151345,-0.00130868,-0.00214070,0.00138819,0.00069525,0.00082382,0.00207080,0.00119438,0.00161775,0.00020601,0.00111909,0.00070012,-0.00023123,0.00037057,0.00085838,-0.00063400,-0.00046674,-0.00021312,-0.00185909,-0.00053177,0.00074429,0.00103602,0.00174004,0.00047539,-0.00147773,-0.00177674,0.00129469,0.00107473,0.00131170,0.00165139,0.00065847,0.00234786,0.00120277,-0.00184355,-0.00188749,0.00191233,0.00032502,0.00034377,0.00219334,-0.00054928,-0.00096468,-0.00044561,-0.00052477,-0.00066903,0.00000000,0.00000000,0.00000000,0.00000000,0.00000000,0.00000000,0.00000000,0.00000000,0.00000000,0.00000000,0.00000000,0.00000000,0.00000000,0.00000000,0.00000000,0.00000000,0.00000000,0.00000000,0.00000000,0.00000000,0.00000000,0.00000000,0.00000000,0.00000000,0.00000000,0.00000000,0.00000000,0.00000000,0.00000000,0.00000000,0.00000000,0.00000000,0.00000000,0.00000000,0.00000000,-0.00039146,0.00000000,0.00000000,0.00000000,0.00000000,0.00000000,0.00000000,0.00000000,0.00000000,0.00000000,0.00000000,0.00000000,0.00000000,-0.00141468,0.00156271,-0.00175900,0.00114758,-0.00132567,0.00203882,-0.00174993,0.00162427,-0.00003037,-0.00166379,0.00003475,-0.00104167,-0.00186106,0.00213202,0.00140186,-0.00089707
0.00052714,-0.00098994,-0.00005031,-0.00082505,0.00092915,0.00006349,0.00062008,-0.00017416,0.00127798,0.00050517,0.00164905,0.00017386,-0.00132172,0.00111858,0.00077532,-0.00069249,0.00079028,0.00102564,-0.00061136,-0.00175161,-0.00803317,0.00131239,0.00002177,0.00064839,-0.00123686,0.00057497,0.00065814,0.00031663,-0.00129852,-0.00033132,0.00128278,-0.00109146,-0.00042942,0.00058615,0.00090558,-0.00068128,-0.00087327,0.00012647,-0.00084869,0.00066864,0.00055691,0.00152548,0.00132045,-0.00006274,0.00019335,0.00091907,0.00041731,0.00043510,-0.00085817,-0.00106001,-0.00030185,0.00075046,-0.00113090,0.00031530,-0.00056305,-0.00086582,0.00098599,0.00057986,0.00067932,0.00047189,0.00031716,0.00040275,-0.00035070,-0.00041169,0.00003045,-0.00040703,-0.00079636,-0.00109064,0.00109372,-0.00056562,0.00012524,0.00027555,-0.00024366,0.00035039,-0.00159891,0.00134394,0.00024655,-0.00075714,0.00069651,-0.00084310,-0.00112196,0.00146269,-0.00074766,-0.00045868,0.00051311,-0.00068279,-0.00095308,0.00073275,0.00010230,0.00120570,0.00087097,0.00040879,0.00080635,0.00083348,0.00123961,-0.00069179,-0.00111706,-0.00025090,0.00042145,-0.00070856,0.00072154,0.00060711,-0.00108645,0.00020735,0.00038232,0.00053451,-0.00015700,0.00039399,0.00047048,-0.00091627,0.00108325,0.00110365,0.00074556,0.00072788,0.00105435,0.00023459,0.00201977,-0.00071482,-0.00108120,0.00076778,0.00033813,-0.00055228,0.00098628,0.00064922,-0.00048205,-0.00047194,0.00054929,-0.00102770,0.00000000,0.00000000,0.00000000,0.00000000,0.00000000,0.00000000,0.00000000,0.00000000,0.00000000,0.00000000,0.00000000,0.00000000,0.00000000,0.00000000,0.00000000,0.00000000,0.00000000,0.00000000,0.00000000,0.00000000,0.00000000,0.00000000,0.00000000,0.00000000,0.00000000,0.00000000,0.00000000,0.00000000,0.00000000,0.00000000,0.00000000,0.00000000,0.00000000,0.00000000,0.00000000,0.00000000,0.00094759,0.00000000,0.00000000,0.00000000,0.00000000,0.00000000,0.00000000,0.00000000,0.00000000,0.00000000,0.00000000,0.00000000,-0.00053758,0.00059987,-0.00102300,0.00092937,-0.00092475,0.00156658,-0.00037368,0.00162820,0.00007372,-0.00071404,-0.00046500,-0.00081448,-0.00132814,0.00165648,0.00110859,-0.00135385
0.00026220,-0.00055288,0.00051336,-0.00085280,0.00012922,0.00062713,0.00108316,0.00008032,0.00122030,0.00015433,0.00107248,0.00034309,-0.00026031,0.00047630,-0.00044407,-0.00050095,0.00112723,0.00080096,-0.00079344,-0.00072620,0.00062819,-0.01120990,0.00043228,0.00058413,-0.00119785,0.00062971,0.00025636,0.00055191,-0.00085919,0.00047487,0.00042334,-0.00135149,0.00005279,0.00113711,0.00044118,-0.00065036,-0.00028759,0.00003226,-0.00117602,0.00027328,0.00066450,0.00041293,0.00036850,0.00000687,0.00053862,0.00073592,-0.00007609,0.00031812,-0.00036615,-0.00111431,-0.00022190,0.00034553,-0.00050887,-0.00001058,0.00014136,-0.00012906,0.00102715,0.00032339,0.00022154,0.00001421,0.00038998,0.00103745,-0.00039582,-0.00036538,0.00033521,-0.00012513,-0.00077308,-0.00043295,0.00063800,-0.00017155,-0.00002847,0.00018260,-0.00087042,0.00041875,-0.00121855,0.00061692,0.00040428,-0.00054833,0.00044290,-0.00048449,-0.00018842,0.00087065,-0.00030539,-0.00001959,0.00084271,-0.00145220,-0.00149961,0.00045114,0.00087964,0.00004687,0.00077344,-0.00013246,0.00118920,-0.00015907,0.00077523,-0.00037800,-0.00094943,0.00052718,-0.00006053,-0.00007221,0.00082597,-0.00034295,-0.00082661,0.00019987,0.00056997,-0.00054142,-0.00071695,-0.00013271,-0.00014691,-0.00039235,0.00047270,0.00056685,0.00119161,-0.00006193,0.00022917,-0.00012584,0.00162435,-0.00081971,-0.00033634,0.00070049,0.00016162,-0.00095140,0.00092442,0.00067426,-0.00039653,-0.00032739,0.00017274,-0.00038418,0.00000000,0.00000000,0.00000000,0.00000000,0.00000000,0.00000000,0.00000000,0.00000000,0.00000000,0.00000000,0.00000000,0.00000000,0.00000000,0.00000000,0.00000000,0.00000000,0.00000000,0.00000000,0.00000000,0.00000000,0.00000000,0.00000000,0.00000000,0.00000000,0.00000000,0.00000000,0.00000000,0.00000000,0.00000000,0.00000000,0.00000000,0.00000000,0.00000000,0.00000000,0.00000000,0.00000000,0.00000000,-0.00110652,0.00000000,0.00000000,0.00000000,0.00000000,0.00000000,0.00000000,0.00000000,0.00000000,0.00000000,0.00000000,-0.00097284,0.00011655,-0.00032987,0.00087843,-0.00011353,0.00097560,-0.00077464,0.00053618,0.00044025,-0.00033245,0.00057367,-0.00063879,-0.00079941,0.00036966,0.00103306,-0.00147276
0.00013526,-0.00053229,-0.00001083,-0.00062302,0.00023419,0.00006632,0.00065718,-0.00047736,0.00078011,0.00030783,0.00085905,0.00060139,-0.00090522,0.00147875,0.00019268,0.00039206,0.00103068,0.00161379,-0.00049201,-0.00147039,-0.00050152,0.00049853,-0.00826948,0.00069734,-0.00119944,0.00095729,0.00082495,0.00072927,-0.00192544,0.00053712,0.00069722,-0.00070123,0.00022706,0.00092510,0.00072778,-0.00039078,-0.00040622,0.00020061,-0.00078655,0.00041301,0.00070371,0.00062784,0.00085553,0.00055694,-0.00021395,0.00060701,0.00000142,0.00002201,-0.00027199,-0.00068926,-0.00009359,0.00130554,-0.00073811,-0.00004285,-0.00009574,-0.00065511,0.00021651,0.00082089,0.00045917,0.00052140,0.00095683,-0.00016275,-0.00020247,-0.00046632,0.00048672,-0.00036795,-0.00008333,-0.00075871,0.00101103,0.00034763,0.00011380,0.00068784,0.00003747,0.00011341,-0.00117530,0.00111730,-0.00029644,-0.00035883,0.00075995,-0.00095570,-0.00054024,0.00120280,-0.00089492,-0.00037349,-0.00021368,-0.00129799,-0.00085871,0.00006348,0.00081862,0.00134005,0.00058640,0.00057193,0.00079441,0.00075347,0.00060269,-0.00040610,-0.00098568,-0.00040215,-0.00075581,-0.00043002,0.00149854,0.00025581,-0.00106280,0.00090788,0.00064753,0.00005379,-0.00089041,0.00040336,-0.00092036,-0.00027691,0.00050125,0.00075922,0.00093457,-0.00015252,0.00107108,-0.00003835,0.00161511,-0.00044682,-0.00044871,0.00018426,0.00026488,0.00008560,0.00123511,-0.00034092,-0.00033345,-0.00163624,0.00033686,-0.00126671,0.00000000,0.00000000,0.00000000,0.00000000,0.00000000,0.00000000,0.00000000,0.00000000,0.00000000,0.00000000,0.00000000,0.00000000,0.00000000,0.00000000,0.00000000,0.00000000,0.00000000,0.00000000,0.00000000,0.00000000,0.00000000,0.00000000,0.00000000,0.00000000,0.00000000,0.00000000,0.00000000,0.00000000,0.00000000,0.00000000,0.00000000,0.00000000,0.00000000,0.00000000,0.00000000,0.00000000,0.00000000,0.00000000,-0.00061366,0.00000000,0.00000000,0.00000000,0.00000000,0.00000000,0.00000000,0.00000000,0.00000000,0.00000000,-0.00129130,0.00035652,-0.00044674,0.00129210,-0.00076804,0.00123839,-0.00078274,0.00127422,0.00039192,-0.00046734,0.00061243,-0.00020610,-0.00107634,0.00182305,0.00104576,-0.00118067
-0.00022783,0.00012341,0.00020833,-0.00040769,0.00023964,0.00049187,0.00089005,0.00033971,0.00124675,0.00030068,0.00093901,0.00018041,-0.00079880,0.00052985,-0.00005417,-0.00022279,0.00070106,0.00115362,-0.00049300,-0.00178846,0.00026478,0.00064080,0.00063769,-0.01000472,-0.00132044,0.00031274,0.00078571,-0.00023303,-0.00092852,-0.00010955,0.00109330,-0.00039392,-0.00012316,0.00096096,0.00077967,-0.00040649,-0.00021613,0.00026346,-0.00049531,0.00046131,0.00017407,0.00054143,0.00083652,-0.00077157,0.00049341,0.00097367,-0.00078777,-0.00012559,-0.00066674,-0.00101172,0.00002506,0.00088970,-0.00020135,-0.00053148,0.00018201,-0.00081764,0.00038809,0.00031574,0.00044386,0.00058151,0.00074849,0.00098956,0.00020510,-0.00050869,0.00006109,0.00018391,-0.00058520,-0.00100399,-0.00000651,-0.00007981,0.00068050,0.00015548,0.00003793,0.00068898,-0.00091275,0.00038795,-0.00029700,-0.00005502,0.00045106,-0.00044613,-0.00015267,0.00133432,-0.00043879,0.00008446,-0.00001675,-0.00150806,-0.00088103,0.00004762,0.00063135,0.00069685,0.00097636,-0.00033822,0.00044028,0.00013463,0.00011340,-0.00068595,-0.00128118,-0.00029934,0.00035334,-0.00048163,0.00022331,0.00055105,-0.00097947,0.00096811,-0.00020919,-0.00037672,-0.00022293,-0.00052792,0.00060648,-0.00025968,0.00040090,0.00118801,0.00073782,-0.00033860,0.00033556,0.00038903,0.00158421,-0.00082459,-0.00044635,0.00038005,0.00003950,-0.00027704,0.00077709,0.00077779,0.00016856,-0.00082775,0.00037400,-0.00037965,0.00000000,0.00000000,0.00000000,0.00000000,0.00000000,0.00000000,0.00000000,0.00000000,0.00000000,0.00000000,0.00000000,0.00000000,0.00000000,0.00000000,0.00000000,0.00000000,0.00000000,0.00000000,0.00000000,0.00000000,0.00000000,0.00000000,0.00000000,0.00000000,0.00000000,0.00000000,0.00000000,0.00000000,0.00000000,0.00000000,0.00000000,0.00000000,0.00000000,0.00000000,0.00000000,0.00000000,0.00000000,0.00000000,0.00000000,-0.00191512,0.00000000,0.00000000,0.00000000,0.00000000,0.00000000,0.00000000,0.00000000,0.00000000,-0.00112494,0.00052553,-0.00038347,0.00056745,-0.00120463,0.00130280,-0.00055548,0.00080269,0.00010960,-0.00104384,-0.00032514,-0.00074876,-0.00148206,0.00052162,0.00099802,-0.00075968
-0.00005222,0.00070150,0.00001202,-0.00024439,-0.00121229,-0.00065437,-0.00051395,0.00018201,-0.00033533,0.00017930,-0.00025341,0.00051753,0.00027450,-0.00059460,-0.00041984,-0.00046104,0.00020315,0.00034318,0.00076363,0.00137896,0.00012287,-0.00048701,-0.00000172,-0.00068989,-0.00944097,-0.00040772,0.00036072,0.00005712,0.00115152,0.00142206,0.00035174,-0.00011793,-0.00000087,-0.00077181,-0.00045748,0.00052431,-0.00030882,0.00060078,0.00003818,0.00020125,0.00014157,-0.00023117,-0.00029574,-0.00006271,-0.00058136,-0.00025329,0.00054539,0.00063705,-0.00008726,0.00011862,-0.00013398,-0.00043172,-0.00028258,-0.00020774,0.00015577,0.00068630,-0.00146952,-0.00038732,-0.00005923,0.00020234,0.00019561,0.00024731,-0.00013441,0.00013366,-0.00036224,-0.00045160,-0.00013514,0.00036458,-0.00041944,-0.00096581,0.00004000,-0.00050029,0.00041226,-0.00065101,0.00071004,-0.00111783,0.00056898,0.00010276,-0.00113219,0.00100790,-0.00034605,-0.00023092,0.00026456,-0.00028676,-0.00043805,0.00074953,0.00062125,0.00067431,-0.00073329,-0.00070378,-0.00105448,-0.00007473,-0.00130994,-0.00031886,0.00030051,0.00093694,0.00083077,0.00022442,0.00149083,0.00043828,-0.00081214,-0.00066308,0.00092200,-0.00090454,0.00044517,0.00022695,0.00041322,0.00079285,-0.00005448,-0.00026918,0.00051052,-0.00049270,-0.00062182,0.00034731,-0.00054365,0.00030978,-0.00147190,0.00031487,0.00053323,0.00021908,0.00023610,-0.00014689,-0.00082651,-0.00121322,0.00010227,0.00106952,-0.00006112,0.00121941,0.00000000,0.00000000,0.00000000,0.00000000,0.00000000,0.00000000,0.00000000,0.00000000,0.00000000,0.00000000,0.00000000,0.00000000,0.00000000,0.00000000,0.00000000,0.00000000,0.00000000,0.00000000,0.00000000,0.00000000,0.00000000,0.00000000,0.00000000,0.00000000,0.00000000,0.00000000,0.00000000,0.00000000,0.00000000,0.00000000,0.00000000,0.00000000,0.00000000,0.00000000,0.00000000,0.00000000,0.00000000,0.00000000,0.00000000,0.00000000,0.00017393,0.00000000,0.00000000,0.00000000,0.00000000,0.00000000,0.00000000,0.00000000,0.00066435,-0.00020572,-0.00003061,0.00030953,0.00097971,-0.00094830,-0.00014261,-0.00045152,0.00009469,0.00053706,0.00061891,0.00010206,0.00001319,-0.00072147,0.00024398,0.00063128
0.00015158,-0.00049394,-0.00052618,-0.00001732,0.00100968,0.00075511,0.00069277,0.00006736,0.00070983,-0.00034868,0.00068701,0.00023728,0.00022701,0.00074627,0.00018765,0.00019667,0.00038614,0.00111710,-0.00015542,-0.00120605,-0.00035650,0.00005870,-0.00010494,-0.00048408,-0.00074776,-0.01085086,0.00012160,0.00028432,-0.00095310,-0.00051412,0.00083229,0.00035857,-0.00000991,0.00117978,0.00078474,-0.00089608,0.00052911,-0.00011620,0.00074932,-0.00068279,0.00075064,0.00031822,0.00092039,-0.00035431,0.00121030,0.00021655,-0.00107287,0.00067746,-0.00095047,-0.00099935,0.00046268,0.00002942,0.00003737,-0.00060199,-0.00000532,-0.00055065,0.00056839,0.00081779,0.00038885,-0.00023242,0.00035763,0.00029611,-0.00002419,-0.00011444,0.00016757,0.00023776,-0.00063129,-0.00076997,0.00000477,0.00064378,-0.00029957,0.00111035,0.00056317,0.00054144,-0.00117286,0.00104410,0.00019248,-0.00035222,0.00139745,-0.00096348,0.00059419,0.00036798,-0.00076840,0.00034587,0.00028981,-0.00047543,-0.00059702,-0.00028816,0.00048400,0.00034508,0.00049330,-0.00055337,0.00037792,0.00000663,0.00080838,0.00064313,-0.00101523,-0.00105610,-0.00046681,-0.00054318,0.00076853,0.00129711,-0.00072322,0.00037148,-0.00000198,-0.00029437,-0.00078235,-0.00042227,0.00099318,0.00036344,-0.00001424,0.00002635,0.00038335,-0.00105479,0.00077933,-0.00027802,0.00127173,0.00032945,-0.00037830,0.00050508,0.00006835,-0.00027341,0.00053726,0.00129939,0.00004610,-0.00043045,0.00122096,-0.00056849,0.00000000,0.00000000,0.00000000,0.00000000,0.00000000,0.00000000,0.00000000,0.00000000,0.00000000,0.00000000,0.00000000,0.00000000,0.00000000,0.00000000,0.00000000,0.00000000,0.00000000,0.00000000,0.00000000,0.00000000,0.00000000,0.00000000,0.00000000,0.00000000,0.00000000,0.00000000,0.00000000,0.00000000,0.00000000,0.00000000,0.00000000,0.00000000,0.00000000,0.00000000,0.00000000,0.00000000,0.00000000,0.00000000,0.00000000,0.00000000,0.00000000,-0.00059149,0.00000000,0.00000000,0.00000000,0.00000000,0.00000000,0.00000000,-0.00058522,-0.00041165,-0.00014074,-0.00015570,-0.00095927,0.00136040,-0.00013865,0.00057860,-0.00035981,-0.00064927,-0.00047235,-0.00002827,-0.00038422,0.00096952,0.00060035,-0.00046530
0.00021880,-0.00050397,0.00024412,-0.00112118,0.00060154,-0.00047339,0.00093532,-0.00006198,0.00117591,0.00131757,0.00127097,0.00055458,-0.00087835,0.00102454,0.00027551,-0.00082918,0.00135070,0.00128555,-0.00085896,-0.00077166,0.00078517,0.00121171,0.00096059,0.00126692,-0.00144799,0.00126513,-0.01017789,0.00049522,-0.00122842,0.00020807,0.00131902,-0.00103433,-0.00049600,0.00077711,0.00142084,-0.00082682,-0.00066841,-0.00053635,-0.00084466,0.00065152,0.00116401,0.00104744,0.00094524,-0.00053068,-0.00096190,0.00047049,-0.00034758,0.00097670,-0.00137490,-0.00170490,-0.00045516,0.00090502,-0.00091787,0.00028561,-0.00047155,-0.00076516,0.00101213,0.00089910,0.00109862,0.00087685,0.00097744,0.00029560,-0.00041876,-0.00062532,-0.00012872,-0.00099879,-0.00098506,-0.00102534,0.00022076,-0.00063057,0.00085747,0.00036358,0.00005197,0.00021068,-0.00091238,0.00086816,0.00119230,-0.00102393,0.00117546,0.00010409,-0.00008593,0.00091747,-0.00079672,-0.00083217,0.00064042,-0.00079344,-0.00103931,0.00087789,-0.00010337,0.00079223,0.00104428,0.00029423,0.00099660,0.00047015,0.00103132,-0.00031800,-0.00045572,0.00093684,0.00016301,-0.00092650,0.00031296,-0.00010743,-0.00119305,0.00003460,0.00104516,0.00022836,0.00019214,0.00036188,-0.00018025,-0.00099219,0.00084701,0.00070971,0.00097218,0.00045825,0.00061358,0.00047055,0.00089858,-0.00152252,-0.00125918,0.00129056,0.00051727,-0.00044028,0.00111193,0.00083800,-0.00055103,0.00047190,0.00040879,-0.00052874,0.00000000,0.00000000,0.00000000,0.00000000,0.00000000,0.00000000,0.00000000,0.00000000,0.00000000,0.00000000,0.00000000,0.00000000,0.00000000,0.00000000,0.00000000,0.00000000,0.00000000,0.00000000,0.00000000,0.00000000,0.00000000,0.00000000,0.00000000,0.00000000,0.00000000,0.00000000,0.00000000,0.00000000,0.00000000,0.00000000,0.00000000,0.00000000,0.00000000,0.00000000,0.00000000,0.00000000,0.00000000,0.00000000,0.00000000,0.00000000,0.00000000,0.00000000,0.00116905,0.00000000,0.00000000,0.00000000,0.00000000,0.00000000,-0.00079217,-0.00019485,-0.00115341,0.00053187,-0.00052866,0.00117575,-0.00028341,0.00104572,0.00113613,-0.00050513,0.00050471,-0.00075009,-0.00182892,0.00110734,0.00101006,-0.00107943
0.00005524,-0.00001909,0.00000635,-0.00022897,0.00040066,0.00041398,0.00071460,-0.00031712,0.00062913,-0.00055718,0.00104340,-0.00060195,-0.00076326,0.00045237,0.00009868,0.00012809,0.00112965,0.00013537,0.00005406,-0.00055621,-0.00039921,0.00066512,0.00037809,-0.00033667,-0.00083389,0.00117471,-0.00031806,-0.01226822,-0.00123396,0.00042116,0.00106002,-0.00086560,-0.00056383,0.00063747,0.00150090,-0.00006150,-0.00016794,0.00021471,-0.00026108,0.00051495,0.00127871,0.00026773,0.00058978,-0.00037916,0.00047794,0.00050622,0.00000538,0.00007718,-0.00016155,-0.00135075,-0.00038569,0.00017415,-0.00066416,0.00011298,0.00014314,0.00008493,0.00091175,0.00024311,0.00090938,0.00001204,0.00015846,-0.00008332,-0.00051831,-0.00041326,-0.00007928,0.00053130,0.00000333,-0.00024343,0.00009467,-0.00041543,-0.00019112,0.00033440,0.00026717,0.00043189,-0.00064366,0.00027262,-0.00002722,-0.00050949,0.00132097,-0.00016789,-0.00007933,0.00058057,-0.00056575,-0.00100154,-0.00037136,-0.00081545,-0.00082063,-0.00000954,-0.00018989,0.00104676,0.00069384,0.00007846,0.00085749,0.00029094,0.00020491,0.00020782,-0.00016984,0.00050347,0.00004899,-0.00133461,0.00057973,0.00012049,-0.00038031,-0.00055914,0.00012950,-0.00085012,-0.00099751,0.00039309,-0.00037422,-0.00078647,0.00008997,0.00082904,0.00069633,0.00015389,0.00034988,-0.00023098,0.00106581,-0.00032891,-0.00011427,0.00043383,0.00000711,-0.00092597,0.00008096,0.00055137,0.00042734,-0.00128891,0.00036918,-0.00113355,0.00000000,0.00000000,0.00000000,0.00000000,0.00000000,0.00000000,0.00000000,0.00000000,0.00000000,0.00000000,0.00000000,0.00000000,0.00000000,0.00000000,0.00000000,0.00000000,0.00000000,0.00000000,0.00000000,0.00000000,0.00000000,0.00000000,0.00000000,0.00000000,0.00000000,0.00000000,0.00000000,0.00000000,0.00000000,0.00000000,0.00000000,0.00000000,0.00000000,0.00000000,0.00000000,0.00000000,0.00000000,0.00000000,0.00000000,0.00000000,0.00000000,0.00000000,0.00000000,-0.00011886,0.00000000,0.00000000,0.00000000,0.00000000,-0.00022044,0.00092476,0.00014561,0.00007742,-0.00110538,0.00089265,-0.00007995,0.00071885,0.00112160,-0.00056485,-0.00033931,-0.00024481,-0.00068718,0.00112230,0.00050893,-0.00057879
0.00056350,-0.00045214,0.00151417,-0.00171524,0.00111817,-0.00155017,0.00093830,0.00012816,0.00178323,0.00131239,0.00269124,0.00161093,-0.00157837,0.00196597,0.00122497,-0.00188660,0.00219328,0.00191594,-0.00227659,-0.00048429,0.00171787,0.00183124,0.00128104,0.00142733,-0.00185074,0.00159468,0.00115244,0.00118241,-0.01241983,0.00124027,0.00190162,-0.00182327,0.00046209,0.00147944,0.00210678,-0.00173857,-0.00116912,0.00076127,-0.00201149,0.00151824,0.00154704,0.00180934,0.00204962,-0.00100066,-0.00186728,0.00134822,0.00105936,0.00188155,-0.00134682,-0.00188580,-0.00220685,0.00172794,-0.00189815,0.00101486,-0.00162681,0.00031359,-0.00028645,0.00165113,0.00184152,0.00175983,0.00200666,0.00181298,-0.00189940,-0.00212558,-0.00098702,-0.00135396,-0.00218890,-0.00228234,0.00090270,-0.00048273,0.00154544,0.00111404,0.00118475,-0.00048695,-0.00188935,0.00055698,0.00103802,-0.00118353,0.00115461,-0.00064254,-0.00204350,0.00210716,-0.00203690,-0.00177389,0.00159910,-0.00091072,-0.00193831,0.00163445,0.00026674,0.00169797,0.00169493,0.00143850,0.00184923,-0.00011942,0.00122777,-0.00011227,-0.00035215,0.00106338,0.00062545,-0.00062555,-0.00082953,-0.00001341,-0.00136612,-0.00071251,0.00093283,0.00128464,0.00084619,0.00123730,-0.00124192,-0.00242972,0.00164880,0.00107203,0.00148717,0.00123747,0.00001602,0.00181676,0.00120652,-0.00149448,-0.00135348,0.00187614,0.00056345,0.00133677,0.00169668,0.00098279,-0.00127925,0.00067543,-0.00125745,-0.00163777,0.00000000,0.00000000,0.00000000,0.00000000,0.00000000,0.00000000,0.00000000,0.00000000,0.00000000,0.00000000,0.00000000,0.00000000,0.00000000,0.00000000,0.00000000,0.00000000,0.00000000,0.00000000,0.00000000,0.00000000,0.00000000,0.00000000,0.00000000,0.00000000,0.00000000,0.00000000,0.00000000,0.00000000,0.00000000,0.00000000,0.00000000,0.00000000,0.00000000,0.00000000,0.00000000,0.00000000,0.00000000,0.00000000,0.00000000,0.00000000,0.00000000,0.00000000,0.00000000,0.00000000,-0.00000987,0.00000000,0.00000000,0.00000000,-0.00171944,0.00018217,-0.00144436,0.00162002,-0.00108471,0.00224149,-0.00168116,0.00207496,-0.00055176,-0.00117253,-0.00053332,-0.00059515,-0.00111376,0.00197474,0.00153925,-0.00159673
0.00061097,0.00035568,0.00014932,-0.00164423,0.00095875,0.00004033,0.00040757,-0.00013908,0.00203748,0.00095913,0.00193403,0.00062852,-0.00098813,0.00137628,0.00084799,-0.00103388,0.00183720,0.00144737,-0.00192494,-0.00162776,0.00039840,0.00139496,0.00133333,0.00061611,-0.00108573,0.00154586,0.00024691,0.00143678,-0.00108894,-0.01047199,0.00217374,-0.00171838,0.00003056,0.00078778,0.00164403,-0.00093270,-0.00059480,0.00020543,-0.00188045,0.00044824,0.00080194,0.00120124,0.00158613,-0.00076945,-0.00052782,0.00148853,-0.00097568,0.00171106,-0.00147283,-0.00153612,-0.00141727,0.00096311,-0.00086171,0.00060145,-0.00114083,-0.00036189,0.00104730,0.00052340,0.00151215,0.00099918,0.00098556,0.00149161,-0.00130221,-0.00048971,-0.00061992,-0.00086255,-0.00120750,-0.00112484,0.00073456,-0.00101148,0.00066389,0.00061552,0.00074666,-0.00030444,-0.00103303,0.00037144,0.00132759,-0.00117663,0.00119750,-0.00042347,-0.00126899,0.00160966,-0.00069413,-0.00063313,0.00094237,-0.00144242,-0.00167204,0.00128880,0.00008048,0.00042207,0.00177866,0.00080570,0.00158519,0.00049580,0.00098995,-0.00042378,-0.00104702,0.00041234,-0.00018944,-0.00022194,0.00101282,0.00091495,-0.00206460,-0.00067377,0.00079628,0.00100971,0.00035596,0.00118120,-0.00082804,-0.00144914,0.00107679,0.00064288,0.00079306,0.00034680,0.00107912,0.00143929,0.00083086,-0.00131246,-0.00153944,0.00206172,0.00027833,-0.00053936,0.00144025,0.00059933,-0.00114954,-0.00050227,-0.00043886,-0.00041872,0.00000000,0.00000000,0.00000000,0.00000000,0.00000000,0.00000000,0.00000000,0.00000000,0.00000000,0.00000000,0.00000000,0.00000000,0.00000000,0.00000000,0.00000000,0.00000000,0.00000000,0.00000000,0.00000000,0.00000000,0.00000000,0.00000000,0.00000000,0.00000000,0.00000000,0.00000000,0.00000000,0.00000000,0.00000000,0.00000000,0.00000000,0.00000000,0.00000000,0.00000000,0.00000000,0.00000000,0.00000000,0.00000000,0.00000000,0.00000000,0.00000000,0.00000000,0.00000000,0.00000000,0.00000000,-0.00083634,0.00000000,0.00000000,-0.00128650,-0.00016852,-0.00090383,0.00034658,-0.00150504,0.00215445,-0.00105545,0.00175388,-0.00051939,-0.00059137,-0.00039725,-0.00108101,-0.00142777,0.00124019,0.00120514,-0.00161597
-0.00064007,-0.00055382,0.00004268,-0.00080960,0.00055398,0.00064491,0.00063599,-0.00027619,0.00062370,-0.00022939,0.00090240,-0.00045176,-0.00046544,0.00052594,0.00017397,-0.00049219,0.00038749,0.00077701,-0.00050223,-0.00030623,0.00030363,-0.00023581,0.00028460,0.00058723,-0.00043725,0.00109304,0.00024051,0.00076423,-0.00128989,0.00035516,-0.00826513,-0.00027143,-0.00034690,0.00072369,0.00026876,-0.00061300,0.00072737,-0.00092391,-0.00033150,0.00024167,0.00065403,-0.00007156,0.00067567,0.00008103,0.00122540,0.00026783,-0.00032830,0.00009490,-0.00038925,-0.00052696,-0.00000343,0.00055041,-0.00019099,-0.00030939,-0.00026574,-0.00033530,0.00112416,0.00083584,0.00083836,-0.00027261,0.00003140,0.00028186,-0.00006810,-0.00018921,0.00024247,-0.00006201,-0.00024699,-0.00061439,0.00083860,-0.00013155,0.00047554,0.00083453,-0.00054039,0.00025724,-0.00069966,0.00067970,0.00037994,-0.00004630,0.00104053,-0.00103026,-0.00007736,0.00076102,-0.00069543,0.00007322,-0.00029869,-0.00187474,-0.00057420,0.00055965,0.00075730,0.00122603,0.00051627,0.00045697,0.00035839,0.00038419,0.00038825,-0.00028164,-0.00080297,-0.00003190,-0.00088706,-0.00006196,0.00077067,0.00021914,-0.00049187,0.00029196,-0.00025766,0.00036832,-0.00093212,0.00023016,-0.00041343,-0.00045760,0.00039150,0.00030317,0.00078483,-0.00034081,0.00033433,-0.00014856,0.00155756,-0.00050606,-0.00064743,0.00060013,-0.00026740,-0.00006993,0.00051813,0.00063335,-0.00032562,-0.00061960,0.00096530,-0.00039875,0.00000000,0.00000000,0.00000000,0.00000000,0.00000000,0.00000000,0.00000000,0.00000000,0.00000000,0.00000000,0.00000000,0.00000000,0.00000000,0.00000000,0.00000000,0.00000000,0.00000000,0.00000000,0.00000000,0.00000000,0.00000000,0.00000000,0.00000000,0.00000000,0.00000000,0.00000000,0.00000000,0.00000000,0.00000000,0.00000000,0.00000000,0.00000000,0.00000000,0.00000000,0.00000000,0.00000000,0.00000000,0.00000000,0.00000000,0.00000000,0.00000000,0.00000000,0.00000000,0.00000000,0.00000000,0.00000000,0.00194269,0.00000000,-0.00060748,0.00007142,0.00014836,0.00044486,-0.00072925,0.00179216,-0.00055245,0.00092213,0.00070542,-0.00050533,-0.00019047,-0.00082618,-0.00081959,0.00118071,0.00003985,-0.00087221
-0.00037586,0.00126678,0.00074975,-0.00002467,-0.00043827,-0.00063089,-0.00071257,-0.00028713,-0.00072737,0.00015820,-0.00014568,-0.00017449,0.00018125,0.00030900,0.00027696,-0.00061020,0.00002324,-0.00048399,0.00049706,0.00075445,0.00022687,-0.00010180,0.00054807,0.00056776,0.00025913,0.00026057,0.00034614,0.00018642,0.00170218,0.00087066,0.00027180,-0.00948540,0.00055776,-0.00071376,0.00016575,0.00025522,-0.00093285,0.00049724,-0.00073872,0.00024508,0.00032643,0.00008479,-0.00032335,0.00056269,-0.00101140,0.00011592,0.00089040,0.00024877,0.00012504,0.00002174,-0.00038373,-0.00041995,-0.00011303,0.00022120,-0.00054978,0.00132561,-0.00179825,0.00028984,0.00031504,0.00105221,0.00020420,0.00011361,0.00086478,0.00056808,0.00017124,-0.00077141,-0.00019085,-0.00095195,-0.00022006,-0.00007677,0.00012263,-0.00010095,-0.00047774,-0.00075194,0.00061821,-0.00080714,0.00020511,-0.00042946,-0.00070011,-0.00025682,-0.00016770,-0.00056917,-0.00047257,-0.00007147,0.00087114,0.00110634,0.00047238,0.00069279,-0.00096300,-0.00072120,-0.00074167,0.00049206,0.00041409,-0.00058897,0.00055131,0.00019279,0.00034679,0.00078902,0.00083251,-0.00000630,-0.00105365,-0.00047446,0.00068834,-0.00097764,0.00048529,0.00030936,0.00132326,-0.00053117,-0.00077788,-0.00008403,-0.00014771,-0.00149556,-0.00069491,0.00014323,-0.00160387,0.00059340,-0.00186508,0.00062450,-0.00002472,-0.00002534,0.00047040,0.00103360,-0.00021568,-0.00103228,-0.00029401,0.00058350,-0.00092049,0.00124491,0.00000000,0.00000000,0.00000000,0.00000000,0.00000000,0.00000000,0.00000000,0.00000000,0.00000000,0.00000000,0.00000000,0.00000000,0.00000000,0.00000000,0.00000000,0.00000000,0.00000000,0.00000000,0.00000000,0.00000000,0.00000000,0.00000000,0.00000000,0.00000000,0.00000000,0.00000000,0.00000000,0.00000000,0.00000000,0.00000000,0.00000000,0.00000000,0.00000000,0.00000000,0.00000000,0.00000000,0.00000000,0.00000000,0.00000000,0.00000000,0.00000000,0.00000000,0.00000000,0.00000000,0.00000000,0.00000000,0.00000000,0.00052126,-0.00014760,-0.00018474,0.00081849,0.00002076,0.00097336,-0.00093716,0.00018079,-0.00034913,-0.00071497,-0.00046111,0.00053178,0.00028004,0.00075267,-0.00092486,-0.00059058,0.00095568
0.00008837,0.00036231,0.00114629,-0.00075241,0.00039895,-0.00026221,0.00077007,0.00029807,0.00139865,0.00045292,0.00154470,-0.00019332,-0.00074337,0.00040996,0.00152594,-0.00007228,0.00070288,0.00160154,-0.00153174,0.00018907,0.00053169,0.00138929,0.00094182,0.00064267,-0.00179688,0.00135690,0.00017431,0.00092174,0.00016127,0.00126977,0.00155699,-0.00152431,-0.01245404,0.00135074,0.00079124,-0.00111361,-0.00064454,0.00013805,-0.00082123,0.00053957,-0.00015880,0.00126462,0.00101341,0.00057203,0.00016904,0.00028982,-0.00009435,0.00021241,-0.00084153,-0.00243915,-0.00047581,0.00115987,-0.00111228,0.00063854,-0.00036622,0.00082023,0.00005550,0.00032584,0.00092204,0.00073484,0.00140936,0.00071820,-0.00046729,-0.00085001,-0.00069892,-0.00085527,-0.00073858,-0.00109585,0.00042238,-0.00088602,0.00006757,0.00030876,-0.00006069,-0.00017091,-0.00125179,-0.00006868,0.00059041,-0.00111267,0.00048671,-0.00087586,-0.00066698,0.00095742,-0.00035116,-0.00071654,0.00095367,-0.00070260,-0.00186853,0.00084799,0.00008556,0.00088200,0.00066123,0.00017685,0.00099582,0.00078982,0.00128070,-0.00079698,-0.00127910,0.00035710,0.00102452,-0.00018879,0.00021067,0.00002937,-0.00095761,-0.00091581,0.00056343,0.00124105,0.00043268,0.00062784,0.00002950,-0.00064709,0.00067698,0.00135930,0.00056620,0.00087091,0.00010048,0.00035233,0.00117490,-0.00117636,-0.00091509,0.00115748,0.00023221,0.00078938,0.00084751,0.00062722,0.00087177,0.00085255,-0.00097707,-0.00046217,0.00000000,0.00000000,0.00000000,0.00000000,0.00000000,0.00000000,0.00000000,0.00000000,0.00000000,0.00000000,0.00000000,0.00000000,0.00000000,0.00000000,0.00000000,0.00000000,0.00000000,0.00000000,0.00000000,0.00000000,0.00000000,0.00000000,0.00000000,0.00000000,0.00000000,0.00000000,0.00000000,0.00000000,0.00000000,0.00000000,0.00000000,0.00000000,0.00000000,0.00000000,0.00000000,0.00000000,0.00000000,0.00000000,0.00000000,0.00000000,0.00000000,0.00000000,0.00000000,0.00000000,0.00000000,0.00000000,0.00000000,0.00000000,-0.00075988,-0.00032625,-0.00023273,0.00037044,-0.00066453,0.00163717,-0.00118825,0.00051756,0.00007330,-0.00097261,0.00085672,-0.00061699,-0.00075832,0.00096378,0.00077145,-0.00059084
0.00027812,-0.00081474,-0.00055869,0.00036004,0.00026286,0.00080255,0.00157212,-0.00078851,0.00029812,-0.00008483,0.00051832,-0.00069132,0.00002723,0.00060742,-0.00032771,0.00068676,-0.00001795,0.00082946,0.00000788,-0.00048100,-0.00071995,0.00023597,0.00024110,0.00037987,-0.00090626,0.00094648,-0.00030016,-0.00011001,-0.00119235,-0.00077957,-0.00003280,-0.00086772,-0.00009352,-0.01032238,0.00047160,-0.00013918,0.00037385,-0.00058404,0.00011087,-0.00007358,0.00030838,-0.00000317,0.00011621,0.00009248,0.00035862,0.00038050,-0.00050831,-0.00002407,-0.00017468,-0.00031816,0.00057056,-0.00007273,-0.00065884,-0.00052142,0.00024440,-0.00082472,0.00033184,-0.00077129,0.00009366,-0.00057682,-0.00045814,-0.00010597,-0.00012700,0.00085521,0.00037962,-0.00070844,-0.00060101,-0.00069298,0.00046182,-0.00022393,-0.00004234,0.00021714,-0.00057078,0.00018701,-0.00077088,0.00007148,-0.00048318,0.00008182,0.00043422,-0.00111462,0.00042810,0.00021717,0.00002612,-0.00020859,-0.00078972,-0.00121455,-0.00110555,-0.00000777,0.00032957,0.00150662,0.00029522,-0.00000490,-0.00070373,0.00172800,0.00007785,-0.00032137,-0.00135678,-0.00044942,0.00015264,-0.00046526,0.00020623,0.00063846,-0.00084436,0.00055601,0.00072579,-0.00034842,-0.00042163,0.00022156,-0.00034344,0.00024281,0.00089535,0.00068428,0.00112763,-0.00022658,0.00034781,-0.00022405,0.00187935,0.00023558,-0.00042846,-0.00041928,0.00049450,-0.00052056,0.00051085,0.00054879,0.00014773,-0.00041755,0.00151592,-0.00085347,0.00000000,0.00000000,0.00000000,0.00000000,0.00000000,0.00000000,0.00000000,0.00000000,0.00000000,0.00000000,0.00000000,0.00000000,0.00000000,0.00000000,0.00000000,0.00000000,0.00000000,0.00000000,0.00000000,0.00000000,0.00000000,0.00000000,0.00000000,0.00000000,0.00000000,0.00000000,0.00000000,0.00000000,0.00000000,0.00000000,0.00000000,0.00000000,0.00000000,0.00000000,0.00000000,0.00000000,0.00000000,0.00000000,0.00000000,0.00000000,0.00000000,0.00000000,0.00000000,0.00000000,0.00000000,0.00000000,0.00000000,0.00000000,-0.00029418,-0.00020540,-0.00065000,-0.00019220,-0.00131893,0.00107265,0.00007070,0.00068538,-0.00019630,-0.00071847,-0.00023960,-0.00029249,-0.00051690,0.00128875,-0.00043223,0.00038751
0.00037826,-0.00030213,0.00002536,-0.00109086,0.00001082,0.00079363,0.00031719,0.00061419,0.00049312,-0.00064745,0.00047272,-0.00008508,-0.00063677,-0.00018299,-0.00033431,-0.00035494,0.00068525,0.00027015,-0.00045248,-0.00096147,-0.00030305,-0.00008120,0.00031046,0.00019418,-0.00115037,0.00069562,0.00033096,0.00093644,-0.00123990,0.00008976,0.00035966,-0.00003452,-0.00095791,0.00054227,-0.00942977,-0.00033605,0.00061111,-0.00017501,-0.00100371,-0.00031006,0.00018891,-0.00039111,0.00053042,0.00003930,0.00006965,0.00077464,-0.00060810,-0.00015440,-0.00056539,-0.00039574,0.00000018,0.00072309,-0.00053085,-0.00032653,-0.00072437,-0.00059472,0.00116378,-0.00045161,0.00041730,-0.00066957,0.00004760,0.00043057,-0.00023582,-0.00038716,-0.00030815,0.00029507,-0.00069115,-0.00037966,0.00035122,-0.00023320,-0.00003383,0.00047668,-0.00099196,0.00061536,-0.00144977,0.00076722,0.00055785,-0.00041419,0.00076640,-0.00109989,-0.00036503,0.00091364,-0.00003894,0.00025542,-0.00067263,-0.00132642,-0.00125787,0.00032681,0.00036548,0.00092671,0.00072937,0.00010553,0.00026872,0.00037870,0.00024892,-0.00034423,-0.00111305,0.00011928,0.00046913,-0.00074829,0.00088771,0.00037897,-0.00098466,0.00038594,0.00068138,0.00059084,-0.00047159,0.00043524,0.00086805,0.00022024,0.00020913,0.00070003,0.00086172,-0.00035399,0.00075251,0.00000512,0.00090921,-0.00084125,-0.00019211,0.00029278,0.00074309,-0.00072840,0.00041814,0.00172490,0.00051147,-0.00020452,0.00041751,-0.00104951,0.00000000,0.00000000,0.00000000,0.00000000,0.00000000,0.00000000,0.00000000,0.00000000,0.00000000,0.00000000,0.00000000,0.00000000,0.00000000,0.00000000,0.00000000,0.00000000,0.00000000,0.00000000,0.00000000,0.00000000,0.00000000,0.00000000,0.00000000,0.00000000,0.00000000,0.00000000,0.00000000,0.00000000,0.00000000,0.00000000,0.00000000,0.00000000,0.00000000,0.00000000,0.00000000,0.00000000,0.00000000,0.00000000,0.00000000,0.00000000,0.00000000,0.00000000,0.00000000,0.00000000,0.00000000,0.00000000,0.00000000,0.00000000,-0.00085884,0.00008956,-0.00136974,0.00022854,-0.00079585,0.00065604,-0.00062100,0.00067345,-0.00011052,-0.00021677,-0.00014491,-0.00066432,-0.00064743,0.00062551,0.00020747,-0.00079034
0.00006774,-0.00093869,-0.00040258,0.00023974,-0.00057808,-0.00085861,0.00023138,0.00023873,-0.00038307,-0.00024652,-0.00050216,-0.00005218,0.00011796,-0.00034425,0.00063278,-0.00083590,-0.00108157,0.00015406,0.00079392,0.00095158,0.00087543,0.00013129,0.00043301,0.00022573,0.00099159,-0.00078988,0.00043116,0.00087004,0.00098196,0.00000114,-0.00080866,0.00058912,0.00009843,-0.00046107,-0.00076570,-0.01175189,0.00054113,0.00018422,-0.00048466,0.00086955,0.00056033,0.00022602,-0.00017309,-0.00015457,-0.00075875,0.00020610,0.00084609,0.00054590,0.00009043,0.00003457,-0.00134981,-0.00021238,-0.00028098,0.00014741,0.00008038,0.00082288,-0.00032525,-0.00034770,-0.00083371,0.00023623,0.00045503,0.00008949,-0.00002337,0.00025825,-0.00058878,0.00021162,0.00011032,0.00039627,-0.00015418,-0.00026185,0.00007951,-0.00053818,-0.00025996,-0.00009775,0.00115340,-0.00066894,0.00064014,0.00026173,-0.00015543,0.00035887,-0.00011626,-0.00131794,-0.00034720,-0.00026931,0.00044109,0.00081165,0.00092730,-0.00021446,-0.00027100,-0.00115692,-0.00059072,0.00012398,-0.00005180,-0.00074855,0.00007739,-0.00050221,0.00082714,-0.00011004,0.00084970,-0.00055683,-0.00011658,-0.00016667,0.00104463,-0.00094436,0.00011249,0.00020418,0.00121863,0.00005116,-0.00016713,-0.00031611,0.00098478,0.00009311,0.00004580,0.00018940,0.00011659,-0.00034250,-0.00083031,0.00070767,0.00021427,-0.00044770,-0.00032044,0.00078078,-0.00018589,-0.00064872,-0.00114834,0.00110953,-0.00069302,0.00071695,0.00000000,0.00000000,0.00000000,0.00000000,0.00000000,0.00000000,0.00000000,0.00000000,0.00000000,0.00000000,0.00000000,0.00000000,0.00000000,0.00000000,0.00000000,0.00000000,0.00000000,0.00000000,0.00000000,0.00000000,0.00000000,0.00000000,0.00000000,0.00000000,0.00000000,0.00000000,0.00000000,0.00000000,0.00000000,0.00000000,0.00000000,0.00000000,0.00000000,0.00000000,0.00000000,0.00000000,0.00000000,0.00000000,0.00000000,0.00000000,0.00000000,0.00000000,0.00000000,0.00000000,0.00000000,0.00000000,0.00000000,0.00000000,0.00036448,0.00045205,0.00045749,0.00015523,0.00109521,-0.00068371,0.00001425,0.00023508,-0.00085922,0.00018820,0.00000182,0.00035288,0.00076736,-0.00079036,-0.00038442,0.00039652
-0.00050328,0.00109936,-0.00133013,0.00147613,-0.00082762,0.00048967,-0.00064456,0.00096518,-0.00170340,-0.00092919,-0.00144480,-0.00056984,0.00171564,-0.00125858,-0.00089473,0.00060707,-0.00124564,-0.00167137,0.00137990,0.00140909,-0.00173118,-0.00141359,-0.00163981,-0.00167876,0.00192414,-0.00165308,-0.00159337,-0.00095345,0.00094602,-0.00081463,-0.00136810,0.00135832,0.00015543,-0.00145491,-0.00119799,0.00147912,-0.01125561,-0.00002749,0.00098398,-0.00133821,-0.00142043,-0.00117556,-0.00091465,0.00052365,0.00037424,-0.00163234,0.00054654,-0.00053967,0.00116935,0.00150410,0.00005952,-0.00086727,0.00099394,-0.00038454,0.00063963,0.00017793,-0.00069162,-0.00018456,-0.00163098,-0.00095643,-0.00096438,-0.00067526,0.00028132,0.00058891,0.00073603,0.00161265,0.00150675,0.00091144,-0.00097486,-0.00007887,-0.00145386,-0.00172705,0.00076674,-0.00013398,0.00199307,-0.00098108,-0.00053448,0.00144013,-0.00173791,0.00064686,0.00095189,-0.00177136,0.00123318,0.00076783,-0.00057562,0.00162809,0.00143414,-0.00088130,-0.00006030,-0.00132830,-0.00155854,0.00009918,-0.00132067,-0.00033134,-0.00124968,-0.00043630,0.00114006,-0.00171809,-0.00043795,-0.00037840,-0.00011420,0.00083141,0.00158666,0.00011274,-0.00106175,-0.00076076,0.00015206,-0.00089511,0.00097950,0.00135260,-0.00080650,-0.00164599,-0.00173302,-0.00118615,0.00012415,-0.00088269,-0.00184982,0.00131692,0.00140993,-0.00074437,-0.00032322,0.00030964,-0.00090818,-0.00152957,0.00126303,0.00007109,0.00012637,0.00031239,0.00000000,0.00000000,0.00000000,0.00000000,0.00000000,0.00000000,0.00000000,0.00000000,0.00000000,0.00000000,0.00000000,0.00000000,0.00000000,0.00000000,0.00000000,0.00000000,0.00000000,0.00000000,0.00000000,0.00000000,0.00000000,0.00000000,0.00000000,0.00000000,0.00000000,0.00000000,0.00000000,0.00000000,0.00000000,0.00000000,0.00000000,0.00000000,0.00000000,0.00000000,0.00000000,0.00000000,0.00000000,0.00000000,0.00000000,0.00000000,0.00000000,0.00000000,0.00000000,0.00000000,0.00000000,0.00000000,0.00000000,0.00000000,0.00122989,-0.00052761,0.00077621,-0.00161061,0.00136777,-0.00229720,0.00111398,-0.00145971,-0.00044124,0.00120309,-0.00159880,0.00104409,0.00205570,-0.00124915,-0.00169774,0.00141476
0.00005878,-0.00051342,0.00008128,-0.00125662,-0.00048922,0.00032648,-0.00018515,0.00043670,0.00110331,0.00039008,0.00126243,-0.00072738,-0.00093112,0.00056528,0.00089780,-0.00108123,0.00079827,0.00115434,-0.00105509,-0.00031734,0.00110528,0.00086392,0.00102763,0.00117436,-0.00107796,0.00120875,-0.00029067,0.00080081,-0.00054431,0.00058920,0.00095373,-0.00102937,-0.00045143,0.00043882,0.00115172,-0.00084883,-0.00018460,-0.01190241,-0.00099639,0.00071875,0.00069312,0.00111912,0.00088711,-0.00122069,-0.00003567,0.00140531,-0.00016248,0.00033869,-0.00109816,-0.00129092,-0.00002715,0.00093582,-0.00085336,-0.00012050,-0.00040922,0.00002044,-0.00016153,0.00073389,0.00187144,0.00063781,0.00074184,0.00114162,-0.00024673,-0.00027302,-0.00101618,-0.00129037,-0.00196175,-0.00179623,0.00033521,-0.00054511,0.00003423,0.00093541,0.00059017,0.00081158,-0.00054920,-0.00003379,0.00121107,-0.00069422,0.00017361,0.00024930,-0.00087825,0.00098535,-0.00126882,-0.00104076,0.00019457,-0.00032867,-0.00083442,0.00011800,-0.00038737,0.00010216,0.00126324,0.00062440,0.00116890,0.00053894,0.00005145,-0.00051837,-0.00126004,0.00041733,0.00015051,-0.00005036,0.00019459,-0.00080779,-0.00096939,-0.00094047,0.00071627,0.00131184,-0.00007894,0.00056601,-0.00014327,-0.00110206,0.00067904,0.00049313,0.00033259,0.00102319,-0.00016362,0.00019452,0.00080675,-0.00138654,0.00004058,0.00115445,0.00027826,-0.00021048,0.00076619,0.00032870,-0.00050506,0.00030057,-0.00086372,0.00027615,0.00000000,0.00000000,0.00000000,0.00000000,0.00000000,0.00000000,0.00000000,0.00000000,0.00000000,0.00000000,0.00000000,0.00000000,0.00000000,0.00000000,0.00000000,0.00000000,0.00000000,0.00000000,0.00000000,0.00000000,0.00000000,0.00000000,0.00000000,0.00000000,0.00000000,0.00000000,0.00000000,0.00000000,0.00000000,0.00000000,0.00000000,0.00000000,0.00000000,0.00000000,0.00000000,0.00000000,0.00000000,0.00000000,0.00000000,0.00000000,0.00000000,0.00000000,0.00000000,0.00000000,0.00000000,0.00000000,0.00000000,0.00000000,-0.00153385,0.00000037,-0.00027119,-0.00015508,-0.00069218,0.00157037,-0.00024839,0.00091694,-0.00005576,-0.00111203,0.00004482,-0.00017324,-0.00126797,0.00060617,0.00087937,-0.00087356
0.00005017,-0.00003487,0.00012557,0.00065037,-0.00052906,-0.00057915,-0.00051429,0.00025405,-0.00040253,-0.00005656,-0.00024456,0.00008842,0.00023937,-0.00040161,0.00114645,-0.00022220,-0.00080045,-0.00025177,0.00069355,0.00054032,-0.00023451,-0.00062342,-0.00032636,-0.00017870,0.00099147,0.00042644,0.00076079,0.00043863,0.00132317,-0.00013793,-0.00008120,-0.00020521,0.00081259,-0.00032301,-0.00077271,0.00005706,-0.00039912,0.00064134,-0.00962287,0.00032430,-0.00045891,0.00023047,-0.00081680,-0.00012851,-0.00029844,-0.00025673,0.00055613,-0.00027795,0.00022388,0.00039028,-0.00023924,-0.00003832,0.00002374,0.00026425,0.00059015,0.00122676,-0.00027117,-0.00023093,0.00041090,0.00018214,0.00023260,-0.00002832,0.00039660,-0.00010123,0.00014513,-0.00003006,0.00077793,0.00010062,-0.00073163,-0.00075138,0.00009485,0.00022134,0.00012835,-0.00074883,0.00095015,-0.00071730,0.00045076,0.00098962,-0.00092872,0.00162878,0.00003985,-0.00099061,0.00018552,0.00023227,0.00009402,0.00086556,-0.00001897,0.00038701,-0.00004080,-0.00073795,-0.00014938,0.00082233,-0.00053024,-0.00106245,-0.00013883,0.00081443,0.00103657,0.00043165,0.00069165,0.00069792,-0.00104426,-0.00032618,0.00048123,-0.00101748,0.00010248,0.00084354,0.00069524,-0.00077590,-0.00034794,0.00050952,0.00012316,-0.00047825,-0.00079051,-0.00002532,-0.00141878,0.00073685,-0.00186166,-0.00018910,0.00022791,-0.00044917,0.00019018,0.00041053,-0.00010064,-0.00084906,-0.00014835,0.00065565,-0.00088395,0.00120172,0.00000000,0.00000000,0.00000000,0.00000000,0.00000000,0.00000000,0.00000000,0.00000000,0.00000000,0.00000000,0.00000000,0.00000000,0.00000000,0.00000000,0.00000000,0.00000000,0.00000000,0.00000000,0.00000000,0.00000000,0.00000000,0.00000000,0.00000000,0.00000000,0.00000000,0.00000000,0.00000000,0.00000000,0.00000000,0.00000000,0.00000000,0.00000000,0.00000000,0.00000000,0.00000000,0.00000000,0.00000000,0.00000000,0.00000000,0.00000000,0.00000000,0.00000000,0.00000000,0.00000000,0.00000000,0.00000000,0.00000000,0.00000000,0.00063517,0.00031665,0.00047632,-0.00038938,0.00046610,-0.00171212,0.00038577,-0.00073254,0.00034000,0.00008273,-0.00061256,0.00004656,0.00053183,-0.00084980,-0.00070551,0.00054406
0.00067231,-0.00052322,0.00029320,-0.00102704,0.00116030,-0.00076846,0.00083960,-0.00045637,0.00184747,-0.00042202,0.00131818,0.00024204,-0.00105242,0.00120696,0.00018618,-0.00080653,0.00153971,0.00126650,-0.00102390,-0.00156432,0.00045554,0.00076213,0.00076696,0.00076581,-0.00149570,0.00072306,0.00022550,0.00079634,-0.00213680,0.00034035,0.00100320,-0.00143925,-0.00093219,0.00127540,0.00064845,-0.00043742,-0.00073343,-0.00039119,-0.00077820,-0.00747841,0.00109547,0.00113287,0.00114098,0.00003305,-0.00001341,0.00135743,-0.00048037,0.00082499,-0.00128527,-0.00125483,-0.00062589,0.00084541,-0.00134969,0.00030701,-0.00107317,-0.00017017,0.00101828,0.00097953,0.00069088,0.00053316,0.00034211,0.00093584,-0.00093531,-0.00079944,0.00000607,-0.00068360,-0.00126987,-0.00111612,0.00099503,0.00006659,0.00050909,0.00123469,0.00010498,-0.00000271,-0.00176163,0.00042777,0.00055057,-0.00144496,0.00106568,-0.00085923,-0.00051530,0.00144493,-0.00114376,-0.00060588,0.00016469,-0.00111264,-0.00145318,0.00054437,0.00036486,0.00098873,0.00063596,0.00075096,0.00082405,0.00032280,0.00059812,0.00000039,-0.00088327,0.00050340,0.00051401,-0.00019360,0.00041362,0.00000002,-0.00138008,0.00032082,0.00049454,0.00047108,-0.00101085,0.00012407,-0.00092063,-0.00129630,0.00111687,0.00089717,0.00102234,0.00055696,0.00069830,0.00040149,0.00130065,-0.00113741,-0.00145720,0.00116029,0.00070426,-0.00016724,0.00170151,0.00101531,-0.00058112,-0.00115703,0.00001680,-0.00213284,0.00000000,0.00000000,0.00000000,0.00000000,0.00000000,0.00000000,0.00000000,0.00000000,0.00000000,0.00000000,0.00000000,0.00000000,0.00000000,0.00000000,0.00000000,0.00000000,0.00000000,0.00000000,0.00000000,0.00000000,0.00000000,0.00000000,0.00000000,0.00000000,0.00000000,0.00000000,0.00000000,0.00000000,0.00000000,0.00000000,0.00000000,0.00000000,0.00000000,0.00000000,0.00000000,0.00000000,0.00000000,0.00000000,0.00000000,0.00000000,0.00000000,0.00000000,0.00000000,0.00000000,0.00000000,0.00000000,0.00000000,0.00000000,-0.00065496,0.00050975,-0.00116180,0.00093665,-0.00117614,0.00216286,-0.00131718,0.00141431,-0.00016465,-0.00110731,0.00032672,-0.00075718,-0.00154797,0.00203379,0.00035679,-0.00175520
0.00011852,-0.00063145,0.00000306,-0.00086119,-0.00031876,-0.00003950,0.00127064,0.00000218,0.00080162,-0.00004400,0.00107069,0.00085047,-0.00085664,0.00052472,0.00006358,0.00004719,-0.00010919,0.00078435,-0.00140436,-0.00067166,0.00022579,0.00050040,0.00025450,-0.00006156,-0.00104077,0.00084129,0.00036105,0.00062530,-0.00044263,-0.00033631,0.00077445,-0.00040463,-0.00101320,0.00097004,0.00025248,0.00020783,0.00018348,0.00006117,-0.00075632,0.00056437,-0.01058614,0.00046698,0.00072331,0.00021276,-0.00062615,0.00037468,-0.00062444,-0.00030586,0.00027824,-0.00071752,-0.00002510,0.00118101,-0.00034555,0.00025693,-0.00006040,-0.00097523,0.00111480,0.00011291,0.00050885,0.00025619,0.00070399,0.00037861,-0.00060264,-0.00031639,0.00045275,0.00046397,-0.00036958,-0.00057536,0.00043473,0.00007931,0.00055494,0.00082658,-0.00039148,0.00039027,-0.00042679,0.00100610,0.00001891,0.00024493,0.00046691,-0.00047118,0.00029566,0.00051102,-0.00065811,0.00014054,0.00036832,-0.00051621,-0.00093472,0.00083652,0.00039142,0.00059981,0.00008237,0.00021042,0.00060357,0.00071629,0.00007451,-0.00018321,-0.00049039,0.00055145,-0.00045750,-0.00049614,0.00103261,-0.00003441,0.00021317,0.00042470,-0.00004832,0.00039049,-0.00101129,-0.00000347,0.00002224,-0.00012066,0.00060121,0.00051235,0.00093971,0.00047453,-0.00030195,-0.00019841,0.00067105,-0.00019712,-0.00045157,0.00070586,0.00062396,-0.00046165,0.00031469,0.00077810,0.00011065,-0.00079861,-0.00034109,-0.00063761,0.00000000,0.00000000,0.00000000,0.00000000,0.00000000,0.00000000,0.00000000,0.00000000,0.00000000,0.00000000,0.00000000,0.00000000,0.00000000,0.00000000,0.00000000,0.00000000,0.00000000,0.00000000,0.00000000,0.00000000,0.00000000,0.00000000,0.00000000,0.00000000,0.00000000,0.00000000,0.00000000,0.00000000,0.00000000,0.00000000,0.00000000,0.00000000,0.00000000,0.00000000,0.00000000,0.00000000,0.00000000,0.00000000,0.00000000,0.00000000,0.00000000,0.00000000,0.00000000,0.00000000,0.00000000,0.00000000,0.00000000,0.00000000,-0.00154593,0.00060460,-0.00034896,0.00096726,-0.00057055,0.00133292,-0.00005455,0.00035945,0.00031942,-0.00033130,-0.00000341,0.00043563,-0.00042168,0.00069987,0.00053402,-0.00067280
0.00054981,-0.00065565,0.00083311,-0.00147655,-0.00008730,-0.00012886,0.00091521,0.00016131,0.00219058,-0.00023179,0.00173100,0.00098584,-0.00065071,0.00092042,0.00029989,-0.00061973,0.00120788,0.00177813,-0.00095049,-0.00155907,0.00122372,0.00122336,0.00053964,0.00104526,-0.00185497,0.00143729,0.00048367,0.00051686,-0.00054677,0.00052170,0.00117929,-0.00150200,-0.00037091,0.00150183,0.00088622,-0.00067800,-0.00032167,0.00004402,-0.00102243,0.00058946,0.00117666,-0.00686575,0.00022748,-0.00035678,0.00057647,0.00071497,-0.00110874,0.00130505,-0.00054442,-0.00125836,-0.00042603,0.00140697,-0.00120505,0.00037366,-0.00021953,-0.00097571,0.00078990,0.00028451,0.00099866,-0.00001526,0.00082420,0.00120136,-0.00105862,-0.00140176,-0.00048348,-0.00134675,-0.00130209,-0.00139959,-0.00015848,-0.00066762,0.00083970,0.00117411,-0.00000193,0.00027935,-0.00167598,0.00046884,0.00071324,-0.00113288,0.00181552,-0.00043785,-0.00015409,0.00158740,-0.00142036,-0.00019420,-0.00000462,-0.00226133,-0.00211988,0.00111134,0.00090355,0.00143220,0.00175788,-0.00021328,0.00193931,0.00061314,0.00163077,-0.00063797,-0.00066323,0.00025527,-0.00118772,-0.00011921,0.00050044,0.00023650,-0.00071780,-0.00044425,0.00050810,0.00024314,-0.00026612,0.00032151,-0.00103550,-0.00107545,0.00105641,0.00085615,0.00103981,0.00036483,0.00021304,0.00102022,0.00198008,-0.00109844,-0.00121956,0.00125984,0.00081456,0.00048341,0.00138557,0.00134151,-0.00073028,-0.00103206,-0.00042472,-0.00057225,0.00000000,0.00000000,0.00000000,0.00000000,0.00000000,0.00000000,0.00000000,0.00000000,0.00000000,0.00000000,0.00000000,0.00000000,0.00000000,0.00000000,0.00000000,0.00000000,0.00000000,0.00000000,0.00000000,0.00000000,0.00000000,0.00000000,0.00000000,0.00000000,0.00000000,0.00000000,0.00000000,0.00000000,0.00000000,0.00000000,0.00000000,0.00000000,0.00000000,0.00000000,0.00000000,0.00000000,0.00000000,0.00000000,0.00000000,0.00000000,0.00000000,0.00000000,0.00000000,0.00000000,0.00000000,0.00000000,0.00000000,0.00000000,-0.00152402,-0.00041546,-0.00075275,0.00115671,-0.00201110,0.00206033,-0.00131052,0.00099159,-0.00050592,-0.00072964,0.00014656,-0.00085312,-0.00195831,0.00128170,0.00193381,-0.00193022
0.00008044,-0.00095364,0.00040055,-0.00044506,0.00083285,-0.00006430,0.00017243,0.00025369,0.00093141,0.00041304,0.00072840,0.00048784,-0.00023429,0.00100655,0.00095053,0.00051369,-0.00018879,0.00102274,-0.00067359,-0.00098322,0.00079898,-0.00026371,0.00053076,0.00034417,-0.00084909,0.00091721,-0.00046301,-0.00003618,-0.00080089,0.00014665,0.00087201,-0.00038055,-0.00025403,0.00062555,0.00037546,-0.00012898,0.00056272,-0.00057681,-0.00045739,0.00013081,0.00059250,-0.00063774,-0.00998711,0.00051043,0.00106760,0.00013164,-0.00054313,-0.00036411,0.00019317,-0.00039831,0.00019124,0.00034410,-0.00004980,-0.00036536,0.00015543,-0.00030899,0.00012538,0.00052234,0.00102165,-0.00045212,0.00019390,0.00009767,0.00007402,-0.00002141,0.00048788,0.00003763,-0.00053570,-0.00059372,0.00048919,-0.00015774,0.00024893,0.00116423,-0.00022873,0.00061417,-0.00138552,0.00064065,0.00010015,0.00008926,0.00100439,-0.00070463,0.00032431,0.00106063,-0.00018142,-0.00005273,-0.00016958,-0.00127599,-0.00100486,0.00034091,0.00040232,0.00065313,0.00066500,-0.00037160,-0.00005249,0.00041733,0.00045796,0.00008096,-0.00063482,-0.00000926,-0.00058031,0.00024734,0.00069487,0.00055275,-0.00082417,0.00067898,0.00105101,-0.00029172,-0.00033458,-0.00014347,0.00008893,-0.00007067,0.00050440,0.00034904,0.00031719,-0.00001501,0.00004553,-0.00030948,0.00074970,-0.00037677,-0.00030743,0.00030851,-0.00057170,0.00009032,0.00045540,0.00007622,0.00017669,-0.00006467,0.00118078,-0.00083610,0.00000000,0.00000000,0.00000000,0.00000000,0.00000000,0.00000000,0.00000000,0.00000000,0.00000000,0.00000000,0.00000000,0.00000000,0.00000000,0.00000000,0.00000000,0.00000000,0.00000000,0.00000000,0.00000000,0.00000000,0.00000000,0.00000000,0.00000000,0.00000000,0.00000000,0.00000000,0.00000000,0.00000000,0.00000000,0.00000000,0.00000000,0.00000000,0.00000000,0.00000000,0.00000000,0.00000000,0.00000000,0.00000000,0.00000000,0.00000000,0.00000000,0.00000000,0.00000000,0.00000000,0.00000000,0.00000000,0.00000000,0.00000000,-0.00037532,0.00048449,-0.00066162,0.00033529,-0.00130886,0.00091852,-0.00013595,0.00055668,0.00065486,-0.00100683,0.00037563,-0.00081397,-0.00091242,0.00098532,0.00072836,-0.00103644
0.00024019,-0.00004881,-0.00022084,0.00008563,0.00006782,-0.00066642,-0.00064138,0.00052854,-0.00133592,0.00109711,-0.00018130,-0.00047317,0.00054348,0.00032435,-0.00074394,-0.00040562,-0.00044909,-0.00097365,0.00025398,-0.00014480,0.00023513,-0.00010002,0.00012819,-0.00055605,0.00051577,-0.00080641,0.00017219,-0.00024963,0.00047094,-0.00029567,-0.00046476,0.00137779,0.00100235,-0.00085588,-0.00034215,0.00027464,-0.00045015,-0.00067339,0.00011235,0.00029472,0.00010925,-0.00030321,-0.00009954,-0.01220873,0.00023631,-0.00011443,0.00052496,0.00028659,-0.00022704,0.00075638,0.00029829,-0.00064126,0.00027160,0.00038313,0.00016254,0.00026285,-0.00025257,0.00031729,-0.00051962,-0.00047542,0.00018228,-0.00064020,-0.00008817,0.00066219,-0.00022524,0.00027462,-0.00026549,0.00057078,-0.00075237,0.00049698,0.00000005,-0.00015671,0.00005524,0.00015450,0.00065805,-0.00037557,0.00033360,-0.00038342,-0.00041328,0.00078669,-0.00035652,-0.00143177,-0.00022731,-0.00035222,-0.00006282,-0.00022706,0.00124014,-0.00029121,0.00032076,0.00015470,-0.00024725,0.00002639,0.00001485,0.00004222,-0.00026388,-0.00021032,0.00036387,0.00001691,-0.00002456,-0.00078032,-0.00092100,-0.00004350,0.00064925,-0.00024384,0.00013027,-0.00013536,0.00032513,-0.00036904,0.00053665,-0.00052461,0.00001256,0.00045948,-0.00038605,0.00105106,-0.00029963,0.00029740,-0.00027156,0.00033638,0.00035317,0.00020422,0.00120375,0.00045568,-0.00129383,-0.00030159,0.00101401,-0.00045552,0.00034803,0.00036874,0.00000000,0.00000000,0.00000000,0.00000000,0.00000000,0.00000000,0.00000000,0.00000000,0.00000000,0.00000000,0.00000000,0.00000000,0.00000000,0.00000000,0.00000000,0.00000000,0.00000000,0.00000000,0.00000000,0.00000000,0.00000000,0.00000000,0.00000000,0.00000000,0.00000000,0.00000000,0.00000000,0.00000000,0.00000000,0.00000000,0.00000000,0.00000000,0.00000000,0.00000000,0.00000000,0.00000000,0.00000000,0.00000000,0.00000000,0.00000000,0.00000000,0.00000000,0.00000000,0.00000000,0.00000000,0.00000000,0.00000000,0.00000000,0.00054340,-0.00006176,0.00009834,-0.00081964,0.00075744,-0.00001709,0.00120834,-0.00087642,0.00045004,0.00036046,0.00021382,0.00080294,0.00043073,-0.00057042,-0.00133483,0.00105526
-0.00049163,0.00075219,-0.00017199,0.00089150,-0.00053956,-0.00026444,-0.00017207,0.00030524,-0.00177270,-0.00072655,-0.00146553,0.00010030,0.00094960,-0.00176230,-0.00092093,0.00114039,-0.00164676,-0.00176928,0.00144762,0.00088218,-0.00065717,-0.00033845,-0.00121782,-0.00054612,0.00233311,-0.00129584,-0.00121527,-0.00037688,0.00085156,-0.00044725,-0.00068162,0.00148050,0.00103684,-0.00180337,-0.00145102,0.00089467,0.00006479,0.00025476,0.00138461,-0.00064940,-0.00179562,-0.00032600,-0.00102753,0.00074905,-0.01125976,-0.00106986,0.00099060,-0.00116955,0.00070049,0.00137743,0.00075025,-0.00132165,0.00079184,-0.00026492,0.00024382,0.00051959,-0.00103824,-0.00102535,-0.00104024,-0.00010986,-0.00083164,-0.00080875,0.00171605,0.00100073,0.00099647,0.00112923,0.00094855,0.00136668,-0.00181689,0.00103019,-0.00054449,-0.00142634,0.00020738,-0.00087055,0.00168340,-0.00048199,-0.00000970,0.00040473,-0.00050512,0.00060503,0.00039260,-0.00119213,0.00108137,0.00069012,-0.00069762,0.00150339,0.00137785,-0.00012759,-0.00022935,-0.00083114,-0.00106967,-0.00009485,-0.00196654,-0.00078735,-0.00053648,0.00042543,0.00124282,-0.00080377,0.00030060,0.00010901,-0.00088218,-0.00023131,0.00118762,-0.00011952,-0.00075442,-0.00049141,0.00006064,-0.00068099,0.00061385,0.00103836,-0.00090627,-0.00124512,-0.00076438,-0.00057157,0.00012192,-0.00099161,-0.00138557,0.00154993,0.00083539,-0.00034792,0.00026875,0.00039584,-0.00152960,-0.00055407,0.00117935,0.00039523,0.00003964,0.00071147,0.00000000,0.00000000,0.00000000,0.00000000,0.00000000,0.00000000,0.00000000,0.00000000,0.00000000,0.00000000,0.00000000,0.00000000,0.00000000,0.00000000,0.00000000,0.00000000,0.00000000,0.00000000,0.00000000,0.00000000,0.00000000,0.00000000,0.00000000,0.00000000,0.00000000,0.00000000,0.00000000,0.00000000,0.00000000,0.00000000,0.00000000,0.00000000,0.00000000,0.00000000,0.00000000,0.00000000,0.00000000,0.00000000,0.00000000,0.00000000,0.00000000,0.00000000,0.00000000,0.00000000,0.00000000,0.00000000,0.00000000,0.00000000,0.00112110,-0.00031340,0.00130739,-0.00090017,0.00104597,-0.00208405,0.00125077,-0.00134833,-0.00003065,0.00117494,-0.00032725,0.00161655,0.00155823,-0.00076666,-0.00082758,0.00107717
-0.00035814,-0.00032970,-0.00022069,-0.00001777,0.00048552,0.00054446,0.00073527,-0.00018294,0.00046213,-0.00056958,0.00039986,-0.00004519,-0.00070671,0.00053768,-0.00008183,0.00072364,0.00029409,0.00025139,-0.00088805,-0.00067026,-0.00036170,-0.00026549,-0.00000516,0.00016430,-0.00023777,-0.00010263,-0.00155726,-0.00015864,-0.00129360,-0.00076081,-0.00006497,-0.00002135,-0.00113308,0.00051523,0.00079379,-0.00016743,0.00005441,-0.00010147,0.00003809,0.00025272,-0.00005998,-0.00008354,-0.00007003,-0.00014748,0.00023763,-0.00973661,-0.00102200,0.00013804,-0.00071943,0.00021705,0.00095770,-0.00008639,-0.00003171,0.00014862,0.00010050,-0.00075990,0.00081174,-0.00007686,-0.00019251,0.00005825,-0.00023043,0.00028443,-0.00014565,-0.00016963,0.00064081,-0.00008678,0.00004716,-0.00042957,0.00026848,0.00037672,0.00002036,-0.00000540,-0.00070542,0.00068568,-0.00062124,0.00065674,-0.00023794,0.00002388,0.00021760,-0.00050430,-0.00000847,0.00042579,0.00025322,0.00029743,-0.00020918,-0.00043416,-0.00060042,0.00111304,-0.00001423,0.00017557,0.00058075,-0.00060373,-0.00001169,0.00083884,-0.00062300,-0.00138612,-0.00105089,-0.00067586,-0.00017956,-0.00025214,0.00045863,-0.00012797,-0.00134861,0.00014218,0.00048413,-0.00035883,-0.00108666,-0.00026397,0.00064273,-0.00056526,0.00036652,0.00104073,0.00010393,-0.00041551,0.00009080,-0.00074500,0.00118794,-0.00076193,-0.00095431,0.00073996,0.00006174,-0.00010507,0.00041963,0.00010063,0.00042148,-0.00079036,0.00025719,0.00013867,0.00000000,0.00000000,0.00000000,0.00000000,0.00000000,0.00000000,0.00000000,0.00000000,0.00000000,0.00000000,0.00000000,0.00000000,0.00000000,0.00000000,0.00000000,0.00000000,0.00000000,0.00000000,0.00000000,0.00000000,0.00000000,0.00000000,0.00000000,0.00000000,0.00000000,0.00000000,0.00000000,0.00000000,0.00000000,0.00000000,0.00000000,0.00000000,0.00000000,0.00000000,0.00000000,0.00000000,0.00000000,0.00000000,0.00000000,0.00000000,0.00000000,0.00000000,0.00000000,0.00000000,0.00000000,0.00000000,0.00000000,0.00000000,-0.00045301,0.00010075,-0.00002108,0.00073399,-0.00031496,0.00056516,0.00020965,0.00067865,0.00030583,-0.00002482,-0.00015056,-0.00009912,-0.00026506,0.00073331,0.00060592,-0.00036504
-0.00000381,-0.00025543,0.00041263,-0.00096840,-0.00045355,-0.00099718,0.00078099,-0.00011021,0.00178196,0.00077212,0.00126352,0.00054594,-0.00009612,0.00161156,0.00096198,-0.00065005,0.00094218,0.00090543,-0.00099625,-0.00071246,0.00189572,0.00135975,0.00132832,0.00088609,-0.00105806,0.00041417,0.00028896,0.00125012,0.00029934,-0.00055630,0.00127810,-0.00097182,-0.00049323,0.00127388,0.00099626,-0.00068877,-0.00028569,-0.00020517,-0.00109884,0.00083857,0.00041085,0.00087849,0.00062073,-0.00021628,-0.00002060,0.00080489,-0.01150788,0.00050172,-0.00080193,-0.00136510,-0.00109349,0.00062398,-0.00101954,0.00067495,-0.00073458,-0.00027764,0.00024264,0.00091394,0.00141020,0.00036289,0.00127822,0.00089584,-0.00139897,-0.00059150,-0.00093896,-0.00042351,-0.00112322,-0.00199393,0.00048212,-0.00108548,0.00094251,-0.00026138,0.00073808,0.00029800,-0.00058563,0.00105631,0.00110857,-0.00049220,0.00127431,-0.00115250,-0.00077891,0.00083647,-0.00106415,-0.00062192,0.00151175,-0.00093336,-0.00131022,0.00025102,0.00004932,0.00068596,0.00131428,0.00130226,0.00108197,0.00083633,0.00092217,-0.00027660,-0.00083257,0.00099887,0.00039598,-0.00032482,-0.00014501,0.00031106,-0.00117816,-0.00014369,0.00074173,0.00115686,0.00030738,0.00017388,-0.00053552,-0.00105745,0.00062806,0.00113034,0.00086998,0.00109984,-0.00004299,0.00071054,0.00066500,-0.00127623,-0.00164645,0.00120718,0.00137912,0.00034297,0.00135372,0.00158238,-0.00143691,0.00032377,-0.00049691,-0.00057786,0.00000000,0.00000000,0.00000000,0.00000000,0.00000000,0.00000000,0.00000000,0.00000000,0.00000000,0.00000000,0.00000000,0.00000000,0.00000000,0.00000000,0.00000000,0.00000000,0.00000000,0.00000000,0.00000000,0.00000000,0.00000000,0.00000000,0.00000000,0.00000000,0.00000000,0.00000000,0.00000000,0.00000000,0.00000000,0.00000000,0.00000000,0.00000000,0.00000000,0.00000000,0.00000000,0.00000000,0.00000000,0.00000000,0.00000000,0.00000000,0.00000000,0.00000000,0.00000000,0.00000000,0.00000000,0.00000000,0.00000000,0.00000000,-0.00102346,-0.00030649,-0.00098828,0.00069648,-0.00079988,0.00131105,-0.00037399,0.00140236,0.00002049,-0.00115539,-0.00051454,-0.00070862,-0.00090275,0.00160686,0.00068429,-0.00118961
-0.00017010,0.00019292,-0.00073620,0.00009799,0.00042825,0.00005701,0.00017114,-0.00091152,0.00023552,-0.00047822,-0.00006617,0.00091569,-0.00044893,0.00053580,-0.00002322,-0.00009332,-0.00056426,0.00018707,-0.00003190,-0.00168751,0.00003767,0.00030129,0.00008119,-0.00070048,-0.00023582,0.00123819,0.00016117,-0.00065253,-0.00059453,0.00044040,0.00020704,-0.00052529,-0.00076043,0.00082803,0.00018819,-0.00000420,0.00090247,-0.00104354,-0.00050196,0.00043888,-0.00026403,0.00071138,0.00022577,0.00055000,0.00005451,0.00058418,-0.00078970,-0.01186761,-0.00041896,0.00016993,0.00034704,0.00061962,0.00014893,-0.00074705,-0.00077071,-0.00034326,0.00066088,-0.00008945,0.00064540,-0.00017102,0.00037368,-0.00034783,-0.00005410,-0.00031845,0.00035106,-0.00021748,-0.00038554,-0.00021902,0.00000774,0.00000217,-0.00049270,0.00160869,-0.00046075,0.00017455,-0.00124386,0.00079382,-0.00013358,-0.00023390,0.00102076,-0.00102668,0.00016075,0.00069582,-0.00010756,0.00055660,-0.00005032,-0.00112517,-0.00108744,0.00012605,0.00125087,0.00114495,0.00077044,-0.00036216,0.00003789,0.00103870,0.00065377,-0.00085682,-0.00137573,0.00004492,-0.00001423,0.00015841,0.00114588,0.00014747,-0.00112237,0.00061485,0.00006644,-0.00027879,-0.00001978,-0.00058558,0.00037809,-0.00030428,0.00081740,0.00050255,0.00161369,-0.00042906,0.00100897,0.00018678,0.00151806,-0.00021329,-0.00055999,0.00079738,0.00028654,-0.00034685,0.00027020,0.00100109,0.00005855,-0.00088285,0.00029986,-0.00106568,0.00000000,0.00000000,0.00000000,0.00000000,0.00000000,0.00000000,0.00000000,0.00000000,0.00000000,0.00000000,0.00000000,0.00000000,0.00000000,0.00000000,0.00000000,0.00000000,0.00000000,0.00000000,0.00000000,0.00000000,0.00000000,0.00000000,0.00000000,0.00000000,0.00000000,0.00000000,0.00000000,0.00000000,0.00000000,0.00000000,0.00000000,0.00000000,0.00000000,0.00000000,0.00000000,0.00000000,0.00000000,0.00000000,0.00000000,0.00000000,0.00000000,0.00000000,0.00000000,0.00000000,0.00000000,0.00000000,0.00000000,0.00000000,-0.00039936,0.00048436,-0.00112089,0.00008275,-0.00101705,0.00093884,-0.00021893,0.00059130,0.00086201,-0.00006338,0.00048791,-0.00064174,-0.00041555,0.00055885,0.00003048,-0.00030252
-0.00004598,0.00032029,0.00093734,-0.00033563,-0.00034265,-0.00051592,-0.00034315,-0.00007784,-0.00065303,0.00011172,-0.00025233,0.00037940,0.00050108,-0.00063301,0.00010966,0.00019877,0.00002477,-0.00017414,0.00060753,0.00159028,0.00060235,0.00048942,0.00037788,0.00025166,-0.00006304,-0.00043014,0.00000281,0.00098934,0.00073751,0.00019281,0.00045775,-0.00002058,0.00060706,-0.00019024,-0.00031328,-0.00024527,-0.00045755,0.00001347,-0.00052258,-0.00019474,0.00049290,0.00058755,0.00065145,-0.00051706,-0.00095393,-0.00038765,0.00079655,0.00027303,-0.01168920,-0.00044440,-0.00046489,-0.00019759,-0.00066976,-0.00027101,0.00005301,0.00048114,-0.00107119,-0.00080091,0.00016718,0.00035352,0.00074296,-0.00002421,-0.00045939,-0.00020359,-0.00111762,-0.00030874,-0.00060133,-0.00052562,-0.00051462,-0.00080005,0.00008930,-0.00064888,0.00050800,-0.00142194,0.00085151,-0.00073352,0.00009628,0.00059149,0.00029165,0.00044597,-0.00083876,0.00044839,-0.00013105,0.00054517,0.00061594,0.00151767,0.00052749,-0.00012089,-0.00003217,-0.00067026,-0.00005723,0.00065422,-0.00000478,-0.00020881,0.00063726,0.00056002,0.00113703,-0.00024683,0.00036291,0.00056979,-0.00069127,-0.00014226,0.00054239,-0.00058122,-0.00020068,0.00060940,0.00103380,0.00054656,-0.00059486,0.00000498,0.00043302,-0.00104703,-0.00063200,-0.00011592,-0.00052138,0.00062907,-0.00094523,-0.00035309,-0.00041686,0.00043628,0.00005828,0.00057475,0.00058910,-0.00019222,0.00019014,0.00069365,-0.00082888,0.00081730,0.00000000,0.00000000,0.00000000,0.00000000,0.00000000,0.00000000,0.00000000,0.00000000,0.00000000,0.00000000,0.00000000,0.00000000,0.00000000,0.00000000,0.00000000,0.00000000,0.00000000,0.00000000,0.00000000,0.00000000,0.00000000,0.00000000,0.00000000,0.00000000,0.00000000,0.00000000,0.00000000,0.00000000,0.00000000,0.00000000,0.00000000,0.00000000,0.00000000,0.00000000,0.00000000,0.00000000,0.00000000,0.00000000,0.00000000,0.00000000,0.00000000,0.00000000,0.00000000,0.00000000,0.00000000,0.00000000,0.00000000,0.00000000,-0.00032027,-0.00020380,-0.00000225,-0.00019498,0.00040592,-0.00058401,0.00036383,-0.00020735,-0.00016550,-0.00001576,0.00026980,-0.00041987,-0.00016351,-0.00067411,0.00051187,0.00064268
0.00047988,-0.00002951,0.00012005,-0.00051994,-0.00037127,-0.00057127,-0.00040546,-0.00044042,-0.00011179,0.00084214,0.00042960,0.00054209,-0.00005892,0.00022208,-0.00002036,-0.00054755,0.00016315,-0.00018975,0.00074912,0.00083569,0.00063226,-0.00004927,0.00095131,0.00054689,0.00013551,-0.00053831,-0.00016940,0.00016833,0.00110288,0.00022861,0.00032650,-0.00044962,-0.00037311,0.00059443,0.00025332,-0.00085986,-0.00027246,0.00013161,-0.00031257,0.00082814,0.00013496,0.00080030,0.00001103,-0.00022993,-0.00119518,0.00038914,0.00055878,0.00138162,-0.00046069,-0.01154776,-0.00131005,0.00052525,-0.00084883,0.00016719,-0.00037878,0.00061543,-0.00156120,0.00010799,0.00021551,0.00062746,0.00078332,0.00084861,-0.00011256,-0.00023378,-0.00043654,-0.00038723,0.00018211,0.00019683,0.00022639,-0.00056480,0.00105550,-0.00004102,-0.00005382,0.00022562,0.00044367,0.00033967,0.00022908,0.00010761,0.00034414,0.00070735,0.00002819,0.00028882,-0.00061055,-0.00055770,0.00102208,0.00069437,0.00048690,0.00053622,-0.00046385,-0.00035740,-0.00028503,0.00026104,-0.00009546,-0.00030314,0.00049536,0.00025707,0.00030593,0.00004051,0.00173013,0.00017466,-0.00071802,-0.00058137,0.00018130,-0.00043356,0.00022856,0.00142627,0.00084387,0.00080858,-0.00003676,0.00002331,0.00072573,-0.00088136,0.00006321,-0.00044446,-0.00098342,0.00101120,-0.00053835,-0.00078598,-0.00084311,0.00007126,0.00043548,0.00062677,0.00061692,-0.00030386,-0.00043888,0.00085161,-0.00133614,0.00042528,0.00000000,0.00000000,0.00000000,0.00000000,0.00000000,0.00000000,0.00000000,0.00000000,0.00000000,0.00000000,0.00000000,0.00000000,0.00000000,0.00000000,0.00000000,0.00000000,0.00000000,0.00000000,0.00000000,0.00000000,0.00000000,0.00000000,0.00000000,0.00000000,0.00000000,0.00000000,0.00000000,0.00000000,0.00000000,0.00000000,0.00000000,0.00000000,0.00000000,0.00000000,0.00000000,0.00000000,0.00000000,0.00000000,0.00000000,0.00000000,0.00000000,0.00000000,0.00000000,0.00000000,0.00000000,0.00000000,0.00000000,0.00000000,0.00005609,0.00063233,-0.00047509,0.00066746,-0.00019317,-0.00043005,-0.00083682,0.00012189,-0.00039771,-0.00026847,0.00027116,-0.00028076,0.00019771,0.00012985,0.00039254,0.00030774
-0.00016186,0.00081927,-0.00053331,0.00092955,-0.00009958,-0.00053151,-0.00024916,0.00084917,-0.00096313,0.00019732,-0.00131063,-0.00025745,0.00087419,-0.00117302,-0.00097904,0.00060780,-0.00114329,-0.00127658,0.00066385,0.00124835,-0.00067564,-0.00118014,-0.00057433,-0.00085214,0.00127582,-0.00083174,-0.00053538,-0.00099154,0.00081777,-0.00058463,-0.00111806,0.00095769,0.00051052,-0.00105885,-0.00105081,0.00045151,-0.00049050,0.00045272,0.00087381,-0.00082445,-0.00090524,-0.00095356,-0.00104967,0.00052867,0.00048162,-0.00047720,-0.00000318,-0.00050374,0.00074109,0.00046797,-0.00651976,-0.00132371,0.00093395,-0.00019414,0.00035551,0.00069815,-0.00066196,-0.00128083,-0.00074192,-0.00087473,-0.00069693,-0.00084085,0.00032197,0.00079402,-0.00008613,-0.00012003,0.00095247,0.00085082,-0.00068529,-0.00065537,-0.00049574,-0.00107112,0.00064548,-0.00031098,0.00135491,-0.00087248,-0.00041582,0.00123595,-0.00091048,0.00184952,0.00043267,-0.00100275,0.00082828,0.00028024,-0.00024486,0.00138586,0.00099448,-0.00058490,-0.00142915,-0.00107965,-0.00080794,-0.00076566,-0.00081361,-0.00102611,-0.00087899,0.00040536,0.00063949,-0.00048045,-0.00008698,0.00017880,-0.00027220,0.00003823,0.00109322,-0.00080768,-0.00080136,-0.00032618,-0.00014323,-0.00073303,0.00044028,0.00044086,-0.00047547,-0.00082214,-0.00081128,0.00002476,-0.00077993,-0.00066453,-0.00163313,0.00018455,0.00083349,-0.00055804,-0.00046588,0.00003015,-0.00106126,-0.00081973,0.00044794,0.00062957,-0.00057984,0.00088974,0.00000000,0.00000000,0.00000000,0.00000000,0.00000000,0.00000000,0.00000000,0.00000000,0.00000000,0.00000000,0.00000000,0.00000000,0.00000000,0.00000000,0.00000000,0.00000000,0.00000000,0.00000000,0.00000000,0.00000000,0.00000000,0.00000000,0.00000000,0.00000000,0.00000000,0.00000000,0.00000000,0.00000000,0.00000000,0.00000000,0.00000000,0.00000000,0.00000000,0.00000000,0.00000000,0.00000000,0.00000000,0.00000000,0.00000000,0.00000000,0.00000000,0.00000000,0.00000000,0.00000000,0.00000000,0.00000000,0.00000000,0.00000000,0.00096176,-0.00049255,0.00096385,-0.00122289,0.00121727,-0.00130361,0.00117373,-0.00112568,-0.00046905,0.00108473,-0.00051795,0.00051862,0.00163035,-0.00168499,-0.00146325,0.00125928
0.00029903,-0.00001710,0.00067521,-0.00009415,0.00055647,0.00035326,-0.00025056,-0.00031678,0.00113061,0.00024345,0.00045234,-0.00033982,-0.00072060,0.00047183,0.00022860,0.00012364,0.00014354,0.00069339,-0.00049403,-0.00112661,-0.00004990,0.00012279,0.00071608,0.00068868,-0.00116198,0.00019673,-0.00058606,-0.00064358,-0.00090607,-0.00031472,0.00078235,-0.00080753,-0.00017521,0.00053784,0.00065085,-0.00050093,0.00002048,-0.00041372,-0.00007343,-0.00009080,0.00090225,0.00069926,0.00060250,-0.00041856,0.00030917,0.00029811,-0.00081902,0.00033671,-0.00056042,-0.00028384,-0.00005638,-0.01101563,-0.00066624,0.00026668,0.00047883,0.00013603,0.00102327,-0.00009102,-0.00000220,-0.00014938,-0.00007271,0.00056000,-0.00055145,-0.00034395,0.00010512,-0.00050656,-0.00051447,-0.00036124,0.00108735,0.00014476,0.00032786,0.00047950,-0.00016961,0.00007400,-0.00078184,0.00049334,-0.00034458,-0.00066575,0.00088374,0.00011769,-0.00023360,0.00132215,0.00001627,-0.00097010,0.00002868,-0.00077440,-0.00123785,0.00050722,0.00029148,0.00025313,0.00019075,-0.00041664,0.00024524,0.00023133,0.00045569,-0.00018779,-0.00106552,0.00012813,-0.00105770,-0.00053345,0.00069502,0.00000638,-0.00073702,-0.00020896,0.00056579,0.00062947,-0.00084124,0.00067241,0.00021640,-0.00051761,0.00039864,0.00040607,0.00068668,0.00010564,0.00010970,-0.00036296,0.00095345,-0.00044920,-0.00013059,-0.00011059,-0.00028679,0.00003606,-0.00006431,0.00008586,-0.00015879,-0.00078084,0.00069153,-0.00127618,0.00000000,0.00000000,0.00000000,0.00000000,0.00000000,0.00000000,0.00000000,0.00000000,0.00000000,0.00000000,0.00000000,0.00000000,0.00000000,0.00000000,0.00000000,0.00000000,0.00000000,0.00000000,0.00000000,0.00000000,0.00000000,0.00000000,0.00000000,0.00000000,0.00000000,0.00000000,0.00000000,0.00000000,0.00000000,0.00000000,0.00000000,0.00000000,0.00000000,0.00000000,0.00000000,0.00000000,0.00000000,0.00000000,0.00000000,0.00000000,0.00000000,0.00000000,0.00000000,0.00000000,0.00000000,0.00000000,0.00000000,0.00000000,-0.00073122,-0.00079604,-0.00060522,0.00106035,-0.00122484,0.00131567,0.00014346,0.00072954,0.00053442,-0.00021066,-0.00036716,-0.00091552,-0.00114654,0.00136155,0.00109979,-0.00097114
-0.00040236,0.00089397,-0.00024899,0.00109361,-0.00081087,-0.00005714,-0.00034161,0.00038663,-0.00169220,-0.00035556,-0.00163065,-0.00104669,0.00048792,-0.00125215,-0.00068787,0.00089599,-0.00091294,-0.00180094,0.00153903,0.00140154,-0.00064324,-0.00057068,-0.00091084,-0.00050411,0.00141836,-0.00106022,-0.00040030,-0.00111485,0.00142345,-0.00053581,-0.00106147,0.00119907,0.00043369,-0.00171874,-0.00137416,0.00081090,-0.00020467,0.00015901,0.00070190,-0.00114319,-0.00105408,-0.00085536,-0.00108559,0.00003969,-0.00025755,-0.00131988,0.00035026,-0.00050209,0.00103374,0.00129835,0.00072847,-0.00127040,-0.00703017,-0.00058772,0.00057683,0.00032142,-0.00005295,-0.00136277,-0.00117458,-0.00037208,-0.00074118,-0.00105106,0.00057724,0.00093508,0.00082112,0.00056228,0.00102424,0.00162451,-0.00116143,0.00046833,-0.00098019,-0.00087624,-0.00011786,-0.00011750,0.00177131,-0.00101017,-0.00015253,0.00081179,-0.00141273,0.00052438,0.00067026,-0.00110852,0.00116706,0.00099977,-0.00039690,0.00156597,0.00176573,-0.00109783,-0.00022749,-0.00171933,-0.00115592,-0.00012307,-0.00143056,-0.00089118,-0.00159158,0.00050223,0.00102970,-0.00053011,-0.00057719,0.00086990,-0.00025730,-0.00009772,0.00173873,-0.00022800,-0.00134371,-0.00051119,-0.00042200,-0.00091004,0.00056359,0.00093641,-0.00042340,-0.00027942,-0.00130542,-0.00034286,-0.00056638,-0.00022535,-0.00156150,0.00132806,0.00123860,-0.00100179,-0.00082607,-0.00053424,-0.00111985,-0.00084904,0.00113364,0.00017032,-0.00015171,0.00147316,0.00000000,0.00000000,0.00000000,0.00000000,0.00000000,0.00000000,0.00000000,0.00000000,0.00000000,0.00000000,0.00000000,0.00000000,0.00000000,0.00000000,0.00000000,0.00000000,0.00000000,0.00000000,0.00000000,0.00000000,0.00000000,0.00000000,0.00000000,0.00000000,0.00000000,0.00000000,0.00000000,0.00000000,0.00000000,0.00000000,0.00000000,0.00000000,0.00000000,0.00000000,0.00000000,0.00000000,0.00000000,0.00000000,0.00000000,0.00000000,0.00000000,0.00000000,0.00000000,0.00000000,0.00000000,0.00000000,0.00000000,0.00000000,0.00132486,-0.00024700,0.00053886,-0.00111325,0.00150166,-0.00175483,0.00126473,-0.00139359,0.00004853,0.00085263,-0.00013494,0.00134926,0.00181292,-0.00144495,-0.00097547,0.00158570
0.00038357,0.00022433,0.00041505,-0.00023553,-0.00008357,-0.00065944,0.00003498,0.00011870,0.00144364,0.00003503,0.00041543,0.00029241,-0.00121752,0.00122776,0.00047719,-0.00094811,0.00052529,0.00019088,-0.00062643,-0.00147260,0.00110953,0.00070815,0.00079742,0.00050714,-0.00166309,0.00052244,0.00003968,0.00043497,-0.00073315,0.00016116,0.00067695,-0.00129367,-0.00022666,0.00080267,0.00069643,-0.00092169,-0.00068343,-0.00064904,-0.00080897,0.00071946,0.00053307,0.00116709,0.00068408,-0.00039988,-0.00005254,0.00126100,0.00002089,-0.00001219,-0.00140479,-0.00100008,-0.00023027,0.00109833,-0.00103077,-0.01164894,-0.00061227,-0.00129013,0.00065802,0.00075406,0.00052425,0.00064980,0.00036356,0.00046494,-0.00090214,-0.00034855,-0.00119856,-0.00140512,-0.00060206,-0.00074339,-0.00038162,0.00033318,0.00057992,0.00052927,0.00019804,0.00049607,-0.00055403,0.00065288,0.00071652,-0.00059422,0.00121364,-0.00046643,-0.00044397,0.00110531,-0.00027082,-0.00059455,0.00021651,-0.00080031,-0.00080653,0.00010180,0.00010498,0.00149297,0.00086426,0.00033796,0.00128498,0.00096977,0.00058758,-0.00088952,-0.00029752,0.00031133,0.00039046,-0.00060628,0.00029964,0.00103562,-0.00122373,-0.00000118,-0.00013341,0.00100763,-0.00000975,0.00054432,-0.00017921,-0.00040633,0.00121246,0.00127289,0.00113765,0.00060070,0.00106449,0.00078904,0.00141475,-0.00069965,-0.00062826,0.00021463,0.00026090,-0.00067685,0.00092887,0.00089988,0.00002939,-0.00037233,0.00033581,-0.00125599,0.00000000,0.00000000,0.00000000,0.00000000,0.00000000,0.00000000,0.00000000,0.00000000,0.00000000,0.00000000,0.00000000,0.00000000,0.00000000,0.00000000,0.00000000,0.00000000,0.00000000,0.00000000,0.00000000,0.00000000,0.00000000,0.00000000,0.00000000,0.00000000,0.00000000,0.00000000,0.00000000,0.00000000,0.00000000,0.00000000,0.00000000,0.00000000,0.00000000,0.00000000,0.00000000,0.00000000,0.00000000,0.00000000,0.00000000,0.00000000,0.00000000,0.00000000,0.00000000,0.00000000,0.00000000,0.00000000,0.00000000,0.00000000,-0.00088967,-0.00005431,-0.00115147,0.00025797,-0.00089020,0.00140283,-0.00026068,0.00101913,0.00124280,-0.00041560,-0.00001742,-0.00092506,-0.00069884,0.00121302,0.00077619,-0.00126079
-0.00036610,-0.00029525,-0.00039916,0.00100325,-0.00019291,-0.00037408,-0.00031812,0.00035980,-0.00158767,-0.00010474,-0.00147237,0.00019862,0.00094281,-0.00085085,-0.00029823,0.00021671,-0.00092710,-0.00189179,0.00183582,0.00070611,-0.00042707,-0.00019175,-0.00047520,-0.00010045,0.00147665,-0.00106763,0.00041758,0.00004749,0.00090844,-0.00055270,-0.00152376,0.00107014,0.00049755,-0.00105208,-0.00201914,0.00099076,-0.00037548,-0.00018313,0.00145939,-0.00101511,-0.00028454,-0.00075833,-0.00105869,0.00043077,-0.00025117,-0.00082220,0.00046213,-0.00153978,0.00101924,0.00123051,-0.00008645,-0.00069856,0.00091373,-0.00021974,-0.01137451,0.00020367,-0.00075660,-0.00134970,-0.00029889,-0.00033265,-0.00045762,-0.00026716,0.00119512,0.00048028,0.00020699,0.00093251,0.00073461,0.00088714,0.00003993,0.00029879,-0.00041962,-0.00035874,0.00013197,-0.00033884,0.00164235,-0.00077453,-0.00033015,-0.00041562,-0.00085483,0.00036247,0.00054557,-0.00156748,0.00079690,0.00016581,0.00030979,0.00179668,0.00190241,-0.00008685,-0.00084279,-0.00097066,-0.00164794,0.00023750,-0.00077690,0.00039781,-0.00084995,0.00053646,0.00020919,0.00065038,0.00025826,0.00054957,-0.00041187,-0.00074338,0.00050263,0.00022020,-0.00084427,-0.00031827,0.00066337,-0.00025952,0.00037552,0.00095952,-0.00057473,-0.00105073,0.00005810,-0.00106824,-0.00011332,-0.00077055,-0.00145224,0.00070193,0.00042343,-0.00085467,-0.00094362,0.00031523,-0.00101037,-0.00037312,0.00025990,0.00021803,-0.00066065,0.00074557,0.00000000,0.00000000,0.00000000,0.00000000,0.00000000,0.00000000,0.00000000,0.00000000,0.00000000,0.00000000,0.00000000,0.00000000,0.00000000,0.00000000,0.00000000,0.00000000,0.00000000,0.00000000,0.00000000,0.00000000,0.00000000,0.00000000,0.00000000,0.00000000,0.00000000,0.00000000,0.00000000,0.00000000,0.00000000,0.00000000,0.00000000,0.00000000,0.00000000,0.00000000,0.00000000,0.00000000,0.00000000,0.00000000,0.00000000,0.00000000,0.00000000,0.00000000,0.00000000,0.00000000,0.00000000,0.00000000,0.00000000,0.00000000,0.00103069,-0.00054243,0.00058533,-0.00010133,0.00141416,-0.00188316,-0.00035215,-0.00176761,0.00030311,0.00022025,0.00031125,0.00072097,0.00208383,-0.00085463,-0.00076097,0.00130481
0.00082421,-0.00063051,0.00146649,-0.00186664,0.00032239,-0.00021054,0.00024377,-0.00045930,0.00151101,0.00095579,0.00144807,0.00123791,-0.00170079,0.00202281,0.00097724,-0.00148028,0.00140825,0.00138955,-0.00181599,-0.00120369,0.00146710,0.00160222,0.00142739,0.00159411,-0.00187859,0.00151503,0.00017407,0.00174467,-0.00029701,0.00064911,0.00163357,-0.00108229,0.00069532,0.00147903,0.00133653,-0.00123672,-0.00069830,-0.00006583,-0.00129341,0.00185570,0.00038910,0.00101642,0.00176526,-0.00057094,-0.00041882,0.00137806,0.00032238,0.00162227,-0.00128139,-0.00136430,-0.00154922,0.00193694,-0.00172750,0.00016805,-0.00147140,-0.01266987,0.00037302,0.00079661,0.00075339,0.00190091,0.00148689,0.00165623,-0.00125455,-0.00118427,-0.00084054,-0.00120043,-0.00143326,-0.00166468,0.00066387,0.00011112,0.00106638,0.00159606,0.00006240,0.00017728,-0.00148906,0.00102769,0.00019994,-0.00140399,0.00175602,-0.00102707,-0.00083875,0.00124001,-0.00056090,-0.00077488,0.00143258,-0.00078101,-0.00209733,0.00083033,0.00011087,0.00141500,0.00082329,0.00111770,0.00203890,0.00073643,0.00102016,-0.00015749,-0.00094818,0.00070000,0.00107762,-0.00028009,-0.00090843,-0.00012202,-0.00175869,-0.00043814,0.00097532,0.00120601,0.00067322,0.00204866,-0.00128844,-0.00099889,0.00160939,0.00060079,0.00097821,0.00124983,0.00027815,0.00155765,0.00052291,-0.00145198,-0.00148580,0.00166445,0.00060567,-0.00032570,0.00082064,0.00037978,-0.00071281,0.00023012,-0.00025606,-0.00075438,0.00000000,0.00000000,0.00000000,0.00000000,0.00000000,0.00000000,0.00000000,0.00000000,0.00000000,0.00000000,0.00000000,0.00000000,0.00000000,0.00000000,0.00000000,0.00000000,0.00000000,0.00000000,0.00000000,0.00000000,0.00000000,0.00000000,0.00000000,0.00000000,0.00000000,0.00000000,0.00000000,0.00000000,0.00000000,0.00000000,0.00000000,0.00000000,0.00000000,0.00000000,0.00000000,0.00000000,0.00000000,0.00000000,0.00000000,0.00000000,0.00000000,0.00000000,0.00000000,0.00000000,0.00000000,0.00000000,0.00000000,0.00000000,-0.00137092,0.00024930,-0.00157461,0.00133662,-0.00097874,0.00120116,-0.00115389,0.00162895,0.00029604,-0.00116371,0.00035675,-0.00103518,-0.00115639,0.00166065,0.00143654,-0.00187535
-0.00050937,0.00031514,-0.00156754,0.00192115,-0.00005023,0.00159581,-0.00146160,-0.00083661,-0.00223210,-0.00207487,-0.00283196,-0.00145070,0.00157170,-0.00222520,-0.00170402,0.00189694,-0.00240290,-0.00160415,0.00185242,0.00147548,-0.00152099,-0.00116335,-0.00233943,-0.00194096,0.00226162,-0.00258292,-0.00095808,-0.00165668,0.00110533,-0.00142098,-0.00190900,0.00226579,-0.00015890,-0.00209053,-0.00213972,0.00193019,0.00070921,-0.00086547,0.00271673,-0.00180163,-0.00169858,-0.00198985,-0.00232045,0.00127626,0.00176672,-0.00201468,-0.00046810,-0.00180458,0.00168587,0.00203136,0.00152920,-0.00140312,0.00238367,-0.00102639,0.00178876,-0.00010796,-0.01084311,-0.00177085,-0.00184972,-0.00205738,-0.00237952,-0.00210814,0.00238956,0.00190803,0.00150016,0.00169183,0.00221444,0.00276309,-0.00118516,0.00158661,-0.00220291,-0.00195166,-0.00139405,0.00005178,0.00202781,-0.00049904,-0.00168903,0.00149807,-0.00086998,0.00060335,0.00166220,-0.00182690,0.00173567,0.00160847,-0.00139011,0.00134105,0.00211173,-0.00218812,-0.00038852,-0.00145895,-0.00205882,-0.00168956,-0.00242367,-0.00053841,-0.00219389,-0.00008110,0.00083648,-0.00167394,-0.00104022,0.00073643,0.00087980,-0.00023523,0.00178372,0.00091804,-0.00081207,-0.00170748,-0.00126306,-0.00172617,0.00184944,0.00230831,-0.00179530,-0.00144908,-0.00154365,-0.00101722,0.00035763,-0.00145954,-0.00136305,0.00222375,0.00210013,-0.00164564,-0.00124494,-0.00042820,-0.00260546,-0.00105324,0.00193861,-0.00164071,0.00142561,0.00132245,0.00000000,0.00000000,0.00000000,0.00000000,0.00000000,0.00000000,0.00000000,0.00000000,0.00000000,0.00000000,0.00000000,0.00000000,0.00000000,0.00000000,0.00000000,0.00000000,0.00000000,0.00000000,0.00000000,0.00000000,0.00000000,0.00000000,0.00000000,0.00000000,0.00000000,0.00000000,0.00000000,0.00000000,0.00000000,0.00000000,0.00000000,0.00000000,0.00000000,0.00000000,0.00000000,0.00000000,0.00000000,0.00000000,0.00000000,0.00000000,0.00000000,0.00000000,0.00000000,0.00000000,0.00000000,0.00000000,0.00000000,0.00000000,0.00159667,-0.00086395,0.00215442,-0.00168324,0.00195259,-0.00266421,0.00168558,-0.00204909,-0.00003882,0.00136691,0.00002492,0.00133593,0.00203006,-0.00226829,-0.00200619,0.00248915
0.00011511,-0.00004863,0.00132244,-0.00084917,0.00104283,-0.00043116,0.00044336,-0.00024065,0.00173596,0.00067407,0.00157780,0.00005763,-0.00111119,0.00084186,0.00019664,-0.00042717,0.00157770,0.00106500,-0.00061545,-0.00147366,0.00085281,0.00084273,0.00111864,0.00079124,-0.00201027,0.00172184,0.00053078,0.00034692,-0.00085169,0.00000418,0.00179379,-0.00123455,-0.00058583,0.00083458,0.00074670,-0.00117362,0.00068749,0.00006244,-0.00125684,0.00068103,0.00060343,0.00063676,0.00150757,0.00023550,-0.00017901,0.00090030,-0.00031448,0.00048672,-0.00173669,-0.00146870,-0.00130404,0.00075667,-0.00160669,0.00030213,-0.00135721,-0.00060618,0.00036793,-0.00997953,0.00131054,0.00064391,0.00046056,0.00075487,-0.00022580,-0.00079753,-0.00078143,-0.00074668,-0.00112246,-0.00165044,0.00089303,-0.00004755,0.00061177,0.00115816,-0.00008443,0.00000235,-0.00149885,0.00051901,0.00002903,-0.00087230,0.00054173,-0.00048750,-0.00007874,0.00163835,-0.00124023,-0.00086121,0.00014931,-0.00098785,-0.00186123,0.00073428,0.00010696,0.00153390,0.00138307,-0.00013398,0.00091665,0.00024012,0.00078546,-0.00006979,-0.00158500,0.00078379,-0.00018167,0.00028796,0.00023860,0.00053464,-0.00090286,0.00042514,0.00052744,0.00001135,-0.00020354,0.00079462,0.00021214,-0.00058191,0.00095310,0.00151127,0.00100302,0.00009044,0.00085227,0.00085573,0.00118049,-0.00091761,-0.00074674,0.00107885,-0.00026358,-0.00058868,0.00157405,0.00066485,-0.00033116,0.00010427,0.00001804,-0.00099532,0.00000000,0.00000000,0.00000000,0.00000000,0.00000000,0.00000000,0.00000000,0.00000000,0.00000000,0.00000000,0.00000000,0.00000000,0.00000000,0.00000000,0.00000000,0.00000000,0.00000000,0.00000000,0.00000000,0.00000000,0.00000000,0.00000000,0.00000000,0.00000000,0.00000000,0.00000000,0.00000000,0.00000000,0.00000000,0.00000000,0.00000000,0.00000000,0.00000000,0.00000000,0.00000000,0.00000000,0.00000000,0.00000000,0.00000000,0.00000000,0.00000000,0.00000000,0.00000000,0.00000000,0.00000000,0.00000000,0.00000000,0.00000000,-0.00079156,0.00022739,0.00004562,0.00064898,-0.00134875,0.00196636,-0.00133623,0.00186406,0.00055215,-0.00017912,-0.00074115,-0.00078980,-0.00082093,0.00131643,0.00133201,-0.00121501
0.00000382,-0.00093649,-0.00055961,-0.00054936,0.00077193,0.00045330,0.00029716,0.00004039,0.00093904,-0.00014137,-0.00014123,-0.00007090,-0.00104623,0.00035952,-0.00014433,0.00051781,0.00016547,0.00063451,-0.00055662,-0.00078376,0.00001494,-0.00019336,0.00016776,0.00008363,-0.00059971,0.00035447,-0.00041005,0.00024502,-0.00069224,-0.00016128,0.00055998,0.00002435,-0.00058288,0.00068576,0.00020147,-0.00090583,-0.00035107,0.00068183,0.00027820,-0.00048416,-0.00001665,0.00020655,0.00093005,-0.00057796,0.00070174,0.00012150,-0.00037974,0.00027201,-0.00041667,-0.00040279,0.00050697,0.00007261,-0.00036047,-0.00049943,0.00043699,-0.00164884,0.00144074,0.00034987,-0.01079806,0.00002824,0.00003070,0.00035312,0.00070761,-0.00010214,-0.00011110,0.00003419,-0.00031348,-0.00024706,0.00011316,0.00013939,-0.00043408,0.00045184,-0.00070957,0.00047290,-0.00075453,0.00035072,-0.00025961,-0.00019617,0.00081834,-0.00019785,0.00016580,0.00002317,-0.00025486,0.00000907,-0.00081348,-0.00094911,-0.00125634,-0.00002354,0.00069181,0.00097563,0.00115944,0.00024576,0.00098877,-0.00004192,0.00019419,-0.00077537,-0.00070543,0.00015739,-0.00058303,-0.00069480,-0.00000290,-0.00055942,-0.00099924,0.00158645,0.00036655,-0.00088987,-0.00050059,-0.00001404,0.00033217,-0.00058083,-0.00019089,0.00084201,0.00071643,0.00009182,0.00065061,0.00036565,0.00115316,-0.00047072,-0.00022284,-0.00110625,0.00067200,-0.00094570,0.00036681,-0.00033010,0.00039135,-0.00102006,0.00078887,-0.00058348,0.00000000,0.00000000,0.00000000,0.00000000,0.00000000,0.00000000,0.00000000,0.00000000,0.00000000,0.00000000,0.00000000,0.00000000,0.00000000,0.00000000,0.00000000,0.00000000,0.00000000,0.00000000,0.00000000,0.00000000,0.00000000,0.00000000,0.00000000,0.00000000,0.00000000,0.00000000,0.00000000,0.00000000,0.00000000,0.00000000,0.00000000,0.00000000,0.00000000,0.00000000,0.00000000,0.00000000,0.00000000,0.00000000,0.00000000,0.00000000,0.00000000,0.00000000,0.00000000,0.00000000,0.00000000,0.00000000,0.00000000,0.00000000,0.00003503,-0.00009703,-0.00011559,0.00080220,-0.00082308,0.00135298,-0.00050053,0.00045402,-0.00052866,-0.00069726,0.00034357,-0.00058735,-0.00067155,0.00123145,0.00073994,-0.00091599
0.00015505,0.00005571,0.00045093,-0.00100652,0.00053164,-0.00002210,0.00060110,-0.00023808,0.00138801,-0.00005421,0.00104978,0.00080978,-0.00104711,0.00177657,0.00029602,-0.00113352,0.00117635,0.00109343,-0.00062255,-0.00074559,0.00073063,0.00083150,0.00114868,0.00120357,-0.00147609,0.00114830,0.00096248,0.00032705,-0.00101819,0.00054351,0.00078759,-0.00105537,-0.00034176,0.00098646,0.00072287,-0.00109039,-0.00045802,0.00005366,-0.00103883,0.00069392,0.00094291,0.00095506,0.00074400,-0.00071773,0.00023023,0.00104987,-0.00101669,0.00027071,-0.00121692,-0.00111532,-0.00041333,0.00081666,-0.00097821,0.00059559,-0.00075414,-0.00028845,0.00014617,0.00070470,0.00099677,-0.00809073,0.00029257,0.00075853,-0.00059140,-0.00091005,-0.00051151,-0.00062916,-0.00167689,-0.00123897,0.00114292,-0.00045792,0.00054883,0.00087664,0.00017107,0.00032574,-0.00150864,0.00096654,-0.00032740,-0.00058370,0.00128309,-0.00117938,-0.00034423,0.00090058,-0.00107000,-0.00040239,-0.00000052,-0.00207005,-0.00107467,0.00061363,0.00104966,0.00109457,0.00151374,0.00093457,0.00101488,0.00087668,0.00090161,-0.00028577,-0.00086845,-0.00007319,-0.00025906,-0.00026275,-0.00016783,-0.00015820,-0.00133838,0.00064154,0.00040987,0.00021552,0.00000862,0.00025761,-0.00060832,-0.00049755,0.00061257,0.00105135,0.00073502,-0.00006661,0.00119702,0.00032884,0.00138709,-0.00080147,-0.00111130,0.00046631,0.00023426,0.00008463,0.00100169,0.00079034,-0.00010960,-0.00075195,-0.00004745,-0.00125167,0.00000000,0.00000000,0.00000000,0.00000000,0.00000000,0.00000000,0.00000000,0.00000000,0.00000000,0.00000000,0.00000000,0.00000000,0.00000000,0.00000000,0.00000000,0.00000000,0.00000000,0.00000000,0.00000000,0.00000000,0.00000000,0.00000000,0.00000000,0.00000000,0.00000000,0.00000000,0.00000000,0.00000000,0.00000000,0.00000000,0.00000000,0.00000000,0.00000000,0.00000000,0.00000000,0.00000000,0.00000000,0.00000000,0.00000000,0.00000000,0.00000000,0.00000000,0.00000000,0.00000000,0.00000000,0.00000000,0.00000000,0.00000000,-0.00054085,0.00018186,-0.00050221,0.00075098,-0.00071821,0.00155418,-0.00068548,0.00121902,-0.00011996,-0.00118447,-0.00075312,-0.00134543,-0.00126277,0.00118729,0.00123151,-0.00115379
0.00008801,-0.00006936,0.00047122,-0.00053751,0.00058752,-0.00047076,0.00053205,0.00014322,0.00112369,-0.00060331,0.00064183,0.00023305,-0.00084200,0.00076050,0.00036492,-0.00032997,0.00091188,0.00104928,-0.00132039,-0.00156171,0.00008365,0.00078664,0.00103472,0.00079995,-0.00169055,0.00151614,0.00061052,0.00032283,-0.00037618,0.00024552,0.00086492,-0.00098104,-0.00033362,0.00092517,0.00072396,-0.00066734,-0.00006361,-0.00024984,-0.00053650,0.00014324,0.00090609,0.00054978,0.00092331,-0.00003176,0.00013675,0.00060851,-0.00030383,0.00100218,-0.00060367,-0.00101186,-0.00029315,0.00046635,-0.00102340,-0.00020492,-0.00027792,-0.00034245,0.00016889,0.00042151,0.00076750,0.00009267,-0.01028191,0.00080502,-0.00044177,0.00004710,0.00025817,-0.00004102,-0.00032084,-0.00142692,0.00054629,-0.00046072,0.00025415,0.00120736,-0.00035171,0.00150988,-0.00176854,0.00021498,0.00002430,-0.00092201,0.00111731,-0.00120656,-0.00068873,0.00098229,-0.00048864,-0.00076957,-0.00047959,-0.00077587,-0.00169252,0.00139414,0.00024087,0.00086040,0.00095324,-0.00000316,0.00103375,0.00039905,0.00005215,0.00016682,-0.00092263,0.00029303,-0.00027298,-0.00079049,0.00072066,0.00012662,-0.00106984,0.00002969,0.00004497,0.00010977,0.00018442,0.00060626,-0.00080696,-0.00091545,0.00083740,0.00065176,0.00076596,-0.00006062,0.00049516,0.00047661,0.00125380,-0.00066684,-0.00069292,0.00071069,0.00036795,-0.00062908,0.00126824,0.00090041,-0.00076925,-0.00077150,0.00015624,-0.00119379,0.00000000,0.00000000,0.00000000,0.00000000,0.00000000,0.00000000,0.00000000,0.00000000,0.00000000,0.00000000,0.00000000,0.00000000,0.00000000,0.00000000,0.00000000,0.00000000,0.00000000,0.00000000,0.00000000,0.00000000,0.00000000,0.00000000,0.00000000,0.00000000,0.00000000,0.00000000,0.00000000,0.00000000,0.00000000,0.00000000,0.00000000,0.00000000,0.00000000,0.00000000,0.00000000,0.00000000,0.00000000,0.00000000,0.00000000,0.00000000,0.00000000,0.00000000,0.00000000,0.00000000,0.00000000,0.00000000,0.00000000,0.00000000,-0.00110108,0.00059502,-0.00058220,0.00067502,-0.00103960,0.00186204,-0.00069570,0.00158391,0.00012805,-0.00055462,0.00030224,-0.00035065,-0.00139445,0.00056559,0.00083329,-0.00085813
-0.00015996,-0.00088888,0.00026648,-0.00082661,0.00073915,0.00012765,0.00091732,-0.00004230,0.00187798,0.00065534,0.00104331,0.00055863,-0.00182050,0.00096876,0.00078806,-0.00056350,0.00116278,0.00134535,-0.00105572,-0.00135522,0.00037911,0.00146386,0.00015349,0.00143359,-0.00142749,0.00152875,0.00004383,-0.00011001,-0.00119019,0.00093048,0.00091341,-0.00104093,-0.00031840,0.00119884,0.00125729,-0.00075186,0.00060369,0.00037266,-0.00068744,0.00085695,0.00078992,0.00113730,0.00096960,-0.00077852,0.00014408,0.00147109,-0.00081949,0.00031630,-0.00112281,-0.00064960,-0.00033172,0.00126983,-0.00091785,0.00011359,-0.00009287,-0.00009550,0.00093071,0.00056262,0.00117651,0.00041409,0.00093039,-0.00884202,-0.00023012,-0.00127219,-0.00056651,-0.00010802,-0.00071627,-0.00126469,0.00057742,0.00022915,0.00084203,0.00066162,0.00001970,-0.00032333,-0.00132584,0.00148381,0.00032085,-0.00097219,0.00095218,-0.00149667,-0.00093570,0.00148573,-0.00115992,-0.00055727,0.00040973,-0.00110456,-0.00160257,0.00045755,0.00063605,0.00107782,0.00166293,0.00051372,0.00128064,0.00122856,0.00039770,-0.00042083,-0.00054510,0.00003762,0.00043832,-0.00033259,0.00093958,0.00017709,-0.00105687,-0.00026431,-0.00033287,0.00129776,-0.00047536,0.00004267,-0.00005782,-0.00043093,0.00088119,0.00065179,0.00042547,0.00029177,0.00138897,0.00041072,0.00250202,-0.00113107,-0.00056596,0.00080098,0.00038619,-0.00026507,0.00094906,0.00042859,-0.00031001,0.00019527,0.00014682,-0.00087168,0.00000000,0.00000000,0.00000000,0.00000000,0.00000000,0.00000000,0.00000000,0.00000000,0.00000000,0.00000000,0.00000000,0.00000000,0.00000000,0.00000000,0.00000000,0.00000000,0.00000000,0.00000000,0.00000000,0.00000000,0.00000000,0.00000000,0.00000000,0.00000000,0.00000000,0.00000000,0.00000000,0.00000000,0.00000000,0.00000000,0.00000000,0.00000000,0.00000000,0.00000000,0.00000000,0.00000000,0.00000000,0.00000000,0.00000000,0.00000000,0.00000000,0.00000000,0.00000000,0.00000000,0.00000000,0.00000000,0.00000000,0.00000000,-0.00130583,0.00038681,-0.00034421,0.00041798,-0.00100074,0.00181758,-0.00026997,0.00074752,-0.00022973,-0.00131036,-0.00042723,-0.00127367,-0.00133136,0.00087236,0.00115128,-0.00155778
-0.00005102,0.00080904,-0.00008394,0.00105737,-0.00117521,-0.00026733,-0.00111822,0.00039168,-0.00074349,-0.00066910,-0.00114803,-0.00081437,0.00095594,-0.00071233,-0.00008881,0.00042536,-0.00073154,-0.00140105,0.00114366,0.00073645,-0.00037484,-0.00073677,-0.00058350,-0.00031057,0.00117741,-0.00063228,0.00004862,-0.00060070,0.00097595,-0.00055505,-0.00075351,0.00129770,0.00059096,-0.00072229,-0.00090536,0.00056166,-0.00031054,0.00069374,0.00087336,-0.00072617,-0.00093333,-0.00089084,-0.00089554,0.00038311,0.00086770,-0.00100077,0.00022178,-0.00050031,0.00058427,0.00058216,-0.00005934,-0.00091673,0.00033324,-0.00063874,0.00067440,0.00116143,-0.00013035,-0.00008252,-0.00003554,-0.00025351,-0.00044618,-0.00022548,-0.00832876,0.00088482,-0.00012200,0.00038069,0.00112136,0.00028161,-0.00068876,-0.00017605,-0.00063579,-0.00052966,0.00029144,-0.00011338,0.00114044,-0.00096779,0.00005301,0.00086057,-0.00125081,0.00081861,0.00071490,-0.00098372,0.00057623,0.00053730,-0.00039740,0.00175800,0.00131518,-0.00094897,-0.00042937,-0.00108446,-0.00063879,0.00017236,-0.00105892,-0.00066565,-0.00027626,-0.00018937,0.00096558,0.00011331,-0.00070413,0.00095657,-0.00035904,-0.00024295,0.00096037,-0.00115265,-0.00036669,-0.00043065,-0.00035717,-0.00063057,0.00038259,0.00025661,-0.00064966,-0.00091624,-0.00053116,0.00006925,-0.00147420,-0.00040055,-0.00116191,0.00085738,0.00079953,-0.00009455,-0.00016517,-0.00020578,-0.00015571,-0.00161219,-0.00009876,0.00117220,-0.00071781,0.00126239,0.00000000,0.00000000,0.00000000,0.00000000,0.00000000,0.00000000,0.00000000,0.00000000,0.00000000,0.00000000,0.00000000,0.00000000,0.00000000,0.00000000,0.00000000,0.00000000,0.00000000,0.00000000,0.00000000,0.00000000,0.00000000,0.00000000,0.00000000,0.00000000,0.00000000,0.00000000,0.00000000,0.00000000,0.00000000,0.00000000,0.00000000,0.00000000,0.00000000,0.00000000,0.00000000,0.00000000,0.00000000,0.00000000,0.00000000,0.00000000,0.00000000,0.00000000,0.00000000,0.00000000,0.00000000,0.00000000,0.00000000,0.00000000,0.00098641,-0.00045191,0.00081591,-0.00080883,0.00152059,-0.00102272,0.00009557,-0.00084193,-0.00063291,0.00049882,-0.00017465,0.00090155,0.00108555,-0.00070956,-0.00085887,0.00099855
-0.00056509,0.00055458,-0.00068845,0.00060098,-0.00023438,-0.00043292,-0.00037679,0.00042320,-0.00124468,-0.00064894,-0.00121027,-0.00072852,0.00067142,-0.00075580,-0.00073325,0.00042523,-0.00070863,-0.00172118,0.00108970,0.00134963,-0.00068468,-0.00085352,-0.00074775,-0.00071547,0.00187979,-0.00097485,0.00006740,-0.00022924,0.00044413,0.00007680,-0.00119065,0.00173025,0.00015653,-0.00043632,-0.00111571,0.00105132,0.00017300,0.00052077,0.00063275,-0.00055729,-0.00074812,-0.00151001,-0.00114404,0.00029885,-0.00025870,-0.00108449,0.00054908,-0.00076313,0.00071985,0.00129256,0.00006416,-0.00087558,0.00107755,0.00016594,0.00033089,0.00034948,-0.00020792,-0.00065118,-0.00107354,-0.00037769,-0.00031384,-0.00177515,0.00104245,-0.01024759,0.00098774,-0.00002708,0.00107453,0.00067901,-0.00021368,-0.00001166,0.00003157,-0.00088520,-0.00067278,0.00000048,0.00122656,-0.00050268,-0.00108783,0.00094502,-0.00084062,0.00042495,0.00085245,-0.00153249,0.00115802,0.00008432,-0.00020032,0.00111980,0.00171790,-0.00041254,-0.00090928,-0.00096392,-0.00081367,0.00014515,-0.00099178,-0.00011179,-0.00075313,0.00059268,0.00086844,0.00015529,0.00006244,0.00003473,-0.00088582,0.00021587,0.00122541,0.00026945,-0.00075412,-0.00030687,-0.00025596,-0.00053738,0.00068382,0.00069352,-0.00080147,-0.00052018,-0.00116263,-0.00063644,-0.00060988,0.00028932,-0.00117474,0.00042959,0.00168638,-0.00084870,-0.00026785,0.00097186,-0.00085599,-0.00098429,0.00031050,0.00022507,0.00027146,0.00070837,0.00000000,0.00000000,0.00000000,0.00000000,0.00000000,0.00000000,0.00000000,0.00000000,0.00000000,0.00000000,0.00000000,0.00000000,0.00000000,0.00000000,0.00000000,0.00000000,0.00000000,0.00000000,0.00000000,0.00000000,0.00000000,0.00000000,0.00000000,0.00000000,0.00000000,0.00000000,0.00000000,0.00000000,0.00000000,0.00000000,0.00000000,0.00000000,0.00000000,0.00000000,0.00000000,0.00000000,0.00000000,0.00000000,0.00000000,0.00000000,0.00000000,0.00000000,0.00000000,0.00000000,0.00000000,0.00000000,0.00000000,0.00000000,0.00134023,-0.00042703,0.00147757,-0.00096006,0.00024204,-0.00192828,0.00086081,-0.00126597,-0.00033912,0.00169283,0.00010525,0.00121834,0.00085530,-0.00130687,-0.00093186,0.00108933
-0.00014759,0.00088560,-0.00069667,0.00129868,-0.00051321,0.00069211,-0.00040339,0.00004087,-0.00170611,-0.00053467,-0.00118633,-0.00068289,0.00122229,-0.00126831,-0.00071824,0.00058694,-0.00088792,-0.00141227,0.00127139,0.00103263,-0.00085006,-0.00077459,-0.00055272,-0.00102137,0.00172834,-0.00169297,-0.00018472,-0.00061785,0.00132530,-0.00057249,-0.00130981,0.00206536,-0.00026776,-0.00131236,-0.00132718,0.00079323,0.00011043,-0.00057938,0.00139914,-0.00076394,-0.00100544,-0.00122422,-0.00090848,-0.00012056,0.00117176,-0.00064227,0.00014066,-0.00058472,0.00041327,0.00167788,0.00035716,-0.00091087,0.00146939,-0.00065255,0.00078515,0.00012079,0.00020683,-0.00115166,-0.00147226,-0.00061566,-0.00051319,-0.00134959,0.00037412,0.00118218,-0.00985959,0.00068164,0.00107688,0.00101696,-0.00095417,-0.00062323,-0.00083322,-0.00160142,0.00033755,-0.00000747,0.00150809,-0.00002417,-0.00061173,0.00059738,-0.00094536,-0.00045638,0.00009493,-0.00174825,0.00072312,0.00066030,-0.00037120,0.00088851,0.00176884,-0.00136889,0.00010940,-0.00124361,-0.00097640,-0.00045763,-0.00143604,-0.00082961,-0.00164481,-0.00040442,0.00069099,-0.00018954,0.00050038,-0.00016974,-0.00036658,-0.00017716,0.00158393,0.00045801,-0.00080028,-0.00059718,0.00023806,0.00003701,0.00094888,0.00098602,-0.00120987,-0.00101354,-0.00025185,-0.00063151,-0.00007582,-0.00086966,-0.00053979,0.00127990,0.00151490,-0.00074032,-0.00060527,-0.00036761,-0.00110521,-0.00068361,0.00114221,0.00009908,-0.00033166,0.00051982,0.00000000,0.00000000,0.00000000,0.00000000,0.00000000,0.00000000,0.00000000,0.00000000,0.00000000,0.00000000,0.00000000,0.00000000,0.00000000,0.00000000,0.00000000,0.00000000,0.00000000,0.00000000,0.00000000,0.00000000,0.00000000,0.00000000,0.00000000,0.00000000,0.00000000,0.00000000,0.00000000,0.00000000,0.00000000,0.00000000,0.00000000,0.00000000,0.00000000,0.00000000,0.00000000,0.00000000,0.00000000,0.00000000,0.00000000,0.00000000,0.00000000,0.00000000,0.00000000,0.00000000,0.00000000,0.00000000,0.00000000,0.00000000,0.00160233,-0.00066535,0.00130320,-0.00126015,0.00188307,-0.00156798,0.00060946,-0.00150493,0.00052307,0.00211711,-0.00061888,0.00097069,0.00152602,-0.00163119,-0.00111433,0.00170514
0.00024738,0.00097739,-0.00012577,0.00042990,-0.00119996,0.00011492,0.00027435,-0.00065847,-0.00069258,-0.00051380,-0.00096576,-0.00039872,-0.00004709,-0.00014505,-0.00084227,-0.00009606,-0.00054744,-0.00043496,0.00049978,0.00008933,-0.00035035,0.00008723,-0.00018369,0.00022883,0.00034585,-0.00046685,-0.00009737,0.00056310,0.00058591,-0.00001041,-0.00050561,0.00029852,-0.00038017,-0.00123336,-0.00037801,0.00061586,0.00026489,-0.00074406,0.00069921,-0.00010832,0.00015414,-0.00083766,-0.00037189,-0.00008242,-0.00027950,-0.00083665,0.00054329,-0.00029635,0.00032605,0.00044908,-0.00094408,-0.00070433,-0.00010149,-0.00099811,0.00062195,0.00004874,-0.00039150,-0.00033753,-0.00056799,0.00020490,-0.00010037,0.00033824,0.00009272,-0.00043829,-0.00006408,-0.01186868,0.00062592,0.00083084,0.00025720,-0.00022197,0.00017267,-0.00070969,-0.00076670,-0.00069069,0.00076531,-0.00110756,0.00095478,0.00050571,-0.00056998,0.00015721,0.00017882,-0.00129379,-0.00033294,0.00023896,0.00039573,0.00163339,0.00102996,-0.00037057,-0.00097824,-0.00127952,-0.00074490,-0.00019091,-0.00003367,-0.00047711,-0.00032498,-0.00014791,0.00044066,0.00025877,-0.00005017,-0.00028951,-0.00085498,-0.00045883,0.00050870,-0.00094791,-0.00009454,0.00033194,0.00052217,0.00025217,0.00058591,0.00017093,0.00048507,-0.00009870,-0.00032548,0.00089436,-0.00039145,-0.00046858,-0.00061862,0.00052643,0.00073011,-0.00044553,0.00015965,0.00058456,-0.00082029,-0.00028589,0.00043268,0.00089159,-0.00090967,0.00056765,0.00000000,0.00000000,0.00000000,0.00000000,0.00000000,0.00000000,0.00000000,0.00000000,0.00000000,0.00000000,0.00000000,0.00000000,0.00000000,0.00000000,0.00000000,0.00000000,0.00000000,0.00000000,0.00000000,0.00000000,0.00000000,0.00000000,0.00000000,0.00000000,0.00000000,0.00000000,0.00000000,0.00000000,0.00000000,0.00000000,0.00000000,0.00000000,0.00000000,0.00000000,0.00000000,0.00000000,0.00000000,0.00000000,0.00000000,0.00000000,0.00000000,0.00000000,0.00000000,0.00000000,0.00000000,0.00000000,0.00000000,0.00000000,0.00066580,0.00015963,0.00014274,-0.00062854,0.00089628,-0.00116592,0.00014758,0.00017975,-0.00066014,0.00100508,-0.00005597,0.00071123,0.00038791,-0.00118500,-0.00081785,0.00091258
-0.00049815,0.00094875,-0.00015641,0.00037165,-0.00037159,-0.00052144,-0.00089273,-0.00000775,-0.00033355,0.00041629,-0.00098435,0.00006033,0.00073516,-0.00054636,0.00015935,0.00091462,-0.00028846,-0.00168898,-0.00008114,0.00100761,-0.00005561,-0.00060402,0.00042885,-0.00049480,0.00073792,-0.00085862,-0.00022667,0.00030695,0.00102555,0.00048937,-0.00053908,0.00042154,0.00081405,-0.00098541,-0.00098021,0.00026096,0.00038544,-0.00114868,0.00084395,-0.00053952,-0.00021815,-0.00007397,-0.00095470,-0.00017764,-0.00090968,-0.00051774,0.00066705,-0.00027075,0.00026168,0.00098647,0.00000172,-0.00041086,0.00047271,0.00040042,-0.00055489,0.00038671,-0.00052824,-0.00027369,-0.00048824,-0.00045147,0.00037217,-0.00007180,0.00081548,0.00003542,-0.00029343,0.00065867,-0.00804213,0.00047260,0.00020610,-0.00018346,-0.00060785,-0.00035066,0.00023468,-0.00058727,0.00133672,-0.00051305,0.00002265,0.00019787,-0.00051822,0.00030336,0.00031350,-0.00070657,0.00059884,0.00063910,0.00023813,0.00099467,0.00087624,0.00025873,-0.00019902,-0.00012532,-0.00076610,0.00035501,-0.00066949,-0.00026135,-0.00046917,0.00021499,0.00072981,-0.00006061,0.00034228,0.00031030,-0.00087991,-0.00044360,0.00096635,-0.00017022,0.00026659,0.00048538,0.00111781,0.00024549,0.00004562,0.00028361,-0.00045958,-0.00079810,-0.00025904,-0.00048745,-0.00077690,-0.00028250,-0.00131602,0.00037270,0.00000848,0.00027815,-0.00055815,0.00032006,-0.00065930,-0.00133311,-0.00059236,0.00029900,-0.00006271,0.00047515,0.00000000,0.00000000,0.00000000,0.00000000,0.00000000,0.00000000,0.00000000,0.00000000,0.00000000,0.00000000,0.00000000,0.00000000,0.00000000,0.00000000,0.00000000,0.00000000,0.00000000,0.00000000,0.00000000,0.00000000,0.00000000,0.00000000,0.00000000,0.00000000,0.00000000,0.00000000,0.00000000,0.00000000,0.00000000,0.00000000,0.00000000,0.00000000,0.00000000,0.00000000,0.00000000,0.00000000,0.00000000,0.00000000,0.00000000,0.00000000,0.00000000,0.00000000,0.00000000,0.00000000,0.00000000,0.00000000,0.00000000,0.00000000,0.00116790,0.00014498,0.00066731,-0.00019473,0.00066942,-0.00127884,-0.00038768,-0.00066160,-0.00032345,-0.00005069,0.00093941,0.00061023,0.00089687,-0.00057978,-0.00110618,0.00126312
-0.00040696,0.00045799,0.00010696,0.00051847,-0.00021691,-0.00062648,-0.00053131,0.00106833,-0.00061916,-0.00032339,-0.00026574,-0.00015380,0.00042602,0.00000477,-0.00031861,-0.00000710,-0.00049137,-0.00103635,0.00102736,0.00138264,-0.00046906,0.00008555,0.00008576,-0.00061716,0.00118242,-0.00073399,0.00062186,0.00045939,0.00076565,0.00103506,-0.00033540,-0.00041729,0.00024916,-0.00123046,-0.00030520,0.00045570,-0.00161519,-0.00052359,0.00033202,0.00013697,-0.00033968,-0.00022619,-0.00045072,0.00045626,-0.00058475,-0.00085313,-0.00023456,-0.00015333,-0.00007320,0.00095835,-0.00073802,-0.00011880,0.00069898,0.00068083,-0.00022603,0.00092618,-0.00096554,-0.00056397,-0.00051595,0.00023708,-0.00030492,-0.00030181,-0.00045125,-0.00029237,-0.00052817,0.00028764,0.00001605,-0.01062632,-0.00129269,-0.00041062,0.00017009,-0.00118408,-0.00015218,-0.00003620,0.00075251,-0.00086512,-0.00076818,0.00031476,-0.00118712,0.00141705,-0.00016609,-0.00064018,0.00021318,-0.00018737,0.00028800,0.00101964,0.00085377,-0.00014386,-0.00086725,-0.00029201,-0.00071815,0.00050904,-0.00020219,-0.00052645,-0.00052924,0.00078880,0.00119204,-0.00024073,0.00069599,0.00073778,-0.00146894,-0.00084016,0.00040414,-0.00107695,-0.00082670,0.00029289,0.00056528,-0.00049724,-0.00004582,-0.00008126,0.00029555,-0.00119157,-0.00107564,-0.00010290,-0.00110418,-0.00015662,-0.00158819,0.00048797,-0.00028200,0.00015408,0.00033427,0.00017953,0.00030640,-0.00002456,-0.00033960,0.00136469,-0.00085535,0.00086091,0.00000000,0.00000000,0.00000000,0.00000000,0.00000000,0.00000000,0.00000000,0.00000000,0.00000000,0.00000000,0.00000000,0.00000000,0.00000000,0.00000000,0.00000000,0.00000000,0.00000000,0.00000000,0.00000000,0.00000000,0.00000000,0.00000000,0.00000000,0.00000000,0.00000000,0.00000000,0.00000000,0.00000000,0.00000000,0.00000000,0.00000000,0.00000000,0.00000000,0.00000000,0.00000000,0.00000000,0.00000000,0.00000000,0.00000000,0.00000000,0.00000000,0.00000000,0.00000000,0.00000000,0.00000000,0.00000000,0.00000000,0.00000000,0.00065634,-0.00069705,0.00066868,-0.00005277,0.00107947,-0.00133500,0.00092480,0.00003908,-0.00014223,0.00108364,-0.00005191,0.00026222,0.00174661,-0.00031366,-0.00109202,0.00107516
-0.00074104,0.00107020,-0.00022762,0.00123395,-0.00014493,0.00011025,-0.00106710,0.00036581,-0.00051285,-0.00018405,-0.00126343,-0.00091033,0.00117601,-0.00118446,-0.00052254,0.00055841,-0.00063012,-0.00062586,0.00083045,0.00090131,-0.00071132,-0.00082727,-0.00080591,-0.00150670,0.00078827,-0.00124649,-0.00130314,-0.00130553,0.00032921,-0.00052554,-0.00061674,0.00138802,-0.00024024,-0.00129784,-0.00100192,0.00085457,-0.00009947,-0.00034988,0.00113496,-0.00132648,-0.00086178,-0.00146767,-0.00055120,-0.00000815,0.00002515,-0.00098893,-0.00020317,-0.00105867,0.00050456,0.00123231,0.00116475,-0.00021022,0.00096954,-0.00145012,0.00147976,0.00005591,0.00013220,-0.00092080,-0.00103876,-0.00085015,-0.00103888,-0.00096653,0.00054183,0.00117145,-0.00006826,0.00138527,0.00141270,0.00015350,-0.00999964,0.00025033,-0.00109991,0.00013953,-0.00038232,0.00000056,0.00047848,-0.00045863,-0.00021164,0.00122592,-0.00086193,0.00117867,0.00020121,-0.00106066,0.00140544,0.00128169,-0.00153008,0.00050198,0.00100161,-0.00049398,-0.00015591,-0.00098361,-0.00117490,-0.00129469,-0.00056735,0.00019500,-0.00138941,0.00010850,0.00045654,-0.00030148,-0.00057089,-0.00017148,-0.00013854,0.00034224,0.00099809,0.00046550,-0.00029349,-0.00143413,-0.00080830,-0.00064558,0.00040086,0.00053343,-0.00082866,-0.00076006,-0.00089397,-0.00036183,0.00059968,-0.00114179,-0.00061018,0.00104481,0.00117922,-0.00069505,-0.00026891,-0.00085117,-0.00100429,-0.00006505,0.00060001,-0.00096256,0.00079461,0.00080318,0.00000000,0.00000000,0.00000000,0.00000000,0.00000000,0.00000000,0.00000000,0.00000000,0.00000000,0.00000000,0.00000000,0.00000000,0.00000000,0.00000000,0.00000000,0.00000000,0.00000000,0.00000000,0.00000000,0.00000000,0.00000000,0.00000000,0.00000000,0.00000000,0.00000000,0.00000000,0.00000000,0.00000000,0.00000000,0.00000000,0.00000000,0.00000000,0.00000000,0.00000000,0.00000000,0.00000000,0.00000000,0.00000000,0.00000000,0.00000000,0.00000000,0.00000000,0.00000000,0.00000000,0.00000000,0.00000000,0.00000000,0.00000000,0.00054882,-0.00005684,0.00070616,-0.00106906,0.00067242,-0.00147768,0.00107100,-0.00088952,0.00070783,0.00019473,-0.00016639,0.00052221,0.00065582,-0.00096301,-0.00107009,0.00125021
-0.00015841,0.00060620,-0.00138387,0.00124931,-0.00046304,0.00067043,-0.00112277,0.00007254,-0.00206299,-0.00042096,-0.00187868,-0.00075544,0.00126524,-0.00153582,-0.00084565,0.00109606,-0.00147410,-0.00161187,0.00133451,0.00065019,-0.00171925,-0.00106832,-0.00133753,-0.00118350,0.00151528,-0.00141096,-0.00115688,-0.00152546,0.00164025,-0.00129956,-0.00203967,0.00181502,-0.00025192,-0.00181254,-0.00159234,0.00109278,0.00050545,0.00012694,0.00097087,-0.00151583,-0.00136869,-0.00152462,-0.00174458,0.00088636,0.00164472,-0.00113666,-0.00081791,-0.00162959,0.00105550,0.00128276,0.00048328,-0.00145489,0.00193556,-0.00023531,0.00116175,0.00070401,0.00015815,-0.00133662,-0.00148887,-0.00140902,-0.00154230,-0.00115647,0.00092356,0.00085194,0.00035218,0.00106486,0.00127288,0.00150407,-0.00037919,-0.01022222,-0.00132193,-0.00149934,0.00025579,-0.00076999,0.00200423,-0.00036075,-0.00103607,0.00154513,-0.00088825,0.00035854,0.00051623,-0.00218453,0.00185604,0.00111438,-0.00114735,0.00148102,0.00211228,-0.00172470,0.00060867,-0.00151629,-0.00194257,-0.00041370,-0.00153912,-0.00033760,-0.00204844,-0.00040467,0.00018677,-0.00081895,-0.00035372,0.00051853,-0.00034686,-0.00003529,0.00170672,0.00065212,-0.00098510,-0.00146527,-0.00103129,-0.00106183,0.00068117,0.00135023,-0.00205816,-0.00079060,-0.00080914,-0.00045614,-0.00054612,-0.00095060,-0.00165540,0.00115269,0.00147213,-0.00158527,-0.00018497,-0.00005880,-0.00173637,-0.00057094,0.00128067,0.00011809,0.00101023,0.00059794,0.00000000,0.00000000,0.00000000,0.00000000,0.00000000,0.00000000,0.00000000,0.00000000,0.00000000,0.00000000,0.00000000,0.00000000,0.00000000,0.00000000,0.00000000,0.00000000,0.00000000,0.00000000,0.00000000,0.00000000,0.00000000,0.00000000,0.00000000,0.00000000,0.00000000,0.00000000,0.00000000,0.00000000,0.00000000,0.00000000,0.00000000,0.00000000,0.00000000,0.00000000,0.00000000,0.00000000,0.00000000,0.00000000,0.00000000,0.00000000,0.00000000,0.00000000,0.00000000,0.00000000,0.00000000,0.00000000,0.00000000,0.00000000,0.00206542,-0.00087583,0.00103909,-0.00128686,0.00121092,-0.00177620,0.00156697,-0.00142713,0.00034111,0.00130622,-0.00058901,0.00032709,0.00123544,-0.00191240,-0.00149866,0.00169415
-0.00032270,-0.00082555,-0.00056590,0.00036027,-0.00070205,0.00073709,0.00082292,-0.00013524,0.00027248,0.00003098,0.00059655,-0.00014997,-0.00078713,-0.00008094,0.00096751,-0.00009442,-0.00001524,0.00101154,-0.00055670,-0.00072907,-0.00046745,-0.00011519,-0.00007505,0.00064368,-0.00098450,0.00016090,0.00033188,-0.00039688,-0.00113721,-0.00038767,0.00061617,-0.00067865,-0.00100877,0.00039899,0.00024169,-0.00015080,0.00027023,-0.00042607,-0.00002292,-0.00051666,0.00060781,0.00010624,0.00065059,0.00004305,0.00058670,0.00057223,-0.00021717,-0.00030235,-0.00035131,0.00006404,0.00012151,0.00044557,-0.00064814,0.00017561,-0.00008299,-0.00042447,0.00003791,0.00004821,-0.00020530,-0.00040679,0.00010026,0.00066303,-0.00014277,0.00052801,0.00027127,0.00068352,-0.00035215,-0.00012411,0.00015271,-0.00006613,-0.01131647,0.00010405,0.00040954,-0.00033830,-0.00075224,0.00027353,-0.00032131,-0.00029990,0.00018298,-0.00063503,0.00036493,0.00088780,-0.00039920,-0.00019852,-0.00001770,-0.00069205,-0.00028973,-0.00023335,0.00109051,0.00106528,0.00087458,-0.00009838,0.00052590,0.00029747,0.00041777,-0.00082648,-0.00046512,-0.00046775,-0.00052863,-0.00040650,0.00056638,0.00027083,-0.00042154,0.00080445,0.00038715,-0.00046122,0.00007940,-0.00058095,0.00061864,0.00027849,0.00099011,-0.00018659,0.00050709,0.00003154,0.00038761,0.00010711,0.00011801,-0.00022347,-0.00105729,-0.00011633,0.00082234,-0.00038474,-0.00001225,0.00100689,0.00011999,-0.00024670,0.00064345,-0.00017187,0.00000000,0.00000000,0.00000000,0.00000000,0.00000000,0.00000000,0.00000000,0.00000000,0.00000000,0.00000000,0.00000000,0.00000000,0.00000000,0.00000000,0.00000000,0.00000000,0.00000000,0.00000000,0.00000000,0.00000000,0.00000000,0.00000000,0.00000000,0.00000000,0.00000000,0.00000000,0.00000000,0.00000000,0.00000000,0.00000000,0.00000000,0.00000000,0.00000000,0.00000000,0.00000000,0.00000000,0.00000000,0.00000000,0.00000000,0.00000000,0.00000000,0.00000000,0.00000000,0.00000000,0.00000000,0.00000000,0.00000000,0.00000000,-0.00076620,-0.00025732,-0.00050141,-0.00034468,-0.00086440,0.00080096,-0.00083746,0.00033486,0.00081981,-0.00014717,0.00023194,-0.00042189,-0.00047499,0.00088851,-0.00031023,-0.00032521
-0.00071006,-0.00035278,-0.00129349,0.00068966,0.00067557,0.00035690,0.00018988,-0.00091765,-0.00032474,-0.00029254,-0.00062319,0.00000367,0.00015498,-0.00123895,-0.00057199,0.00065677,-0.00093578,0.00040192,0.00093675,-0.00025622,-0.00095111,-0.00062825,-0.00084631,-0.00067530,0.00035361,0.00007311,-0.00035799,-0.00025666,-0.00029247,-0.00092028,-0.00073089,0.00058104,-0.00036461,-0.00068321,-0.00042599,0.00013870,0.00024121,0.00052953,0.00083149,-0.00058020,-0.00019514,-0.00043264,-0.00057032,0.00122223,-0.00010808,-0.00025601,-0.00125816,0.00047573,0.00036348,0.00070925,0.00052662,-0.00046321,0.00108303,-0.00059784,0.00070445,-0.00064728,0.00036820,-0.00049290,-0.00052591,-0.00080854,-0.00039132,-0.00070912,0.00070074,0.00026413,0.00035557,0.00072755,0.00079109,0.00008616,0.00044063,0.00035652,-0.00080476,-0.01243256,-0.00079178,0.00082786,0.00018204,0.00014298,-0.00179776,0.00038869,0.00072339,-0.00020306,0.00117347,0.00000421,-0.00028074,-0.00012766,-0.00012263,-0.00068936,0.00108352,-0.00056447,-0.00022567,0.00122979,0.00067956,-0.00083685,-0.00085123,-0.00012202,-0.00075680,-0.00000201,-0.00017332,-0.00063635,0.00077299,-0.00015540,0.00060375,0.00094641,-0.00029595,0.00075389,0.00001454,-0.00102783,-0.00076950,-0.00037407,0.00026961,0.00024025,-0.00040039,0.00023844,-0.00017209,-0.00068087,0.00061125,-0.00026906,0.00098975,0.00113417,-0.00019668,-0.00055639,-0.00002931,-0.00069788,-0.00030399,-0.00078853,0.00026946,-0.00064595,0.00048015,-0.00016088,0.00000000,0.00000000,0.00000000,0.00000000,0.00000000,0.00000000,0.00000000,0.00000000,0.00000000,0.00000000,0.00000000,0.00000000,0.00000000,0.00000000,0.00000000,0.00000000,0.00000000,0.00000000,0.00000000,0.00000000,0.00000000,0.00000000,0.00000000,0.00000000,0.00000000,0.00000000,0.00000000,0.00000000,0.00000000,0.00000000,0.00000000,0.00000000,0.00000000,0.00000000,0.00000000,0.00000000,0.00000000,0.00000000,0.00000000,0.00000000,0.00000000,0.00000000,0.00000000,0.00000000,0.00000000,0.00000000,0.00000000,0.00000000,0.00040309,-0.00053327,0.00079018,-0.00087823,0.00101812,-0.00070261,0.00040187,-0.00011276,-0.00018975,0.00051825,-0.00061405,0.00160359,0.00106773,-0.00076962,-0.00022769,0.00047601
-0.00037525,0.00046643,0.00047613,-0.00067255,0.00042643,0.00028390,0.00046707,0.00008255,0.00173239,-0.00017206,0.00139378,0.00025691,-0.00104089,0.00102840,0.00053804,-0.00004740,0.00098926,0.00077449,-0.00097837,0.00005686,0.00059934,0.00030760,0.00091747,0.00087999,-0.00142711,0.00155323,0.00050061,0.00085478,-0.00006908,0.00092156,0.00105707,-0.00148077,-0.00072496,0.00074170,0.00025339,-0.00134811,0.00050680,0.00061006,-0.00066501,0.00064480,0.00032622,0.00096761,0.00112050,-0.00028335,0.00015321,0.00047225,0.00029652,0.00057685,-0.00060655,-0.00123901,-0.00027456,0.00070803,-0.00060380,0.00060142,0.00023295,-0.00032161,0.00001509,0.00033038,0.00050698,0.00057832,0.00050208,0.00112750,-0.00071685,-0.00090681,-0.00010650,-0.00139672,-0.00121535,-0.00159003,0.00005487,0.00038648,0.00122005,0.00053414,-0.01112021,-0.00021230,-0.00138550,-0.00026770,0.00009359,-0.00040794,0.00060106,-0.00062602,-0.00067303,0.00126261,-0.00072663,-0.00071029,0.00066988,-0.00093430,-0.00111346,0.00023821,-0.00011337,0.00093032,0.00127333,-0.00031414,0.00095282,0.00081236,0.00101342,0.00038624,-0.00073276,0.00006485,0.00059768,-0.00041348,0.00083723,-0.00070351,-0.00099152,-0.00058665,0.00014695,0.00031141,0.00057902,0.00069698,-0.00029623,-0.00113216,0.00091203,0.00077820,0.00086554,0.00009760,-0.00049510,0.00022174,0.00052201,-0.00080460,-0.00093369,0.00068099,0.00048263,-0.00048020,0.00158896,0.00064629,-0.00082487,0.00005026,-0.00085970,-0.00066722,0.00000000,0.00000000,0.00000000,0.00000000,0.00000000,0.00000000,0.00000000,0.00000000,0.00000000,0.00000000,0.00000000,0.00000000,0.00000000,0.00000000,0.00000000,0.00000000,0.00000000,0.00000000,0.00000000,0.00000000,0.00000000,0.00000000,0.00000000,0.00000000,0.00000000,0.00000000,0.00000000,0.00000000,0.00000000,0.00000000,0.00000000,0.00000000,0.00000000,0.00000000,0.00000000,0.00000000,0.00000000,0.00000000,0.00000000,0.00000000,0.00000000,0.00000000,0.00000000,0.00000000,0.00000000,0.00000000,0.00000000,0.00000000,-0.00082587,-0.00042367,-0.00047170,0.00090165,-0.00107852,0.00080861,-0.00052868,0.00046061,-0.00002832,-0.00082388,0.00013076,-0.00077399,-0.00132445,0.00086531,0.00126457,-0.00135627
-0.00105933,-0.00055574,-0.00048768,0.00132682,0.00006293,-0.00023182,-0.00079086,-0.00041095,-0.00139128,-0.00140900,-0.00102027,-0.00043664,0.00096415,-0.00116403,-0.00084643,0.00093588,-0.00081275,-0.00125781,0.00078674,0.00074621,-0.00129015,-0.00108208,-0.00094966,-0.00077737,0.00115301,-0.00140199,-0.00046092,-0.00098644,0.00088950,-0.00057922,-0.00158306,0.00091363,0.00033460,-0.00141207,-0.00093726,0.00091293,0.00053675,0.00078568,0.00135309,-0.00156711,-0.00090788,-0.00099273,-0.00089333,0.00039892,0.00008650,-0.00123721,0.00030720,-0.00118198,0.00042407,0.00176909,0.00091387,-0.00154249,0.00098341,-0.00034428,0.00066506,0.00040709,-0.00098755,-0.00107554,-0.00128781,-0.00066755,0.00028790,-0.00126363,0.00089352,0.00076933,0.00047884,-0.00010948,0.00084618,0.00195022,-0.00052738,-0.00008755,-0.00134091,0.00004257,-0.00006435,-0.00846456,0.00171487,0.00000641,-0.00078688,0.00112401,-0.00041373,0.00008050,0.00201544,-0.00075150,0.00079371,0.00059475,-0.00043873,0.00094891,0.00130087,-0.00069382,0.00026493,-0.00013024,-0.00137830,-0.00045116,-0.00125048,0.00022966,-0.00141736,0.00012647,0.00058690,-0.00067526,-0.00065000,0.00046259,-0.00079381,-0.00026882,0.00009348,0.00012194,-0.00043373,-0.00056191,-0.00064643,-0.00091013,0.00097958,0.00122441,-0.00076516,-0.00026051,-0.00060840,-0.00050281,-0.00024211,-0.00075066,-0.00064436,0.00031606,0.00144841,-0.00088994,-0.00014243,0.00071110,-0.00144160,-0.00124247,0.00088811,0.00020122,0.00053632,0.00050341,0.00000000,0.00000000,0.00000000,0.00000000,0.00000000,0.00000000,0.00000000,0.00000000,0.00000000,0.00000000,0.00000000,0.00000000,0.00000000,0.00000000,0.00000000,0.00000000,0.00000000,0.00000000,0.00000000,0.00000000,0.00000000,0.00000000,0.00000000,0.00000000,0.00000000,0.00000000,0.00000000,0.00000000,0.00000000,0.00000000,0.00000000,0.00000000,0.00000000,0.00000000,0.00000000,0.00000000,0.00000000,0.00000000,0.00000000,0.00000000,0.00000000,0.00000000,0.00000000,0.00000000,0.00000000,0.00000000,0.00000000,0.00000000,0.00119822,-0.00053789,0.00026653,-0.00060038,0.00063516,-0.00132225,0.00120875,-0.00099366,0.00002287,0.00070721,-0.00025981,0.00111977,0.00117876,-0.00067652,-0.00118392,0.00060540
-0.00014220,0.00038814,0.00024830,-0.00092704,-0.00105733,-0.00120237,0.00008065,0.00055243,0.00138054,-0.00001985,0.00165721,0.00098366,-0.00028816,0.00081916,-0.00034047,-0.00117727,0.00236083,0.00050974,-0.00038155,0.00003142,0.00047075,0.00103075,0.00075309,0.00118274,-0.00142758,0.00093079,0.00129876,0.00168119,0.00012880,0.00154160,0.00121073,-0.00149017,0.00042530,0.00104863,0.00012360,-0.00030030,-0.00045095,0.00047291,-0.00089793,0.00127001,0.00082270,0.00141877,0.00066930,-0.00065647,-0.00105450,0.00100065,0.00089353,0.00076301,-0.00079166,-0.00116495,-0.00048939,0.00128631,-0.00078574,0.00152773,-0.00102168,0.00131620,-0.00070953,0.00090207,0.00141685,0.00081931,0.00074073,0.00171915,-0.00112865,-0.00086722,-0.00151753,-0.00127421,-0.00088759,-0.00115684,-0.00002548,-0.00061436,0.00106198,0.00052799,0.00016985,0.00054672,-0.01059425,-0.00081721,0.00060116,-0.00033947,0.00080828,0.00010403,-0.00185784,0.00029524,-0.00078189,-0.00069834,0.00106253,0.00001675,-0.00170476,0.00074135,-0.00125037,0.00002096,0.00029598,0.00150902,0.00096007,0.00077981,0.00137520,0.00058415,0.00007988,0.00016174,0.00087757,-0.00058696,-0.00121232,-0.00122433,-0.00013834,-0.00097288,0.00063213,0.00110136,0.00064000,0.00064562,-0.00104092,-0.00140382,0.00036295,-0.00034830,-0.00021458,0.00092796,-0.00027984,0.00084551,-0.00066619,-0.00105190,-0.00081474,0.00152902,0.00078629,0.00150266,0.00032272,-0.00024040,-0.00065368,0.00068945,-0.00149943,-0.00018959,0.00000000,0.00000000,0.00000000,0.00000000,0.00000000,0.00000000,0.00000000,0.00000000,0.00000000,0.00000000,0.00000000,0.00000000,0.00000000,0.00000000,0.00000000,0.00000000,0.00000000,0.00000000,0.00000000,0.00000000,0.00000000,0.00000000,0.00000000,0.00000000,0.00000000,0.00000000,0.00000000,0.00000000,0.00000000,0.00000000,0.00000000,0.00000000,0.00000000,0.00000000,0.00000000,0.00000000,0.00000000,0.00000000,0.00000000,0.00000000,0.00000000,0.00000000,0.00000000,0.00000000,0.00000000,0.00000000,0.00000000,0.00000000,-0.00077243,0.00002767,-0.00053232,-0.00065870,-0.00004766,-0.00011537,-0.00036619,0.00044737,-0.00022177,-0.00049609,-0.00038956,-0.00093752,-0.00095892,-0.00009875,0.00037098,-0.00064354
-0.00086328,0.00057147,-0.00178456,0.00187944,-0.00141613,0.00102963,-0.00060555,0.00009136,-0.00182749,-0.00220064,-0.00187339,-0.00085164,0.00221766,-0.00180612,-0.00132827,0.00118359,-0.00162695,-0.00169383,0.00168987,0.00101753,-0.00123315,-0.00111996,-0.00146929,-0.00197154,0.00160033,-0.00158089,-0.00096915,-0.00184923,0.00085245,-0.00114237,-0.00177623,0.00168465,-0.00059682,-0.00205498,-0.00116322,0.00130915,0.00033963,-0.00014473,0.00194215,-0.00222946,-0.00084744,-0.00161232,-0.00159151,0.00071986,0.00110726,-0.00160755,0.00039294,-0.00151293,0.00136001,0.00205197,0.00125195,-0.00138878,0.00175186,-0.00124841,0.00159526,-0.00001882,-0.00019411,-0.00151291,-0.00212207,-0.00124248,-0.00172678,-0.00073007,0.00152413,0.00129250,0.00090356,0.00084217,0.00158401,0.00179806,-0.00087420,0.00071284,-0.00162665,-0.00139998,-0.00089403,0.00044998,0.00129123,-0.00967143,-0.00106082,0.00159247,-0.00155729,0.00056145,0.00103164,-0.00191504,0.00141357,0.00086359,-0.00162197,0.00113695,0.00166138,-0.00174202,-0.00010487,-0.00153208,-0.00132823,-0.00184084,-0.00208079,-0.00031948,-0.00190100,0.00017267,0.00034720,-0.00151526,-0.00079804,0.00068581,0.00051547,0.00087920,0.00147773,0.00015991,-0.00067368,-0.00052680,-0.00080329,-0.00114130,0.00098501,0.00160733,-0.00121020,-0.00101040,-0.00098526,-0.00135636,-0.00058478,-0.00115018,-0.00091617,0.00171804,0.00131637,-0.00177131,0.00030578,-0.00068198,-0.00231120,-0.00079719,0.00148204,-0.00049336,0.00092097,0.00101055,0.00000000,0.00000000,0.00000000,0.00000000,0.00000000,0.00000000,0.00000000,0.00000000,0.00000000,0.00000000,0.00000000,0.00000000,0.00000000,0.00000000,0.00000000,0.00000000,0.00000000,0.00000000,0.00000000,0.00000000,0.00000000,0.00000000,0.00000000,0.00000000,0.00000000,0.00000000,0.00000000,0.00000000,0.00000000,0.00000000,0.00000000,0.00000000,0.00000000,0.00000000,0.00000000,0.00000000,0.00000000,0.00000000,0.00000000,0.00000000,0.00000000,0.00000000,0.00000000,0.00000000,0.00000000,0.00000000,0.00000000,0.00000000,0.00193865,-0.00106289,0.00165897,-0.00121441,0.00153930,-0.00150519,0.00097594,-0.00148036,-0.00004180,0.00100448,-0.00111835,0.00064073,0.00156023,-0.00134365,-0.00158411,0.00167325
0.00049448,-0.00091901,0.00062681,-0.00069801,0.00083938,0.00043706,0.00052782,-0.00016310,0.00146947,0.00000473,0.00112199,0.00014655,-0.00102426,0.00086947,0.00123487,-0.00021307,0.00080208,0.00112567,-0.00073984,-0.00089723,0.00070490,0.00082234,0.00109162,0.00076489,-0.00098842,0.00182396,0.00104065,0.00054371,-0.00142432,0.00091300,0.00155521,-0.00125494,-0.00019045,0.00078752,0.00161394,-0.00077716,-0.00001941,0.00067892,-0.00088118,0.00117777,0.00133180,0.00097666,0.00081201,0.00013389,0.00015268,0.00089789,-0.00018322,0.00100205,-0.00109163,-0.00103035,-0.00064137,0.00076169,-0.00090827,0.00102707,-0.00081274,-0.00094774,0.00049730,0.00048701,0.00103490,0.00034483,0.00052179,0.00080768,-0.00038886,-0.00123418,-0.00068294,-0.00064998,-0.00092881,-0.00205312,0.00110304,-0.00002364,0.00056321,0.00014201,-0.00043802,0.00039583,-0.00123022,0.00077023,-0.01134669,-0.00086643,0.00002212,-0.00113553,-0.00031431,0.00123095,-0.00094475,-0.00039162,0.00060656,-0.00229336,-0.00162993,0.00158039,0.00068792,0.00149183,0.00126680,0.00084213,0.00167383,0.00038124,0.00106140,-0.00008176,-0.00105905,-0.00004808,0.00010142,-0.00051428,0.00015781,-0.00001209,-0.00099945,0.00073175,0.00050566,0.00017413,-0.00025503,0.00054886,-0.00124686,-0.00077853,0.00073004,0.00071975,0.00106881,0.00018566,0.00062142,0.00058585,0.00141878,-0.00124712,-0.00153513,0.00114135,0.00004629,-0.00034909,0.00109975,0.00049564,-0.00001213,-0.00056395,0.00057559,-0.00090147,0.00000000,0.00000000,0.00000000,0.00000000,0.00000000,0.00000000,0.00000000,0.00000000,0.00000000,0.00000000,0.00000000,0.00000000,0.00000000,0.00000000,0.00000000,0.00000000,0.00000000,0.00000000,0.00000000,0.00000000,0.00000000,0.00000000,0.00000000,0.00000000,0.00000000,0.00000000,0.00000000,0.00000000,0.00000000,0.00000000,0.00000000,0.00000000,0.00000000,0.00000000,0.00000000,0.00000000,0.00000000,0.00000000,0.00000000,0.00000000,0.00000000,0.00000000,0.00000000,0.00000000,0.00000000,0.00000000,0.00000000,0.00000000,-0.00087817,0.00023454,-0.00091565,0.00128618,-0.00156582,0.00128381,-0.00125299,0.00140664,0.00057370,-0.00118982,0.00023551,-0.00048120,-0.00146685,0.00084497,0.00103455,-0.00200216
0.00021607,0.00007490,-0.00021469,0.00054598,-0.00099876,0.00020048,-0.00087322,0.00030322,-0.00147592,-0.00056080,-0.00065005,-0.00048232,0.00091147,-0.00134104,-0.00010800,0.00007813,-0.00073889,-0.00118476,0.00086290,0.00072269,-0.00064738,-0.00090108,-0.00064185,-0.00064365,0.00132885,-0.00136873,-0.00057917,-0.00061036,0.00200452,-0.00035630,-0.00103286,0.00101808,0.00055844,-0.00083185,-0.00079440,0.00089395,-0.00012610,0.00019201,0.00168697,-0.00087620,-0.00045796,-0.00065669,-0.00091917,-0.00018152,-0.00041735,-0.00103591,0.00060753,-0.00076072,0.00125053,0.00112771,0.00065953,-0.00148868,0.00077843,-0.00014329,-0.00011447,0.00055079,-0.00126969,-0.00041353,-0.00104429,-0.00019287,-0.00068388,-0.00071259,0.00042112,0.00043369,-0.00037586,0.00078180,0.00079816,0.00125307,-0.00034230,0.00022925,-0.00069955,-0.00106405,0.00041679,-0.00016393,0.00147787,-0.00084253,-0.00009940,-0.00712178,-0.00079339,0.00051647,0.00051336,-0.00104237,0.00090382,0.00004827,-0.00007983,0.00133762,0.00109544,-0.00097684,-0.00096061,-0.00112888,-0.00112645,-0.00098381,-0.00107256,-0.00077808,-0.00091141,0.00095021,0.00118378,-0.00033164,-0.00035738,0.00044851,-0.00086667,-0.00046961,0.00117945,0.00019731,-0.00048994,-0.00045974,-0.00022425,-0.00007839,0.00060440,0.00036710,-0.00099425,-0.00119228,-0.00130535,-0.00067906,-0.00056555,-0.00036558,-0.00100963,0.00084879,0.00124572,-0.00083298,-0.00063942,-0.00009282,-0.00091048,-0.00092403,0.00036905,0.00068826,0.00034115,0.00066668,0.00000000,0.00000000,0.00000000,0.00000000,0.00000000,0.00000000,0.00000000,0.00000000,0.00000000,0.00000000,0.00000000,0.00000000,0.00000000,0.00000000,0.00000000,0.00000000,0.00000000,0.00000000,0.00000000,0.00000000,0.00000000,0.00000000,0.00000000,0.00000000,0.00000000,0.00000000,0.00000000,0.00000000,0.00000000,0.00000000,0.00000000,0.00000000,0.00000000,0.00000000,0.00000000,0.00000000,0.00000000,0.00000000,0.00000000,0.00000000,0.00000000,0.00000000,0.00000000,0.00000000,0.00000000,0.00000000,0.00000000,0.00000000,0.00166604,-0.00043557,0.00106575,-0.00097813,0.00052128,-0.00104934,0.00045024,-0.00103742,0.00004457,0.00043496,-0.00015481,0.00110442,0.00174453,-0.00107336,-0.00128535,0.00115309
-0.00005028,-0.00039958,-0.00127671,0.00123526,0.00005588,0.00068493,-0.00011471,-0.00042836,-0.00164565,-0.00126186,-0.00133049,-0.00159946,0.00062052,-0.00137619,-0.00063967,0.00068448,-0.00052091,-0.00090170,0.00106533,-0.00010897,-0.00201595,-0.00139186,-0.00148173,-0.00166067,0.00068790,-0.00061730,-0.00025668,-0.00033447,-0.00029242,-0.00094116,-0.00183780,0.00130002,-0.00054794,-0.00197261,-0.00098939,0.00103660,0.00060877,-0.00098574,0.00104888,-0.00141610,-0.00120311,-0.00061347,-0.00081516,0.00059957,0.00142193,-0.00129642,-0.00052811,-0.00042042,0.00150207,0.00157966,0.00113652,-0.00053823,0.00127565,-0.00015290,0.00114430,-0.00061209,0.00160734,-0.00183396,-0.00103332,-0.00088765,-0.00132959,-0.00117732,0.00110270,0.00100173,0.00092104,0.00088011,0.00149840,0.00098903,-0.00038265,0.00124076,-0.00158090,-0.00070280,-0.00074717,0.00131672,0.00156652,0.00038747,-0.00197801,0.00132943,-0.01188533,0.00065625,0.00134797,-0.00137610,0.00044564,0.00111352,-0.00147781,-0.00014405,0.00165191,-0.00130007,0.00042614,-0.00031339,-0.00075483,-0.00075017,-0.00095442,0.00004539,-0.00157468,-0.00096584,-0.00028060,0.00024869,-0.00000473,-0.00045133,0.00093532,0.00073352,0.00057895,0.00138280,0.00027523,-0.00107980,-0.00027362,-0.00016620,0.00138164,0.00179273,-0.00180831,0.00012586,-0.00072284,-0.00032148,0.00057036,-0.00191637,0.00064306,0.00152572,0.00193442,-0.00190660,-0.00019185,-0.00121364,-0.00085352,-0.00003839,0.00090940,-0.00139694,0.00165235,-0.00010362,0.00000000,0.00000000,0.00000000,0.00000000,0.00000000,0.00000000,0.00000000,0.00000000,0.00000000,0.00000000,0.00000000,0.00000000,0.00000000,0.00000000,0.00000000,0.00000000,0.00000000,0.00000000,0.00000000,0.00000000,0.00000000,0.00000000,0.00000000,0.00000000,0.00000000,0.00000000,0.00000000,0.00000000,0.00000000,0.00000000,0.00000000,0.00000000,0.00000000,0.00000000,0.00000000,0.00000000,0.00000000,0.00000000,0.00000000,0.00000000,0.00000000,0.00000000,0.00000000,0.00000000,0.00000000,0.00000000,0.00000000,0.00000000,0.00137647,-0.00047757,0.00071450,-0.00078525,0.00116399,-0.00115436,0.00061571,-0.00057755,0.00023203,0.00100659,-0.00024941,0.00034156,0.00161419,-0.00065380,-0.00165554,0.00136594
0.00052574,0.00012147,0.00201380,-0.00132978,0.00027857,-0.00113753,-0.00004571,0.00004285,0.00155969,0.00083732,0.00175288,0.00135427,-0.00099159,0.00148464,0.00158116,-0.00127855,0.00160704,0.00211824,-0.00146839,0.00007555,0.00166784,0.00104278,0.00157411,0.00160538,-0.00167488,0.00165082,0.00184232,0.00165897,-0.00054277,0.00170090,0.00160492,-0.00239713,-0.00035354,0.00160847,0.00130377,-0.00162473,-0.00154580,0.00084777,-0.00114774,0.00173841,0.00143836,0.00176920,0.00155410,-0.00036993,-0.00174163,0.00167862,-0.00000039,0.00087691,-0.00126495,-0.00138355,-0.00030541,0.00176038,-0.00220842,0.00111906,-0.00171380,0.00029907,-0.00059373,0.00181558,0.00227433,0.00137943,0.00129200,0.00125508,-0.00142519,-0.00115585,-0.00229450,-0.00141025,-0.00169934,-0.00111405,0.00143827,-0.00117839,0.00136507,0.00150699,0.00071111,-0.00041026,-0.00168946,-0.00017054,0.00106008,-0.00221880,0.00189077,-0.01216351,-0.00137966,0.00178150,-0.00144071,-0.00141291,0.00209957,-0.00060231,-0.00214677,0.00187943,0.00009489,0.00149846,0.00132947,0.00121669,0.00164323,0.00022602,0.00155392,0.00020057,0.00004307,0.00135412,0.00078960,-0.00036882,-0.00095589,-0.00007497,-0.00144190,-0.00101947,0.00116256,0.00133703,0.00113736,0.00170844,-0.00039589,-0.00170765,0.00158660,0.00093071,0.00187818,0.00110547,-0.00054010,0.00125111,0.00029236,-0.00157813,-0.00138939,0.00216340,0.00063902,-0.00028325,0.00188066,0.00039091,-0.00107090,0.00144145,-0.00230117,-0.00079930,0.00000000,0.00000000,0.00000000,0.00000000,0.00000000,0.00000000,0.00000000,0.00000000,0.00000000,0.00000000,0.00000000,0.00000000,0.00000000,0.00000000,0.00000000,0.00000000,0.00000000,0.00000000,0.00000000,0.00000000,0.00000000,0.00000000,0.00000000,0.00000000,0.00000000,0.00000000,0.00000000,0.00000000,0.00000000,0.00000000,0.00000000,0.00000000,0.00000000,0.00000000,0.00000000,0.00000000,0.00000000,0.00000000,0.00000000,0.00000000,0.00000000,0.00000000,0.00000000,0.00000000,0.00000000,0.00000000,0.00000000,0.00000000,-0.00154805,-0.00004646,-0.00134971,0.00097444,-0.00135931,0.00178103,-0.00183014,0.00086566,0.00060667,-0.00136282,-0.00024915,-0.00136220,-0.00136581,0.00157865,0.00184747,-0.00201156
-0.00023783,0.00104471,-0.00065799,0.00092061,-0.00100187,0.00001572,-0.00093361,0.00039867,-0.00135409,0.00015696,-0.00149702,0.00017342,0.00070868,-0.00118064,-0.00097710,0.00051751,-0.00129961,-0.00166066,0.00096220,0.00129968,-0.00123475,-0.00103259,-0.00114234,-0.00057969,0.00135718,-0.00087132,0.00004942,-0.00046278,0.00081282,-0.00047331,-0.00098069,0.00136190,0.00054390,-0.00076278,-0.00104334,0.00110216,0.00031720,-0.00011292,0.00116846,-0.00047200,-0.00047299,-0.00062438,-0.00095568,-0.00032645,-0.00017970,-0.00085177,0.00060135,-0.00054870,0.00054067,0.00167845,0.00026848,-0.00106917,0.00089439,0.00014290,0.00056031,0.00102256,-0.00044938,-0.00021017,-0.00071349,-0.00066984,-0.00087605,-0.00120487,0.00077110,0.00135495,-0.00057670,0.00093159,0.00098547,0.00124515,-0.00110522,-0.00079467,-0.00068820,-0.00066287,0.00063832,0.00048718,0.00096627,-0.00089409,0.00010654,0.00077035,-0.00067550,0.00098125,-0.00731832,-0.00102581,0.00075103,0.00099772,-0.00069444,0.00128503,0.00143176,-0.00120202,-0.00014248,-0.00111203,-0.00107001,-0.00044599,-0.00085595,-0.00058993,-0.00084486,0.00015734,0.00058879,-0.00054190,0.00012411,-0.00006812,-0.00045605,0.00052743,0.00130013,-0.00085455,-0.00077739,-0.00015239,-0.00047772,-0.00086848,0.00079106,0.00069615,-0.00100275,-0.00110523,-0.00070584,-0.00010255,-0.00126917,-0.00046636,-0.00152899,0.00087997,0.00121009,-0.00105317,-0.00066621,-0.00099049,-0.00076012,-0.00072538,0.00050885,0.00109862,-0.00042989,0.00019810,0.00000000,0.00000000,0.00000000,0.00000000,0.00000000,0.00000000,0.00000000,0.00000000,0.00000000,0.00000000,0.00000000,0.00000000,0.00000000,0.00000000,0.00000000,0.00000000,0.00000000,0.00000000,0.00000000,0.00000000,0.00000000,0.00000000,0.00000000,0.00000000,0.00000000,0.00000000,0.00000000,0.00000000,0.00000000,0.00000000,0.00000000,0.00000000,0.00000000,0.00000000,0.00000000,0.00000000,0.00000000,0.00000000,0.00000000,0.00000000,0.00000000,0.00000000,0.00000000,0.00000000,0.00000000,0.00000000,0.00000000,0.00000000,0.00165984,-0.00073560,0.00110386,-0.00129851,0.00142307,-0.00174893,0.00096263,-0.00158256,-0.00016328,0.00121493,-0.00065157,0.00117395,0.00123321,-0.00171006,-0.00124851,0.00106580
0.00049877,-0.00088599,0.00048261,0.00000798,0.00060606,0.00035970,-0.00001127,-0.00029572,-0.00010747,-0.00094639,-0.00020615,-0.00021935,0.00000007,0.00042034,-0.00016300,0.00030683,0.00042488,0.00114599,-0.00058110,-0.00023837,0.00075498,-0.00005421,0.00011583,0.00037957,-0.00027395,-0.00004394,-0.00099959,-0.00057576,0.00009188,-0.00032367,0.00011554,-0.00049269,-0.00045617,0.00012507,0.00041706,-0.00100538,0.00000906,-0.00077094,-0.00032011,-0.00028116,-0.00077465,-0.00010061,0.00091134,-0.00043359,0.00121591,0.00037858,-0.00094704,-0.00051896,0.00046995,-0.00000977,0.00081452,0.00045642,0.00014389,0.00004824,0.00008326,-0.00082791,0.00139275,0.00002289,-0.00014164,-0.00118359,-0.00034714,0.00037680,0.00037179,-0.00046482,-0.00018844,-0.00054552,-0.00010454,-0.00040001,0.00002722,-0.00059105,0.00005631,0.00073351,-0.00036601,0.00068214,-0.00125386,0.00005218,-0.00027309,0.00040902,0.00061723,-0.00064974,0.00023140,-0.01095013,0.00030928,0.00062581,-0.00086025,-0.00054177,-0.00067041,0.00033576,0.00050470,0.00072932,-0.00004135,-0.00014979,-0.00011958,0.00064805,-0.00086566,-0.00083469,-0.00147832,-0.00055671,-0.00089686,-0.00031786,0.00074695,0.00065216,-0.00042384,0.00014177,0.00061242,-0.00103536,-0.00147678,0.00034675,0.00001850,-0.00010085,-0.00036010,0.00038540,0.00058438,-0.00030490,0.00115565,-0.00009189,0.00111601,-0.00023285,0.00037894,-0.00053816,-0.00043552,0.00003621,0.00022697,0.00067284,-0.00080853,-0.00168332,0.00062929,-0.00058213,0.00000000,0.00000000,0.00000000,0.00000000,0.00000000,0.00000000,0.00000000,0.00000000,0.00000000,0.00000000,0.00000000,0.00000000,0.00000000,0.00000000,0.00000000,0.00000000,0.00000000,0.00000000,0.00000000,0.00000000,0.00000000,0.00000000,0.00000000,0.00000000,0.00000000,0.00000000,0.00000000,0.00000000,0.00000000,0.00000000,0.00000000,0.00000000,0.00000000,0.00000000,0.00000000,0.00000000,0.00000000,0.00000000,0.00000000,0.00000000,0.00000000,0.00000000,0.00000000,0.00000000,0.00000000,0.00000000,0.00000000,0.00000000,-0.00017593,-0.00071048,-0.00028334,0.00038883,-0.00087192,0.00156993,-0.00032729,0.00019520,-0.00006804,-0.00082822,0.00058330,-0.00057015,-0.00011666,-0.00012841,0.00052096,-0.00001974
0.00011730,0.00073171,0.00068300,-0.00086140,-0.00028866,-0.00038977,0.00033659,0.00077137,0.00020867,0.00047923,0.00015725,0.00045760,-0.00022958,-0.00003202,0.00054760,-0.00020132,0.00016270,-0.00051428,0.00038892,0.00093366,0.00048236,0.00041423,-0.00011065,0.00011057,0.00019057,-0.00027711,0.00030894,0.00020383,0.00001006,0.00093881,-0.00017957,-0.00046396,0.00086167,0.00018979,0.00007458,-0.00048159,-0.00020869,-0.00022643,-0.00012596,0.00065895,-0.00029539,-0.00049718,-0.00010587,-0.00077961,-0.00078240,0.00042676,0.00015285,0.00041664,-0.00014606,-0.00022443,-0.00090716,0.00043600,-0.00033335,0.00094751,-0.00019477,0.00106830,-0.00075531,-0.00004332,0.00029873,0.00025102,0.00070168,0.00033010,-0.00015895,0.00029841,-0.00079121,-0.00108579,0.00009053,-0.00043149,0.00025850,0.00048540,0.00017034,-0.00068259,0.00040027,-0.00057516,0.00047848,-0.00038426,0.00008791,-0.00080057,-0.00088626,0.00000437,-0.00029980,0.00031852,-0.01088601,-0.00098279,0.00050521,0.00124027,0.00081419,0.00046304,-0.00073592,-0.00013772,-0.00046280,0.00063167,0.00069061,-0.00104213,-0.00007247,-0.00025758,0.00084860,0.00080442,0.00079892,-0.00003235,-0.00176177,-0.00079967,-0.00005993,-0.00059861,0.00049383,0.00050973,0.00037818,-0.00007200,0.00007576,0.00026861,0.00046207,0.00034748,-0.00000378,0.00097316,-0.00075968,-0.00025064,0.00006641,-0.00054864,0.00037404,-0.00003235,-0.00015754,0.00069856,0.00014292,-0.00125990,-0.00066269,0.00096420,-0.00086597,0.00112184,0.00000000,0.00000000,0.00000000,0.00000000,0.00000000,0.00000000,0.00000000,0.00000000,0.00000000,0.00000000,0.00000000,0.00000000,0.00000000,0.00000000,0.00000000,0.00000000,0.00000000,0.00000000,0.00000000,0.00000000,0.00000000,0.00000000,0.00000000,0.00000000,0.00000000,0.00000000,0.00000000,0.00000000,0.00000000,0.00000000,0.00000000,0.00000000,0.00000000,0.00000000,0.00000000,0.00000000,0.00000000,0.00000000,0.00000000,0.00000000,0.00000000,0.00000000,0.00000000,0.00000000,0.00000000,0.00000000,0.00000000,0.00000000,-0.00054352,-0.00028396,0.00040388,0.00021659,0.00024606,-0.00043693,-0.00038390,-0.00081951,-0.00041014,-0.00016463,-0.00046498,-0.00001243,0.00052638,-0.00031677,0.00006903,0.00029965
-0.00040638,0.00061273,-0.00056122,0.00032551,-0.00037871,-0.00014277,0.00055073,-0.00013416,-0.00092993,-0.00024201,-0.00130611,0.00006480,0.00087363,-0.00096591,0.00024201,0.00029815,-0.00051992,-0.00032929,0.00099926,0.00128168,-0.00058672,0.00003753,-0.00043653,-0.00002668,0.00122274,-0.00038297,-0.00025917,-0.00084400,0.00041021,0.00005452,-0.00059969,0.00094740,0.00021768,-0.00099726,-0.00035360,0.00057828,-0.00041772,-0.00037874,0.00107328,-0.00043792,-0.00030984,-0.00008400,-0.00066647,-0.00011362,-0.00051705,-0.00050359,0.00052061,0.00024711,0.00129258,0.00071791,0.00014894,-0.00154142,0.00116055,0.00012007,-0.00023251,0.00067827,-0.00082083,-0.00075802,-0.00084911,0.00016883,-0.00069126,-0.00041916,0.00063237,0.00005288,-0.00041789,0.00050380,0.00100396,0.00064888,0.00013983,0.00045081,-0.00040369,-0.00104011,-0.00009276,-0.00043386,0.00149609,-0.00054404,-0.00013542,0.00027452,-0.00068035,0.00082280,0.00081107,-0.00049175,-0.00006224,-0.01024205,0.00019757,0.00221221,0.00130018,0.00024871,-0.00020847,-0.00064845,-0.00102401,-0.00011232,-0.00090901,0.00043019,-0.00086648,0.00055620,0.00104083,-0.00073960,-0.00085760,0.00051672,-0.00065820,-0.00056595,0.00091799,-0.00113633,-0.00052460,0.00032997,0.00067339,-0.00048893,0.00048243,0.00059415,-0.00066902,-0.00064042,-0.00105623,0.00115599,-0.00024308,0.00046816,-0.00198074,0.00061375,0.00096072,0.00005137,-0.00007720,-0.00003077,-0.00109008,-0.00049646,0.00027784,0.00029332,0.00036281,0.00052668,0.00000000,0.00000000,0.00000000,0.00000000,0.00000000,0.00000000,0.00000000,0.00000000,0.00000000,0.00000000,0.00000000,0.00000000,0.00000000,0.00000000,0.00000000,0.00000000,0.00000000,0.00000000,0.00000000,0.00000000,0.00000000,0.00000000,0.00000000,0.00000000,0.00000000,0.00000000,0.00000000,0.00000000,0.00000000,0.00000000,0.00000000,0.00000000,0.00000000,0.00000000,0.00000000,0.00000000,0.00000000,0.00000000,0.00000000,0.00000000,0.00000000,0.00000000,0.00000000,0.00000000,0.00000000,0.00000000,0.00000000,0.00000000,0.00085139,-0.00049763,0.00070452,-0.00046225,0.00082906,-0.00167338,0.00075994,-0.00011851,-0.00042345,0.00091109,0.00037876,0.00073685,0.00057003,-0.00038042,-0.00086746,0.00111416
0.00100066,-0.00141100,0.00061377,-0.00129799,0.00127938,0.00067001,0.00102964,0.00010879,0.00172660,0.00104942,0.00121504,0.00011664,-0.00153884,0.00084017,0.00086089,-0.00053628,0.00148414,0.00164403,-0.00129521,-0.00157826,0.00118753,0.00179490,0.00087988,0.00098382,-0.00205742,0.00197589,0.00098709,0.00080317,-0.00112170,0.00087905,0.00128042,-0.00133314,-0.00001461,0.00127118,0.00090008,-0.00123704,0.00016538,-0.00031319,-0.00136772,0.00087990,0.00144972,0.00113587,0.00135919,-0.00080336,-0.00065406,0.00141517,-0.00032014,0.00081415,-0.00109848,-0.00147911,0.00037768,0.00105933,-0.00143512,-0.00009956,-0.00041466,-0.00023039,0.00080309,0.00074891,0.00053542,0.00050900,0.00032209,0.00106505,-0.00089975,-0.00069845,-0.00027513,-0.00069276,-0.00142332,-0.00143362,0.00087058,-0.00026975,0.00112928,0.00152647,-0.00012193,0.00072723,-0.00189839,0.00077397,0.00097531,-0.00054807,0.00141360,-0.00066828,-0.00078633,0.00153270,-0.00114501,-0.00028520,-0.00666538,-0.00181964,-0.00181886,0.00136009,0.00116818,0.00131489,0.00186711,0.00069612,0.00088818,0.00064561,0.00124226,-0.00053826,-0.00120841,-0.00028210,0.00044220,-0.00006656,0.00076798,0.00038006,-0.00156783,0.00046529,0.00115507,0.00048314,-0.00038148,0.00097549,-0.00085969,-0.00108815,0.00086640,0.00069067,0.00139474,0.00034082,-0.00041343,0.00057471,0.00178048,-0.00142227,-0.00154757,0.00084685,-0.00013761,-0.00018054,0.00165223,0.00067705,-0.00092239,-0.00070678,0.00003206,-0.00155093,0.00000000,0.00000000,0.00000000,0.00000000,0.00000000,0.00000000,0.00000000,0.00000000,0.00000000,0.00000000,0.00000000,0.00000000,0.00000000,0.00000000,0.00000000,0.00000000,0.00000000,0.00000000,0.00000000,0.00000000,0.00000000,0.00000000,0.00000000,0.00000000,0.00000000,0.00000000,0.00000000,0.00000000,0.00000000,0.00000000,0.00000000,0.00000000,0.00000000,0.00000000,0.00000000,0.00000000,0.00000000,0.00000000,0.00000000,0.00000000,0.00000000,0.00000000,0.00000000,0.00000000,0.00000000,0.00000000,0.00000000,0.00000000,-0.00137943,0.00036265,-0.00102114,0.00106597,-0.00177940,0.00180634,-0.00149931,0.00140493,0.00049136,-0.00153471,0.00084161,-0.00140835,-0.00181142,0.00202643,0.00141756,-0.00247634
0.00064441,-0.00014693,0.00123139,-0.00209734,-0.00069528,-0.00131673,0.00123799,0.00056327,0.00250289,0.00165071,0.00248060,0.00175311,-0.00147260,0.00169853,0.00149477,-0.00226235,0.00212931,0.00239674,-0.00197988,-0.00143658,0.00235932,0.00176334,0.00179724,0.00159630,-0.00224236,0.00260750,0.00236866,0.00220568,-0.00125207,0.00183400,0.00225815,-0.00211715,-0.00006890,0.00185817,0.00205268,-0.00184595,-0.00124213,0.00098486,-0.00227718,0.00251935,0.00221744,0.00173876,0.00236613,-0.00130908,-0.00186707,0.00217294,0.00002438,0.00212980,-0.00147357,-0.00245946,-0.00177285,0.00208182,-0.00246319,0.00156625,-0.00118871,0.00064996,-0.00043830,0.00221409,0.00212896,0.00134749,0.00270772,0.00238067,-0.00155871,-0.00138353,-0.00183233,-0.00119535,-0.00218612,-0.00272703,0.00110462,-0.00120577,0.00191755,0.00117559,0.00115094,0.00000670,-0.00218134,-0.00031113,0.00127790,-0.00261683,0.00127406,-0.00021542,-0.00170502,0.00218219,-0.00173213,-0.00115985,0.00176563,-0.01139825,-0.00215325,0.00197995,-0.00067489,0.00098716,0.00207999,0.00125392,0.00241137,-0.00015078,0.00260514,-0.00019142,-0.00025039,0.00125081,0.00112166,-0.00034533,-0.00050257,-0.00059900,-0.00179979,-0.00152374,0.00152228,0.00203774,0.00157442,0.00170168,-0.00238894,-0.00183342,0.00159490,0.00131377,0.00141698,0.00114436,-0.00073922,0.00156806,-0.00001152,-0.00237189,-0.00189784,0.00237610,0.00095323,0.00070862,0.00229631,0.00100832,-0.00176321,0.00108679,-0.00206692,-0.00041207,0.00000000,0.00000000,0.00000000,0.00000000,0.00000000,0.00000000,0.00000000,0.00000000,0.00000000,0.00000000,0.00000000,0.00000000,0.00000000,0.00000000,0.00000000,0.00000000,0.00000000,0.00000000,0.00000000,0.00000000,0.00000000,0.00000000,0.00000000,0.00000000,0.00000000,0.00000000,0.00000000,0.00000000,0.00000000,0.00000000,0.00000000,0.00000000,0.00000000,0.00000000,0.00000000,0.00000000,0.00000000,0.00000000,0.00000000,0.00000000,0.00000000,0.00000000,0.00000000,0.00000000,0.00000000,0.00000000,0.00000000,0.00000000,-0.00238320,0.00046150,-0.00164135,0.00157877,-0.00124486,0.00225587,-0.00187179,0.00123192,0.00070857,-0.00184421,0.00054113,-0.00150982,-0.00221380,0.00231002,0.00177503,-0.00221868
-0.00027135,0.00048793,0.00045427,-0.00041415,-0.00089365,-0.00084539,-0.00058250,0.00085819,-0.00121674,-0.00014062,-0.00011602,-0.00008103,0.00074740,-0.00028042,0.00019864,-0.00052250,-0.00049781,0.00008608,0.00039851,0.00101689,0.00089198,-0.00040209,0.00034361,0.00036943,0.00072796,0.00025812,0.00026919,0.00045717,0.00110369,0.00021921,0.00041149,-0.00026465,-0.00009247,-0.00039643,-0.00044921,0.00016156,-0.00054743,0.00095861,-0.00077474,0.00079524,0.00000554,-0.00004474,-0.00021472,0.00034645,-0.00151662,-0.00021722,0.00034843,-0.00017656,0.00043079,0.00029834,0.00003054,-0.00028386,-0.00026002,0.00090172,-0.00016641,0.00039788,-0.00153513,0.00020783,-0.00067778,0.00103755,-0.00011217,0.00026931,-0.00003407,-0.00050130,-0.00029126,0.00004954,-0.00007871,0.00003488,-0.00024067,-0.00013476,0.00041236,0.00039879,0.00065685,-0.00040665,0.00061724,-0.00069827,0.00027347,-0.00031420,-0.00065159,0.00015246,0.00023323,-0.00003640,0.00060653,-0.00039190,0.00063813,0.00090768,-0.00898420,0.00070580,-0.00036556,-0.00070285,-0.00005626,0.00029530,0.00012497,-0.00072864,0.00012167,0.00004226,0.00070676,0.00063732,0.00056604,0.00141596,-0.00156684,-0.00066515,0.00027467,-0.00064102,-0.00017986,0.00036234,0.00074915,-0.00011558,-0.00018224,-0.00056182,0.00042849,-0.00057506,-0.00045437,0.00027927,-0.00106171,0.00035506,-0.00133180,0.00007297,-0.00102086,0.00018594,-0.00046541,0.00116148,0.00024808,-0.00060224,0.00071182,0.00056415,-0.00090560,0.00080158,0.00000000,0.00000000,0.00000000,0.00000000,0.00000000,0.00000000,0.00000000,0.00000000,0.00000000,0.00000000,0.00000000,0.00000000,0.00000000,0.00000000,0.00000000,0.00000000,0.00000000,0.00000000,0.00000000,0.00000000,0.00000000,0.00000000,0.00000000,0.00000000,0.00000000,0.00000000,0.00000000,0.00000000,0.00000000,0.00000000,0.00000000,0.00000000,0.00000000,0.00000000,0.00000000,0.00000000,0.00000000,0.00000000,0.00000000,0.00000000,0.00000000,0.00000000,0.00000000,0.00000000,0.00000000,0.00000000,0.00000000,0.00000000,-0.00015024,0.00115612,-0.00020895,-0.00028177,0.00076780,-0.00041429,-0.00002880,0.00018318,-0.00029118,-0.00011598,-0.00013767,-0.00000142,0.00013413,-0.00008853,-0.00042291,0.00046726
0.00020832,0.00000248,-0.00016092,-0.00071800,-0.00007242,-0.00018066,0.00124345,-0.00041032,0.00073688,-0.00002132,0.00018931,0.00007667,-0.00106114,0.00081429,-0.00014548,-0.00035235,0.00064891,0.00096804,-0.00082341,-0.00103987,0.00034278,0.00080699,-0.00024650,0.00010127,-0.00088101,0.00068068,0.00000800,0.00015067,-0.00102416,0.00042678,0.00096284,-0.00026283,-0.00031371,0.00052983,0.00102087,-0.00087231,0.00049852,-0.00042845,-0.00071214,0.00013174,0.00096169,0.00053021,0.00038220,-0.00012016,0.00108269,0.00179428,-0.00104653,0.00036792,-0.00094894,-0.00077191,0.00017282,0.00065481,-0.00064406,0.00005380,0.00038374,-0.00152299,0.00061367,0.00023090,0.00091981,-0.00004849,0.00113801,-0.00000984,-0.00040287,-0.00029295,-0.00034456,-0.00025848,-0.00013597,-0.00068434,0.00106885,-0.00043169,0.00002036,0.00079179,-0.00068159,0.00087751,-0.00080718,0.00104201,0.00039344,-0.00046447,0.00079510,-0.00051146,-0.00018552,0.00103254,-0.00037180,0.00043642,0.00023545,-0.00129240,-0.00098282,-0.01072324,0.00076083,0.00093745,0.00068181,0.00014360,0.00110319,0.00092971,0.00054842,-0.00065339,-0.00073469,0.00033644,0.00024510,-0.00087783,0.00083720,0.00064797,-0.00069460,0.00064613,-0.00020112,0.00034621,-0.00043725,0.00067934,0.00002172,-0.00004561,0.00097438,0.00060221,0.00075296,0.00062173,0.00041960,-0.00060978,0.00071402,-0.00026784,-0.00027506,0.00019471,0.00022626,-0.00009389,0.00042435,0.00077124,0.00031452,-0.00040118,0.00053397,-0.00135977,0.00000000,0.00000000,0.00000000,0.00000000,0.00000000,0.00000000,0.00000000,0.00000000,0.00000000,0.00000000,0.00000000,0.00000000,0.00000000,0.00000000,0.00000000,0.00000000,0.00000000,0.00000000,0.00000000,0.00000000,0.00000000,0.00000000,0.00000000,0.00000000,0.00000000,0.00000000,0.00000000,0.00000000,0.00000000,0.00000000,0.00000000,0.00000000,0.00000000,0.00000000,0.00000000,0.00000000,0.00000000,0.00000000,0.00000000,0.00000000,0.00000000,0.00000000,0.00000000,0.00000000,0.00000000,0.00000000,0.00000000,0.00000000,-0.00070501,-0.00015966,-0.00020810,0.00142654,-0.00099167,0.00163041,-0.00089818,0.00086583,0.00032743,-0.00101328,-0.00002445,-0.00114800,-0.00130597,0.00097732,0.00030269,-0.00106461
-0.00086878,0.00026649,-0.00069736,0.00114990,-0.00055589,0.00031242,0.00012638,-0.00007152,-0.00121927,-0.00064838,-0.00083606,-0.00087585,0.00063327,-0.00210833,-0.00054369,0.00030818,-0.00111886,-0.00139172,0.00118943,0.00087271,-0.00167217,-0.00057602,-0.00053323,-0.00091764,0.00125978,-0.00095859,-0.00138351,-0.00147959,0.00081130,-0.00056740,-0.00098947,0.00069209,0.00017583,-0.00107973,-0.00118477,0.00126847,0.00087122,-0.00031505,0.00137180,-0.00133487,-0.00042943,-0.00067099,-0.00092753,0.00072976,0.00051548,-0.00122392,0.00005081,-0.00021275,0.00115262,0.00096211,-0.00033101,-0.00097422,0.00152421,-0.00044718,0.00056376,-0.00010004,-0.00030914,-0.00109624,-0.00095983,-0.00040414,-0.00132847,-0.00072632,0.00113552,0.00018176,0.00076906,0.00024943,0.00151432,0.00115813,-0.00030180,0.00091879,-0.00005267,-0.00102024,-0.00034604,0.00023843,0.00059596,-0.00050592,-0.00026056,0.00033401,-0.00048338,0.00075724,0.00091672,-0.00107322,0.00064899,0.00093372,-0.00036446,-0.00019727,0.00108252,-0.00053964,-0.01219068,-0.00010571,-0.00053988,-0.00016231,-0.00162983,-0.00065816,-0.00142755,0.00002510,0.00020046,-0.00084868,-0.00097030,-0.00001481,0.00034254,-0.00065168,0.00063712,-0.00051076,-0.00007972,-0.00118109,-0.00046470,-0.00053571,0.00009805,0.00047952,-0.00064580,-0.00056432,-0.00172364,-0.00099696,0.00008086,-0.00055564,-0.00047133,0.00042506,0.00107203,-0.00103145,-0.00023650,0.00052201,-0.00149797,-0.00089430,0.00104611,-0.00033762,0.00067139,0.00072664,0.00000000,0.00000000,0.00000000,0.00000000,0.00000000,0.00000000,0.00000000,0.00000000,0.00000000,0.00000000,0.00000000,0.00000000,0.00000000,0.00000000,0.00000000,0.00000000,0.00000000,0.00000000,0.00000000,0.00000000,0.00000000,0.00000000,0.00000000,0.00000000,0.00000000,0.00000000,0.00000000,0.00000000,0.00000000,0.00000000,0.00000000,0.00000000,0.00000000,0.00000000,0.00000000,0.00000000,0.00000000,0.00000000,0.00000000,0.00000000,0.00000000,0.00000000,0.00000000,0.00000000,0.00000000,0.00000000,0.00000000,0.00000000,0.00113396,-0.00020371,0.00130426,-0.00103963,0.00088774,-0.00163553,0.00090415,-0.00100719,0.00013794,0.00070414,0.00014524,0.00019924,0.00151511,-0.00048526,-0.00065481,0.00085371
-0.00049937,-0.00002932,-0.00085621,0.00142175,0.00101658,0.00019594,0.00043419,-0.00031967,-0.00051370,-0.00092987,-0.00209562,-0.00016695,0.00033210,-0.00110867,-0.00104427,0.00162518,-0.00188660,-0.00102452,0.00114691,-0.00102685,-0.00108781,-0.00158009,-0.00100327,-0.00131938,0.00140487,-0.00151289,-0.00095679,-0.00049865,0.00013748,-0.00192282,-0.00087913,0.00136567,0.00019768,-0.00050979,-0.00076219,0.00043359,0.00130086,-0.00118790,0.00159322,-0.00206852,-0.00033736,-0.00124856,-0.00192314,0.00134870,0.00154781,-0.00129964,-0.00079478,-0.00105279,0.00095700,0.00094587,0.00162789,-0.00139923,0.00116634,-0.00073050,0.00094835,-0.00072012,0.00093072,-0.00119695,-0.00147139,-0.00166029,-0.00126769,-0.00155887,0.00137711,0.00112507,0.00173605,0.00101167,0.00194108,0.00189608,0.00001127,0.00078357,-0.00051235,0.00056516,-0.00064751,0.00104329,0.00056078,0.00024768,-0.00110560,0.00102871,0.00036002,0.00018696,0.00103949,-0.00118512,0.00141484,0.00128385,-0.00172496,-0.00021711,0.00145957,-0.00076125,0.00129490,-0.01191707,-0.00126958,-0.00088759,-0.00156998,0.00009546,-0.00034106,-0.00072673,-0.00003917,-0.00062642,0.00010962,0.00014884,0.00137521,0.00083592,0.00014110,0.00118343,-0.00049593,-0.00109001,-0.00152515,-0.00119219,0.00052394,0.00113820,-0.00061401,-0.00061724,-0.00120482,-0.00104406,0.00026897,-0.00160680,-0.00033523,0.00178994,0.00131625,-0.00149274,-0.00056523,-0.00082596,-0.00116654,-0.00005728,0.00064092,-0.00088623,0.00140140,0.00005572,0.00000000,0.00000000,0.00000000,0.00000000,0.00000000,0.00000000,0.00000000,0.00000000,0.00000000,0.00000000,0.00000000,0.00000000,0.00000000,0.00000000,0.00000000,0.00000000,0.00000000,0.00000000,0.00000000,0.00000000,0.00000000,0.00000000,0.00000000,0.00000000,0.00000000,0.00000000,0.00000000,0.00000000,0.00000000,0.00000000,0.00000000,0.00000000,0.00000000,0.00000000,0.00000000,0.00000000,0.00000000,0.00000000,0.00000000,0.00000000,0.00000000,0.00000000,0.00000000,0.00000000,0.00000000,0.00000000,0.00000000,0.00000000,0.00072352,0.00096930,0.00096232,-0.00036074,0.00017906,-0.00133837,0.00076239,0.00011637,0.00037356,-0.00010112,-0.00038501,0.00093392,0.00122366,-0.00067989,-0.00077019,0.00113908
-0.00005138,-0.00058895,-0.00141813,0.00099615,0.00034823,0.00042750,-0.00007510,0.00007220,-0.00108262,-0.00167990,-0.00102158,-0.00040606,0.00019660,-0.00050458,-0.00104407,0.00172280,-0.00047704,-0.00001195,0.00060145,0.00027344,-0.00117820,-0.00149742,-0.00136342,-0.00118864,0.00036225,-0.00108479,-0.00148539,-0.00073182,-0.00046285,-0.00079061,-0.00163677,0.00061558,-0.00034905,-0.00136256,-0.00110716,0.00107608,0.00055527,-0.00012955,0.00162762,-0.00222543,-0.00083375,-0.00127492,-0.00087172,0.00058784,0.00127752,-0.00031400,-0.00012040,-0.00093344,0.00080760,0.00071651,0.00161223,-0.00129125,0.00176269,-0.00044391,0.00047411,-0.00138059,0.00076665,-0.00073504,-0.00026073,-0.00097903,-0.00101199,-0.00032839,0.00121526,0.00134238,0.00109106,0.00081979,0.00140929,0.00094080,0.00005829,0.00042023,-0.00040523,0.00094323,-0.00019373,0.00013099,0.00019172,0.00035760,-0.00041559,0.00074928,0.00029033,-0.00038375,0.00139907,-0.00146336,0.00062559,0.00091225,-0.00108323,0.00004544,0.00136300,-0.00099702,0.00072053,-0.00034597,-0.01308910,-0.00081959,-0.00107510,0.00073887,-0.00030696,-0.00079766,0.00006475,-0.00051350,0.00020099,0.00102113,-0.00022924,0.00107940,-0.00021208,0.00055858,-0.00017181,-0.00056966,-0.00066949,-0.00004704,0.00020542,0.00094314,-0.00115352,0.00006966,-0.00082514,-0.00097377,0.00033664,-0.00117352,0.00079840,0.00057335,0.00108138,-0.00002316,0.00007506,-0.00100507,-0.00088466,0.00098924,0.00065822,-0.00067615,0.00099116,-0.00049417,0.00000000,0.00000000,0.00000000,0.00000000,0.00000000,0.00000000,0.00000000,0.00000000,0.00000000,0.00000000,0.00000000,0.00000000,0.00000000,0.00000000,0.00000000,0.00000000,0.00000000,0.00000000,0.00000000,0.00000000,0.00000000,0.00000000,0.00000000,0.00000000,0.00000000,0.00000000,0.00000000,0.00000000,0.00000000,0.00000000,0.00000000,0.00000000,0.00000000,0.00000000,0.00000000,0.00000000,0.00000000,0.00000000,0.00000000,0.00000000,0.00000000,0.00000000,0.00000000,0.00000000,0.00000000,0.00000000,0.00000000,0.00000000,0.00054964,-0.00041594,-0.00022837,0.00019199,0.00027986,-0.00026193,0.00043575,0.00056963,0.00074354,0.00039028,-0.00035736,0.00096570,0.00036913,-0.00034042,-0.00082495,0.00000949
0.00023097,-0.00031062,0.00063939,-0.00088787,0.00037163,0.00044088,0.00100397,-0.00060068,0.00037377,0.00012220,0.00097276,0.00074541,-0.00013096,0.00145331,0.00072616,0.00013958,0.00048611,0.00101988,-0.00048390,-0.00087139,0.00029056,0.00067357,0.00113862,0.00011013,-0.00114583,0.00059858,0.00017003,0.00075097,-0.00117844,0.00036745,0.00130664,-0.00092876,-0.00047728,0.00092210,0.00089115,-0.00107333,0.00068141,0.00006970,-0.00031944,0.00066822,0.00094772,0.00052525,0.00084444,-0.00034043,-0.00000790,0.00044741,-0.00024609,-0.00009859,-0.00068386,-0.00098902,-0.00002717,0.00060093,-0.00058664,0.00006308,-0.00011432,-0.00048553,0.00032130,0.00005819,0.00097215,0.00059791,0.00041115,0.00067036,-0.00000910,-0.00034793,0.00017532,-0.00077883,-0.00062038,-0.00081264,0.00037602,0.00059418,0.00035191,0.00021687,-0.00098106,0.00054888,-0.00096768,0.00002315,0.00059162,-0.00136423,0.00061449,-0.00031244,-0.00046860,0.00140218,-0.00074793,-0.00054916,0.00017729,-0.00145185,-0.00129683,0.00084408,0.00081745,0.00095832,0.00118227,-0.01128038,0.00057205,0.00027053,0.00086871,-0.00079320,-0.00074206,-0.00048812,-0.00029492,-0.00051508,0.00099564,0.00030802,-0.00125838,0.00024059,0.00043649,-0.00079496,-0.00033476,0.00060973,-0.00034730,-0.00084727,0.00065322,0.00070801,0.00047707,-0.00019957,0.00067260,0.00030130,0.00132240,-0.00074128,-0.00136741,0.00082409,-0.00004319,-0.00027125,0.00077262,0.00155043,-0.00026826,-0.00051705,0.00037463,-0.00089376,0.00000000,0.00000000,0.00000000,0.00000000,0.00000000,0.00000000,0.00000000,0.00000000,0.00000000,0.00000000,0.00000000,0.00000000,0.00000000,0.00000000,0.00000000,0.00000000,0.00000000,0.00000000,0.00000000,0.00000000,0.00000000,0.00000000,0.00000000,0.00000000,0.00000000,0.00000000,0.00000000,0.00000000,0.00000000,0.00000000,0.00000000,0.00000000,0.00000000,0.00000000,0.00000000,0.00000000,0.00000000,0.00000000,0.00000000,0.00000000,0.00000000,0.00000000,0.00000000,0.00000000,0.00000000,0.00000000,0.00000000,0.00000000,-0.00054980,0.00128340,-0.00057154,0.00035645,-0.00086285,0.00110966,-0.00024615,0.00035403,0.00039812,-0.00050619,0.00107876,-0.00025267,-0.00095816,0.00095319,0.00145988,-0.00152986
0.00003715,-0.00127742,0.00031131,-0.00058641,0.00092766,0.00036208,0.00088557,-0.00058149,0.00088963,0.00063634,0.00110682,-0.00008420,-0.00103190,0.00104879,0.00035334,-0.00023363,0.00079807,0.00094196,-0.00092953,-0.00091954,0.00071415,0.00106016,0.00078104,0.00052723,-0.00185065,0.00113468,-0.00017420,0.00037541,-0.00108674,-0.00001067,0.00086889,-0.00078932,-0.00048674,0.00039015,0.00040732,-0.00035905,-0.00000854,-0.00016826,-0.00079018,0.00034094,0.00084746,0.00117427,0.00034171,-0.00006425,-0.00033570,0.00076450,-0.00040354,0.00004294,-0.00057743,-0.00114261,-0.00007735,0.00069593,-0.00081638,0.00065129,-0.00043447,-0.00017271,0.00086388,0.00029722,0.00108717,0.00023735,0.00075273,0.00092448,-0.00069961,0.00002628,0.00002911,-0.00006004,-0.00083387,-0.00066820,0.00097905,-0.00002172,0.00052637,0.00055268,-0.00036521,0.00077755,-0.00071541,0.00053960,0.00058148,-0.00066554,0.00140651,-0.00097393,-0.00020422,0.00090142,-0.00005798,-0.00048731,0.00016414,-0.00118688,-0.00091812,0.00096154,0.00004904,0.00128975,0.00122251,0.00016627,-0.00724211,0.00027560,0.00005406,-0.00081197,-0.00148229,0.00014524,-0.00035776,-0.00038972,0.00044851,0.00017989,-0.00114235,-0.00021230,0.00046675,0.00053684,-0.00026145,-0.00015717,0.00061792,-0.00028242,0.00018519,0.00086156,0.00144745,0.00039709,0.00130014,0.00021934,0.00106691,-0.00071990,-0.00068281,0.00041659,0.00039900,-0.00038564,0.00098432,0.00085729,-0.00022832,-0.00054739,-0.00008542,-0.00128842,0.00000000,0.00000000,0.00000000,0.00000000,0.00000000,0.00000000,0.00000000,0.00000000,0.00000000,0.00000000,0.00000000,0.00000000,0.00000000,0.00000000,0.00000000,0.00000000,0.00000000,0.00000000,0.00000000,0.00000000,0.00000000,0.00000000,0.00000000,0.00000000,0.00000000,0.00000000,0.00000000,0.00000000,0.00000000,0.00000000,0.00000000,0.00000000,0.00000000,0.00000000,0.00000000,0.00000000,0.00000000,0.00000000,0.00000000,0.00000000,0.00000000,0.00000000,0.00000000,0.00000000,0.00000000,0.00000000,0.00000000,0.00000000,-0.00145524,0.00059853,-0.00074577,0.00088961,-0.00094972,0.00147892,-0.00136512,0.00071937,-0.00022660,-0.00007723,0.00036280,-0.00120090,-0.00148041,0.00141582,0.00055627,-0.00084145
-0.00050148,0.00047411,-0.00139813,0.00132117,-0.00076288,0.00083787,-0.00110131,0.00040803,-0.00149712,-0.00085882,-0.00156272,-0.00160941,0.00108597,-0.00180688,-0.00154194,0.00125509,-0.00193669,-0.00178851,0.00147535,0.00063867,-0.00151960,-0.00166123,-0.00139840,-0.00206364,0.00206927,-0.00238381,-0.00151292,-0.00147727,0.00005108,-0.00155547,-0.00192297,0.00166369,0.00024212,-0.00107499,-0.00131705,0.00163948,0.00096128,-0.00016654,0.00142344,-0.00192022,-0.00133502,-0.00136651,-0.00178943,0.00062262,0.00105682,-0.00103160,0.00005124,-0.00100433,0.00136572,0.00165357,0.00083917,-0.00175313,0.00163909,-0.00098772,0.00209102,-0.00020213,0.00050781,-0.00160669,-0.00175318,-0.00129120,-0.00166565,-0.00122527,0.00152004,0.00201552,0.00104615,0.00137512,0.00155083,0.00173350,-0.00076958,0.00068907,-0.00168526,-0.00165501,0.00006612,0.00062651,0.00188718,-0.00071871,-0.00144978,0.00180877,-0.00152261,0.00107451,0.00114829,-0.00157044,0.00096015,0.00156299,-0.00144345,0.00086926,0.00196177,-0.00136989,-0.00065929,-0.00142626,-0.00112822,-0.00141691,-0.00148654,-0.01186080,-0.00113381,-0.00016939,0.00091420,-0.00139238,-0.00082997,-0.00009063,0.00002560,0.00096759,0.00214266,0.00046164,-0.00012349,-0.00155399,-0.00184583,-0.00116644,0.00060716,0.00088877,-0.00152469,-0.00055527,-0.00154447,-0.00094084,-0.00011858,-0.00179431,-0.00095422,0.00144490,0.00175284,-0.00161306,-0.00069508,-0.00067355,-0.00187948,-0.00119333,0.00122807,-0.00055529,0.00105910,0.00115606,0.00000000,0.00000000,0.00000000,0.00000000,0.00000000,0.00000000,0.00000000,0.00000000,0.00000000,0.00000000,0.00000000,0.00000000,0.00000000,0.00000000,0.00000000,0.00000000,0.00000000,0.00000000,0.00000000,0.00000000,0.00000000,0.00000000,0.00000000,0.00000000,0.00000000,0.00000000,0.00000000,0.00000000,0.00000000,0.00000000,0.00000000,0.00000000,0.00000000,0.00000000,0.00000000,0.00000000,0.00000000,0.00000000,0.00000000,0.00000000,0.00000000,0.00000000,0.00000000,0.00000000,0.00000000,0.00000000,0.00000000,0.00000000,0.00149575,-0.00099727,0.00170484,-0.00112061,0.00126323,-0.00170151,0.00167692,-0.00125173,0.00021302,0.00096643,-0.00072309,0.00095717,0.00124928,-0.00178991,-0.00144409,0.00143775
0.00036488,-0.00070410,0.00080985,-0.00112514,0.00049444,0.00010903,0.00082314,-0.00004755,0.00138586,0.00034405,0.00095931,-0.00007704,-0.00124605,0.00169754,0.00097935,-0.00051967,0.00085375,0.00161462,-0.00101490,-0.00153473,0.00149878,0.00126805,0.00063255,0.00100518,-0.00096333,0.00172779,0.00094554,0.00094193,-0.00155080,0.00000691,0.00151489,-0.00134682,-0.00008079,0.00087394,0.00113532,-0.00116809,-0.00006539,-0.00044524,-0.00138539,0.00095533,0.00098554,0.00132715,0.00117808,-0.00032069,-0.00034357,0.00060657,-0.00041193,0.00096000,-0.00084831,-0.00082205,-0.00041293,0.00113267,-0.00150431,0.00015757,-0.00108560,-0.00102357,0.00045944,0.00080714,0.00105475,0.00063510,0.00046951,0.00041527,-0.00047834,-0.00049269,-0.00083040,-0.00027807,-0.00128804,-0.00151641,0.00080335,-0.00092949,0.00092193,0.00042501,0.00025053,-0.00001658,-0.00093117,0.00074445,0.00078186,-0.00105002,0.00116352,-0.00108872,-0.00073029,0.00068413,-0.00091828,-0.00072278,0.00098048,-0.00086240,-0.00138213,0.00083431,0.00041298,0.00168511,0.00137009,0.00100041,0.00067294,0.00112126,-0.00724362,-0.00103638,-0.00098818,0.00037233,-0.00008416,-0.00080542,0.00040237,0.00011245,-0.00123738,0.00022616,0.00011705,0.00098087,-0.00052117,-0.00012799,-0.00039819,-0.00041988,0.00150592,0.00116831,0.00101659,0.00095193,0.00076403,0.00048372,0.00128477,-0.00048184,-0.00092046,0.00038518,0.00070122,-0.00029079,0.00074201,0.00062882,-0.00015320,-0.00010452,0.00026960,-0.00092299,0.00000000,0.00000000,0.00000000,0.00000000,0.00000000,0.00000000,0.00000000,0.00000000,0.00000000,0.00000000,0.00000000,0.00000000,0.00000000,0.00000000,0.00000000,0.00000000,0.00000000,0.00000000,0.00000000,0.00000000,0.00000000,0.00000000,0.00000000,0.00000000,0.00000000,0.00000000,0.00000000,0.00000000,0.00000000,0.00000000,0.00000000,0.00000000,0.00000000,0.00000000,0.00000000,0.00000000,0.00000000,0.00000000,0.00000000,0.00000000,0.00000000,0.00000000,0.00000000,0.00000000,0.00000000,0.00000000,0.00000000,0.00000000,-0.00113233,0.00075991,-0.00108540,0.00124877,-0.00118790,0.00148546,-0.00118522,0.00140092,-0.00002626,-0.00042741,-0.00004905,-0.00070282,-0.00112322,0.00162796,0.00078803,-0.00157359
0.00026462,-0.00092921,0.00080757,-0.00113218,0.00053239,-0.00009813,0.00072308,-0.00046583,0.00155658,0.00044386,0.00125451,0.00042315,-0.00126779,0.00113315,0.00161302,-0.00165554,0.00092689,0.00104657,-0.00126905,-0.00041544,0.00155144,0.00100469,0.00112940,0.00122656,-0.00124023,0.00227300,0.00045977,0.00193020,-0.00054390,0.00063358,0.00159724,-0.00187719,-0.00080810,0.00143092,0.00135227,-0.00139240,-0.00096779,-0.00017197,-0.00150089,0.00174139,0.00083851,0.00123554,0.00145461,-0.00089972,-0.00070409,0.00068487,-0.00009469,0.00067986,-0.00104954,-0.00127743,-0.00061983,0.00144313,-0.00135103,0.00032453,-0.00097643,-0.00082446,-0.00012078,0.00116150,0.00098783,0.00099633,0.00177353,0.00065671,-0.00158815,-0.00072200,-0.00111971,-0.00078840,-0.00151529,-0.00141600,0.00086304,-0.00085066,0.00049858,0.00124665,0.00059747,-0.00014373,-0.00117270,0.00132139,0.00068007,-0.00013320,0.00146088,-0.00073270,-0.00104698,0.00108097,-0.00206412,-0.00045644,0.00119350,-0.00153352,-0.00144953,0.00090172,0.00004022,0.00120402,0.00094937,0.00064794,0.00107324,0.00084172,0.00079289,-0.01118048,-0.00113470,0.00032418,0.00063303,-0.00106058,-0.00030445,0.00013799,-0.00119179,-0.00017479,0.00086992,0.00112051,0.00067165,0.00083752,-0.00107308,-0.00114500,0.00094197,0.00102619,0.00085964,-0.00006945,0.00018157,0.00132226,0.00208893,-0.00125453,-0.00132123,0.00096719,0.00102587,0.00033807,0.00139425,0.00017446,-0.00070404,-0.00031409,-0.00073013,-0.00111330,0.00000000,0.00000000,0.00000000,0.00000000,0.00000000,0.00000000,0.00000000,0.00000000,0.00000000,0.00000000,0.00000000,0.00000000,0.00000000,0.00000000,0.00000000,0.00000000,0.00000000,0.00000000,0.00000000,0.00000000,0.00000000,0.00000000,0.00000000,0.00000000,0.00000000,0.00000000,0.00000000,0.00000000,0.00000000,0.00000000,0.00000000,0.00000000,0.00000000,0.00000000,0.00000000,0.00000000,0.00000000,0.00000000,0.00000000,0.00000000,0.00000000,0.00000000,0.00000000,0.00000000,0.00000000,0.00000000,0.00000000,0.00000000,-0.00137080,0.00048446,-0.00086216,0.00079397,-0.00095545,0.00169518,-0.00109768,0.00098024,0.00062565,-0.00118780,0.00012350,-0.00082920,-0.00050978,0.00138670,0.00098739,-0.00105142
0.00021182,0.00017702,0.00189592,-0.00174478,0.00030545,-0.00140959,0.00088400,-0.00023685,0.00211354,0.00078706,0.00225404,0.00176092,-0.00100723,0.00215354,0.00190420,-0.00113605,0.00236893,0.00275951,-0.00216331,-0.00021377,0.00138502,0.00120174,0.00175556,0.00126031,-0.00228062,0.00176803,0.00162043,0.00158793,0.00002049,0.00188418,0.00196285,-0.00240171,-0.00031713,0.00148146,0.00177106,-0.00141959,-0.00070049,-0.00005846,-0.00159765,0.00186957,0.00136202,0.00213153,0.00154453,-0.00096808,-0.00116280,0.00111907,0.00040951,0.00088895,-0.00116217,-0.00226503,-0.00185670,0.00141923,-0.00231840,0.00135591,-0.00210751,0.00067237,-0.00076807,0.00118198,0.00224366,0.00152848,0.00179993,0.00237309,-0.00203147,-0.00141180,-0.00100129,-0.00147793,-0.00203436,-0.00211282,0.00107269,-0.00117946,0.00169647,0.00250240,0.00080685,-0.00095573,-0.00193778,-0.00058657,0.00092339,-0.00156382,0.00128475,0.00041034,-0.00144681,0.00149891,-0.00167795,-0.00113997,0.00108045,-0.00064114,-0.00245558,0.00201968,-0.00047376,0.00136387,0.00191290,0.00139659,0.00166544,0.00029594,0.00195896,0.00046166,-0.01211435,0.00081785,0.00089505,0.00044208,-0.00061434,-0.00087487,-0.00205653,-0.00181910,0.00153997,0.00078713,0.00130585,0.00128849,-0.00173751,-0.00263628,0.00125243,0.00013561,0.00062599,0.00030342,-0.00022020,0.00110908,-0.00024680,-0.00291731,-0.00158187,0.00227663,0.00023405,0.00125909,0.00244275,0.00042380,-0.00154818,0.00043626,-0.00173347,-0.00032920,0.00000000,0.00000000,0.00000000,0.00000000,0.00000000,0.00000000,0.00000000,0.00000000,0.00000000,0.00000000,0.00000000,0.00000000,0.00000000,0.00000000,0.00000000,0.00000000,0.00000000,0.00000000,0.00000000,0.00000000,0.00000000,0.00000000,0.00000000,0.00000000,0.00000000,0.00000000,0.00000000,0.00000000,0.00000000,0.00000000,0.00000000,0.00000000,0.00000000,0.00000000,0.00000000,0.00000000,0.00000000,0.00000000,0.00000000,0.00000000,0.00000000,0.00000000,0.00000000,0.00000000,0.00000000,0.00000000,0.00000000,0.00000000,-0.00133171,0.00071126,-0.00155177,0.00123647,-0.00187999,0.00190433,-0.00174332,0.00107972,-0.00067023,-0.00166467,0.00082841,-0.00147638,-0.00231874,0.00157556,0.00219788,-0.00153495
0.00019783,-0.00035749,-0.00032171,-0.00080601,0.00068177,0.00122006,0.00049129,0.00039821,0.00095152,-0.00014288,0.00078969,0.00058594,-0.00142881,0.00121091,0.00003086,-0.00030198,0.00100762,0.00083774,-0.00117755,-0.00088981,-0.00016882,0.00057962,0.00012742,0.00010224,-0.00115600,-0.00004715,0.00035763,0.00065475,-0.00087228,0.00008456,0.00080847,-0.00052197,-0.00067596,0.00081716,0.00122038,-0.00081618,-0.00091492,-0.00026152,-0.00050572,0.00057486,0.00062797,0.00089549,0.00075839,-0.00020099,-0.00027370,0.00020459,-0.00004344,0.00072098,-0.00122978,-0.00119704,0.00003373,0.00115847,-0.00052697,0.00037707,0.00037015,-0.00058729,0.00020416,0.00105412,0.00084137,0.00009832,0.00043482,0.00020789,-0.00035045,-0.00017053,0.00018460,0.00036044,-0.00055982,-0.00113218,0.00066370,-0.00022742,-0.00015147,-0.00029945,-0.00035252,0.00017559,-0.00177202,0.00034204,-0.00046467,-0.00042201,0.00168341,-0.00018660,-0.00065639,0.00097828,-0.00009602,-0.00079484,-0.00057352,-0.00149162,-0.00116974,0.00043353,0.00014162,0.00079433,0.00084245,-0.00055006,0.00066890,-0.00005120,0.00034849,-0.00054454,-0.00102718,-0.01267550,0.00046231,0.00021185,0.00027039,0.00026224,-0.00109455,0.00049463,-0.00017312,0.00008684,0.00016671,0.00063576,-0.00000011,-0.00095357,0.00019694,0.00043533,-0.00024380,-0.00047009,0.00002258,0.00072702,0.00092961,0.00004943,-0.00075314,0.00081950,0.00107641,-0.00061725,0.00073232,0.00061484,-0.00030816,-0.00092680,0.00034749,-0.00035415,0.00000000,0.00000000,0.00000000,0.00000000,0.00000000,0.00000000,0.00000000,0.00000000,0.00000000,0.00000000,0.00000000,0.00000000,0.00000000,0.00000000,0.00000000,0.00000000,0.00000000,0.00000000,0.00000000,0.00000000,0.00000000,0.00000000,0.00000000,0.00000000,0.00000000,0.00000000,0.00000000,0.00000000,0.00000000,0.00000000,0.00000000,0.00000000,0.00000000,0.00000000,0.00000000,0.00000000,0.00000000,0.00000000,0.00000000,0.00000000,0.00000000,0.00000000,0.00000000,0.00000000,0.00000000,0.00000000,0.00000000,0.00000000,-0.00046382,0.00010370,-0.00083015,0.00025684,-0.00073329,0.00101259,-0.00069731,0.00090724,-0.00070086,-0.00028268,-0.00009494,-0.00066333,-0.00108388,0.00077050,0.00106098,-0.00048716
-0.00011389,0.00019192,0.00040244,-0.00093526,-0.00026010,-0.00011540,0.00041891,-0.00005350,0.00114786,-0.00032962,0.00087122,0.00017358,-0.00037751,0.00109994,0.00037708,-0.00076952,0.00114801,0.00079294,-0.00094695,-0.00036522,0.00108995,0.00085490,0.00059308,0.00104785,-0.00044663,0.00092765,0.00030024,0.00055804,-0.00115245,-0.00028115,0.00097294,-0.00116412,0.00000354,0.00169742,0.00153421,-0.00053494,-0.00068928,0.00011737,-0.00073820,0.00146660,0.00002580,0.00038467,0.00068030,-0.00066305,-0.00017100,0.00084033,-0.00045479,0.00084602,-0.00083264,-0.00070713,-0.00012873,0.00032876,-0.00161566,0.00060698,-0.00015775,0.00006581,0.00042733,0.00044549,0.00056053,0.00000460,0.00032334,0.00112477,-0.00112412,-0.00047057,-0.00013081,-0.00088016,-0.00098198,-0.00099182,0.00029434,-0.00043760,0.00050590,0.00133603,0.00054595,0.00044250,-0.00089820,0.00056182,0.00070121,-0.00120781,0.00153265,-0.00084942,-0.00049194,0.00077420,-0.00072402,-0.00077798,0.00058343,-0.00113134,-0.00123073,0.00104856,-0.00021686,0.00172663,0.00201577,0.00034479,0.00045086,0.00049622,0.00062554,-0.00029166,-0.00063496,0.00090070,-0.01157218,-0.00089405,0.00151863,-0.00011060,-0.00060119,-0.00020119,0.00049013,-0.00006027,0.00028957,0.00028948,-0.00009651,-0.00054192,0.00158089,0.00036049,0.00058072,0.00133210,0.00043454,0.00046137,0.00156630,-0.00146674,-0.00055137,0.00048806,-0.00044964,-0.00035706,0.00084717,0.00064460,-0.00059628,-0.00004487,-0.00018420,-0.00081594,0.00000000,0.00000000,0.00000000,0.00000000,0.00000000,0.00000000,0.00000000,0.00000000,0.00000000,0.00000000,0.00000000,0.00000000,0.00000000,0.00000000,0.00000000,0.00000000,0.00000000,0.00000000,0.00000000,0.00000000,0.00000000,0.00000000,0.00000000,0.00000000,0.00000000,0.00000000,0.00000000,0.00000000,0.00000000,0.00000000,0.00000000,0.00000000,0.00000000,0.00000000,0.00000000,0.00000000,0.00000000,0.00000000,0.00000000,0.00000000,0.00000000,0.00000000,0.00000000,0.00000000,0.00000000,0.00000000,0.00000000,0.00000000,-0.00149001,0.00053372,-0.00034731,0.00075791,-0.00087043,0.00175345,-0.00150514,0.00100068,0.00021888,-0.00115372,0.00007195,-0.00080718,-0.00161271,0.00150816,0.00053769,-0.00131478
-0.00053925,-0.00000694,0.00071885,-0.00039580,-0.00025152,0.00004521,0.00049623,-0.00034453,0.00069045,0.00098156,0.00096626,-0.00034010,-0.00037711,0.00033546,0.00050020,-0.00022704,-0.00035500,-0.00070029,-0.00084417,-0.00065423,0.00042338,0.00070376,0.00008033,0.00020348,-0.00039833,0.00022920,-0.00024342,-0.00044163,0.00009554,0.00049878,0.00058465,-0.00109701,0.00026320,0.00004671,0.00029618,-0.00129894,-0.00057777,0.00038947,-0.00060083,0.00074023,-0.00031721,0.00075919,0.00088084,-0.00067704,-0.00084977,0.00057029,0.00031336,0.00052708,0.00020664,-0.00020955,-0.00103644,-0.00001667,-0.00023650,-0.00000588,-0.00051906,0.00003566,-0.00016082,0.00104528,0.00018068,0.00057830,-0.00000018,0.00074264,0.00005043,-0.00069790,-0.00031992,-0.00052503,-0.00087371,-0.00001571,0.00015255,-0.00000624,0.00019832,0.00010855,-0.00004284,0.00007755,-0.00077440,0.00061994,0.00025172,-0.00093441,0.00017704,-0.00033377,-0.00075011,0.00056606,-0.00044703,-0.00034175,0.00080351,-0.00008375,0.00010157,-0.00005226,-0.00050246,0.00055011,0.00098699,0.00045764,0.00053246,-0.00057995,0.00080062,-0.00058817,-0.00012378,0.00086727,-0.00057151,-0.01143524,0.00000494,-0.00017809,-0.00036969,0.00007177,0.00009231,0.00025364,0.00079819,0.00073944,-0.00010789,-0.00034269,0.00079661,0.00006657,0.00050700,0.00045484,-0.00001929,0.00033971,0.00023038,-0.00059606,-0.00082277,0.00075111,0.00121324,0.00008911,0.00000457,0.00032113,-0.00020756,0.00012647,-0.00109156,0.00002435,0.00000000,0.00000000,0.00000000,0.00000000,0.00000000,0.00000000,0.00000000,0.00000000,0.00000000,0.00000000,0.00000000,0.00000000,0.00000000,0.00000000,0.00000000,0.00000000,0.00000000,0.00000000,0.00000000,0.00000000,0.00000000,0.00000000,0.00000000,0.00000000,0.00000000,0.00000000,0.00000000,0.00000000,0.00000000,0.00000000,0.00000000,0.00000000,0.00000000,0.00000000,0.00000000,0.00000000,0.00000000,0.00000000,0.00000000,0.00000000,0.00000000,0.00000000,0.00000000,0.00000000,0.00000000,0.00000000,0.00000000,0.00000000,0.00046985,0.00123061,-0.00063599,0.00065581,-0.00022886,0.00026891,-0.00012650,0.00046033,-0.00012595,-0.00019304,0.00100298,-0.00031397,-0.00051324,0.00046921,0.00061501,-0.00091476
-0.00019987,0.00045428,-0.00126921,0.00178502,-0.00007606,0.00090961,-0.00107718,-0.00014256,-0.00183444,-0.00115495,-0.00186026,-0.00052621,0.00119863,-0.00164768,-0.00180412,0.00135861,-0.00163142,-0.00215811,0.00147827,0.00098532,-0.00122807,-0.00165007,-0.00101583,-0.00177503,0.00186392,-0.00187977,-0.00150394,-0.00130863,0.00111896,-0.00038218,-0.00226932,0.00189288,0.00051905,-0.00216352,-0.00211558,0.00209086,0.00157154,0.00000079,0.00153733,-0.00202707,-0.00122492,-0.00166349,-0.00183897,0.00087316,0.00084519,-0.00200941,-0.00012115,-0.00124041,0.00177908,0.00225447,0.00156965,-0.00146560,0.00168629,-0.00091230,0.00148583,-0.00042509,0.00021682,-0.00191284,-0.00218332,-0.00195914,-0.00202322,-0.00137226,0.00163714,0.00108765,0.00144194,0.00108186,0.00196637,0.00178625,-0.00122083,0.00051854,-0.00151844,-0.00136053,-0.00021929,-0.00039975,0.00184877,-0.00032962,-0.00178968,0.00138697,-0.00111600,0.00051119,0.00181043,-0.00198000,0.00108017,0.00158888,-0.00119388,0.00166013,0.00184929,-0.00128260,-0.00014416,-0.00119112,-0.00266185,-0.00117497,-0.00229958,-0.00118010,-0.00123167,0.00044008,0.00074013,-0.00090904,0.00032173,0.00061353,-0.01036585,0.00056064,0.00207246,0.00125633,-0.00049530,-0.00154458,-0.00071103,-0.00071363,0.00113083,0.00135943,-0.00186608,-0.00076831,-0.00162176,-0.00103555,-0.00052500,-0.00116394,-0.00187939,0.00196052,0.00191545,-0.00168809,-0.00009385,0.00042839,-0.00216491,-0.00078472,0.00119315,-0.00120666,0.00068771,0.00095111,0.00000000,0.00000000,0.00000000,0.00000000,0.00000000,0.00000000,0.00000000,0.00000000,0.00000000,0.00000000,0.00000000,0.00000000,0.00000000,0.00000000,0.00000000,0.00000000,0.00000000,0.00000000,0.00000000,0.00000000,0.00000000,0.00000000,0.00000000,0.00000000,0.00000000,0.00000000,0.00000000,0.00000000,0.00000000,0.00000000,0.00000000,0.00000000,0.00000000,0.00000000,0.00000000,0.00000000,0.00000000,0.00000000,0.00000000,0.00000000,0.00000000,0.00000000,0.00000000,0.00000000,0.00000000,0.00000000,0.00000000,0.00000000,0.00241652,0.00019940,0.00218574,-0.00137429,0.00091629,-0.00239097,0.00112110,-0.00212244,-0.00013741,0.00220118,-0.00037786,0.00147836,0.00219123,-0.00202669,-0.00095954,0.00192992
-0.00063475,0.00049367,-0.00158665,0.00105436,-0.00011078,0.00061687,-0.00027142,-0.00011613,-0.00138930,-0.00095728,-0.00201804,-0.00078431,0.00163844,-0.00130992,-0.00061389,0.00117961,-0.00128566,-0.00128550,0.00164001,0.00077993,-0.00124408,-0.00169211,-0.00109149,-0.00109535,0.00157329,-0.00065037,-0.00064534,-0.00129647,0.00105490,-0.00023350,-0.00180527,0.00159776,0.00021754,-0.00169178,-0.00143226,0.00151923,0.00112336,-0.00149708,0.00153818,-0.00156919,-0.00114342,-0.00113938,-0.00136484,0.00087559,0.00091907,-0.00174973,0.00031929,-0.00129858,0.00155865,0.00162800,0.00113862,-0.00133843,0.00198810,0.00010091,0.00061273,0.00001317,-0.00095905,-0.00069979,-0.00216951,-0.00163167,-0.00085506,-0.00109127,0.00127629,0.00156073,0.00041423,0.00083336,0.00137165,0.00116153,-0.00054955,0.00027449,-0.00093550,-0.00036081,-0.00103678,-0.00013086,0.00088008,0.00012450,-0.00087426,0.00110666,-0.00084910,0.00098664,0.00161933,-0.00149907,0.00125204,0.00068746,-0.00061814,0.00116839,0.00148007,-0.00114783,-0.00097335,-0.00080710,-0.00156027,-0.00043680,-0.00147174,-0.00009959,-0.00136037,0.00038931,0.00062030,-0.00054088,-0.00079941,0.00035827,0.00085868,-0.01146907,0.00172118,0.00066720,-0.00052747,-0.00090915,-0.00028707,-0.00039161,0.00030747,0.00139985,-0.00192077,-0.00146349,-0.00086980,-0.00068938,-0.00024381,-0.00113436,-0.00058702,0.00134001,0.00131713,-0.00134996,-0.00113296,-0.00049471,-0.00163023,-0.00109188,0.00046762,0.00023313,0.00080663,0.00073315,0.00000000,0.00000000,0.00000000,0.00000000,0.00000000,0.00000000,0.00000000,0.00000000,0.00000000,0.00000000,0.00000000,0.00000000,0.00000000,0.00000000,0.00000000,0.00000000,0.00000000,0.00000000,0.00000000,0.00000000,0.00000000,0.00000000,0.00000000,0.00000000,0.00000000,0.00000000,0.00000000,0.00000000,0.00000000,0.00000000,0.00000000,0.00000000,0.00000000,0.00000000,0.00000000,0.00000000,0.00000000,0.00000000,0.00000000,0.00000000,0.00000000,0.00000000,0.00000000,0.00000000,0.00000000,0.00000000,0.00000000,0.00000000,0.00135290,-0.00033417,0.00051277,-0.00085848,0.00123580,-0.00170224,0.00151094,-0.00174949,0.00014203,0.00137325,0.00037567,0.00065603,0.00163582,-0.00084831,-0.00179514,0.00220330
-0.00019959,0.00002630,0.00009279,-0.00065522,-0.00009114,-0.00066438,-0.00093642,0.00001342,0.00058947,-0.00028612,0.00015530,0.00030151,0.00038804,0.00031895,0.00099143,0.00004801,0.00035228,0.00003537,-0.00015766,-0.00013347,0.00094251,0.00059220,0.00076517,0.00052595,0.00006979,0.00029385,0.00044749,0.00106701,0.00056935,-0.00022967,0.00137851,-0.00025660,0.00001293,-0.00009670,-0.00018974,-0.00007230,-0.00075141,0.00010129,-0.00025876,0.00078296,0.00118234,0.00117453,0.00029854,0.00010246,-0.00045861,-0.00021060,0.00020409,-0.00025856,-0.00021117,-0.00012941,-0.00052498,0.00005663,-0.00024543,0.00020533,-0.00071301,0.00008495,-0.00089358,0.00092396,-0.00002729,0.00059445,0.00076194,0.00053457,-0.00081593,-0.00042128,-0.00046690,-0.00030980,-0.00022808,-0.00068448,0.00031085,0.00011036,0.00018806,-0.00028692,0.00051659,-0.00105505,0.00029549,-0.00028286,0.00061675,-0.00021743,-0.00004765,0.00025250,-0.00035703,0.00040131,-0.00075312,-0.00042206,0.00120497,0.00058481,-0.00040659,0.00051042,-0.00078130,-0.00065408,-0.00038477,0.00020288,-0.00022695,0.00064241,0.00064359,0.00028579,-0.00029756,0.00006977,0.00057007,-0.00006348,-0.00051483,-0.00001502,-0.01194590,-0.00040376,0.00019159,0.00122049,0.00088519,0.00058887,-0.00051203,0.00052546,-0.00009018,-0.00124237,0.00002117,0.00057555,-0.00057624,0.00084762,-0.00107036,-0.00028598,-0.00056651,0.00066634,0.00024615,0.00046374,0.00061649,0.00003522,-0.00007581,0.00075054,-0.00149823,0.00035853,0.00000000,0.00000000,0.00000000,0.00000000,0.00000000,0.00000000,0.00000000,0.00000000,0.00000000,0.00000000,0.00000000,0.00000000,0.00000000,0.00000000,0.00000000,0.00000000,0.00000000,0.00000000,0.00000000,0.00000000,0.00000000,0.00000000,0.00000000,0.00000000,0.00000000,0.00000000,0.00000000,0.00000000,0.00000000,0.00000000,0.00000000,0.00000000,0.00000000,0.00000000,0.00000000,0.00000000,0.00000000,0.00000000,0.00000000,0.00000000,0.00000000,0.00000000,0.00000000,0.00000000,0.00000000,0.00000000,0.00000000,0.00000000,-0.00017460,-0.00001208,-0.00024807,0.00044380,0.00075978,-0.00019283,-0.00057304,-0.00022242,0.00034940,-0.00069614,0.00023475,-0.00022677,-0.00010917,-0.00007733,0.00004533,-0.00059236
-0.00098940,0.00064486,-0.00067724,0.00080653,-0.00122603,0.00034426,0.00000792,-0.00007345,-0.00135614,-0.00096364,-0.00118703,-0.00044697,0.00087669,-0.00152396,-0.00096876,0.00139559,-0.00064518,-0.00141003,0.00105431,0.00108484,-0.00132880,-0.00082243,-0.00099536,-0.00076310,0.00145479,-0.00196886,0.00027133,-0.00140833,0.00114895,-0.00032927,-0.00131665,0.00162697,-0.00015075,-0.00152133,-0.00091608,0.00075712,0.00044091,-0.00026958,0.00109198,-0.00089762,-0.00085042,-0.00128553,-0.00139805,0.00028684,0.00014118,-0.00113177,0.00038138,-0.00131797,0.00118037,0.00163372,0.00034900,-0.00152370,0.00129423,-0.00067373,0.00117523,0.00046567,-0.00059592,-0.00028064,-0.00034339,-0.00019482,-0.00113236,-0.00131252,0.00032015,0.00109944,0.00088781,0.00011431,0.00087175,0.00070363,-0.00040608,0.00034253,-0.00037514,-0.00092380,-0.00016451,-0.00054131,0.00197346,-0.00132289,-0.00000572,0.00130138,-0.00125064,0.00080407,0.00062931,-0.00153547,0.00145069,-0.00014892,-0.00075025,0.00102804,0.00122637,-0.00054699,-0.00117745,-0.00139865,-0.00157919,-0.00067369,-0.00153306,-0.00116659,-0.00081510,0.00028603,0.00033500,-0.00007107,-0.00055475,0.00078344,-0.00009197,-0.00011266,0.00108531,-0.01105121,-0.00047543,-0.00049912,-0.00083205,-0.00029724,0.00087791,0.00061064,-0.00099770,-0.00084610,-0.00086791,-0.00094612,-0.00022133,-0.00081759,-0.00078937,0.00124154,0.00090912,-0.00134979,-0.00105919,0.00002099,-0.00073320,-0.00149570,0.00053828,0.00000532,-0.00014471,0.00059939,0.00000000,0.00000000,0.00000000,0.00000000,0.00000000,0.00000000,0.00000000,0.00000000,0.00000000,0.00000000,0.00000000,0.00000000,0.00000000,0.00000000,0.00000000,0.00000000,0.00000000,0.00000000,0.00000000,0.00000000,0.00000000,0.00000000,0.00000000,0.00000000,0.00000000,0.00000000,0.00000000,0.00000000,0.00000000,0.00000000,0.00000000,0.00000000,0.00000000,0.00000000,0.00000000,0.00000000,0.00000000,0.00000000,0.00000000,0.00000000,0.00000000,0.00000000,0.00000000,0.00000000,0.00000000,0.00000000,0.00000000,0.00000000,0.00103823,0.00011385,0.00120201,-0.00084779,0.00141838,-0.00125043,0.00062214,-0.00120144,0.00061385,0.00071588,0.00018117,0.00020388,0.00105079,-0.00144730,-0.00063273,0.00133805
0.00017035,-0.00075821,0.00047504,-0.00053593,0.00044555,0.00006326,0.00009846,0.00024182,0.00034466,0.00006317,0.00083341,-0.00023516,-0.00009105,0.00053971,0.00029216,-0.00018737,0.00113843,-0.00001834,-0.00014085,-0.00051603,0.00004070,0.00054738,0.00015313,-0.00023930,-0.00067625,0.00077821,0.00068900,-0.00031231,-0.00056308,0.00067391,0.00028321,-0.00008073,0.00007810,0.00096183,0.00121242,0.00012135,-0.00038372,0.00075294,-0.00028008,-0.00012609,-0.00017191,0.00063294,0.00120180,-0.00006376,-0.00012934,0.00089045,0.00007103,0.00019558,-0.00085625,-0.00061772,-0.00029645,0.00072267,-0.00081663,-0.00063801,-0.00041971,0.00032115,0.00093707,0.00002964,0.00095638,0.00012423,0.00000038,-0.00014767,-0.00057641,-0.00034108,-0.00021333,0.00018476,-0.00006267,-0.00117064,0.00035524,-0.00094100,0.00087749,0.00093577,-0.00012106,0.00013879,-0.00040700,0.00020510,0.00007247,-0.00015439,0.00106662,0.00026086,-0.00044396,0.00094769,0.00007228,-0.00040614,-0.00029526,-0.00055527,-0.00124072,-0.00003190,0.00033960,0.00005837,0.00051513,-0.00024582,0.00074857,0.00088957,-0.00024203,-0.00011673,-0.00015850,-0.00014431,-0.00017873,-0.00026823,0.00036256,0.00032221,-0.00051366,-0.00036725,-0.01139892,0.00034376,-0.00047023,0.00026451,-0.00051261,-0.00008166,0.00066500,-0.00004506,0.00013528,0.00018784,0.00055880,0.00075573,0.00014931,-0.00006745,-0.00011800,0.00035306,-0.00022201,-0.00057638,0.00100795,-0.00068325,-0.00065302,-0.00004701,-0.00051421,-0.00036796,0.00000000,0.00000000,0.00000000,0.00000000,0.00000000,0.00000000,0.00000000,0.00000000,0.00000000,0.00000000,0.00000000,0.00000000,0.00000000,0.00000000,0.00000000,0.00000000,0.00000000,0.00000000,0.00000000,0.00000000,0.00000000,0.00000000,0.00000000,0.00000000,0.00000000,0.00000000,0.00000000,0.00000000,0.00000000,0.00000000,0.00000000,0.00000000,0.00000000,0.00000000,0.00000000,0.00000000,0.00000000,0.00000000,0.00000000,0.00000000,0.00000000,0.00000000,0.00000000,0.00000000,0.00000000,0.00000000,0.00000000,0.00000000,-0.00009001,0.00016180,-0.00037666,-0.00005417,-0.00033846,0.00123741,0.00034327,0.00087974,-0.00016290,-0.00022203,0.00062138,-0.00068532,-0.00068530,0.00019577,0.00042152,-0.00113359
-0.00041342,-0.00050440,0.00056756,-0.00103527,0.00044354,0.00040935,0.00078759,-0.00084734,0.00153316,-0.00050065,0.00109139,0.00028904,-0.00079485,0.00075943,0.00066851,0.00064480,0.00060399,0.00100298,-0.00117379,-0.00083321,0.00039844,0.00024156,0.00009459,-0.00016570,-0.00146186,0.00063221,-0.00026468,-0.00088373,-0.00096202,0.00046904,0.00131579,-0.00093764,0.00032551,0.00117932,0.00141947,-0.00026387,-0.00003345,0.00059147,0.00008857,0.00004949,0.00073909,0.00060679,0.00043806,-0.00036124,0.00028406,0.00040604,-0.00025115,-0.00002206,-0.00032191,-0.00028378,0.00028757,0.00103089,-0.00068287,0.00005940,-0.00040519,-0.00026549,0.00046986,-0.00022537,-0.00034851,-0.00056557,0.00027029,0.00164198,-0.00041300,-0.00016074,-0.00035331,-0.00007000,-0.00043726,-0.00079797,0.00005565,-0.00074722,-0.00009910,0.00019434,-0.00031382,0.00045098,-0.00122792,0.00164712,-0.00100205,-0.00039747,0.00087009,-0.00053094,0.00022018,0.00090107,-0.00019261,-0.00004749,-0.00034546,-0.00089959,-0.00140897,0.00055219,0.00026221,0.00095275,0.00108923,-0.00110494,0.00120831,0.00028539,0.00067868,-0.00028322,-0.00117826,0.00000892,-0.00080013,-0.00026733,0.00017210,0.00037300,-0.00050664,0.00066373,0.00025038,-0.01261660,0.00009578,0.00043287,-0.00129339,-0.00074105,0.00026867,-0.00011098,0.00087451,-0.00050959,0.00013747,-0.00008011,0.00138683,-0.00009515,-0.00064369,0.00032588,0.00055870,-0.00001089,0.00041286,0.00057643,-0.00017989,-0.00095648,0.00071023,-0.00115522,0.00000000,0.00000000,0.00000000,0.00000000,0.00000000,0.00000000,0.00000000,0.00000000,0.00000000,0.00000000,0.00000000,0.00000000,0.00000000,0.00000000,0.00000000,0.00000000,0.00000000,0.00000000,0.00000000,0.00000000,0.00000000,0.00000000,0.00000000,0.00000000,0.00000000,0.00000000,0.00000000,0.00000000,0.00000000,0.00000000,0.00000000,0.00000000,0.00000000,0.00000000,0.00000000,0.00000000,0.00000000,0.00000000,0.00000000,0.00000000,0.00000000,0.00000000,0.00000000,0.00000000,0.00000000,0.00000000,0.00000000,0.00000000,-0.00012942,0.00019940,-0.00072089,0.00099018,-0.00204015,0.00186433,-0.00028212,0.00086305,-0.00003891,-0.00107600,-0.00028662,-0.00036142,-0.00094380,0.00115285,0.00073413,-0.00105054
0.00045718,-0.00021794,0.00160150,-0.00170622,0.00123776,-0.00056548,0.00048452,-0.00005087,0.00219253,0.00100925,0.00205512,0.00081331,-0.00220222,0.00211481,0.00148719,-0.00146216,0.00188321,0.00179757,-0.00176108,-0.00091632,0.00140316,0.00124523,0.00110855,0.00179731,-0.00201184,0.00167429,0.00099638,0.00097311,-0.00207627,0.00133139,0.00164755,-0.00203018,-0.00002483,0.00193809,0.00187394,-0.00145512,-0.00066409,0.00014422,-0.00170414,0.00103369,0.00099278,0.00155900,0.00206413,-0.00087647,-0.00142208,0.00148435,0.00000994,0.00189340,-0.00138736,-0.00213967,-0.00146240,0.00181997,-0.00214902,0.00105702,-0.00122399,-0.00035080,0.00019401,0.00134081,0.00201174,0.00153574,0.00159236,0.00135910,-0.00189025,-0.00147904,-0.00087884,-0.00141189,-0.00148644,-0.00217515,0.00102907,-0.00107986,0.00174924,0.00147330,0.00090066,-0.00013186,-0.00199780,0.00090685,0.00129961,-0.00171533,0.00208745,-0.00102128,-0.00158969,0.00164351,-0.00156419,-0.00117915,0.00098694,-0.00157019,-0.00204942,0.00160648,0.00036678,0.00173553,0.00200211,0.00092174,0.00189376,0.00038604,0.00095935,-0.00013631,-0.00117524,0.00148991,0.00073951,-0.00032749,0.00030476,0.00010927,-0.00173402,-0.00089061,0.00095947,0.00183403,-0.00879323,0.00103431,-0.00106508,-0.00145389,0.00252258,0.00111281,0.00131030,0.00128662,0.00028541,0.00122721,0.00133876,-0.00184603,-0.00152981,0.00242302,0.00064600,0.00022988,0.00191855,0.00138323,-0.00171776,0.00007685,-0.00151990,-0.00127019,0.00000000,0.00000000,0.00000000,0.00000000,0.00000000,0.00000000,0.00000000,0.00000000,0.00000000,0.00000000,0.00000000,0.00000000,0.00000000,0.00000000,0.00000000,0.00000000,0.00000000,0.00000000,0.00000000,0.00000000,0.00000000,0.00000000,0.00000000,0.00000000,0.00000000,0.00000000,0.00000000,0.00000000,0.00000000,0.00000000,0.00000000,0.00000000,0.00000000,0.00000000,0.00000000,0.00000000,0.00000000,0.00000000,0.00000000,0.00000000,0.00000000,0.00000000,0.00000000,0.00000000,0.00000000,0.00000000,0.00000000,0.00000000,-0.00219587,0.00036739,-0.00126303,0.00191087,-0.00169695,0.00196511,-0.00140452,0.00142110,-0.00011781,-0.00118186,-0.00001510,-0.00132885,-0.00192776,0.00173996,0.00145280,-0.00289396
0.00048924,0.00019445,0.00033827,0.00006274,-0.00007328,0.00044683,0.00045824,-0.00037407,0.00163869,-0.00013467,0.00051111,0.00035043,-0.00091790,-0.00012150,-0.00036065,0.00002047,0.00069189,-0.00005915,-0.00031097,-0.00076995,0.00011119,-0.00038060,0.00018470,-0.00057166,-0.00031949,0.00000246,-0.00035484,0.00012380,-0.00053521,0.00039540,0.00014455,-0.00098297,-0.00041881,0.00091065,0.00065562,-0.00035169,0.00004154,-0.00005019,-0.00112033,-0.00003315,-0.00002375,-0.00022646,0.00039914,-0.00014099,0.00037241,0.00021493,-0.00046919,-0.00040206,-0.00003461,-0.00038129,0.00012264,0.00107881,-0.00057273,0.00024039,0.00013517,0.00095902,0.00031507,0.00058381,0.00007591,-0.00031577,0.00041334,0.00000742,-0.00009725,-0.00051949,0.00081034,-0.00003812,0.00033261,-0.00086998,0.00048547,0.00013041,-0.00028857,0.00066052,0.00013744,0.00010175,-0.00117026,0.00055384,-0.00045876,0.00056226,0.00100628,0.00001775,-0.00015519,0.00114175,-0.00024572,-0.00018621,0.00029574,-0.00056876,-0.00111545,0.00067619,0.00046582,-0.00005462,0.00064527,0.00039192,0.00003251,0.00055711,-0.00012588,0.00003387,-0.00074999,0.00030870,-0.00037065,0.00014777,0.00056174,0.00087404,-0.00020680,0.00042179,0.00014260,0.00038623,-0.00082661,-0.01155337,-0.00062502,-0.00051958,0.00088225,0.00038132,0.00054822,-0.00028274,0.00037560,-0.00027620,0.00091139,-0.00046856,-0.00096797,0.00046457,0.00038642,-0.00022332,0.00063811,0.00069735,-0.00027479,-0.00046978,0.00094010,-0.00089488,0.00000000,0.00000000,0.00000000,0.00000000,0.00000000,0.00000000,0.00000000,0.00000000,0.00000000,0.00000000,0.00000000,0.00000000,0.00000000,0.00000000,0.00000000,0.00000000,0.00000000,0.00000000,0.00000000,0.00000000,0.00000000,0.00000000,0.00000000,0.00000000,0.00000000,0.00000000,0.00000000,0.00000000,0.00000000,0.00000000,0.00000000,0.00000000,0.00000000,0.00000000,0.00000000,0.00000000,0.00000000,0.00000000,0.00000000,0.00000000,0.00000000,0.00000000,0.00000000,0.00000000,0.00000000,0.00000000,0.00000000,0.00000000,-0.00067912,-0.00044983,-0.00077265,0.00025356,-0.00054382,0.00159891,-0.00054815,0.00029902,-0.00019365,-0.00180524,-0.00036904,-0.00006685,-0.00034787,0.00077469,0.00041234,-0.00067170
0.00037803,0.00057766,0.00051377,0.00044166,-0.00052511,-0.00021499,-0.00008655,-0.00020754,-0.00015061,0.00043886,-0.00021567,-0.00051118,-0.00010014,-0.00024396,-0.00020733,0.00013848,0.00010051,-0.00013582,-0.00008561,0.00059748,0.00086829,-0.00045828,-0.00034088,0.00059944,0.00005922,0.00045785,0.00076858,-0.00060668,0.00066269,0.00049418,-0.00038836,-0.00009793,0.00101546,-0.00071638,0.00036210,0.00013280,-0.00097277,0.00011443,0.00032328,0.00018792,-0.00003055,0.00008601,0.00062114,0.00010336,-0.00002971,-0.00027744,0.00055165,0.00039943,-0.00035710,0.00058519,-0.00014846,0.00003378,-0.00029256,0.00031063,0.00002649,0.00034261,-0.00066539,0.00111181,0.00009424,-0.00023194,-0.00014566,0.00057757,-0.00017532,0.00055201,-0.00102376,-0.00020668,-0.00028300,0.00004125,-0.00048950,-0.00072866,0.00095072,-0.00021885,0.00063009,-0.00009615,0.00016782,-0.00109024,-0.00005254,-0.00005801,-0.00054645,0.00156900,-0.00018374,-0.00071244,0.00014764,0.00013375,0.00007398,-0.00021047,0.00042294,0.00046807,-0.00054973,-0.00092896,-0.00097330,0.00030260,0.00085065,-0.00121051,0.00029942,0.00038470,0.00071135,0.00010444,0.00040173,0.00049495,-0.00049281,-0.00108245,0.00022230,-0.00031427,-0.00019968,-0.00064324,0.00090471,-0.00055026,-0.01328809,-0.00048074,0.00007721,-0.00131657,-0.00084964,0.00084483,-0.00057357,0.00062847,-0.00088127,0.00028475,0.00016408,0.00082584,0.00005747,0.00039887,-0.00025350,0.00009985,-0.00098093,0.00068797,-0.00000104,0.00038229,0.00000000,0.00000000,0.00000000,0.00000000,0.00000000,0.00000000,0.00000000,0.00000000,0.00000000,0.00000000,0.00000000,0.00000000,0.00000000,0.00000000,0.00000000,0.00000000,0.00000000,0.00000000,0.00000000,0.00000000,0.00000000,0.00000000,0.00000000,0.00000000,0.00000000,0.00000000,0.00000000,0.00000000,0.00000000,0.00000000,0.00000000,0.00000000,0.00000000,0.00000000,0.00000000,0.00000000,0.00000000,0.00000000,0.00000000,0.00000000,0.00000000,0.00000000,0.00000000,0.00000000,0.00000000,0.00000000,0.00000000,0.00000000,0.00053425,-0.00028409,0.00058786,-0.00022785,0.00041421,0.00051539,0.00065530,-0.00054258,0.00019869,-0.00045548,-0.00018720,-0.00006487,0.00036213,-0.00029737,-0.00027785,0.00005497
-0.00036817,0.00170171,-0.00037330,0.00086063,-0.00084001,-0.00019715,-0.00110654,0.00070339,-0.00093176,-0.00010794,-0.00074657,-0.00118907,0.00099332,-0.00147863,-0.00089774,0.00061374,-0.00033956,-0.00107719,0.00114713,0.00173244,-0.00107442,-0.00064557,-0.00056863,-0.00033718,0.00092344,-0.00066492,-0.00073365,-0.00088325,0.00057728,-0.00046686,-0.00117860,0.00094320,0.00082599,-0.00110077,-0.00069838,0.00043022,0.00033832,-0.00012543,0.00107672,-0.00086379,-0.00083630,-0.00064947,-0.00086428,-0.00061107,-0.00015909,-0.00142375,0.00052652,-0.00076443,0.00082524,0.00130861,0.00028247,-0.00103415,0.00086899,0.00011442,0.00081597,0.00141050,-0.00032739,-0.00015783,-0.00140544,-0.00027241,-0.00060693,-0.00029152,0.00009286,0.00026548,-0.00006329,0.00045748,0.00083054,0.00088925,-0.00101419,-0.00062357,-0.00043539,-0.00138588,-0.00004207,-0.00000524,0.00110078,-0.00076504,-0.00018282,0.00035208,-0.00124957,0.00133781,0.00027299,-0.00142086,0.00114725,0.00025005,-0.00017223,0.00213885,0.00111321,-0.00067435,-0.00110059,-0.00190702,-0.00154870,-0.00040567,-0.00075957,-0.00109052,-0.00030132,0.00024153,0.00058735,-0.00045283,0.00008616,0.00049001,-0.00133207,-0.00045748,0.00201747,-0.00101637,-0.00022463,-0.00054445,0.00084926,-0.00087678,0.00029269,-0.00683267,-0.00053081,-0.00128830,-0.00096663,-0.00013752,-0.00106218,-0.00087912,-0.00171135,0.00118411,0.00084522,-0.00047576,-0.00033874,0.00029833,-0.00088568,-0.00099580,0.00027051,0.00137007,-0.00030261,0.00095141,0.00000000,0.00000000,0.00000000,0.00000000,0.00000000,0.00000000,0.00000000,0.00000000,0.00000000,0.00000000,0.00000000,0.00000000,0.00000000,0.00000000,0.00000000,0.00000000,0.00000000,0.00000000,0.00000000,0.00000000,0.00000000,0.00000000,0.00000000,0.00000000,0.00000000,0.00000000,0.00000000,0.00000000,0.00000000,0.00000000,0.00000000,0.00000000,0.00000000,0.00000000,0.00000000,0.00000000,0.00000000,0.00000000,0.00000000,0.00000000,0.00000000,0.00000000,0.00000000,0.00000000,0.00000000,0.00000000,0.00000000,0.00000000,0.00119839,-0.00094051,0.00053846,-0.00113468,0.00141940,-0.00148668,0.00082397,-0.00095758,-0.00005826,0.00156638,-0.00045718,0.00026753,0.00125476,-0.00103374,-0.00145180,0.00108051
0.00056435,-0.00043305,-0.00027015,-0.00094905,0.00102475,-0.00024862,0.00066074,-0.00017791,0.00035974,-0.00086186,0.00139025,-0.00003522,0.00012943,0.00039449,-0.00037908,-0.00013602,-0.00004712,0.00059835,-0.00109003,-0.00085329,0.00003164,-0.00018395,0.00020683,-0.00021130,-0.00071679,0.00003855,-0.00016928,-0.00048809,-0.00112297,-0.00029483,0.00076669,-0.00075549,-0.00088479,0.00158338,0.00051790,0.00020822,0.00111365,-0.00036801,-0.00016870,0.00002744,0.00054557,0.00035315,0.00103454,0.00031660,0.00039535,0.00101127,-0.00096468,0.00076927,-0.00041399,-0.00048009,0.00022164,0.00041161,0.00035931,0.00023807,0.00024375,0.00001478,0.00083490,-0.00018779,0.00024743,-0.00058438,0.00016533,0.00036045,-0.00006582,0.00011958,0.00006036,0.00099546,-0.00058929,0.00008054,0.00034904,-0.00009171,0.00078011,0.00047370,0.00001057,0.00020913,-0.00181609,0.00069087,-0.00039380,-0.00020544,0.00007297,-0.00051727,-0.00031088,0.00024785,-0.00023169,0.00005297,-0.00077084,-0.00137060,-0.00088468,0.00074667,0.00064418,0.00125327,0.00070649,-0.00042153,-0.00022835,0.00075361,0.00097304,-0.00035452,-0.00137301,-0.00059536,0.00059594,0.00014718,0.00044419,-0.00042789,-0.00111412,0.00060307,0.00034087,-0.00037455,0.00029756,0.00040014,-0.00023597,-0.00018616,-0.01063298,0.00023641,0.00080924,0.00013799,0.00098837,-0.00022002,0.00079684,-0.00062077,0.00014789,0.00043815,-0.00038775,-0.00073252,0.00045779,0.00082356,-0.00026160,-0.00120121,0.00030886,-0.00066168,0.00000000,0.00000000,0.00000000,0.00000000,0.00000000,0.00000000,0.00000000,0.00000000,0.00000000,0.00000000,0.00000000,0.00000000,0.00000000,0.00000000,0.00000000,0.00000000,0.00000000,0.00000000,0.00000000,0.00000000,0.00000000,0.00000000,0.00000000,0.00000000,0.00000000,0.00000000,0.00000000,0.00000000,0.00000000,0.00000000,0.00000000,0.00000000,0.00000000,0.00000000,0.00000000,0.00000000,0.00000000,0.00000000,0.00000000,0.00000000,0.00000000,0.00000000,0.00000000,0.00000000,0.00000000,0.00000000,0.00000000,0.00000000,0.00021375,-0.00049924,-0.00047952,0.00017311,-0.00073155,0.00186374,-0.00055401,-0.00000264,0.00008470,-0.00024594,-0.00034330,-0.00145040,-0.00070791,0.00030575,0.00081471,-0.00057675
-0.00040491,0.00051260,-0.00104442,0.00127322,-0.00008144,0.00169024,-0.00011865,0.00027955,-0.00198835,-0.00056824,-0.00063755,-0.00186098,0.00081957,-0.00111907,-0.00111455,0.00082983,-0.00142615,-0.00139802,0.00075134,0.00055344,-0.00096038,-0.00147709,-0.00122679,-0.00083882,0.00143123,-0.00187307,-0.00091728,-0.00100144,0.00021731,-0.00111661,-0.00183608,0.00097036,0.00054431,-0.00137482,-0.00130917,0.00153557,-0.00018535,-0.00025306,0.00166289,-0.00132866,-0.00104732,-0.00153325,-0.00134305,0.00106145,0.00057710,-0.00090686,0.00005551,-0.00077898,0.00066332,0.00111771,0.00112350,-0.00138386,0.00193452,-0.00040870,0.00097409,-0.00056060,0.00000569,-0.00074507,-0.00115576,-0.00087227,-0.00130162,-0.00153716,0.00088494,0.00110108,0.00047498,0.00132537,0.00135105,0.00135164,-0.00078400,0.00061763,-0.00187360,-0.00080742,-0.00010449,0.00055230,0.00108675,-0.00019430,-0.00131776,0.00075460,-0.00080703,0.00069287,0.00094678,-0.00140027,0.00163212,0.00110642,-0.00171749,0.00098200,0.00132660,-0.00183925,0.00015635,-0.00142385,-0.00120683,-0.00096895,-0.00143350,-0.00001245,-0.00101316,-0.00001106,0.00010716,-0.00112970,-0.00116749,-0.00015050,0.00105892,-0.00045870,0.00025201,0.00097989,-0.00087339,-0.00187376,-0.00082355,-0.00049586,0.00064226,0.00133702,-0.00137750,-0.01032043,-0.00116781,-0.00134119,-0.00091100,-0.00057605,-0.00020368,0.00116625,0.00123357,-0.00103426,-0.00030640,-0.00093102,-0.00172924,-0.00031395,0.00065243,-0.00073286,0.00055204,0.00009408,0.00000000,0.00000000,0.00000000,0.00000000,0.00000000,0.00000000,0.00000000,0.00000000,0.00000000,0.00000000,0.00000000,0.00000000,0.00000000,0.00000000,0.00000000,0.00000000,0.00000000,0.00000000,0.00000000,0.00000000,0.00000000,0.00000000,0.00000000,0.00000000,0.00000000,0.00000000,0.00000000,0.00000000,0.00000000,0.00000000,0.00000000,0.00000000,0.00000000,0.00000000,0.00000000,0.00000000,0.00000000,0.00000000,0.00000000,0.00000000,0.00000000,0.00000000,0.00000000,0.00000000,0.00000000,0.00000000,0.00000000,0.00000000,0.00137135,-0.00035636,0.00106456,-0.00089496,0.00093202,-0.00181818,0.00021357,-0.00101583,0.00054108,0.00171751,0.00038478,0.00056396,0.00117788,-0.00064625,-0.00149230,0.00151838
-0.00084726,-0.00044112,-0.00049512,0.00101179,-0.00090802,0.00064747,-0.00100794,0.00024992,-0.00155311,-0.00090644,-0.00108132,-0.00040194,-0.00046306,-0.00066063,-0.00068872,0.00024671,-0.00054767,0.00005921,0.00099895,-0.00033051,-0.00119237,-0.00039495,-0.00056031,-0.00100244,0.00085790,-0.00080580,-0.00017909,-0.00026528,-0.00051944,-0.00093920,-0.00055015,0.00110566,-0.00035858,-0.00002139,-0.00019424,0.00087500,-0.00040717,-0.00086254,0.00107811,-0.00136439,-0.00004998,-0.00120287,-0.00064636,0.00025546,0.00098360,-0.00091184,-0.00067946,0.00052032,0.00014559,0.00086572,0.00084775,-0.00033046,0.00098246,-0.00058175,0.00161885,-0.00069106,0.00028514,-0.00034903,-0.00069633,-0.00135504,-0.00080975,-0.00135852,0.00100538,0.00045446,0.00139449,0.00067223,0.00185798,0.00040575,0.00010611,0.00064538,-0.00058881,-0.00026408,-0.00010884,0.00067482,-0.00007544,0.00055776,-0.00041817,-0.00008921,-0.00048148,0.00097490,0.00069623,-0.00071589,0.00115440,0.00032249,-0.00033039,-0.00049764,0.00104747,-0.00103479,-0.00072980,-0.00102902,-0.00090480,-0.00145924,-0.00029426,0.00015762,-0.00111233,-0.00055233,-0.00061649,-0.00137226,-0.00075116,-0.00031799,0.00093607,0.00086535,0.00051748,0.00081897,-0.00021070,-0.00077656,-0.00138855,-0.00000744,-0.00008335,0.00128405,-0.00061402,-0.00017535,-0.01253866,-0.00058785,0.00048371,-0.00125124,0.00087679,0.00051732,0.00035552,-0.00045456,-0.00005127,0.00012787,-0.00105285,-0.00014911,0.00051108,-0.00109953,0.00101979,0.00020127,0.00000000,0.00000000,0.00000000,0.00000000,0.00000000,0.00000000,0.00000000,0.00000000,0.00000000,0.00000000,0.00000000,0.00000000,0.00000000,0.00000000,0.00000000,0.00000000,0.00000000,0.00000000,0.00000000,0.00000000,0.00000000,0.00000000,0.00000000,0.00000000,0.00000000,0.00000000,0.00000000,0.00000000,0.00000000,0.00000000,0.00000000,0.00000000,0.00000000,0.00000000,0.00000000,0.00000000,0.00000000,0.00000000,0.00000000,0.00000000,0.00000000,0.00000000,0.00000000,0.00000000,0.00000000,0.00000000,0.00000000,0.00000000,0.00087528,-0.00013303,0.00033210,-0.00098526,-0.00022131,-0.00057395,0.00076108,-0.00031786,0.00059012,0.00075897,-0.00093010,0.00069979,0.00030882,-0.00099772,-0.00021587,0.00054931
-0.00034332,-0.00064447,-0.00005274,-0.00053137,0.00107389,0.00060071,0.00030766,-0.00090842,0.00101462,-0.00021833,0.00075101,0.00074350,-0.00011805,-0.00037074,-0.00005631,-0.00121019,0.00132389,0.00051193,-0.00087906,-0.00062549,0.00060524,0.00001887,0.00044438,-0.00060563,-0.00069742,-0.00002683,-0.00010488,-0.00017046,-0.00095364,-0.00083966,0.00007063,-0.00066007,-0.00046961,0.00052371,-0.00001255,-0.00071351,-0.00011441,-0.00011939,-0.00035747,0.00012030,0.00076397,-0.00007123,0.00087906,0.00090396,0.00005370,0.00057194,-0.00010869,0.00010529,-0.00103621,-0.00124992,0.00040091,0.00039559,-0.00008458,0.00018062,-0.00057224,-0.00054524,0.00127876,-0.00007958,0.00086589,-0.00039829,-0.00035694,0.00037252,0.00015284,-0.00042928,0.00009685,0.00060742,-0.00057110,-0.00088152,0.00060107,0.00076682,-0.00008517,0.00038502,-0.00070665,0.00069728,-0.00131810,0.00049843,-0.00045648,-0.00060806,0.00116386,-0.00059432,-0.00021677,0.00076064,0.00000961,0.00134726,-0.00039082,-0.00207747,-0.00081230,0.00068003,-0.00000297,0.00082411,0.00060414,-0.00090597,0.00101395,0.00066479,0.00047662,-0.00158816,-0.00209288,-0.00121350,0.00093351,-0.00059563,0.00112675,0.00071137,-0.00036503,0.00007583,0.00017366,-0.00058787,-0.00024080,-0.00005435,0.00110640,-0.00029366,0.00038381,0.00042094,0.00078816,-0.01197691,0.00038788,-0.00020557,0.00068041,-0.00063736,-0.00040174,-0.00034640,-0.00012811,-0.00061676,0.00090261,0.00066460,-0.00046689,-0.00044570,0.00085885,-0.00105649,0.00000000,0.00000000,0.00000000,0.00000000,0.00000000,0.00000000,0.00000000,0.00000000,0.00000000,0.00000000,0.00000000,0.00000000,0.00000000,0.00000000,0.00000000,0.00000000,0.00000000,0.00000000,0.00000000,0.00000000,0.00000000,0.00000000,0.00000000,0.00000000,0.00000000,0.00000000,0.00000000,0.00000000,0.00000000,0.00000000,0.00000000,0.00000000,0.00000000,0.00000000,0.00000000,0.00000000,0.00000000,0.00000000,0.00000000,0.00000000,0.00000000,0.00000000,0.00000000,0.00000000,0.00000000,0.00000000,0.00000000,0.00000000,-0.00048807,0.00015627,-0.00025211,0.00014878,-0.00098328,0.00073627,-0.00055365,0.00052468,0.00056397,-0.00072314,0.00027777,-0.00049967,-0.00045344,0.00063071,0.00058162,-0.00069180
-0.00073617,-0.00084106,-0.00123749,0.00158410,-0.00010741,0.00067980,-0.00124403,-0.00010450,-0.00152061,-0.00189452,-0.00181726,-0.00071252,0.00157785,-0.00177528,-0.00164050,0.00122067,-0.00170036,-0.00170215,0.00150059,0.00104882,-0.00157341,-0.00151108,-0.00146548,-0.00182736,0.00216948,-0.00139502,-0.00117980,-0.00145457,0.00093251,-0.00069200,-0.00238207,0.00131288,-0.00020588,-0.00149800,-0.00143665,0.00148948,0.00161106,-0.00022621,0.00122082,-0.00130132,-0.00188039,-0.00160136,-0.00182692,0.00074301,0.00133637,-0.00186711,-0.00066008,-0.00128813,0.00149071,0.00118636,0.00126609,-0.00151616,0.00184838,-0.00059262,0.00112151,-0.00036976,0.00004205,-0.00107584,-0.00157585,-0.00085799,-0.00137953,-0.00115237,0.00123180,0.00072174,0.00152430,0.00114564,0.00142888,0.00189486,0.00007916,0.00084605,-0.00163969,-0.00161156,-0.00145125,0.00029848,0.00176321,-0.00032042,-0.00132805,0.00184519,-0.00064035,-0.00014284,0.00112413,-0.00142121,0.00116401,0.00108005,-0.00191211,0.00060161,0.00197266,-0.00193828,0.00028541,-0.00161624,-0.00158790,-0.00078893,-0.00185858,-0.00088957,-0.00160501,-0.00052289,0.00096712,-0.00133031,-0.00052890,0.00028395,0.00026798,0.00000098,0.00141782,0.00123664,-0.00032915,-0.00156971,-0.00057043,-0.00099567,0.00112319,0.00172250,-0.00104035,-0.00129228,-0.00106945,-0.00152656,-0.01138264,-0.00163254,-0.00048491,0.00149889,0.00119414,-0.00115824,-0.00056636,-0.00076504,-0.00186977,0.00024861,0.00064979,-0.00048541,0.00067220,0.00105919,0.00000000,0.00000000,0.00000000,0.00000000,0.00000000,0.00000000,0.00000000,0.00000000,0.00000000,0.00000000,0.00000000,0.00000000,0.00000000,0.00000000,0.00000000,0.00000000,0.00000000,0.00000000,0.00000000,0.00000000,0.00000000,0.00000000,0.00000000,0.00000000,0.00000000,0.00000000,0.00000000,0.00000000,0.00000000,0.00000000,0.00000000,0.00000000,0.00000000,0.00000000,0.00000000,0.00000000,0.00000000,0.00000000,0.00000000,0.00000000,0.00000000,0.00000000,0.00000000,0.00000000,0.00000000,0.00000000,0.00000000,0.00000000,0.00124197,-0.00091418,0.00144913,-0.00043362,0.00156941,-0.00163112,0.00043447,-0.00109664,0.00011158,0.00149470,0.00019307,0.00113965,0.00124730,-0.00157577,-0.00156367,0.00220567
0.00056509,-0.00004677,0.00067930,-0.00112382,0.00120081,-0.00019330,0.00069341,0.00008776,0.00174922,0.00021873,0.00134108,0.00056960,-0.00106424,0.00084422,0.00004372,-0.00100532,0.00112802,0.00088751,-0.00154349,0.00008172,0.00077485,0.00075773,0.00094703,0.00129662,-0.00125082,0.00102422,0.00006181,0.00033224,-0.00102989,0.00078753,0.00134695,-0.00114862,-0.00077320,0.00121327,0.00110064,-0.00142397,-0.00081365,-0.00052268,-0.00086420,0.00080059,0.00039870,0.00149415,0.00102514,0.00009459,-0.00067057,0.00105908,-0.00005614,0.00086836,-0.00101220,-0.00089918,-0.00085532,0.00089660,-0.00046734,0.00060882,-0.00065736,-0.00032145,0.00088800,0.00123246,0.00153944,0.00021683,0.00093148,0.00080636,-0.00062564,0.00012834,-0.00067432,-0.00048040,-0.00132288,-0.00141529,0.00030171,-0.00019339,0.00112203,0.00152256,-0.00023905,-0.00012899,-0.00186599,0.00102242,0.00005153,-0.00070950,0.00096643,-0.00104410,-0.00066319,0.00177967,-0.00133293,0.00008078,0.00054891,-0.00154397,-0.00145835,0.00022680,0.00082784,0.00138575,0.00116292,0.00037080,0.00088292,0.00042339,0.00057370,-0.00031102,-0.00164554,0.00056561,0.00002406,-0.00031295,0.00049031,0.00031840,-0.00105668,0.00033187,0.00103967,0.00053561,0.00002318,0.00006831,-0.00058487,-0.00150888,0.00083675,0.00152870,0.00099228,0.00042973,0.00070471,-0.00861272,0.00134740,-0.00141821,-0.00118605,0.00100768,0.00041089,-0.00029893,0.00156686,0.00103615,-0.00015164,-0.00038164,-0.00034141,-0.00115446,0.00000000,0.00000000,0.00000000,0.00000000,0.00000000,0.00000000,0.00000000,0.00000000,0.00000000,0.00000000,0.00000000,0.00000000,0.00000000,0.00000000,0.00000000,0.00000000,0.00000000,0.00000000,0.00000000,0.00000000,0.00000000,0.00000000,0.00000000,0.00000000,0.00000000,0.00000000,0.00000000,0.00000000,0.00000000,0.00000000,0.00000000,0.00000000,0.00000000,0.00000000,0.00000000,0.00000000,0.00000000,0.00000000,0.00000000,0.00000000,0.00000000,0.00000000,0.00000000,0.00000000,0.00000000,0.00000000,0.00000000,0.00000000,-0.00177024,0.00075084,-0.00119873,0.00101187,-0.00109569,0.00129059,-0.00091224,0.00089028,0.00029958,-0.00160162,-0.00014011,-0.00112705,-0.00101676,0.00084545,0.00121317,-0.00176843
-0.00039525,-0.00005983,-0.00167099,0.00194477,-0.00111957,0.00086329,-0.00073837,0.00035925,-0.00193755,-0.00146395,-0.00193646,-0.00219852,0.00160507,-0.00146056,-0.00129694,0.00217233,-0.00203477,-0.00140075,0.00204408,0.00128647,-0.00191350,-0.00146466,-0.00188038,-0.00179125,0.00224074,-0.00219055,-0.00209747,-0.00206482,0.00109532,-0.00185729,-0.00194607,0.00197875,0.00045757,-0.00192447,-0.00205173,0.00167821,0.00081307,-0.00010270,0.00157196,-0.00188123,-0.00187779,-0.00185070,-0.00225974,0.00086741,0.00183626,-0.00178805,-0.00044307,-0.00175919,0.00177317,0.00233197,0.00163583,-0.00197338,0.00204505,-0.00131530,0.00187283,-0.00068719,0.00012973,-0.00198960,-0.00228436,-0.00190102,-0.00173156,-0.00152033,0.00198661,0.00168726,0.00218529,0.00203169,0.00218936,0.00204688,-0.00111066,0.00050871,-0.00234129,-0.00111086,-0.00074272,0.00065474,0.00168721,-0.00056217,-0.00171945,0.00265410,-0.00153923,0.00069273,0.00157651,-0.00192656,0.00224575,0.00118281,-0.00169775,0.00014640,0.00210667,-0.00252654,0.00017249,-0.00221889,-0.00163075,-0.00185718,-0.00238525,-0.00023625,-0.00214029,0.00041372,0.00066310,-0.00155108,-0.00059284,0.00023390,0.00033133,0.00109851,0.00102059,0.00159648,-0.00140038,-0.00177000,-0.00149606,-0.00161593,0.00200016,0.00241259,-0.00222593,-0.00094626,-0.00139086,-0.00201627,0.00030458,-0.00137038,-0.01016331,0.00200183,0.00242384,-0.00255950,-0.00012790,-0.00151338,-0.00240871,-0.00108058,0.00145100,-0.00060903,0.00163858,0.00117088,0.00000000,0.00000000,0.00000000,0.00000000,0.00000000,0.00000000,0.00000000,0.00000000,0.00000000,0.00000000,0.00000000,0.00000000,0.00000000,0.00000000,0.00000000,0.00000000,0.00000000,0.00000000,0.00000000,0.00000000,0.00000000,0.00000000,0.00000000,0.00000000,0.00000000,0.00000000,0.00000000,0.00000000,0.00000000,0.00000000,0.00000000,0.00000000,0.00000000,0.00000000,0.00000000,0.00000000,0.00000000,0.00000000,0.00000000,0.00000000,0.00000000,0.00000000,0.00000000,0.00000000,0.00000000,0.00000000,0.00000000,0.00000000,0.00158418,-0.00069775,0.00126601,-0.00192832,0.00039606,-0.00207477,0.00202977,-0.00146635,-0.00055496,0.00171613,-0.00108004,0.00096992,0.00177594,-0.00212441,-0.00158886,0.00212380
-0.00016357,0.00076720,-0.00036699,-0.00026044,-0.00093154,-0.00015959,-0.00013141,-0.00023906,-0.00035170,0.00097338,-0.00025409,-0.00015475,0.00064669,-0.00107082,-0.00032059,-0.00161283,0.00024161,-0.00052421,0.00063878,0.00081408,0.00007602,-0.00051119,0.00003891,-0.00040586,0.00071357,0.00026979,-0.00081221,0.00011357,0.00111822,-0.00027298,-0.00044027,0.00078294,0.00015785,-0.00000569,-0.00095008,0.00048892,-0.00055794,-0.00048118,-0.00034969,-0.00003962,0.00033667,0.00023383,-0.00049376,-0.00047493,0.00006212,-0.00067027,0.00016492,0.00018959,0.00035640,0.00016626,-0.00076947,-0.00034467,0.00002105,0.00006281,-0.00022523,0.00074458,-0.00078716,0.00031585,-0.00041889,0.00036037,0.00015770,-0.00019420,-0.00003781,-0.00059813,0.00018140,0.00004744,0.00032655,0.00055815,0.00001797,-0.00086612,-0.00032181,-0.00039696,0.00008322,-0.00090429,0.00058713,-0.00036147,0.00027349,-0.00028339,-0.00025428,0.00096342,-0.00011505,-0.00059549,-0.00009442,-0.00034171,0.00003247,0.00057708,0.00061432,-0.00003639,-0.00073084,-0.00057888,-0.00083976,0.00025302,-0.00022981,-0.00119476,0.00007959,-0.00002007,-0.00052882,0.00087489,-0.00007023,-0.00003130,-0.00064101,-0.00058400,0.00060605,-0.00036710,-0.00004837,0.00054451,0.00059943,-0.00024104,0.00029772,0.00018088,-0.00033372,-0.00060145,-0.00032037,0.00024607,-0.00108845,-0.00037823,-0.00110438,-0.00899404,0.00004318,-0.00062603,-0.00032842,-0.00053979,-0.00059782,-0.00032258,-0.00028053,0.00123128,-0.00054617,0.00058441,0.00000000,0.00000000,0.00000000,0.00000000,0.00000000,0.00000000,0.00000000,0.00000000,0.00000000,0.00000000,0.00000000,0.00000000,0.00000000,0.00000000,0.00000000,0.00000000,0.00000000,0.00000000,0.00000000,0.00000000,0.00000000,0.00000000,0.00000000,0.00000000,0.00000000,0.00000000,0.00000000,0.00000000,0.00000000,0.00000000,0.00000000,0.00000000,0.00000000,0.00000000,0.00000000,0.00000000,0.00000000,0.00000000,0.00000000,0.00000000,0.00000000,0.00000000,0.00000000,0.00000000,0.00000000,0.00000000,0.00000000,0.00000000,0.00042963,0.00084910,-0.00072134,-0.00109402,0.00124737,-0.00129989,0.00046844,-0.00103661,-0.00055804,0.00019991,0.00022879,0.00087544,0.00076832,-0.00091698,-0.00036679,0.00067714
-0.00042865,0.00061873,0.00009170,0.00113193,0.00052790,-0.00019766,-0.00117875,0.00044700,-0.00094040,0.00021749,-0.00100155,-0.00018427,0.00024973,-0.00074591,0.00010367,-0.00042236,-0.00079439,-0.00079250,0.00066936,0.00075210,-0.00012815,-0.00002421,0.00022402,0.00002140,0.00163244,-0.00086376,-0.00065498,0.00055380,0.00157273,-0.00033210,-0.00091457,0.00051594,0.00031187,-0.00100327,-0.00041155,0.00045663,0.00002216,0.00109386,0.00020951,-0.00055220,-0.00041206,-0.00035483,-0.00063260,0.00019600,-0.00110066,-0.00150257,-0.00003943,-0.00049706,0.00034887,0.00017044,-0.00008277,0.00005492,0.00052725,0.00033828,-0.00067108,0.00017776,-0.00088295,0.00015813,-0.00029870,0.00018308,0.00040879,0.00008244,0.00009806,0.00083689,0.00021670,0.00043618,0.00020957,-0.00024216,-0.00022687,-0.00001006,-0.00081899,-0.00128696,0.00005176,-0.00026836,0.00164427,-0.00079501,-0.00033632,0.00094184,-0.00003535,0.00074437,0.00031154,-0.00056651,0.00072218,0.00046443,0.00005428,0.00146938,0.00022149,0.00024744,-0.00036433,-0.00052255,-0.00085662,-0.00028970,-0.00046616,-0.00048989,0.00013545,0.00035811,0.00121170,0.00024764,0.00076228,0.00013291,-0.00108286,-0.00057454,0.00054395,-0.00041480,-0.00012494,0.00016392,0.00069588,-0.00067227,-0.00002997,0.00040880,-0.00015417,-0.00119417,-0.00098137,-0.00025363,-0.00097969,-0.00012506,-0.00078122,0.00049613,-0.01070762,-0.00068050,-0.00040844,0.00045121,-0.00057515,-0.00095414,0.00064013,0.00086251,-0.00066417,0.00125753,0.00000000,0.00000000,0.00000000,0.00000000,0.00000000,0.00000000,0.00000000,0.00000000,0.00000000,0.00000000,0.00000000,0.00000000,0.00000000,0.00000000,0.00000000,0.00000000,0.00000000,0.00000000,0.00000000,0.00000000,0.00000000,0.00000000,0.00000000,0.00000000,0.00000000,0.00000000,0.00000000,0.00000000,0.00000000,0.00000000,0.00000000,0.00000000,0.00000000,0.00000000,0.00000000,0.00000000,0.00000000,0.00000000,0.00000000,0.00000000,0.00000000,0.00000000,0.00000000,0.00000000,0.00000000,0.00000000,0.00000000,0.00000000,0.00024371,0.00011093,0.00067840,0.00030213,0.00172551,-0.00162961,0.00086931,-0.00109922,0.00001629,0.00056136,-0.00011762,0.00051155,0.00105243,-0.00083942,-0.00081578,0.00106075
0.00099701,-0.00009235,0.00061880,-0.00107458,0.00039334,0.00045939,0.00089980,-0.00035174,0.00088794,0.00017099,0.00079070,0.00050521,-0.00079830,0.00101958,0.00050733,-0.00025850,0.00082772,0.00084624,-0.00048476,-0.00117073,0.00057681,0.00079830,0.00023330,0.00079261,-0.00125278,0.00158937,0.00064292,0.00055025,-0.00139637,0.00103394,0.00161874,-0.00102371,-0.00057048,0.00070318,0.00082255,-0.00087624,0.00016641,-0.00015415,-0.00107035,0.00071342,0.00115169,0.00066287,0.00075083,0.00040599,0.00039956,0.00167379,-0.00015917,0.00098153,-0.00062813,-0.00114025,-0.00001079,0.00047248,-0.00075989,-0.00008330,-0.00049395,-0.00020635,0.00147324,0.00067321,-0.00000220,-0.00002173,0.00032460,0.00057710,-0.00010207,-0.00026824,-0.00048382,-0.00046111,-0.00038888,-0.00085703,0.00083653,-0.00080252,0.00032868,0.00101107,-0.00019454,0.00090110,-0.00075799,0.00048684,0.00054299,-0.00087300,0.00061220,-0.00060977,-0.00058254,0.00087908,-0.00114481,-0.00001815,0.00002182,-0.00140128,-0.00120126,0.00020177,0.00078972,0.00103506,0.00197024,0.00065183,0.00087791,0.00079532,0.00027911,-0.00071788,-0.00076267,0.00040008,-0.00048370,-0.00047380,0.00039809,0.00021721,-0.00099275,-0.00037650,0.00032684,-0.00009592,0.00070942,0.00063353,0.00035160,-0.00065169,0.00084284,0.00124881,0.00144652,-0.00003975,0.00109287,0.00030287,0.00100190,-0.00082301,-0.00095233,-0.00796913,0.00090479,-0.00009793,0.00128896,0.00077709,0.00006744,-0.00018016,0.00013634,-0.00158134,0.00000000,0.00000000,0.00000000,0.00000000,0.00000000,0.00000000,0.00000000,0.00000000,0.00000000,0.00000000,0.00000000,0.00000000,0.00000000,0.00000000,0.00000000,0.00000000,0.00000000,0.00000000,0.00000000,0.00000000,0.00000000,0.00000000,0.00000000,0.00000000,0.00000000,0.00000000,0.00000000,0.00000000,0.00000000,0.00000000,0.00000000,0.00000000,0.00000000,0.00000000,0.00000000,0.00000000,0.00000000,0.00000000,0.00000000,0.00000000,0.00000000,0.00000000,0.00000000,0.00000000,0.00000000,0.00000000,0.00000000,0.00000000,-0.00111111,0.00024272,-0.00056200,0.00075137,-0.00134547,0.00126189,-0.00056222,0.00085108,0.00024468,-0.00098410,0.00032232,-0.00079375,-0.00080802,0.00088421,0.00065462,-0.00106624
0.00005344,-0.00034108,0.00026287,-0.00035943,-0.00015626,-0.00006211,0.00091407,0.00041395,0.00024506,-0.00046111,-0.00033525,-0.00018417,-0.00034586,0.00002561,0.00002073,-0.00024266,0.00053163,-0.00002648,-0.00056521,-0.00062428,0.00014957,0.00015109,0.00060337,0.00014441,-0.00014403,0.00030406,-0.00002399,0.00007918,-0.00067818,-0.00062670,0.00006225,0.00002496,-0.00034045,0.00062277,0.00084506,-0.00012251,-0.00010765,-0.00017308,-0.00017352,0.00044948,0.00034579,0.00064608,-0.00033829,0.00076091,0.00078430,0.00038706,0.00057135,0.00075597,-0.00024735,0.00013405,-0.00046377,-0.00005470,-0.00071826,-0.00035710,-0.00034326,-0.00055686,-0.00022438,-0.00033964,0.00038630,-0.00005290,0.00002854,0.00042602,-0.00020287,-0.00014178,-0.00044842,0.00047923,-0.00038139,-0.00010310,-0.00013175,0.00008731,0.00050659,0.00014858,0.00013268,0.00055009,-0.00028885,0.00085757,0.00021630,-0.00041878,0.00061214,-0.00055233,-0.00106676,0.00010476,-0.00035600,-0.00002372,-0.00022070,-0.00018449,-0.00063180,0.00013847,0.00013426,0.00020754,0.00067590,0.00008895,0.00052544,0.00004661,0.00001901,0.00006834,-0.00055046,0.00084760,-0.00073365,0.00067690,0.00115619,-0.00041788,-0.00038556,-0.00047013,-0.00068875,0.00064276,0.00004042,0.00032755,0.00028330,-0.00013800,-0.00015897,0.00052385,0.00068028,-0.00003172,0.00082704,0.00002626,0.00094361,-0.00039791,-0.00029926,0.00061507,-0.01208779,-0.00116589,0.00076867,0.00007476,0.00020228,-0.00010128,0.00044415,-0.00105678,0.00000000,0.00000000,0.00000000,0.00000000,0.00000000,0.00000000,0.00000000,0.00000000,0.00000000,0.00000000,0.00000000,0.00000000,0.00000000,0.00000000,0.00000000,0.00000000,0.00000000,0.00000000,0.00000000,0.00000000,0.00000000,0.00000000,0.00000000,0.00000000,0.00000000,0.00000000,0.00000000,0.00000000,0.00000000,0.00000000,0.00000000,0.00000000,0.00000000,0.00000000,0.00000000,0.00000000,0.00000000,0.00000000,0.00000000,0.00000000,0.00000000,0.00000000,0.00000000,0.00000000,0.00000000,0.00000000,0.00000000,0.00000000,0.00017429,-0.00044688,-0.00051432,0.00009620,-0.00020900,0.00044145,-0.00031161,-0.00006590,-0.00049846,-0.00060193,0.00021546,-0.00078712,0.00007992,-0.00029980,0.00024875,-0.00075535
0.00045955,-0.00016184,0.00045565,-0.00119441,-0.00036909,-0.00027341,0.00058956,-0.00054479,0.00267026,0.00093900,0.00144201,0.00014692,-0.00017541,0.00093336,0.00119722,-0.00102041,0.00204697,0.00191844,-0.00172462,-0.00116217,0.00070209,0.00053803,0.00155883,0.00122039,-0.00225151,0.00193767,0.00027017,0.00067617,-0.00029237,0.00046087,0.00224903,-0.00169897,0.00036845,0.00163876,0.00135498,-0.00108465,0.00019851,-0.00006017,-0.00156868,0.00103914,0.00068491,0.00199624,0.00147193,-0.00021830,-0.00091268,0.00161463,0.00034499,0.00113405,-0.00123262,-0.00190346,-0.00095844,0.00159170,-0.00188573,0.00015794,-0.00102149,-0.00014306,0.00028172,0.00036801,0.00108571,0.00093991,0.00097337,0.00093629,-0.00124665,-0.00027639,-0.00094323,-0.00063310,-0.00195533,-0.00196034,0.00006712,-0.00080716,0.00111333,0.00057151,0.00003348,0.00022982,-0.00131869,-0.00032381,0.00057782,-0.00173432,0.00054015,-0.00094322,-0.00178563,0.00192222,-0.00106520,-0.00149537,0.00051192,-0.00114654,-0.00149994,0.00138098,0.00044436,0.00092956,0.00103053,0.00037550,0.00171632,0.00015691,0.00114514,0.00011790,-0.00058723,0.00009993,0.00016923,-0.00005678,0.00071960,-0.00010303,-0.00155062,-0.00053338,0.00061110,0.00084768,0.00065791,0.00060213,-0.00089730,-0.00132678,0.00097670,0.00033685,0.00154116,0.00095078,-0.00027591,0.00050568,-0.00008476,-0.00168321,-0.00151634,0.00164423,-0.00052262,-0.01110290,0.00154912,0.00050176,-0.00076459,0.00081185,-0.00112006,-0.00037505,0.00000000,0.00000000,0.00000000,0.00000000,0.00000000,0.00000000,0.00000000,0.00000000,0.00000000,0.00000000,0.00000000,0.00000000,0.00000000,0.00000000,0.00000000,0.00000000,0.00000000,0.00000000,0.00000000,0.00000000,0.00000000,0.00000000,0.00000000,0.00000000,0.00000000,0.00000000,0.00000000,0.00000000,0.00000000,0.00000000,0.00000000,0.00000000,0.00000000,0.00000000,0.00000000,0.00000000,0.00000000,0.00000000,0.00000000,0.00000000,0.00000000,0.00000000,0.00000000,0.00000000,0.00000000,0.00000000,0.00000000,0.00000000,-0.00191534,0.00088131,-0.00177340,0.00051306,-0.00057479,0.00107582,-0.00051560,0.00109920,-0.00017526,-0.00067158,0.00061706,-0.00113607,-0.00167944,0.00143344,0.00082276,-0.00165011
-0.00025646,-0.00024022,0.00073073,-0.00066831,0.00073486,-0.00021363,0.00091991,-0.00090278,0.00093037,-0.00009106,0.00079534,0.00035797,-0.00091573,0.00060783,0.00049523,-0.00007231,0.00078763,0.00109093,-0.00094715,-0.00038927,0.00043698,0.00048915,0.00095020,0.00093921,-0.00136386,0.00093040,0.00002877,-0.00035326,-0.00153640,-0.00011391,0.00084938,-0.00104560,-0.00064799,0.00094873,0.00072760,-0.00058522,0.00072142,0.00026903,-0.00051608,0.00076810,0.00004901,0.00050153,0.00097177,-0.00074107,0.00013440,0.00100534,-0.00040440,0.00032838,-0.00030312,-0.00075311,-0.00034577,0.00025861,-0.00049427,0.00009235,0.00005299,-0.00207193,0.00031644,0.00054397,0.00084914,0.00023725,0.00043534,0.00027154,-0.00000451,0.00013480,0.00001871,-0.00059573,-0.00069855,0.00010884,0.00101909,-0.00022930,0.00000813,0.00107353,0.00042140,0.00005692,-0.00166218,0.00011498,-0.00013004,-0.00024258,0.00161786,-0.00078193,0.00020988,0.00102570,-0.00054938,-0.00056048,0.00015815,-0.00151695,-0.00086560,0.00023603,0.00045100,0.00148372,0.00113352,-0.00000271,0.00088432,0.00054880,0.00044406,-0.00030976,-0.00120260,-0.00001287,-0.00039677,-0.00093288,0.00035333,0.00018015,-0.00116629,0.00156422,0.00069882,0.00002774,-0.00002531,0.00031884,-0.00083387,-0.00024964,0.00060094,0.00055546,0.00063258,0.00044166,0.00069575,0.00074048,0.00064331,-0.00071277,-0.00057677,0.00066150,0.00070907,-0.00005898,-0.00681919,0.00044621,-0.00031584,-0.00077555,0.00062144,-0.00104600,0.00000000,0.00000000,0.00000000,0.00000000,0.00000000,0.00000000,0.00000000,0.00000000,0.00000000,0.00000000,0.00000000,0.00000000,0.00000000,0.00000000,0.00000000,0.00000000,0.00000000,0.00000000,0.00000000,0.00000000,0.00000000,0.00000000,0.00000000,0.00000000,0.00000000,0.00000000,0.00000000,0.00000000,0.00000000,0.00000000,0.00000000,0.00000000,0.00000000,0.00000000,0.00000000,0.00000000,0.00000000,0.00000000,0.00000000,0.00000000,0.00000000,0.00000000,0.00000000,0.00000000,0.00000000,0.00000000,0.00000000,0.00000000,-0.00115071,0.00008387,-0.00051983,0.00061542,-0.00145461,0.00149360,-0.00091797,0.00117687,-0.00074819,-0.00110774,0.00019674,-0.00043847,-0.00205213,0.00083897,0.00094296,-0.00101707
-0.00082098,-0.00081843,-0.00114040,0.00234532,-0.00010354,0.00094312,-0.00020891,-0.00021329,-0.00200346,-0.00099635,-0.00169360,-0.00145016,0.00122579,-0.00147163,-0.00122032,0.00187936,-0.00148268,-0.00095237,0.00144508,-0.00046433,-0.00191872,-0.00155974,-0.00220655,-0.00159727,0.00167785,-0.00116311,-0.00095675,-0.00178795,0.00109677,-0.00139070,-0.00200288,0.00183411,0.00027034,-0.00169332,-0.00090390,0.00111499,0.00049416,-0.00022062,0.00177142,-0.00156834,-0.00124772,-0.00120320,-0.00196429,0.00065112,0.00162649,-0.00167953,0.00044001,-0.00131544,0.00160507,0.00144007,0.00114109,-0.00196122,0.00170580,-0.00100107,0.00186533,-0.00069096,-0.00015892,-0.00146310,-0.00242937,-0.00137979,-0.00159529,-0.00186319,0.00055778,0.00108844,0.00112898,0.00142911,0.00154508,0.00231702,-0.00026431,0.00114991,-0.00067069,-0.00118758,-0.00051760,-0.00026173,0.00133612,-0.00018189,-0.00155327,0.00170737,-0.00096689,0.00031234,0.00144823,-0.00136970,0.00107910,0.00149148,-0.00173108,0.00072376,0.00171325,-0.00136817,-0.00017503,-0.00047116,-0.00099659,-0.00065993,-0.00177815,-0.00062120,-0.00212853,-0.00017795,0.00057255,-0.00131710,-0.00100085,0.00077475,0.00093324,-0.00023495,0.00082343,0.00071360,-0.00184882,-0.00095986,-0.00110879,-0.00086441,0.00135538,0.00152097,-0.00128618,-0.00052617,-0.00155255,-0.00114839,0.00122056,-0.00137439,-0.00067497,0.00140919,0.00177326,-0.00184007,-0.00124999,0.00008432,-0.00199524,-0.01017474,0.00146998,-0.00180392,0.00142506,0.00038184,0.00000000,0.00000000,0.00000000,0.00000000,0.00000000,0.00000000,0.00000000,0.00000000,0.00000000,0.00000000,0.00000000,0.00000000,0.00000000,0.00000000,0.00000000,0.00000000,0.00000000,0.00000000,0.00000000,0.00000000,0.00000000,0.00000000,0.00000000,0.00000000,0.00000000,0.00000000,0.00000000,0.00000000,0.00000000,0.00000000,0.00000000,0.00000000,0.00000000,0.00000000,0.00000000,0.00000000,0.00000000,0.00000000,0.00000000,0.00000000,0.00000000,0.00000000,0.00000000,0.00000000,0.00000000,0.00000000,0.00000000,0.00000000,0.00162594,-0.00095457,0.00115005,-0.00068441,-0.00003731,-0.00109295,0.00155816,-0.00100254,0.00025705,0.00030947,-0.00031877,0.00064470,0.00106064,-0.00098422,-0.00122039,0.00138116
0.00008112,0.00027688,-0.00035771,0.00146186,-0.00077797,-0.00012008,-0.00089009,-0.00043551,-0.00085963,-0.00003305,-0.00124061,-0.00020895,0.00124013,-0.00133571,-0.00131025,-0.00043398,-0.00056831,-0.00055340,0.00138293,0.00070023,-0.00066198,-0.00096345,-0.00047265,-0.00037950,0.00140637,-0.00080907,0.00003205,-0.00015334,0.00098143,-0.00047145,-0.00140789,0.00085345,0.00148137,-0.00043535,-0.00036177,0.00000216,0.00097242,-0.00015088,0.00128783,-0.00083707,-0.00037808,-0.00093023,-0.00072168,0.00088609,0.00040914,-0.00099419,-0.00047977,-0.00050471,0.00136562,0.00088329,0.00028815,-0.00100906,0.00096119,0.00011780,0.00016532,0.00049680,0.00002584,-0.00010073,-0.00057807,0.00006153,-0.00110691,-0.00045534,0.00020986,0.00040212,0.00089184,0.00041454,0.00075475,0.00072329,-0.00047311,0.00069311,-0.00032082,-0.00126184,-0.00044616,0.00029679,0.00112251,-0.00026512,0.00043411,0.00011084,-0.00117160,0.00059319,0.00059920,-0.00190224,0.00063919,0.00044551,-0.00002100,0.00136342,0.00195812,-0.00036487,-0.00030459,-0.00110426,-0.00100645,-0.00022324,-0.00068664,-0.00112522,-0.00024247,0.00024205,0.00111430,-0.00022284,-0.00004897,0.00046351,-0.00027455,-0.00101631,0.00106929,-0.00029710,-0.00076955,-0.00018513,-0.00012336,-0.00044776,-0.00056691,0.00038277,-0.00083555,-0.00091507,-0.00083105,-0.00070090,-0.00079775,-0.00048929,-0.00120270,0.00059220,0.00106667,-0.00021229,-0.00024520,0.00028955,-0.00116780,-0.00015357,-0.01232631,0.00061964,-0.00015373,0.00086660,0.00000000,0.00000000,0.00000000,0.00000000,0.00000000,0.00000000,0.00000000,0.00000000,0.00000000,0.00000000,0.00000000,0.00000000,0.00000000,0.00000000,0.00000000,0.00000000,0.00000000,0.00000000,0.00000000,0.00000000,0.00000000,0.00000000,0.00000000,0.00000000,0.00000000,0.00000000,0.00000000,0.00000000,0.00000000,0.00000000,0.00000000,0.00000000,0.00000000,0.00000000,0.00000000,0.00000000,0.00000000,0.00000000,0.00000000,0.00000000,0.00000000,0.00000000,0.00000000,0.00000000,0.00000000,0.00000000,0.00000000,0.00000000,0.00059905,-0.00007627,0.00105236,-0.00063594,0.00127391,-0.00123635,0.00040141,-0.00086409,-0.00022695,0.00042797,0.00060094,0.00107336,0.00156083,-0.00101798,-0.00050684,0.00163079
0.00102854,-0.00091546,0.00102717,-0.00171070,0.00116764,-0.00065022,0.00062674,-0.00098433,0.00191547,0.00146886,0.00140022,0.00128648,-0.00091309,0.00190868,0.00130471,-0.00139695,0.00122143,0.00194709,-0.00170989,-0.00213154,0.00164438,0.00126991,0.00083984,0.00110547,-0.00182639,0.00195275,0.00170186,0.00083766,-0.00122679,0.00065703,0.00200130,-0.00177439,0.00029191,0.00180617,0.00185783,-0.00095698,-0.00062814,0.00025519,-0.00165566,0.00109487,0.00166005,0.00102203,0.00151155,-0.00105169,-0.00107691,0.00158542,0.00011162,0.00081142,-0.00136699,-0.00163803,-0.00070349,0.00125731,-0.00172898,0.00064995,-0.00126550,-0.00015823,-0.00040065,0.00142022,0.00138457,0.00106950,0.00116208,0.00186262,-0.00052608,-0.00149514,-0.00108903,-0.00099039,-0.00148284,-0.00155716,0.00096120,0.00020958,0.00146671,0.00153421,0.00008913,0.00034137,-0.00171166,0.00072676,0.00081755,-0.00123006,0.00105268,-0.00061293,-0.00070720,0.00129446,-0.00094888,-0.00106819,0.00081744,-0.00176319,-0.00192067,0.00166989,0.00016495,0.00181456,0.00217587,0.00092839,0.00164929,0.00043809,0.00158008,-0.00035036,-0.00093638,0.00043539,0.00043897,0.00033264,-0.00022242,0.00001206,-0.00152846,-0.00014324,0.00111539,0.00071181,0.00049603,0.00104749,-0.00116853,-0.00117448,0.00172584,0.00091280,0.00093680,0.00095425,0.00073156,0.00101684,0.00152271,-0.00139583,-0.00139478,0.00142633,0.00042501,0.00053030,0.00157633,0.00008244,-0.00124301,-0.01005554,-0.00071536,-0.00140856,0.00000000,0.00000000,0.00000000,0.00000000,0.00000000,0.00000000,0.00000000,0.00000000,0.00000000,0.00000000,0.00000000,0.00000000,0.00000000,0.00000000,0.00000000,0.00000000,0.00000000,0.00000000,0.00000000,0.00000000,0.00000000,0.00000000,0.00000000,0.00000000,0.00000000,0.00000000,0.00000000,0.00000000,0.00000000,0.00000000,0.00000000,0.00000000,0.00000000,0.00000000,0.00000000,0.00000000,0.00000000,0.00000000,0.00000000,0.00000000,0.00000000,0.00000000,0.00000000,0.00000000,0.00000000,0.00000000,0.00000000,0.00000000,-0.00155082,0.00111212,-0.00130155,0.00193695,-0.00124032,0.00176872,-0.00133197,0.00156526,0.00047137,-0.00134864,0.00081661,-0.00119565,-0.00187597,0.00182966,0.00136766,-0.00209278
-0.00121430,0.00073363,-0.00080575,0.00168399,-0.00025455,0.00004157,-0.00109626,-0.00021166,-0.00168253,-0.00039164,-0.00165526,-0.00087351,0.00082885,-0.00165290,-0.00075825,0.00096613,-0.00142921,-0.00214733,0.00121930,0.00183929,-0.00073232,-0.00093654,-0.00163139,-0.00166993,0.00201649,-0.00137316,-0.00026480,-0.00088086,0.00175026,-0.00023602,-0.00125491,0.00147546,-0.00002674,-0.00153770,-0.00123870,0.00086295,0.00039843,-0.00008839,0.00156861,-0.00128015,-0.00199364,-0.00141287,-0.00133473,0.00088018,0.00026604,-0.00193738,0.00045248,-0.00152365,0.00099963,0.00160429,0.00041713,-0.00118782,0.00141104,-0.00043568,0.00064941,0.00067837,-0.00088622,-0.00128636,-0.00164518,-0.00076809,-0.00108884,-0.00105338,0.00083818,0.00109286,0.00016676,0.00051192,0.00152999,0.00146825,-0.00102664,0.00104477,-0.00111288,-0.00182756,-0.00075789,-0.00043013,0.00205328,-0.00128800,-0.00055043,0.00196017,-0.00122404,0.00029544,0.00071672,-0.00184975,0.00124852,0.00122900,-0.00089953,0.00161085,0.00190061,-0.00117396,-0.00062094,-0.00201819,-0.00182483,-0.00058417,-0.00174724,-0.00071990,-0.00121237,0.00011829,0.00117494,-0.00083540,-0.00047627,0.00024973,-0.00083686,-0.00008521,0.00103155,-0.00004017,-0.00110318,-0.00080051,-0.00102504,-0.00007346,0.00113379,0.00124033,-0.00134627,-0.00152248,-0.00160684,-0.00038904,-0.00126550,-0.00073274,-0.00216020,0.00162858,0.00149350,-0.00108825,-0.00049088,-0.00017680,-0.00158897,-0.00130182,0.00105245,-0.00025458,-0.00824360,0.00191594,0.00000000,0.00000000,0.00000000,0.00000000,0.00000000,0.00000000,0.00000000,0.00000000,0.00000000,0.00000000,0.00000000,0.00000000,0.00000000,0.00000000,0.00000000,0.00000000,0.00000000,0.00000000,0.00000000,0.00000000,0.00000000,0.00000000,0.00000000,0.00000000,0.00000000,0.00000000,0.00000000,0.00000000,0.00000000,0.00000000,0.00000000,0.00000000,0.00000000,0.00000000,0.00000000,0.00000000,0.00000000,0.00000000,0.00000000,0.00000000,0.00000000,0.00000000,0.00000000,0.00000000,0.00000000,0.00000000,0.00000000,0.00000000,0.00167236,-0.00075392,0.00190766,-0.00095439,0.00195188,-0.00226914,0.00172095,-0.00155675,0.00009821,0.00141380,0.00015354,0.00146326,0.00282467,-0.00158841,-0.00144437,0.00171604
0.00093748,-0.00011665,0.00049995,-0.00161771,0.00001793,-0.00116814,0.00044594,-0.00016421,0.00126645,0.00125633,0.00091214,0.00080646,-0.00025219,0.00145479,0.00110386,-0.00142541,0.00179648,0.00078807,-0.00161256,-0.00050581,0.00179890,0.00132264,0.00086792,0.00171242,-0.00118765,0.00146738,0.00153487,0.00066750,-0.00067196,0.00125668,0.00170062,-0.00112027,0.00028337,0.00143744,0.00103766,-0.00101505,-0.00147602,0.00129559,-0.00164432,0.00069355,0.00075230,0.00172980,0.00103300,-0.00049910,-0.00101546,0.00189232,0.00066589,0.00081423,-0.00086117,-0.00120649,-0.00127639,0.00091107,-0.00110440,0.00045938,-0.00158641,0.00033778,0.00033359,0.00111395,0.00139455,0.00119557,0.00084233,0.00133010,-0.00089592,-0.00123444,-0.00085283,-0.00077040,-0.00139863,-0.00186401,0.00074537,-0.00072014,0.00111590,0.00076336,0.00005614,0.00011407,-0.00135618,0.00072488,0.00090418,-0.00180976,0.00141509,-0.00057635,-0.00208514,0.00122391,-0.00058464,-0.00092285,0.00102530,0.00016263,-0.00110203,0.00063170,0.00024774,0.00132850,0.00100362,0.00076033,0.00086013,0.00057087,0.00186234,0.00019454,-0.00033185,0.00115284,0.00089824,0.00008468,-0.00045558,-0.00055854,-0.00076695,-0.00089233,0.00047942,0.00115834,0.00118528,0.00053128,-0.00128665,-0.00164801,0.00110125,0.00022377,0.00153845,0.00051041,0.00059716,0.00089343,0.00084010,-0.00110809,-0.00114374,0.00079692,-0.00031911,0.00012150,0.00156906,0.00040627,-0.00095344,-0.00006623,-0.00028294,-0.01091397,0.00000000,0.00000000,0.00000000,0.00000000,0.00000000,0.00000000,0.00000000,0.00000000,0.00000000,0.00000000,0.00000000,0.00000000,0.00000000,0.00000000,0.00000000,0.00000000,0.00000000,0.00000000,0.00000000,0.00000000,0.00000000,0.00000000,0.00000000,0.00000000,0.00000000,0.00000000,0.00000000,0.00000000,0.00000000,0.00000000,0.00000000,0.00000000,0.00000000,0.00000000,0.00000000,0.00000000,0.00000000,0.00000000,0.00000000,0.00000000,0.00000000,0.00000000,0.00000000,0.00000000,0.00000000,0.00000000,0.00000000,0.00000000,-0.00033222,0.00107111,-0.00203950,0.00098631,-0.00082218,0.00102793,-0.00141362,0.00141732,0.00028254,-0.00100443,-0.00005890,-0.00008585,-0.00138386,0.00162491,0.00126425,-0.00105518
-0.00046704,0.00055507,0.00011775,0.00054449,0.00036132,0.00128058,-0.00038602,0.00017089,-0.00081436,-0.00053012,-0.00109380,0.00024024,0.00065300,-0.00056053,-0.00063104,0.00056325,-0.00088741,-0.00014266,0.00073785,0.00026171,0.00009313,-0.00094372,-0.00031804,-0.00012079,0.00090914,0.00006578,0.00001587,0.00043225,-0.00019890,0.00034251,-0.00038554,-0.00038272,0.00087561,-0.00056474,-0.00005983,0.00116894,-0.00020473,0.00057351,0.00063947,0.00037144,-0.00038222,-0.00096486,-0.00107792,-0.00038263,0.00066722,-0.00131359,-0.00004997,0.00005668,0.00019096,0.00076610,0.00122622,-0.00031362,0.00093939,-0.00021741,0.00034038,0.00094521,-0.00051120,0.00026931,0.00040185,-0.00040856,0.00011299,-0.00058289,0.00108792,-0.00011016,0.00080646,0.00014144,0.00053781,0.00063711,0.00039628,-0.00023487,0.00000817,-0.00025320,0.00033168,-0.00079565,0.00103008,-0.00060633,0.00028303,0.00012831,-0.00005380,-0.00116537,0.00024833,-0.00061870,0.00039587,-0.00045550,-0.00005661,0.00050856,0.00020062,0.00005524,-0.00045006,-0.00025508,-0.00097727,0.00059840,0.00012031,0.00131866,-0.00003242,-0.00023461,0.00118886,-0.00022741,-0.00106549,0.00123463,-0.00081406,-0.00000624,0.00010742,-0.00030553,0.00018734,-0.00026205,0.00100413,-0.00058890,-0.00095778,0.00113571,-0.00051268,-0.00040306,-0.00009131,-0.00028760,-0.00023719,-0.00031241,-0.00020531,0.00048766,0.00031867,-0.00012376,-0.00010078,-0.00016030,-0.00055762,-0.00025126,-0.00020109,-0.00008530,0.00115843,0.00047108,-0.01154328,-0.00014105,-0.00098061,0.00007185,0.00014759,-0.00108381,-0.00119484,-0.00092047,-0.00056660,-0.00072834,-0.00009495,-0.00100986,0.00041973,-0.00082603,-0.00007084,0.00014118,-0.00035471,0.00075976,0.00032678,-0.00087320,0.00028723,0.00041435,0.00014709,-0.00105919,-0.00034055,-0.00054470,-0.00019659,-0.00065001,0.00065395,0.00117169,-0.00058595,0.00034396,-0.00007912,-0.00021256,-0.00085272,0.00028770,0.00077648,-0.00004726,0.00085561,0.00036351,0.00075299,-0.00081890,-0.00080028,0.00013351,-0.00028001,-0.00001172,-0.00005926,-0.00061887,0.00042189,0.00049871,0.00080587,-0.00054238,-0.00004006,-0.00062023,0.00008754,-0.00050993,0.00073053,0.00036270,0.00004147,-0.00004447,0.00026189,-0.00035373,-0.00075181,0.00030133
0.00070678,-0.00017474,0.00068965,-0.00099853,-0.00068084,0.00055100,0.00069641,-0.00013248,0.00103656,0.00057596,0.00081170,0.00098304,-0.00102581,0.00168389,0.00081163,-0.00105118,0.00066059,0.00068197,-0.00110106,-0.00011881,0.00089063,0.00161466,0.00086670,0.00126701,-0.00078531,0.00145519,0.00116643,0.00133927,-0.00028994,0.00067143,0.00170428,-0.00099771,-0.00044550,0.00087879,0.00127924,-0.00062546,-0.00025407,-0.00099127,-0.00107890,0.00099159,0.00117737,0.00055072,0.00110241,-0.00034745,-0.00044537,0.00073459,-0.00031457,0.00068281,-0.00049972,-0.00125451,-0.00090949,0.00062443,-0.00185731,-0.00079790,-0.00032405,-0.00049480,0.00078537,0.00009347,0.00112856,0.00091733,0.00086212,0.00092556,-0.00092221,-0.00015551,-0.00040029,-0.00093395,-0.00114854,-0.00142543,0.00024557,-0.00070843,0.00106316,0.00068484,0.00001131,0.00045672,-0.00066712,0.00027102,0.00133830,-0.00102275,0.00112852,-0.00059476,-0.00075393,0.00159454,-0.00138564,-0.00025738,0.00071541,-0.00077617,-0.00131455,0.00094416,-0.00031215,0.00019029,0.00170225,0.00065194,0.00125389,0.00023995,0.00073437,-0.00032234,-0.00078959,0.00058314,-0.00018013,-0.00032808,0.00018482,-0.00069567,-0.00107572,-0.00044380,0.00087324,0.00129842,0.00003003,0.00037269,-0.00066771,-0.00084806,0.00132175,0.00085104,0.00082961,0.00067139,-0.00030228,0.00038318,0.00105505,-0.00101798,-0.00044175,0.00070142,-0.00043024,-0.00030548,0.00127850,0.00025399,-0.00103626,0.00003221,-0.00058682,-0.00117530,0.00028976,-0.01015367,0.00099147,-0.00117390,-0.00137238,0.00085972,0.00054524,0.00037254,-0.00002479,0.00155937,0.00046560,0.00099991,-0.00140884,0.00006436,-0.00118631,0.00053803,0.00070448,-0.00032188,-0.00107483,0.00073724,-0.00099696,-0.00088839,-0.00013420,0.00081661,0.00097270,0.00011424,0.00019796,-0.00002916,-0.00100667,-0.00142257,0.00108011,-0.00087504,0.00167295,-0.00049882,-0.00085256,0.00025476,0.00108911,-0.00084528,-0.00087290,-0.00137906,-0.00085851,0.00071146,0.00034958,0.00002902,0.00123346,-0.00111644,0.00068411,0.00005545,-0.00056862,0.00086037,-0.00061142,0.00075169,-0.00064870,0.00139334,-0.00155105,0.00113753,0.00011531,-0.00142023,0.00071080,-0.00060853,-0.00114410,0.00101969,0.00065915,-0.00098863
-0.00025131,0.00081066,-0.00008621,0.00002302,-0.00010263,-0.00021392,0.00038972,0.00088078,0.00050124,-0.00052871,-0.00103762,-0.00068733,0.00024917,0.00142586,0.00034475,0.00004808,0.00018180,0.00061810,-0.00100976,-0.00000980,-0.00057471,0.00022108,0.00022841,0.00030181,-0.00006440,0.00063413,0.00029653,0.00048200,0.00001786,-0.00023005,0.00059214,-0.00102127,-0.00013669,-0.00052795,0.00009778,-0.00087581,-0.00002340,-0.00149103,-0.00070179,0.00020607,0.00061669,-0.00021168,0.00001635,-0.00004265,0.00013382,-0.00044068,0.00003406,0.00034326,-0.00073034,0.00023938,-0.00043388,-0.00043838,-0.00063449,0.00001006,0.00045662,-0.00018011,-0.00056832,0.00017734,0.00037731,0.00033924,-0.00045115,0.00008102,-0.00009546,0.00093966,0.00031494,-0.00070835,-0.00050871,-0.00113029,0.00038181,-0.00083977,-0.00046086,0.00019539,0.00113341,-0.00048475,-0.00078328,-0.00133508,0.00090498,-0.00032423,-0.00072625,0.00002241,-0.00029263,0.00025656,0.00009595,-0.00053122,0.00041427,-0.00049797,-0.00169428,0.00024677,-0.00042045,-0.00020483,-0.00003513,-0.00009767,-0.00007687,-0.00024835,0.00075562,-0.00011359,0.00028693,-0.00028025,-0.00002913,0.00010085,-0.00046895,-0.00005103,-0.00009459,-0.00020714,0.00042447,-0.00039581,0.00007037,0.00116205,0.00016641,-0.00060929,0.00036535,0.00049828,0.00015669,0.00142240,0.00030661,0.00066063,-0.00068717,0.00008540,0.00063653,0.00079877,-0.00005683,0.00039367,0.00001281,0.00005697,-0.00020279,0.00001909,-0.00087828,0.00050174,-0.00045583,-0.00055026,-0.01141077,-0.00067177,0.00010440,-0.00027303,-0.00035363,-0.00009655,0.00057439,0.00071934,0.00052644,0.00036856,0.00002351,-0.00022903,-0.00012418,0.00089011,0.00117767,-0.00005887,-0.00065992,0.00030800,-0.00053851,-0.00047180,-0.00007697,-0.00059490,-0.00002242,-0.00015629,-0.00071108,-0.00065598,-0.00011646,-0.00007436,0.00069556,-0.00040774,-0.00046556,-0.00067924,-0.00011041,0.00008535,0.00026970,-0.00108077,-0.00046557,-0.00119824,-0.00037292,-0.00006021,-0.00023736,-0.00023383,0.00031195,0.00002151,0.00056546,-0.00040159,0.00002991,-0.00029442,-0.00001478,0.00081918,-0.00053093,0.00044830,0.00057897,0.00108130,-0.00085578,0.00014581,-0.00037216,-0.00060498,-0.00132643,0.00047347,-0.00003980,-0.00040877
-0.00021365,0.00070834,-0.00049988,0.00070235,0.00004559,0.00086200,-0.00019874,0.00024483,-0.00077687,-0.00011785,-0.00127401,0.00012520,0.00048647,-0.00069712,-0.00079673,0.00075228,-0.00081905,-0.00105354,0.00028898,-0.00079836,-0.00047282,-0.00009165,0.00023098,-0.00060519,0.00080552,-0.00046915,-0.00010777,-0.00025311,0.00000177,-0.00023278,-0.00034900,0.00110276,-0.00063332,-0.00020831,-0.00083859,0.00055160,-0.00026842,0.00023490,0.00025472,0.00041769,-0.00032377,-0.00121820,-0.00019408,0.00053191,-0.00028408,-0.00016525,0.00026012,-0.00065692,0.00015409,0.00067336,-0.00010235,-0.00083794,0.00101116,-0.00024200,0.00033354,0.00007825,-0.00072868,-0.00106124,-0.00047575,-0.00102246,-0.00085429,-0.00088342,0.00083898,-0.00046942,-0.00019139,0.00002348,0.00082838,0.00060122,-0.00061758,0.00058594,-0.00029467,-0.00029600,0.00082966,-0.00010824,0.00097147,-0.00120696,-0.00022784,0.00020242,0.00011037,0.00014816,-0.00005602,-0.00190195,0.00050606,0.00038680,-0.00067894,0.00029294,0.00064240,-0.00067124,0.00030573,-0.00111052,-0.00026210,-0.00046650,-0.00016989,0.00014742,-0.00023779,-0.00019809,0.00033140,-0.00051442,0.00019371,0.00004107,0.00038797,0.00030601,0.00076730,0.00004793,-0.00041241,0.00029315,-0.00040637,-0.00039181,0.00025004,0.00099306,-0.00015919,-0.00030774,-0.00103204,-0.00031482,-0.00109237,0.00044058,-0.00015254,0.00036804,-0.00004288,-0.00033570,0.00016584,0.00074689,-0.00081678,-0.00110456,0.00100741,0.00113156,0.00048654,0.00061137,-0.00095035,-0.00003737,-0.00073364,-0.01126738,0.00076583,-0.00048527,-0.00006564,-0.00040211,-0.00005149,-0.00122324,-0.00028612,-0.00038275,0.00160206,-0.00085182,0.00062748,-0.00028034,-0.00102007,0.00066527,-0.00054788,0.00033282,0.00114348,0.00022798,-0.00064701,-0.00033630,-0.00016729,0.00079004,0.00113629,-0.00009275,0.00038408,0.00066385,-0.00048522,0.00058065,0.00056857,0.00045107,0.00039823,-0.00035416,-0.00040780,0.00011125,0.00053554,0.00133189,0.00056141,0.00015244,-0.00033027,0.00040809,-0.00090175,-0.00110945,-0.00038916,0.00084906,0.00092061,-0.00065268,-0.00005103,0.00025577,0.00053444,-0.00066213,0.00148109,-0.00089007,-0.00085968,0.00021778,-0.00055794,0.00043250,0.00045897,0.00042311,-0.00007787,0.00007805
0.00037095,0.00019663,-0.00009184,0.00014161,-0.00082257,0.00034405,-0.00087195,0.00003600,-0.00034680,0.00042569,-0.00055164,0.00014122,-0.00003172,-0.00011796,-0.00067371,0.00029988,0.00010537,-0.00036543,0.00079421,0.00041996,0.00054173,-0.00040273,-0.00029595,-0.00062781,0.00035877,-0.00137322,-0.00043192,0.00004687,0.00076036,-0.00018801,-0.00058591,0.00099578,-0.00041153,-0.00113991,-0.00091757,-0.00003095,-0.00054560,-0.00023623,0.00077545,0.00019503,-0.00052465,-0.00066100,-0.00024198,-0.00050587,0.00014605,-0.00002181,0.00053835,0.00017488,-0.00034080,0.00011242,0.00045278,-0.00073559,0.00051151,-0.00000394,0.00023854,0.00002616,0.00000474,-0.00042794,-0.00045998,-0.00060667,-0.00045821,-0.00050642,0.00046559,0.00016103,-0.00072003,-0.00010610,0.00025888,0.00082757,-0.00002257,-0.00026802,0.00004832,-0.00045327,0.00010372,0.00006643,0.00065806,-0.00034084,0.00030920,0.00073978,-0.00053987,0.00001867,0.00021207,-0.00063314,0.00106311,-0.00004916,0.00009358,0.00098209,0.00058472,-0.00121085,0.00009432,-0.00170995,-0.00112457,-0.00037768,-0.00080873,-0.00062557,-0.00040159,0.00005835,0.00058092,-0.00004194,0.00102080,0.00015747,-0.00046441,0.00032862,0.00041515,0.00004874,0.00017566,-0.00012090,0.00001052,-0.00027482,0.00028441,0.00112482,-0.00017797,-0.00069173,-0.00058907,-0.00102925,0.00017187,-0.00019886,0.00001433,0.00111479,0.00073697,0.00050862,0.00083669,-0.00047754,-0.00041291,-0.00031049,0.00032876,0.00075900,0.00067416,-0.00066023,-0.00152137,0.00052765,0.00014060,0.00116510,-0.01079599,-0.00009177,-0.00006568,0.00042425,0.00060282,-0.00200203,0.00052686,0.00023399,-0.00053391,-0.00120961,0.00116556,-0.00121164,-0.00083338,-0.00007491,0.00027221,-0.00045095,0.00127271,0.00108974,-0.00063477,-0.00052528,0.00030558,0.00037749,0.00019693,-0.00062542,0.00065178,0.00080377,-0.00059410,-0.00027513,-0.00018555,0.00047429,0.00029923,0.00011117,-0.00093544,0.00063233,0.00046984,0.00100296,-0.00003652,-0.00046569,0.00010967,0.00027962,-0.00070064,-0.00034076,-0.00093554,0.00064161,0.00104438,-0.00049857,0.00084017,-0.00079689,0.00077568,-0.00109075,0.00004016,-0.00053387,-0.00006797,0.00020928,-0.00050887,0.00152753,0.00034994,0.00004966,-0.00046867,0.00105304
0.00034317,-0.00019995,0.00050021,-0.00158402,-0.00045797,-0.00033135,0.00095653,-0.00003397,0.00123106,0.00066889,0.00145798,0.00016091,-0.00063448,0.00070643,0.00003213,-0.00121571,0.00090606,0.00020662,-0.00115077,-0.00026140,0.00018214,0.00041120,0.00047452,0.00103842,-0.00173324,0.00143840,0.00034006,0.00049457,-0.00045645,0.00009436,0.00099823,-0.00162127,-0.00130928,0.00092278,0.00144307,-0.00075555,-0.00078828,-0.00064926,-0.00074065,0.00046629,0.00128344,0.00083675,0.00115827,-0.00038488,-0.00044166,0.00043774,-0.00027137,0.00063371,-0.00136639,-0.00113112,-0.00077463,0.00113278,-0.00090046,0.00040306,-0.00025472,0.00009614,0.00040894,0.00080856,0.00099603,0.00102011,0.00045824,0.00061517,-0.00103488,-0.00134593,-0.00115520,-0.00144986,-0.00065556,-0.00170001,0.00050370,-0.00083232,0.00112941,0.00015113,0.00034750,0.00042525,-0.00077930,-0.00012132,0.00058495,-0.00130471,0.00085126,-0.00076073,-0.00142953,0.00139439,-0.00094404,-0.00056480,0.00125521,-0.00072893,-0.00146067,0.00111616,0.00055149,0.00102280,0.00165696,0.00078066,0.00093728,0.00029106,0.00099900,-0.00064194,-0.00127857,0.00044801,-0.00045454,-0.00049736,-0.00031062,0.00002571,-0.00075221,-0.00014990,0.00005178,0.00018953,0.00060927,0.00080040,0.00001687,-0.00105619,0.00098372,0.00046927,0.00087447,-0.00001479,-0.00041952,0.00103229,0.00101494,-0.00127704,-0.00096858,0.00104928,0.00037897,-0.00000744,0.00068388,0.00021009,-0.00094902,0.00046558,-0.00106512,-0.00017981,0.00056605,0.00003445,0.00132716,-0.00126983,-0.00078852,-0.00760984,0.00073254,0.00114886,-0.00007298,0.00195245,0.00010062,0.00122127,-0.00155880,0.00068047,-0.00122798,0.00092524,0.00065050,-0.00150883,-0.00057279,0.00045354,-0.00126217,-0.00137909,-0.00155998,0.00079858,0.00066894,0.00001247,-0.00044149,-0.00026695,-0.00087334,-0.00127925,0.00100110,0.00037565,0.00059896,-0.00060053,-0.00147298,-0.00093168,0.00086860,-0.00090641,-0.00164838,-0.00134887,-0.00103522,-0.00002047,0.00077723,-0.00059666,0.00148905,-0.00074777,0.00079883,-0.00018438,-0.00130682,0.00079804,-0.00150819,0.00096238,-0.00042446,0.00122061,-0.00160613,0.00145000,-0.00037907,-0.00072031,0.00043470,-0.00041407,-0.00161742,0.00121548,0.00127027,-0.00149391
0.00024320,0.00038500,0.00017573,-0.00136528,-0.00022989,0.00081915,0.00023209,-0.00021909,0.00046909,-0.00043052,0.00080669,0.00127227,-0.00021765,0.00152766,0.00050906,0.00007347,0.00054517,0.00022495,-0.00122038,0.00001745,0.00066925,0.00012237,0.00030218,0.00187199,-0.00095367,0.00143387,0.00025820,-0.00003595,-0.00057450,-0.00052476,0.00042158,-0.00093353,-0.00006825,0.00079397,0.00084107,-0.00057010,-0.00060038,0.00004538,-0.00102988,0.00004450,0.00091463,0.00003043,0.00052810,-0.00001843,0.00037523,0.00064346,-0.00092821,0.00047019,-0.00005063,-0.00100607,-0.00025984,0.00052985,-0.00050407,0.00010719,0.00007639,-0.00040610,0.00078785,0.00120872,0.00082097,-0.00000661,0.00085008,0.00099822,-0.00070222,-0.00036767,0.00012760,0.00005341,-0.00062822,-0.00065286,0.00033681,-0.00034540,0.00057974,0.00059040,0.00088302,0.00033108,-0.00093120,0.00061107,0.00035818,-0.00028743,0.00036255,-0.00093475,-0.00078208,0.00019897,-0.00087137,-0.00015426,0.00062789,-0.00042537,-0.00113164,0.00056644,0.00069929,0.00034456,0.00100293,0.00081768,0.00039171,0.00025605,0.00062261,-0.00027265,-0.00032355,-0.00077118,-0.00017314,-0.00069889,-0.00031733,-0.00004479,-0.00171413,-0.00057132,0.00057380,0.00037581,0.00046287,-0.00041787,-0.00008476,-0.00085658,-0.00034167,0.00072064,0.00059793,0.00064000,0.00025498,-0.00072704,0.00054990,-0.00058505,-0.00100609,0.00036773,0.00011601,0.00039810,0.00065573,0.00090518,-0.00034898,-0.00015595,-0.00078973,0.00014763,0.00020981,-0.00060876,0.00044393,-0.00049058,-0.00002954,0.00004781,-0.01073221,0.00024057,0.00090605,0.00162502,-0.00047241,0.00023612,-0.00039914,0.00129019,-0.00106402,0.00050883,0.00033894,-0.00084160,-0.00005525,0.00097225,-0.00064027,-0.00122437,0.00086505,0.00053013,0.00037904,-0.00019774,-0.00105239,0.00017468,-0.00049854,-0.00116890,0.00046658,-0.00017620,-0.00019383,-0.00028225,-0.00082421,-0.00017326,0.00106965,-0.00034001,-0.00143048,-0.00059171,-0.00031183,-0.00082791,0.00006390,-0.00036671,0.00141836,-0.00031051,0.00087093,0.00028636,-0.00084613,-0.00053768,-0.00116192,0.00070395,-0.00065892,0.00080573,0.00024896,0.00036494,0.00044152,-0.00024527,-0.00006497,-0.00119266,-0.00032086,0.00065856,0.00004609,-0.00166051
0.00071390,-0.00059135,0.00011667,-0.00035423,0.00090475,0.00099093,-0.00008742,-0.00012896,0.00104023,-0.00048425,-0.00004849,0.00003506,-0.00023815,0.00043299,0.00018044,-0.00074947,0.00010020,0.00081364,-0.00075562,0.00006362,0.00049530,0.00015661,0.00038290,0.00030417,-0.00127090,0.00075408,0.00063780,0.00018916,-0.00027984,-0.00039826,0.00118538,-0.00123444,0.00014903,0.00073975,0.00122668,-0.00057892,0.00004810,-0.00029070,-0.00063028,0.00101737,0.00040166,0.00096075,0.00117472,-0.00015319,-0.00033862,0.00062218,-0.00012613,-0.00032540,-0.00098710,-0.00081031,0.00033719,0.00059303,-0.00068681,-0.00046160,-0.00007861,-0.00007606,0.00058231,0.00050373,0.00082123,0.00028014,0.00029607,0.00064415,-0.00141712,-0.00035569,0.00023919,-0.00042661,-0.00078626,-0.00118031,0.00001556,-0.00026622,0.00050786,0.00058412,0.00036662,0.00048681,-0.00166229,0.00039055,-0.00037476,-0.00046825,0.00087492,-0.00100999,-0.00085390,0.00016430,-0.00073751,-0.00075576,-0.00004675,-0.00082580,-0.00097871,0.00025300,0.00066952,0.00131931,0.00038703,0.00096362,0.00117445,-0.00046408,0.00053032,-0.00104363,-0.00065837,0.00005316,0.00009673,0.00015390,0.00004208,-0.00013974,-0.00042163,0.00037006,0.00032902,0.00000213,0.00051832,-0.00015475,-0.00002744,-0.00041480,0.00008401,0.00031566,0.00115897,0.00067621,0.00001398,0.00068639,0.00038206,-0.00066821,-0.00058136,0.00087541,0.00006530,0.00035273,0.00115719,-0.00053670,-0.00072938,-0.00049085,0.00026857,-0.00145174,-0.00000277,-0.00041066,0.00013932,-0.00030178,-0.00066073,0.00121395,0.00057228,-0.01139937,0.00073601,0.00139705,-0.00008540,-0.00017817,-0.00117305,0.00069361,-0.00043449,-0.00063452,0.00133020,-0.00055785,-0.00068249,0.00115386,-0.00106940,-0.00036774,0.00029737,0.00014969,0.00036652,-0.00042932,-0.00044002,0.00013984,-0.00141533,-0.00129397,0.00082588,-0.00034029,0.00011474,-0.00012357,-0.00102751,-0.00058289,0.00137059,-0.00098465,-0.00035442,-0.00040119,-0.00039412,-0.00010260,0.00036139,-0.00005224,0.00042096,-0.00061088,0.00159156,-0.00046249,-0.00106859,-0.00010087,-0.00051685,0.00093139,-0.00086202,0.00157200,-0.00115872,0.00126149,0.00060290,0.00000063,0.00091613,-0.00005475,-0.00033156,0.00108044,0.00097126,-0.00058855
0.00076231,0.00006035,-0.00068434,0.00089904,0.00061175,0.00037875,-0.00055976,-0.00042804,-0.00146587,-0.00105291,-0.00190814,-0.00028514,0.00069299,-0.00129402,-0.00096913,0.00073329,-0.00094395,-0.00161455,0.00173694,-0.00004510,0.00029031,-0.00148241,-0.00137409,-0.00067571,0.00254250,-0.00127784,-0.00134008,0.00008708,0.00100013,-0.00098081,-0.00107122,0.00148460,0.00062176,-0.00118802,-0.00076303,0.00127023,-0.00013491,0.00029080,0.00146751,-0.00125869,-0.00098380,-0.00130595,-0.00131602,0.00027678,-0.00018926,-0.00051872,0.00004941,-0.00133182,0.00102648,0.00156416,0.00120603,-0.00086738,0.00196157,0.00058332,0.00071409,-0.00070837,0.00079691,-0.00050672,-0.00074122,-0.00066344,-0.00044568,-0.00220341,0.00127286,-0.00024006,0.00080867,0.00070889,0.00142309,0.00127785,-0.00045726,0.00086468,0.00000126,-0.00114560,-0.00042960,-0.00010428,0.00074112,0.00041757,-0.00075326,0.00177604,-0.00021749,0.00032753,0.00118736,-0.00192572,0.00025874,0.00111348,-0.00083035,0.00075292,0.00189828,-0.00126071,0.00028269,-0.00051086,-0.00123598,-0.00073062,-0.00140075,0.00008666,-0.00099727,-0.00078684,0.00003298,-0.00074712,0.00018891,0.00033507,-0.00083183,0.00033613,0.00210501,0.00009697,-0.00049977,-0.00068048,0.00013085,-0.00074328,0.00128997,0.00112512,-0.00121982,-0.00076054,-0.00187419,-0.00147611,-0.00042517,-0.00100431,-0.00206225,0.00175139,0.00138103,-0.00075668,-0.00022416,0.00040663,-0.00201755,-0.00040557,0.00091757,-0.00055171,0.00084235,0.00021032,-0.00063218,-0.00031947,-0.00029263,0.00175918,0.00208853,-0.00077005,-0.00064686,-0.00066385,-0.01271841,-0.00107995,-0.00063228,-0.00196207,0.00165835,-0.00041754,0.00195881,-0.00040926,-0.00084521,0.00085599,0.00155391,-0.00121252,0.00030694,0.00168536,0.00044644,-0.00144786,-0.00171385,0.00158354,-0.00067798,0.00063495,0.00088764,0.00160249,-0.00155217,-0.00038807,-0.00148585,0.00003394,0.00029635,0.00035379,-0.00070273,0.00073637,0.00108548,0.00149375,0.00149664,-0.00116889,-0.00219881,-0.00092013,-0.00088532,0.00035915,-0.00151675,0.00006017,0.00127691,-0.00049673,0.00060589,-0.00169926,0.00130845,-0.00149239,0.00094803,-0.00103010,-0.00055773,0.00074244,-0.00043946,0.00105328,0.00171674,-0.00123984,-0.00136713,0.00065880
-0.00068228,0.00029030,-0.00168742,0.00148105,-0.00108740,0.00115083,-0.00035067,0.00032391,-0.00110012,-0.00116163,-0.00160000,-0.00058362,0.00080029,-0.00158881,-0.00143817,0.00120780,-0.00129232,-0.00119063,0.00061560,0.00066696,-0.00125648,-0.00205072,-0.00211782,-0.00130867,0.00167291,-0.00173806,-0.00069063,-0.00051031,-0.00016749,-0.00111118,-0.00245322,0.00211391,0.00059919,-0.00090640,-0.00144870,0.00119176,0.00082652,-0.00065572,0.00136388,-0.00137437,-0.00086140,-0.00151096,-0.00136124,0.00109173,0.00120397,-0.00126814,0.00006658,-0.00125465,0.00199132,0.00115450,0.00034413,-0.00110208,0.00140437,-0.00064550,0.00066973,-0.00053317,-0.00077434,-0.00207725,-0.00132361,-0.00083429,-0.00116806,-0.00106136,0.00089268,0.00082755,0.00085110,0.00106210,0.00119324,0.00112960,-0.00064196,0.00088844,-0.00125047,-0.00156584,0.00069138,0.00024785,0.00186290,-0.00015853,-0.00099065,0.00178036,-0.00068215,0.00025896,0.00110598,-0.00144425,0.00097023,0.00116657,-0.00168018,0.00087262,0.00195068,-0.00174932,-0.00024148,-0.00139867,-0.00216116,-0.00044661,-0.00182193,-0.00144569,-0.00076373,-0.00027861,0.00104127,-0.00114933,0.00014295,0.00035659,-0.00064475,-0.00001034,0.00064298,0.00073817,-0.00089037,-0.00092273,-0.00090323,-0.00058043,0.00077037,0.00076359,-0.00124357,-0.00063988,-0.00159302,-0.00183447,-0.00021699,-0.00116767,-0.00119232,0.00121824,0.00153957,-0.00148631,-0.00144278,0.00003438,-0.00102011,-0.00060046,0.00098810,-0.00039091,0.00159957,0.00062871,-0.00048553,-0.00115378,-0.00137926,0.00185666,0.00145610,-0.00179456,-0.00127580,-0.00155432,0.00079759,-0.00998974,-0.00080063,-0.00072219,0.00159851,-0.00005864,0.00100627,-0.00033327,-0.00102250,0.00123984,0.00101495,-0.00113690,0.00037219,0.00202302,0.00060105,-0.00206509,-0.00183444,0.00099831,-0.00049430,0.00135821,0.00048959,0.00187877,-0.00174982,0.00008283,-0.00131871,-0.00131883,-0.00035652,0.00132485,-0.00073581,0.00215482,0.00192854,0.00094990,0.00213890,-0.00026303,-0.00149050,-0.00176347,-0.00020759,0.00136103,-0.00073809,-0.00032633,0.00203572,-0.00072919,0.00215433,-0.00092900,0.00104525,-0.00159046,0.00084785,-0.00121598,0.00027056,0.00142446,0.00002107,0.00151875,0.00288973,-0.00174284,-0.00142774,0.00209652
-0.00005384,-0.00043836,0.00108027,-0.00146557,0.00010729,0.00008580,0.00038106,0.00020871,0.00168255,0.00110322,0.00082357,0.00066627,-0.00125206,0.00068435,0.00011721,-0.00111631,0.00116293,0.00173387,-0.00059131,-0.00129019,-0.00009872,0.00091999,0.00132527,0.00064201,-0.00153096,0.00135708,-0.00007550,0.00034270,0.00038194,0.00055026,0.00101703,-0.00078015,0.00009969,0.00056238,0.00155366,-0.00124960,-0.00031588,-0.00001013,-0.00024773,0.00079202,0.00074243,0.00124775,0.00110226,-0.00041002,0.00051109,0.00122370,-0.00044614,0.00013452,-0.00074653,-0.00110716,-0.00112132,0.00078914,-0.00109353,0.00051928,-0.00115474,0.00001396,0.00042929,0.00095836,0.00156139,0.00024990,0.00157142,-0.00000135,-0.00062855,-0.00063720,-0.00090339,-0.00081618,-0.00086202,-0.00096446,0.00013571,-0.00066103,0.00025188,0.00045062,-0.00024351,0.00054799,-0.00147491,-0.00004786,0.00032944,-0.00065936,0.00135022,-0.00148013,-0.00128944,0.00085135,-0.00125032,-0.00034282,-0.00004969,-0.00076482,-0.00053884,0.00038807,0.00004519,0.00064320,0.00042759,0.00006217,0.00020074,0.00070169,0.00104154,-0.00015518,-0.00013394,0.00071472,0.00050689,-0.00043797,-0.00122415,-0.00049709,-0.00045240,0.00034524,0.00021844,0.00026863,0.00026737,0.00044253,-0.00091079,-0.00094491,0.00069313,0.00087670,0.00123566,0.00002899,0.00053745,0.00064107,0.00086471,-0.00165006,-0.00140159,0.00074213,-0.00008591,0.00075839,0.00143037,0.00012325,-0.00122485,-0.00036962,-0.00141206,-0.00073978,0.00014837,0.00041213,0.00146252,-0.00135794,-0.00103765,0.00070463,0.00117794,0.00088240,-0.00026063,0.00141615,-0.01283710,0.00102926,-0.00103838,0.00040206,-0.00108161,0.00054739,0.00141570,-0.00013509,-0.00109523,0.00035204,-0.00045936,-0.00051420,-0.00023227,0.00093925,0.00102877,0.00009731,0.00093328,-0.00017571,-0.00081728,-0.00099559,0.00137469,0.00015294,0.00117742,0.00026953,-0.00081681,-0.00007941,0.00117187,-0.00064482,-0.00134918,-0.00062026,-0.00134375,0.00035612,0.00090172,0.00007673,0.00051323,-0.00072478,0.00134642,-0.00049399,-0.00097730,0.00008738,-0.00089870,0.00017042,-0.00180052,0.00123037,-0.00062742,0.00054609,0.00057849,-0.00029099,0.00083473,-0.00099751,-0.00147757,0.00048152,0.00139150,-0.00017878
0.00070197,-0.00052273,0.00064486,-0.00049881,0.00021412,0.00038537,0.00055961,0.00137422,0.00068251,0.00004779,0.00018215,0.00105368,-0.00039789,0.00103726,0.00099986,0.00013579,0.00076598,0.00143375,-0.00074800,0.00005794,0.00074626,0.00104881,-0.00006983,0.00113470,-0.00109714,0.00124273,0.00057263,0.00069327,-0.00061335,0.00034829,0.00076165,-0.00078903,-0.00097834,0.00049293,0.00028931,-0.00009529,0.00008552,0.00019237,-0.00110238,0.00028323,0.00041512,0.00065884,0.00106006,0.00034606,-0.00005460,0.00014379,-0.00004728,0.00060748,-0.00102208,-0.00099580,0.00036440,0.00067042,-0.00013654,0.00041415,-0.00019076,-0.00027533,0.00096702,0.00079114,0.00056660,0.00074185,0.00096151,0.00104418,-0.00002027,-0.00032703,-0.00034573,-0.00096560,-0.00059063,-0.00102305,0.00058959,-0.00096396,0.00116353,0.00029343,0.00005068,-0.00015336,-0.00060129,0.00020221,0.00048945,-0.00095499,0.00026325,-0.00022034,-0.00147047,0.00041900,0.00016289,-0.00035154,0.00046788,-0.00094469,-0.00087437,-0.00022997,0.00141603,0.00079859,0.00080996,0.00030344,-0.00024632,0.00009090,0.00029186,-0.00082201,-0.00080233,0.00048943,-0.00046270,-0.00013743,0.00006104,-0.00017284,-0.00042768,-0.00032128,-0.00010227,0.00049335,-0.00060811,0.00000115,-0.00060403,-0.00000924,0.00036629,0.00043882,0.00040994,-0.00067740,0.00018560,0.00041651,0.00084235,-0.00021622,-0.00034234,0.00051643,-0.00027089,0.00033873,0.00117052,0.00032096,-0.00077600,-0.00035177,-0.00037938,0.00000146,-0.00015166,0.00102649,0.00040270,-0.00062206,-0.00023119,0.00023306,-0.00011156,0.00018464,0.00024873,0.00236607,-0.00027317,-0.00905414,-0.00015025,0.00056809,-0.00149365,-0.00008237,0.00050579,-0.00065209,-0.00108466,-0.00013743,-0.00069470,-0.00090395,-0.00007077,0.00080106,0.00056036,-0.00002801,0.00056340,0.00055599,-0.00029230,0.00001059,0.00112494,0.00066349,0.00046000,-0.00022643,-0.00058578,-0.00132140,0.00137187,-0.00040428,-0.00088924,-0.00164172,-0.00018296,-0.00066885,0.00001149,-0.00029346,0.00072799,-0.00010679,0.00043187,0.00014561,-0.00014765,-0.00010546,-0.00120381,0.00079409,-0.00085669,0.00156958,-0.00037114,0.00013868,0.00036619,-0.00100599,-0.00024432,-0.00075637,-0.00137249,0.00049111,0.00013213,-0.00060564
0.00034300,0.00123642,0.00013492,0.00000008,-0.00090396,-0.00013098,-0.00010735,0.00049928,-0.00020041,-0.00037361,-0.00160330,-0.00019717,0.00122777,-0.00088447,-0.00032521,0.00036537,-0.00054117,-0.00065458,0.00029241,0.00046802,-0.00001465,-0.00069652,-0.00086429,-0.00119943,0.00033234,-0.00035624,-0.00009368,0.00095245,0.00012693,-0.00027044,-0.00039447,0.00117526,0.00000696,-0.00113567,-0.00149474,0.00056461,0.00001525,0.00015584,0.00019214,-0.00021857,-0.00055946,-0.00129679,-0.00147482,0.00013136,0.00033831,-0.00095731,-0.00024817,-0.00020758,0.00015194,0.00065410,0.00092129,-0.00152275,0.00057108,-0.00026476,0.00017038,0.00052175,-0.00073666,0.00015302,-0.00148568,-0.00029368,-0.00057804,-0.00101238,0.00014773,0.00053437,-0.00019287,0.00002101,0.00018132,0.00089467,-0.00095344,0.00013815,0.00005523,-0.00065567,-0.00013713,0.00031173,0.00054719,-0.00102501,-0.00016720,0.00076918,-0.00039303,-0.00040676,0.00077845,-0.00077770,0.00059230,0.00023886,-0.00109798,0.00079713,0.00059682,0.00088116,0.00000622,-0.00061602,-0.00139565,0.00033328,-0.00068826,-0.00035705,-0.00036054,-0.00000991,0.00080721,0.00049749,-0.00022754,0.00005750,0.00014598,-0.00014250,0.00045052,-0.00016413,0.00044058,0.00031814,0.00046716,-0.00065272,-0.00027660,0.00055238,-0.00083632,-0.00054986,-0.00059720,-0.00018719,-0.00011228,0.00001623,-0.00057363,0.00052437,0.00103287,-0.00011964,-0.00068708,0.00077851,-0.00050983,-0.00035503,0.00068798,0.00031180,0.00035793,0.00101518,-0.00111476,0.00071462,-0.00077038,0.00143312,0.00002211,-0.00038218,0.00040371,-0.00063109,-0.00046738,-0.00186766,0.00058897,0.00029671,-0.00868491,-0.00085695,0.00048716,-0.00039742,-0.00066525,0.00012684,0.00094456,-0.00092287,0.00076918,0.00093521,-0.00023519,0.00000586,-0.00027196,0.00049873,0.00133708,-0.00133125,0.00079396,0.00045818,0.00022057,-0.00026805,0.00020448,0.00042416,0.00068894,-0.00027289,-0.00048996,0.00048845,0.00023732,0.00079190,0.00081565,0.00038849,0.00022951,0.00092943,-0.00140119,0.00003683,-0.00086692,0.00058686,0.00157897,-0.00116485,0.00094472,0.00000430,0.00084668,-0.00061592,0.00031034,-0.00093810,-0.00076975,0.00025318,-0.00029158,-0.00046477,0.00128523,-0.00076378,-0.00045775,0.00104813
0.00007412,0.00000298,-0.00002011,0.00118814,0.00015171,-0.00039303,-0.00105037,-0.00008736,-0.00163654,-0.00054412,-0.00053460,-0.00060202,0.00103874,-0.00086569,-0.00030907,0.00039270,-0.00106509,-0.00127287,0.00174975,0.00101233,-0.00024772,-0.00156723,-0.00096190,-0.00023652,0.00068643,-0.00108880,-0.00074317,-0.00011906,0.00131772,-0.00039784,-0.00067528,0.00137025,0.00014219,-0.00103294,-0.00097479,0.00054894,0.00029611,-0.00037031,0.00089573,-0.00101429,-0.00059426,-0.00038244,-0.00056252,0.00058123,0.00030330,-0.00098271,-0.00000882,-0.00140044,0.00101712,0.00134822,0.00077583,-0.00086067,0.00087797,-0.00103413,-0.00013012,0.00038880,-0.00002137,-0.00133283,-0.00091993,-0.00070455,-0.00106569,-0.00047799,0.00113261,0.00118904,-0.00025291,0.00085746,0.00152816,0.00114406,-0.00061942,0.00029027,-0.00019382,-0.00061620,-0.00053387,0.00082558,0.00114067,-0.00101782,-0.00073987,0.00095030,-0.00102444,0.00009334,0.00057723,-0.00131444,0.00078702,0.00070314,-0.00092523,0.00095635,0.00130373,-0.00093352,-0.00016551,-0.00083058,-0.00099157,-0.00071042,-0.00132402,-0.00065197,-0.00090693,0.00034984,0.00102814,-0.00046706,-0.00070533,0.00029291,0.00050194,0.00086175,0.00060918,0.00009552,-0.00203056,-0.00073337,-0.00070703,0.00083122,0.00133694,0.00181510,-0.00103456,-0.00068185,0.00012823,-0.00117198,0.00014195,-0.00012732,-0.00097627,0.00086474,0.00081372,-0.00032275,0.00022860,-0.00047589,-0.00088707,-0.00029718,0.00060322,0.00034734,0.00024316,0.00069466,-0.00139448,0.00008894,-0.00144348,0.00121461,0.00046003,-0.00092777,-0.00007294,-0.00111291,-0.00093981,-0.00079014,-0.00029313,-0.00105769,0.00136307,-0.01072578,0.00106415,-0.00046360,-0.00076572,0.00084613,-0.00036229,-0.00062499,0.00013711,0.00095624,0.00003321,-0.00166482,-0.00045794,0.00091069,0.00012532,0.00021974,0.00033000,0.00118385,-0.00128706,-0.00020618,-0.00025280,0.00099970,0.00043017,0.00057673,-0.00098826,0.00194018,0.00119950,0.00049302,0.00100061,0.00016051,-0.00104534,0.00024113,-0.00151327,0.00127192,-0.00038472,-0.00020983,0.00215035,-0.00056144,0.00058728,-0.00164146,0.00078395,-0.00182785,0.00117028,-0.00152309,-0.00044865,0.00071104,-0.00050595,0.00012547,0.00115584,-0.00145545,-0.00109243,0.00178814
0.00044940,0.00131398,-0.00084609,0.00018507,0.00014557,0.00022322,-0.00033880,0.00016760,-0.00100118,-0.00023853,-0.00048899,0.00032518,-0.00024972,-0.00099605,-0.00013163,0.00032683,-0.00060163,-0.00032837,-0.00043180,0.00085267,-0.00093469,0.00016804,-0.00056834,0.00020624,0.00065036,-0.00043355,0.00041719,-0.00061999,-0.00028784,-0.00048307,-0.00069681,0.00031474,0.00070341,-0.00106041,-0.00058286,0.00041039,0.00028994,-0.00029905,0.00052129,0.00016282,-0.00100733,-0.00036652,-0.00027117,-0.00027561,-0.00038014,-0.00015568,0.00003797,-0.00096271,-0.00001470,0.00015542,0.00032275,0.00048703,0.00000411,0.00069920,-0.00094789,0.00016247,0.00013389,-0.00000705,0.00040164,-0.00037971,-0.00114471,-0.00020624,-0.00021361,0.00078950,-0.00005651,-0.00007124,0.00072171,0.00064391,0.00051271,-0.00048602,-0.00019922,-0.00012902,0.00049698,-0.00016482,0.00095831,0.00069269,0.00022321,0.00027208,-0.00010084,0.00007867,0.00024144,-0.00039086,-0.00019430,-0.00023176,-0.00024142,0.00018860,0.00192050,-0.00097807,-0.00023447,0.00082104,-0.00017239,0.00011666,-0.00089663,0.00132574,0.00091602,0.00043216,0.00066710,-0.00003534,0.00009245,0.00003528,-0.00056693,-0.00094711,0.00032323,0.00076748,-0.00006971,0.00083061,-0.00017528,0.00052130,-0.00153809,0.00066903,-0.00028505,0.00022917,0.00021682,0.00081948,-0.00024836,-0.00014561,0.00027601,0.00016712,0.00023271,0.00036430,-0.00039878,-0.00032358,-0.00068267,0.00058120,0.00056391,0.00049331,0.00026745,0.00005571,-0.00047617,0.00073136,-0.00032022,-0.00041866,0.00061447,0.00023476,0.00001824,0.00030422,0.00021642,-0.00168983,0.00037046,-0.00065316,-0.00077069,-0.00132879,-0.01255002,-0.00030633,0.00006013,-0.00011313,0.00080371,-0.00011923,0.00138027,-0.00038823,-0.00017038,0.00012136,0.00000000,-0.00047975,0.00059554,-0.00083607,-0.00048805,-0.00016337,-0.00077487,-0.00026630,0.00034429,0.00081400,0.00035203,0.00052509,0.00008528,0.00027957,0.00036173,0.00061284,-0.00004841,0.00042804,0.00028069,-0.00030303,-0.00091767,-0.00031682,-0.00065502,0.00006290,0.00066981,0.00012496,-0.00073292,0.00013522,0.00102294,-0.00017495,0.00011184,-0.00019320,-0.00056963,0.00039546,0.00014212,0.00030437,0.00010004,0.00018258,-0.00074543,0.00006335
0.00041541,0.00041384,-0.00091290,-0.00025196,-0.00059211,-0.00005122,0.00103393,0.00084925,-0.00027468,0.00032963,-0.00030508,-0.00031558,0.00069379,-0.00041486,-0.00012797,-0.00011962,-0.00044557,-0.00061373,0.00040209,0.00032500,-0.00070573,-0.00081399,-0.00114240,-0.00082775,0.00060681,-0.00080776,-0.00034960,0.00024871,0.00076208,0.00038448,-0.00098588,0.00034434,0.00038508,-0.00175419,-0.00051079,0.00058035,0.00007040,0.00030530,0.00049046,-0.00054267,0.00025617,0.00010297,-0.00070813,-0.00051769,0.00035431,-0.00075337,-0.00059126,-0.00059040,0.00097663,0.00115894,0.00047491,-0.00050431,0.00130788,-0.00027160,0.00087718,0.00061560,0.00037211,-0.00027584,-0.00008694,-0.00064552,-0.00067469,-0.00080855,-0.00000211,0.00101128,0.00077774,0.00106497,0.00099849,0.00007711,-0.00100164,0.00001288,-0.00071145,-0.00021493,0.00044849,-0.00062551,0.00054372,-0.00122634,-0.00074811,0.00059652,-0.00049301,0.00074861,0.00106171,-0.00074508,0.00023129,-0.00008855,-0.00082215,0.00057346,0.00017334,-0.00021912,0.00026365,-0.00098022,-0.00107968,-0.00080564,-0.00064070,0.00015009,-0.00111666,0.00029631,-0.00044777,-0.00080340,0.00077128,0.00003018,-0.00040466,-0.00007356,0.00070880,-0.00081778,-0.00016328,-0.00079349,-0.00013049,-0.00030068,0.00045110,0.00013942,-0.00029615,-0.00088879,-0.00055162,0.00041764,-0.00030724,-0.00039673,-0.00080524,0.00031678,0.00041799,-0.00058885,-0.00007037,-0.00015000,-0.00016827,-0.00094272,0.00102946,0.00058912,0.00044224,0.00034285,-0.00014596,0.00036430,-0.00021847,0.00074439,0.00019943,-0.00083799,-0.00051472,-0.00153031,-0.00044871,-0.00107717,0.00050641,-0.00069416,0.00146914,-0.00016610,0.00046010,-0.01201490,-0.00037547,0.00067561,-0.00030171,-0.00086030,0.00001972,0.00072448,-0.00030680,-0.00153341,-0.00013327,-0.00031030,0.00017786,0.00099805,0.00066356,-0.00009145,-0.00085593,0.00041155,-0.00015700,0.00001864,0.00022871,-0.00020799,-0.00112402,0.00093789,0.00037001,0.00126370,0.00025266,0.00004586,-0.00084507,0.00068224,0.00053415,0.00106759,-0.00074901,0.00045840,0.00041808,-0.00004955,0.00039034,-0.00118260,0.00055947,-0.00083229,0.00093275,-0.00036293,-0.00007071,0.00102994,-0.00063692,-0.00039401,0.00075135,-0.00123875,-0.00127593,0.00074895
0.00012345,-0.00084276,0.00019752,0.00005833,-0.00014350,-0.00014408,-0.00027225,0.00015258,-0.00063624,-0.00040923,0.00082972,-0.00007878,0.00067841,-0.00021782,0.00026342,-0.00088132,0.00008915,0.00090281,-0.00006290,0.00100272,-0.00001655,-0.00077999,-0.00018481,-0.00019184,-0.00030357,-0.00060273,-0.00017177,0.00025145,0.00036024,-0.00029216,0.00069279,-0.00110214,-0.00008950,-0.00068964,0.00016882,0.00030410,0.00041198,-0.00029250,-0.00062478,0.00060176,-0.00014614,-0.00061612,-0.00079966,-0.00029513,0.00014372,-0.00014950,-0.00009241,-0.00011805,-0.00003100,-0.00058338,-0.00009699,-0.00061862,-0.00055509,0.00046353,0.00065659,0.00030858,-0.00061749,-0.00020963,0.00053300,-0.00018737,0.00089503,0.00034047,0.00026119,-0.00025422,0.00004514,-0.00011827,-0.00027136,0.00044541,0.00038023,-0.00125696,0.00048613,-0.00031135,0.00034398,-0.00028759,0.00010114,-0.00061589,0.00052647,-0.00014397,-0.00002152,0.00015195,-0.00029959,-0.00030877,0.00080589,-0.00014812,-0.00020058,-0.00002565,-0.00034267,0.00033561,0.00058696,0.00051335,0.00009794,-0.00106721,0.00072640,0.00047503,0.00035692,-0.00035695,0.00030831,0.00051341,-0.00060376,0.00000326,0.00013251,-0.00001703,-0.00016515,-0.00041317,0.00052320,-0.00035387,-0.00013228,-0.00012098,0.00030804,0.00012716,-0.00062588,0.00028051,-0.00072970,0.00000487,-0.00095858,0.00054017,-0.00066659,-0.00019154,0.00003398,-0.00003995,0.00027106,-0.00019952,-0.00018236,-0.00082229,-0.00052435,0.00031912,-0.00025620,0.00058053,-0.00037539,0.00024915,0.00134951,0.00024634,-0.00009879,-0.00035980,-0.00064524,-0.00041114,-0.00042845,-0.00001878,0.00017646,-0.00024503,0.00047347,-0.00001448,0.00085842,0.00010174,-0.01269858,0.00000108,-0.00010674,0.00014256,-0.00047101,-0.00002853,-0.00016204,-0.00031983,-0.00015416,0.00065113,-0.00032437,0.00080764,0.00050329,-0.00041426,-0.00030736,0.00039796,-0.00055024,-0.00026026,-0.00085391,0.00011948,-0.00036576,0.00065458,-0.00000661,0.00010100,0.00050022,0.00056402,-0.00005694,-0.00039697,-0.00013146,-0.00025849,0.00018347,0.00003268,-0.00010476,0.00046669,0.00079888,-0.00027876,0.00028006,0.00027534,0.00073206,-0.00054287,0.00086768,0.00012466,-0.00003332,0.00089044,-0.00046337,-0.00030993,0.00013247,0.00031283
0.00015028,0.00092291,-0.00067207,-0.00061607,0.00061940,0.00066585,-0.00082220,-0.00011442,0.00029972,-0.00090854,0.00001130,-0.00090488,0.00075945,-0.00074555,-0.00091997,-0.00037371,-0.00055805,0.00015013,0.00001960,-0.00050195,0.00011249,-0.00041304,-0.00037976,0.00010472,0.00051636,-0.00132359,-0.00002023,0.00032769,0.00016659,-0.00012155,-0.00039777,0.00031287,-0.00001767,-0.00045412,-0.00093359,0.00039155,-0.00089152,0.00012389,0.00021473,0.00013743,-0.00077086,-0.00072617,-0.00063370,-0.00030441,-0.00049781,-0.00030194,-0.00022104,-0.00051182,0.00026790,0.00001759,0.00033292,0.00030571,-0.00065519,0.00012985,0.00069242,-0.00020539,0.00009260,-0.00003757,0.00005817,0.00066652,-0.00041681,0.00002709,0.00047536,0.00030328,-0.00025920,-0.00041908,-0.00081676,0.00041766,-0.00061275,-0.00000585,0.00010199,0.00031299,-0.00104868,0.00043962,-0.00030304,0.00033181,0.00056860,0.00025464,0.00039918,-0.00028542,-0.00028855,0.00001050,0.00027796,0.00037620,0.00039565,-0.00005584,0.00049082,-0.00043517,-0.00077878,-0.00050300,-0.00101911,-0.00037534,0.00002876,-0.00036530,-0.00018536,-0.00031496,0.00002407,-0.00020737,0.00070633,-0.00041108,0.00033881,0.00030696,-0.00075095,-0.00011191,0.00019912,-0.00037114,0.00016885,-0.00074222,-0.00047020,0.00033491,-0.00040258,0.00083428,0.00026632,0.00041588,-0.00038475,-0.00083912,0.00032816,-0.00102888,0.00021714,0.00031162,0.00024089,0.00052292,0.00015062,-0.00058977,-0.00035939,0.00000366,0.00031652,-0.00034438,0.00015895,0.00048378,-0.00041102,0.00094183,0.00024571,-0.00042153,0.00014431,0.00022834,0.00024918,-0.00095856,0.00091652,0.00033775,-0.00013680,0.00057430,-0.00050370,0.00029850,-0.00037507,-0.01205412,0.00012229,-0.00039139,0.00106937,0.00006314,-0.00057124,-0.00029680,0.00008025,0.00016692,0.00048645,-0.00055811,-0.00015123,0.00030715,-0.00054059,-0.00040617,0.00094816,0.00036488,0.00007668,0.00042543,-0.00054467,0.00074205,-0.00028399,0.00048590,-0.00013518,0.00034273,0.00001132,-0.00009475,-0.00007765,-0.00085330,-0.00043162,0.00127971,0.00058160,-0.00005222,-0.00037369,0.00057297,-0.00030167,0.00016100,0.00051064,0.00025875,0.00004664,-0.00014946,-0.00030106,-0.00014909,0.00020497,-0.00017345,-0.00090981,0.00041251
0.00032353,0.00063681,0.00038436,-0.00026179,0.00017665,-0.00059111,0.00030892,0.00092377,0.00060099,0.00025766,0.00082315,0.00030620,-0.00059084,0.00048179,0.00056891,-0.00007219,0.00108588,0.00036793,-0.00009803,0.00052435,0.00040935,0.00056849,-0.00016237,0.00092146,-0.00087272,0.00119062,0.00014972,0.00037296,-0.00095108,0.00063606,0.00045593,-0.00075582,0.00021934,0.00086553,0.00132105,-0.00080999,0.00002855,0.00026925,0.00056780,0.00010123,-0.00002993,0.00060465,-0.00000089,-0.00017120,0.00028251,0.00035224,0.00022759,0.00066563,0.00012717,-0.00065704,-0.00037716,0.00019747,-0.00087107,-0.00020298,0.00063141,0.00049635,0.00040518,-0.00043343,0.00041607,0.00049103,-0.00058866,0.00035056,-0.00032602,-0.00124470,-0.00044671,0.00040363,-0.00048855,-0.00053795,0.00046587,0.00008014,0.00017991,0.00075308,0.00021564,0.00006722,-0.00047172,-0.00052458,0.00042584,-0.00073007,-0.00026630,0.00019876,-0.00012153,-0.00011310,0.00006754,-0.00097266,0.00046301,0.00019238,-0.00043189,0.00026701,0.00041489,-0.00072460,0.00122616,-0.00061248,0.00059641,0.00050078,-0.00013436,0.00041695,0.00017375,-0.00094320,-0.00096534,0.00064322,0.00064559,0.00010989,-0.00016969,0.00010137,-0.00019563,-0.00003954,0.00011377,0.00074163,0.00024637,-0.00129464,0.00079739,-0.00027612,0.00025934,0.00005092,-0.00064979,0.00036383,-0.00055068,-0.00040789,-0.00001098,0.00086451,0.00019284,-0.00005019,0.00057847,-0.00101910,-0.00094898,0.00061446,0.00017068,-0.00048812,0.00013482,0.00022716,-0.00032385,-0.00130704,-0.00110043,0.00023669,0.00073861,0.00050620,0.00043501,0.00001759,0.00025319,0.00075951,-0.00010555,-0.00086241,-0.00011022,-0.00123077,-0.00043491,-0.00083863,-0.01294729,0.00107203,0.00098102,-0.00046051,-0.00046913,0.00075472,0.00084198,-0.00064173,0.00057016,0.00045454,0.00027705,-0.00052907,0.00017704,-0.00035342,0.00019923,0.00032166,0.00017705,-0.00024394,0.00005511,0.00003794,-0.00037072,-0.00005620,-0.00067572,0.00038549,0.00055728,0.00120462,-0.00046671,-0.00062858,0.00099856,0.00097145,-0.00048038,0.00024541,-0.00081587,0.00028707,-0.00069900,0.00080333,-0.00045425,0.00043223,0.00055982,0.00021683,-0.00039542,-0.00028464,-0.00063506,0.00063495,0.00035690,-0.00115808
0.00060697,-0.00149260,0.00039978,-0.00090579,0.00038390,-0.00034376,0.00047088,0.00028863,0.00040692,0.00035327,0.00024321,-0.00003946,-0.00051036,0.00068056,-0.00005227,-0.00022423,0.00018210,0.00080802,-0.00029122,-0.00015682,0.00084547,0.00036762,0.00092178,0.00008604,-0.00045769,0.00058514,0.00002442,0.00061860,-0.00072054,-0.00007988,0.00021899,-0.00129521,-0.00011466,0.00057177,0.00097448,-0.00021879,-0.00041420,-0.00036101,-0.00086207,0.00027353,-0.00040970,0.00057118,0.00032568,-0.00045847,-0.00022549,0.00093161,-0.00064862,-0.00053606,0.00014684,-0.00075510,-0.00079682,0.00141254,-0.00080242,0.00011054,-0.00039815,-0.00051202,-0.00079698,0.00022721,0.00025313,0.00024783,-0.00012773,0.00027581,-0.00011186,-0.00055675,-0.00063920,0.00033012,0.00018066,0.00002412,0.00143267,0.00003050,0.00007420,0.00018056,0.00030199,-0.00028506,-0.00070187,0.00010785,-0.00060862,-0.00040114,-0.00000787,-0.00038662,-0.00023216,0.00095195,-0.00056213,0.00038308,-0.00018452,-0.00113667,-0.00091817,-0.00003381,0.00035908,0.00097836,0.00032802,-0.00106537,-0.00048679,-0.00059602,0.00017181,-0.00088038,-0.00016382,-0.00007904,-0.00037287,-0.00054981,0.00174854,0.00014970,-0.00119578,0.00038878,0.00042951,0.00074687,-0.00043200,0.00051271,0.00029524,-0.00109504,0.00008159,0.00033389,0.00052759,0.00004290,0.00019782,0.00004466,0.00011439,-0.00013255,-0.00059625,0.00037627,-0.00021322,0.00044763,0.00146506,0.00027964,-0.00013476,-0.00058082,-0.00083289,-0.00126870,0.00082248,-0.00059306,0.00060557,-0.00033480,-0.00047576,0.00041585,0.00017239,0.00033727,0.00026680,0.00121656,-0.00059282,0.00012124,-0.00089623,0.00127615,-0.00084945,0.00036834,0.00086309,-0.00081111,0.00007225,-0.01048920,-0.00157641,-0.00124950,0.00093003,0.00109248,-0.00005016,0.00017725,-0.00054204,-0.00018557,-0.00079699,-0.00065392,0.00066386,0.00000993,-0.00006576,-0.00076147,-0.00110733,-0.00002477,0.00070710,-0.00030578,-0.00074506,-0.00179672,-0.00078433,-0.00012354,0.00054102,-0.00038933,0.00102332,0.00043452,0.00100928,0.00013640,-0.00033815,0.00055331,-0.00030372,0.00163403,-0.00060317,0.00097133,-0.00041593,0.00163955,0.00001790,0.00012261,-0.00047453,0.00030184,-0.00045007,0.00055073,0.00101062,-0.00087617
-0.00032880,-0.00009397,0.00030638,-0.00153684,0.00054675,0.00077624,-0.00015640,-0.00098175,0.00109365,0.00055168,0.00057592,0.00064260,-0.00084629,0.00075135,0.00058947,-0.00051428,0.00078488,0.00126304,-0.00063849,-0.00089357,0.00089500,0.00054772,0.00050009,0.00040059,-0.00130298,0.00122058,0.00020081,0.00098511,-0.00025348,-0.00008833,0.00118288,-0.00160554,-0.00028625,0.00047605,0.00111029,-0.00059408,0.00043139,-0.00021425,-0.00065138,0.00109912,0.00014613,0.00070331,-0.00028181,0.00030801,-0.00090498,0.00079017,-0.00100707,0.00027689,0.00005806,-0.00095939,-0.00040399,0.00031202,-0.00055490,-0.00024337,-0.00079491,-0.00040246,0.00020353,0.00034969,0.00031900,0.00052592,0.00059650,-0.00000062,-0.00066929,-0.00024628,-0.00024761,-0.00015018,-0.00139774,-0.00103933,0.00017651,-0.00074137,0.00026401,-0.00011148,-0.00038960,0.00013619,-0.00081332,0.00056070,-0.00034821,-0.00000230,0.00058699,-0.00069798,-0.00032970,0.00084008,-0.00009531,-0.00062420,0.00032406,-0.00137489,-0.00108029,0.00017447,-0.00007403,0.00039735,0.00088914,0.00044565,0.00012665,0.00010189,0.00040693,-0.00117433,-0.00055763,0.00003366,-0.00053981,-0.00057441,0.00038633,0.00024693,-0.00079517,0.00072112,-0.00011881,0.00058115,-0.00020721,-0.00006389,-0.00023367,-0.00059095,0.00033723,0.00046647,0.00092488,0.00036716,0.00031005,0.00033335,0.00147550,-0.00073691,-0.00066464,0.00133643,0.00091375,-0.00065929,0.00078926,0.00075610,-0.00061301,-0.00075327,-0.00125980,-0.00062538,0.00032776,-0.00013932,0.00040156,-0.00031543,-0.00082953,0.00066556,0.00090453,0.00054043,-0.00050150,0.00169791,-0.00036060,0.00077953,-0.00072882,0.00021711,-0.00065135,-0.00042157,0.00024457,0.00005806,-0.00018874,0.00009348,-0.00905882,-0.00065689,0.00022655,0.00137819,0.00079993,-0.00007139,-0.00037507,-0.00108102,-0.00069665,-0.00057295,0.00106609,0.00006620,0.00063662,-0.00002456,0.00009849,-0.00037736,0.00036413,-0.00105728,-0.00101176,-0.00053859,-0.00078633,0.00051223,0.00085188,0.00008350,0.00078651,-0.00137376,0.00066000,0.00022407,-0.00106800,0.00075168,-0.00109773,0.00145569,-0.00066837,0.00130195,-0.00026663,0.00119331,0.00010049,-0.00089716,-0.00008639,-0.00045088,-0.00146206,0.00185310,0.00137649,-0.00125543
-0.00008040,0.00028534,-0.00054166,0.00091395,-0.00037430,-0.00045297,-0.00012867,-0.00021853,-0.00092312,-0.00091809,-0.00113990,-0.00081449,-0.00016373,0.00008482,-0.00041060,0.00033880,-0.00042377,-0.00032330,0.00024587,0.00059436,-0.00058477,-0.00054101,-0.00034823,-0.00077527,0.00100298,-0.00050890,0.00046013,-0.00004544,-0.00042714,0.00011837,-0.00115763,0.00118105,-0.00003588,-0.00099474,-0.00127816,-0.00022298,-0.00082091,-0.00031006,0.00075285,-0.00029288,0.00057660,-0.00057671,0.00006876,-0.00025281,-0.00005854,0.00017957,-0.00049626,0.00014993,0.00144619,0.00076616,0.00053323,-0.00082076,0.00035863,-0.00038839,0.00006971,0.00020999,-0.00007535,-0.00033451,-0.00012740,0.00023038,-0.00086060,-0.00014048,-0.00014143,-0.00073318,-0.00064691,0.00012264,0.00060732,0.00088463,0.00103739,-0.00082190,-0.00072986,-0.00041789,0.00001537,-0.00055168,0.00108070,-0.00020453,-0.00054482,0.00099234,-0.00007684,0.00053953,0.00023994,-0.00105563,0.00063060,-0.00003897,-0.00039598,0.00097153,0.00072087,-0.00048768,-0.00018018,-0.00027901,0.00013224,-0.00079228,-0.00096120,0.00028330,-0.00083026,-0.00043156,0.00014284,-0.00075757,0.00076055,0.00108841,-0.00075516,0.00074345,0.00130334,0.00052178,-0.00003368,-0.00066718,-0.00034819,-0.00040803,0.00058148,0.00036222,-0.00023897,-0.00072326,-0.00031689,-0.00091878,0.00005735,-0.00049903,-0.00049322,0.00069556,-0.00014232,-0.00032631,-0.00065281,0.00078183,-0.00153065,0.00008485,0.00047917,0.00056372,0.00090198,0.00067851,-0.00008835,0.00005216,-0.00038326,0.00026033,0.00056437,-0.00024475,-0.00096807,0.00057003,-0.00053247,-0.00094092,0.00118639,0.00029766,0.00030299,-0.00025693,-0.00007296,-0.00083911,-0.00084165,0.00008951,0.00001167,-0.00046169,0.00063853,-0.01135785,0.00068404,-0.00029415,-0.00008844,0.00011003,0.00029991,-0.00013030,0.00111422,0.00036220,-0.00073030,0.00066515,0.00033441,0.00084509,0.00040503,-0.00005015,-0.00051937,-0.00019563,0.00010447,0.00118456,0.00112874,0.00037332,-0.00053041,-0.00063107,-0.00006874,0.00004844,-0.00071427,0.00068996,0.00040191,-0.00013834,0.00040710,-0.00078889,0.00053145,-0.00050627,0.00005467,-0.00055605,-0.00011568,0.00094910,-0.00081480,-0.00034145,0.00122955,-0.00049252,-0.00086157,0.00018945
-0.00048886,0.00103277,-0.00014510,0.00085883,-0.00083227,-0.00070242,-0.00032816,-0.00069156,-0.00112265,-0.00081718,-0.00104542,-0.00090707,0.00122193,-0.00082429,0.00009461,0.00050060,-0.00129023,-0.00118368,0.00118780,0.00071014,-0.00074945,-0.00065238,-0.00128084,-0.00120316,0.00121011,-0.00174485,0.00070498,-0.00044241,0.00070052,-0.00042648,-0.00126047,0.00144644,0.00043283,-0.00077863,-0.00053596,0.00068145,0.00059090,-0.00019071,0.00128140,-0.00109903,-0.00030219,-0.00092648,-0.00090495,0.00020775,0.00090133,-0.00112698,0.00021916,-0.00070146,0.00068515,0.00121700,0.00020232,-0.00093067,0.00101984,-0.00101928,0.00109631,-0.00002019,0.00006153,-0.00108501,-0.00095865,-0.00140384,-0.00045309,-0.00063368,0.00094956,0.00009793,-0.00015802,0.00010700,0.00084910,0.00084476,-0.00096683,0.00039109,-0.00010135,-0.00033438,-0.00050980,-0.00052245,0.00052859,-0.00093777,-0.00114913,0.00062713,-0.00122357,0.00068427,0.00054065,-0.00075174,0.00131032,0.00029592,-0.00018502,0.00088379,0.00084060,-0.00140568,-0.00042096,-0.00075307,-0.00069560,-0.00005364,-0.00069317,-0.00035383,-0.00081346,0.00163182,-0.00008098,-0.00033518,0.00078895,0.00031848,-0.00005106,-0.00001662,0.00063092,0.00007935,-0.00034993,-0.00049024,-0.00009696,0.00038375,0.00044588,0.00036149,-0.00066955,-0.00069008,-0.00046552,-0.00077306,0.00027210,-0.00004211,-0.00062078,0.00062445,0.00124696,-0.00082044,0.00023597,0.00102073,-0.00051354,-0.00009580,0.00079670,-0.00068940,0.00019144,0.00088059,-0.00046685,0.00018945,-0.00115697,0.00077244,0.00060518,-0.00154968,-0.00067628,-0.00003508,0.00018015,-0.00089175,-0.00035704,-0.00099432,0.00051248,-0.00074216,0.00064910,-0.00085775,-0.00069275,0.00071539,0.00092837,-0.00031140,0.00072479,0.00134084,-0.00972658,-0.00129748,-0.00072701,0.00114239,0.00010939,0.00095203,0.00005904,0.00094324,-0.00100829,0.00068638,-0.00021291,-0.00014979,0.00080522,0.00043267,-0.00131593,0.00122188,0.00133504,0.00109140,0.00064128,-0.00073865,-0.00056738,-0.00007717,-0.00007745,0.00033614,-0.00186687,-0.00035157,0.00159083,0.00023906,0.00061621,-0.00054618,0.00094154,-0.00082420,0.00114300,-0.00077793,-0.00049116,0.00054037,-0.00006787,0.00103817,0.00116444,-0.00132005,-0.00086269,0.00084527
0.00012750,0.00001772,0.00023977,-0.00114123,0.00111850,0.00136988,0.00054502,-0.00022374,0.00095855,-0.00031856,0.00037329,0.00164279,-0.00131766,0.00074372,0.00089191,-0.00085145,0.00088035,0.00103195,-0.00069059,-0.00034778,0.00055864,0.00119680,0.00091255,0.00012410,-0.00163320,0.00175362,0.00024613,0.00012492,0.00041314,0.00015755,0.00065234,-0.00112275,-0.00125104,0.00105585,0.00125406,-0.00032215,-0.00019816,0.00006377,-0.00107830,0.00076486,0.00054758,0.00157744,0.00111041,-0.00026119,-0.00083384,0.00075021,-0.00065781,0.00036804,-0.00121227,-0.00091973,-0.00068466,0.00046250,-0.00089804,-0.00023668,-0.00082292,-0.00047760,-0.00020646,0.00111373,0.00065104,0.00068287,0.00078868,0.00105795,0.00011585,-0.00071743,-0.00027713,-0.00129141,-0.00049842,-0.00101073,0.00026059,0.00020427,0.00076895,0.00068909,0.00010517,0.00022212,-0.00183173,0.00113991,0.00086670,-0.00096871,0.00045551,-0.00046123,-0.00094241,0.00127578,-0.00131799,-0.00089042,0.00045221,-0.00006480,-0.00116539,0.00096770,0.00019558,0.00143618,0.00078344,0.00078447,0.00109834,0.00079260,0.00035865,0.00039443,-0.00071958,0.00013370,-0.00078891,0.00050000,-0.00011625,0.00026283,-0.00105708,-0.00055798,0.00053698,0.00008115,0.00001190,0.00023052,0.00040874,-0.00145199,0.00100211,0.00070208,0.00086739,0.00139777,0.00002823,0.00045436,0.00067217,-0.00130551,-0.00107043,0.00037571,0.00056227,0.00040026,0.00118687,-0.00027476,-0.00050570,0.00006167,0.00000085,-0.00050377,-0.00000685,-0.00017857,0.00016604,-0.00047227,-0.00035623,-0.00009109,0.00008677,0.00030437,0.00047231,0.00204551,-0.00074702,0.00057691,-0.00063690,0.00063394,-0.00065815,-0.00017249,0.00108456,-0.00079301,-0.00105342,0.00087928,-0.00127443,-0.00034055,-0.00020074,-0.00672061,0.00039445,-0.00102342,0.00011051,-0.00023623,-0.00120457,-0.00058998,0.00048563,0.00004004,0.00006409,-0.00002492,-0.00022222,-0.00115636,0.00118842,-0.00131580,-0.00098322,-0.00100351,-0.00094166,-0.00068254,0.00128063,-0.00090756,0.00081167,-0.00073151,0.00117327,-0.00049800,-0.00070649,0.00049384,-0.00078430,0.00058044,-0.00186005,0.00067891,-0.00030710,0.00042372,0.00009941,-0.00125839,-0.00009855,-0.00113419,-0.00183887,0.00127299,0.00041173,-0.00044270
-0.00021964,-0.00043431,0.00044248,-0.00070339,0.00090540,0.00015720,0.00052431,-0.00061366,0.00095328,0.00011184,0.00031683,0.00074303,-0.00043724,0.00047521,0.00103004,-0.00102834,0.00114994,0.00105529,-0.00059904,-0.00005616,0.00126465,0.00007915,0.00048682,0.00010265,-0.00103560,-0.00026886,0.00005418,0.00038562,-0.00050373,0.00073689,0.00061684,-0.00097907,-0.00000964,0.00163624,0.00142310,-0.00059793,-0.00003483,-0.00004273,-0.00081356,0.00068223,0.00060759,0.00070519,0.00041326,-0.00021303,-0.00042974,0.00102135,-0.00069172,0.00065817,-0.00070383,-0.00061019,-0.00007630,0.00083506,-0.00111552,0.00009349,-0.00089649,-0.00019694,-0.00001649,0.00087132,0.00065429,0.00109978,0.00160455,0.00128457,-0.00111186,-0.00088454,-0.00009032,-0.00029272,-0.00065343,-0.00200636,-0.00037265,0.00026958,-0.00024341,0.00030807,0.00126030,-0.00005148,-0.00160552,0.00092052,-0.00003349,-0.00049514,-0.00045431,-0.00015108,-0.00134164,0.00118979,-0.00113096,0.00075846,0.00094941,-0.00015638,-0.00205116,0.00081004,0.00017977,0.00122643,0.00068735,0.00033659,0.00096733,0.00047978,0.00076655,0.00006601,-0.00028522,0.00063388,0.00019405,0.00028070,-0.00011266,0.00046499,-0.00125472,-0.00037493,0.00110421,0.00020359,-0.00020153,0.00040419,-0.00017088,-0.00113954,0.00131520,-0.00004669,0.00065233,0.00119582,0.00067313,0.00085677,0.00028315,-0.00043597,-0.00106329,0.00065219,-0.00080922,0.00021573,0.00119391,0.00101283,-0.00068882,0.00056035,-0.00034065,-0.00081892,0.00067969,-0.00017689,0.00028342,-0.00123710,-0.00075401,0.00007539,0.00025550,0.00013512,0.00028513,0.00165390,-0.00030565,0.00058761,-0.00080955,0.00145457,-0.00129938,0.00069446,0.00103589,-0.00040575,-0.00055766,0.00042267,-0.00075098,-0.00083118,-0.00020826,0.00103856,-0.01098540,-0.00007116,-0.00086586,0.00074498,-0.00026023,-0.00058167,0.00054047,0.00050568,0.00010581,0.00009243,-0.00038395,-0.00057757,0.00125147,-0.00123165,-0.00083455,-0.00047513,-0.00054229,-0.00009889,0.00069650,-0.00071702,0.00078222,0.00051567,0.00065884,-0.00045373,-0.00053217,0.00035505,-0.00121382,0.00031738,-0.00112334,0.00068315,-0.00053493,0.00031921,0.00017930,-0.00057728,-0.00004801,-0.00012542,-0.00126646,0.00184215,0.00115640,-0.00042201
-0.00051456,0.00062695,-0.00090379,0.00187867,-0.00025827,0.00000289,-0.00098318,-0.00032598,-0.00225671,-0.00098098,-0.00204409,-0.00124204,0.00058539,-0.00171518,-0.00115530,0.00121753,-0.00140773,-0.00137132,0.00112006,0.00183526,-0.00155983,-0.00098590,-0.00152759,-0.00060079,0.00215396,-0.00137702,-0.00135749,-0.00157323,0.00080991,-0.00042835,-0.00164161,0.00161223,0.00012380,-0.00118018,-0.00114313,0.00118145,0.00163270,-0.00079240,0.00147974,-0.00144810,-0.00155409,-0.00120425,-0.00101373,0.00084959,0.00127617,-0.00146585,0.00009556,-0.00094704,0.00176176,0.00170410,0.00033804,-0.00171702,0.00200017,0.00001365,0.00133341,-0.00003815,0.00024560,-0.00157226,-0.00168374,-0.00088899,-0.00107278,-0.00147945,0.00118039,0.00086310,0.00120031,0.00167885,0.00172944,0.00183932,-0.00067500,0.00073103,-0.00142473,-0.00044677,-0.00067677,-0.00001631,0.00181072,0.00058221,-0.00067788,0.00177307,-0.00119715,0.00064805,0.00081468,-0.00198749,0.00134765,0.00073008,-0.00127563,0.00108885,0.00191483,-0.00141577,-0.00008335,-0.00132678,-0.00127501,-0.00054045,-0.00198793,0.00059251,-0.00150622,-0.00004087,0.00066177,-0.00069702,-0.00025159,0.00053020,-0.00041465,0.00029281,0.00182198,0.00073137,-0.00108898,-0.00093956,-0.00103882,-0.00097334,0.00122781,0.00138778,-0.00144780,-0.00085741,-0.00097853,-0.00073707,-0.00096135,-0.00115185,-0.00173981,0.00170418,0.00164277,-0.00146760,0.00038463,-0.00021753,-0.00180569,-0.00011215,0.00077996,-0.00063549,0.00027390,0.00136732,-0.00123439,-0.00017893,-0.00113393,0.00203217,0.00163897,-0.00064692,-0.00171543,-0.00147976,0.00025396,-0.00169296,0.00001968,-0.00150822,0.00168051,-0.00077861,0.00142397,-0.00179171,-0.00079791,0.00162835,0.00096282,-0.00082275,0.00137383,0.00175968,0.00046055,-0.00192373,-0.00116069,-0.00820240,0.00003877,0.00105831,0.00083839,0.00129137,-0.00122586,0.00054568,-0.00116362,0.00046268,0.00109426,0.00006486,-0.00074834,0.00136613,0.00144153,0.00145464,0.00190121,-0.00066116,-0.00162915,0.00009324,-0.00043559,0.00118124,-0.00150824,-0.00039914,0.00136771,-0.00097037,0.00162757,-0.00163962,0.00138737,-0.00173633,0.00128374,-0.00125205,0.00002561,0.00109120,-0.00088389,0.00137089,0.00188756,-0.00216614,-0.00162616,0.00208151
0.00026542,0.00020605,0.00050544,-0.00085464,-0.00016972,0.00053781,-0.00067036,0.00137489,0.00052957,-0.00006483,0.00094442,0.00078719,-0.00006899,0.00071339,0.00082218,-0.00077964,0.00090482,0.00127361,-0.00126862,-0.00054175,0.00067514,-0.00006187,0.00128681,-0.00018628,-0.00096821,0.00038981,0.00080183,0.00030521,-0.00077906,0.00098706,0.00093837,-0.00136743,-0.00005228,0.00125954,0.00056494,-0.00035790,-0.00023519,-0.00081495,-0.00062119,0.00107258,0.00092181,0.00155643,0.00080763,-0.00058261,-0.00004315,0.00128160,0.00010248,0.00101242,-0.00110261,-0.00004576,0.00006755,0.00115242,-0.00044478,0.00013429,-0.00121945,-0.00035669,-0.00012647,0.00085877,-0.00044522,0.00021022,0.00146207,0.00120266,-0.00044249,-0.00049655,-0.00063065,0.00020896,-0.00102369,-0.00033398,0.00012810,-0.00030371,-0.00000582,0.00091826,0.00006608,0.00081906,-0.00048284,-0.00022533,0.00066660,-0.00142616,0.00125898,0.00002532,-0.00085118,0.00052957,-0.00102616,-0.00001399,0.00082520,-0.00046162,-0.00127199,0.00077104,-0.00098353,0.00126145,0.00098080,0.00088790,0.00146765,-0.00036777,0.00007289,0.00042564,-0.00042326,0.00074542,-0.00060069,-0.00044290,-0.00008041,-0.00021095,-0.00047307,-0.00020113,0.00162859,-0.00041365,-0.00062270,0.00087832,-0.00005174,-0.00106346,0.00021125,-0.00011175,0.00039247,0.00041798,0.00004257,-0.00027147,0.00023684,-0.00097630,-0.00079061,0.00059782,-0.00049059,-0.00025841,0.00105350,-0.00026480,-0.00060835,-0.00000694,-0.00024493,-0.00030123,0.00040236,0.00028040,0.00014186,-0.00044422,-0.00102914,0.00066544,0.00004174,0.00055728,-0.00065967,0.00047995,0.00116331,0.00099115,-0.00070687,0.00065149,-0.00121579,0.00095246,0.00043593,-0.00019594,0.00045722,0.00074900,-0.00012913,-0.00114817,-0.00025344,0.00169313,0.00008066,-0.00011334,-0.01187202,-0.00004071,0.00002081,-0.00101162,0.00112598,0.00020078,0.00137732,-0.00018777,-0.00039439,-0.00012418,-0.00088690,0.00002237,-0.00131229,-0.00073856,-0.00120714,0.00039771,-0.00003070,0.00092310,0.00062987,-0.00036976,0.00000516,-0.00021116,-0.00101873,0.00114967,-0.00082126,0.00045546,-0.00008765,0.00139979,-0.00048214,0.00108175,-0.00038236,-0.00023663,0.00064562,-0.00093717,-0.00056302,0.00059036,0.00068840,-0.00123285
-0.00057357,0.00054241,-0.00144857,0.00149970,-0.00083207,0.00086797,-0.00099638,-0.00073176,-0.00253001,-0.00160288,-0.00195938,-0.00104973,0.00063901,-0.00178026,-0.00097288,0.00167581,-0.00219829,-0.00273726,0.00169339,0.00087575,-0.00108823,-0.00171596,-0.00094479,-0.00159480,0.00197188,-0.00210141,-0.00065882,-0.00059266,0.00123273,-0.00054563,-0.00202540,0.00258632,-0.00012490,-0.00193547,-0.00220343,0.00087054,0.00135282,-0.00046603,0.00174759,-0.00185615,-0.00179498,-0.00190521,-0.00179288,0.00086311,0.00073918,-0.00226774,0.00057693,-0.00157688,0.00142681,0.00183934,0.00129318,-0.00152490,0.00154495,-0.00128833,0.00111429,0.00043475,0.00015847,-0.00167226,-0.00184686,-0.00151368,-0.00184873,-0.00192641,0.00091084,0.00087237,0.00116339,0.00108775,0.00191148,0.00220161,-0.00082458,0.00137901,-0.00203469,-0.00045231,-0.00069401,-0.00010568,0.00180612,0.00028990,-0.00114865,0.00164411,-0.00131865,0.00078228,0.00146615,-0.00235213,0.00082385,0.00118664,-0.00171135,0.00187773,0.00238780,-0.00132730,-0.00012975,-0.00164321,-0.00260422,-0.00128347,-0.00207228,-0.00067962,-0.00174692,-0.00072411,0.00125702,-0.00093299,-0.00084569,0.00094308,-0.00005055,0.00029315,0.00217564,0.00054850,-0.00136621,-0.00142809,-0.00114606,-0.00042102,0.00069949,0.00145427,-0.00166845,-0.00096094,-0.00171067,-0.00082814,0.00032613,-0.00106449,-0.00066286,0.00156833,0.00173654,-0.00196438,-0.00051788,-0.00018082,-0.00209108,-0.00092610,0.00161794,-0.00046302,0.00062803,0.00074147,-0.00097259,-0.00028221,-0.00235297,0.00221275,0.00161064,-0.00075620,-0.00133933,-0.00183657,-0.00038516,-0.00182721,-0.00011714,-0.00192622,0.00181539,-0.00097214,0.00139192,-0.00041006,-0.00101128,0.00120753,0.00173249,-0.00191230,0.00100246,0.00162513,0.00038361,-0.00238646,-0.00184964,0.00163274,0.00119367,-0.00718417,0.00151758,0.00181750,-0.00168082,-0.00029446,-0.00146199,0.00023759,0.00143403,0.00101831,-0.00197666,0.00200785,0.00143023,0.00188557,0.00179683,-0.00095313,-0.00127524,-0.00036424,-0.00085497,0.00120956,-0.00203333,-0.00064622,0.00177015,-0.00058038,0.00133397,-0.00145058,0.00233883,-0.00211207,0.00155666,-0.00208656,-0.00003247,0.00154623,0.00002937,0.00085806,0.00187037,-0.00228848,-0.00145861,0.00224206
0.00052003,-0.00002485,-0.00009643,-0.00056012,0.00059704,-0.00000534,-0.00023837,-0.00012351,0.00000242,0.00027026,-0.00000541,-0.00034472,-0.00034236,0.00031388,-0.00014803,-0.00043144,0.00011727,-0.00014953,-0.00023009,-0.00057687,0.00168684,0.00073131,0.00085132,0.00053371,-0.00063539,0.00014157,-0.00004502,0.00028781,0.00002332,0.00009988,0.00060563,-0.00016061,0.00079249,0.00037980,0.00027498,-0.00071572,-0.00004331,-0.00001732,-0.00025790,0.00043303,0.00128396,-0.00004468,0.00060948,-0.00010241,-0.00123167,0.00053844,-0.00013572,-0.00032606,-0.00090957,0.00000171,0.00065362,-0.00039041,-0.00089773,-0.00030483,-0.00039148,-0.00022033,-0.00033488,0.00065829,0.00013976,0.00059957,-0.00028929,0.00041408,-0.00026020,-0.00043902,0.00108268,-0.00019646,-0.00056738,-0.00021334,0.00039220,0.00007626,0.00041504,-0.00006495,-0.00069505,-0.00016175,-0.00047893,0.00030578,0.00031337,-0.00049598,0.00123380,-0.00043904,-0.00037204,0.00039517,-0.00041701,0.00016201,0.00003534,0.00051165,-0.00112256,0.00037143,0.00027990,0.00123782,0.00037574,0.00010108,-0.00031396,0.00088670,0.00023984,-0.00042264,-0.00050843,-0.00021580,-0.00058376,-0.00078236,-0.00041644,0.00054020,-0.00171391,-0.00015268,-0.00029895,0.00024979,0.00073882,0.00040251,0.00020610,-0.00072165,-0.00025020,0.00089434,0.00044261,-0.00031435,0.00096276,0.00004613,0.00125066,-0.00072249,-0.00082867,0.00036313,0.00090539,0.00036930,0.00062598,0.00049385,-0.00024762,-0.00115691,-0.00045701,-0.00134811,0.00012183,0.00000399,0.00020925,-0.00059327,-0.00016197,0.00032291,0.00104696,0.00021366,0.00055850,0.00096541,-0.00048762,0.00101294,-0.00045889,0.00062366,-0.00073044,0.00021283,0.00038322,-0.00016636,-0.00001629,0.00010465,-0.00022111,-0.00031457,-0.00026310,0.00046575,0.00086794,-0.00056988,0.00029536,0.00015382,-0.01107890,-0.00077446,0.00035087,-0.00018253,0.00033064,-0.00082934,0.00018653,-0.00004201,0.00051226,-0.00007478,-0.00104675,0.00008641,-0.00050503,0.00061080,0.00057977,-0.00025093,0.00026847,-0.00041653,0.00022695,-0.00065536,-0.00043676,0.00057639,-0.00039288,0.00072917,-0.00012415,0.00058943,-0.00012278,0.00062419,0.00021442,-0.00066744,0.00011019,-0.00062234,-0.00073479,0.00068868,0.00155758,-0.00013466
-0.00029345,0.00077662,-0.00025783,0.00084540,0.00013219,0.00028650,-0.00057173,0.00054741,-0.00109976,-0.00076578,-0.00139763,-0.00080790,0.00041472,-0.00110053,-0.00005576,0.00094931,-0.00099951,-0.00166682,0.00068537,0.00115536,-0.00064419,-0.00089776,-0.00044328,-0.00044921,0.00148393,-0.00069928,-0.00135966,0.00015869,0.00078843,-0.00034503,-0.00139148,0.00154240,0.00082560,-0.00147542,-0.00194613,0.00105274,0.00095834,0.00013654,0.00072648,-0.00051417,-0.00097619,-0.00091470,-0.00091805,0.00077295,-0.00060027,-0.00111504,-0.00045661,-0.00110173,0.00040775,0.00142088,0.00005225,-0.00076830,0.00082732,0.00068087,0.00040735,-0.00018775,0.00062011,-0.00048498,-0.00018891,-0.00030319,-0.00056780,-0.00153678,0.00039249,0.00090048,0.00038360,0.00101291,0.00081575,0.00055520,-0.00166758,0.00015471,0.00019128,0.00022693,0.00035649,0.00035903,0.00114775,-0.00034138,-0.00109663,0.00136341,-0.00047392,0.00021888,0.00072495,-0.00097617,0.00126425,0.00095848,-0.00056308,0.00110666,0.00101094,-0.00068934,-0.00023795,-0.00128705,-0.00068273,-0.00051970,-0.00134785,0.00022771,-0.00099462,0.00035195,0.00049526,-0.00041077,-0.00040489,0.00068440,-0.00001393,0.00038499,0.00127271,0.00056452,-0.00156761,-0.00010586,-0.00009760,-0.00103365,0.00038619,0.00078697,-0.00113341,-0.00081726,-0.00013027,0.00001225,-0.00006421,-0.00086370,-0.00093048,0.00146035,0.00098128,-0.00069250,-0.00095038,-0.00074785,-0.00079885,-0.00045168,0.00027054,-0.00107135,0.00113380,0.00045186,0.00029043,-0.00057435,-0.00009864,0.00051352,0.00077514,-0.00045077,-0.00127922,-0.00059248,-0.00076452,-0.00119144,0.00027455,-0.00005851,0.00070260,-0.00128867,0.00043526,-0.00141057,-0.00119937,0.00010611,0.00091986,-0.00059175,0.00150060,0.00108775,0.00024299,-0.00060833,-0.00056010,0.00001826,0.00051823,0.00022356,0.00047899,-0.00915251,-0.00133828,0.00089173,0.00001621,0.00054638,0.00080448,0.00091039,-0.00106373,0.00055284,0.00069357,0.00171177,0.00041275,-0.00022374,-0.00066669,-0.00001206,-0.00022532,-0.00004977,-0.00152474,-0.00048449,-0.00001211,-0.00079657,0.00039683,-0.00080724,0.00122309,-0.00108502,0.00109976,-0.00113844,-0.00055064,0.00065118,-0.00040107,-0.00011675,0.00128179,-0.00106895,-0.00053932,0.00147760
0.00057785,-0.00064679,0.00101409,0.00006817,0.00029195,-0.00092760,-0.00043515,-0.00047040,0.00075989,0.00121906,0.00100106,0.00040678,-0.00061940,0.00058291,0.00037241,-0.00014517,-0.00058751,-0.00019721,-0.00038946,0.00028993,0.00012727,0.00023462,0.00154929,0.00042661,-0.00117502,0.00045811,0.00035877,0.00045936,-0.00069370,0.00064229,0.00056489,-0.00084372,-0.00070285,0.00083758,0.00048281,-0.00064164,0.00019523,-0.00012021,-0.00050640,-0.00038918,0.00045061,0.00096027,0.00015305,0.00016499,0.00051059,0.00083221,-0.00037264,0.00060148,-0.00073482,-0.00068323,0.00072955,-0.00077083,-0.00076506,-0.00104243,-0.00051903,0.00066789,0.00016538,-0.00020152,0.00011040,0.00003840,0.00023787,0.00136663,0.00061986,0.00056556,0.00027964,-0.00023341,-0.00094354,-0.00066632,-0.00026695,0.00004891,-0.00014177,0.00018192,0.00030266,-0.00056093,-0.00046179,0.00004223,0.00015609,0.00005033,-0.00009222,-0.00083956,0.00012745,0.00063974,-0.00060984,0.00114087,0.00074394,-0.00006900,-0.00088550,0.00079806,0.00124071,0.00027013,0.00049601,-0.00076150,0.00044428,-0.00064140,0.00093580,-0.00008901,-0.00094218,0.00028859,-0.00034457,-0.00036443,-0.00063494,-0.00043412,-0.00050097,0.00042130,0.00042847,0.00009415,-0.00104649,0.00010300,0.00001979,-0.00175719,-0.00043682,0.00029948,0.00065799,0.00011373,-0.00002677,-0.00030887,0.00084619,-0.00012229,-0.00091160,-0.00039682,-0.00065076,-0.00011948,0.00140679,0.00025832,-0.00079337,-0.00021916,-0.00065370,-0.00067356,0.00027849,-0.00013203,0.00113168,-0.00020052,-0.00051889,-0.00012603,0.00003251,-0.00008492,0.00037288,0.00091264,0.00002826,0.00025130,0.00028151,0.00105704,-0.00090144,0.00028167,-0.00004465,-0.00017944,-0.00098885,-0.00033768,-0.00060153,-0.00067635,0.00085995,0.00000320,-0.00011291,0.00001101,0.00020630,0.00095487,-0.00078253,-0.00081603,-0.01276758,0.00048921,-0.00079778,0.00074313,-0.00082065,-0.00037077,0.00014800,-0.00000346,0.00062523,-0.00116329,-0.00046980,-0.00043087,-0.00047319,-0.00056494,0.00015531,-0.00011817,0.00042857,-0.00110221,-0.00102029,0.00030588,-0.00013123,0.00041032,-0.00074370,0.00098950,-0.00045008,0.00006728,0.00108867,-0.00057340,0.00021275,-0.00010556,0.00000954,0.00087361,0.00056616,-0.00065371
0.00052178,0.00080478,-0.00019206,-0.00030718,0.00072671,0.00014533,-0.00023844,-0.00000168,0.00002104,-0.00035758,0.00037273,0.00071109,-0.00030392,0.00121546,0.00010714,0.00001136,0.00041554,-0.00020249,-0.00004824,-0.00053352,-0.00075953,0.00058679,0.00116507,0.00104494,-0.00056035,0.00035001,-0.00000984,0.00156371,-0.00045292,-0.00004070,0.00031902,-0.00118966,-0.00037918,-0.00025347,0.00026851,0.00023061,0.00027863,-0.00048363,-0.00034093,0.00019324,0.00058518,0.00040844,0.00100198,0.00007595,-0.00015027,0.00095503,0.00115733,0.00040650,0.00050673,0.00013786,-0.00013057,-0.00036894,-0.00002486,-0.00061171,0.00032562,-0.00046106,0.00019237,0.00024272,0.00038100,-0.00014392,0.00061266,0.00052642,-0.00014134,0.00002598,0.00024676,-0.00053633,0.00018507,-0.00041047,0.00020871,0.00104105,0.00069115,0.00024069,-0.00003248,0.00051176,-0.00034992,0.00068948,-0.00025189,-0.00042986,-0.00009949,0.00021061,0.00013319,-0.00021230,-0.00052601,-0.00035623,0.00070622,0.00013303,-0.00019815,0.00026051,0.00017339,0.00037203,-0.00018738,0.00015120,-0.00015554,-0.00008221,0.00098663,0.00063438,0.00087703,0.00026365,-0.00050387,0.00104228,0.00014083,-0.00022301,-0.00063976,-0.00043342,-0.00042867,-0.00040690,0.00053395,-0.00025692,-0.00043615,-0.00044002,0.00024582,0.00037941,0.00001256,0.00093713,0.00079808,0.00069130,0.00061218,0.00022447,-0.00053765,0.00029945,0.00003494,0.00033212,0.00037655,0.00098617,-0.00024136,0.00002860,0.00090269,-0.00111189,0.00021183,-0.00059725,0.00036400,0.00018401,-0.00073137,0.00111305,0.00029610,0.00062903,-0.00030624,0.00042506,0.00002016,0.00055298,-0.00085679,-0.00038902,-0.00060361,-0.00067775,0.00042436,-0.00006805,-0.00047312,0.00038979,0.00008900,-0.00012496,0.00035819,0.00027686,0.00022064,-0.00021957,0.00019287,-0.00038607,0.00055631,0.00019788,0.00021452,-0.01236322,0.00021539,0.00002401,-0.00013840,-0.00018263,-0.00022480,-0.00061164,-0.00096976,0.00023868,-0.00020488,0.00094120,0.00098207,0.00061158,-0.00026918,0.00008685,0.00026667,0.00052643,-0.00013205,0.00069512,-0.00105768,0.00048931,-0.00060527,0.00077122,-0.00016943,-0.00016824,-0.00077097,-0.00076059,0.00023779,-0.00081497,0.00020040,0.00005440,-0.00037683,-0.00039882
-0.00022923,-0.00057686,0.00077642,-0.00087724,0.00103831,-0.00027917,0.00033537,-0.00053996,0.00109508,-0.00008150,0.00095677,0.00082370,-0.00052261,0.00107448,0.00176262,-0.00040725,0.00137409,0.00166238,-0.00084067,-0.00096381,0.00105990,0.00130461,0.00116652,0.00109794,-0.00117963,0.00134369,0.00153362,0.00031719,-0.00087411,0.00053144,0.00142312,-0.00115555,-0.00060086,0.00101919,0.00085106,-0.00145069,0.00021344,-0.00006683,-0.00137666,0.00117676,0.00064998,0.00137855,0.00048747,0.00020120,-0.00073098,0.00091683,-0.00028072,0.00115893,-0.00153626,-0.00075261,0.00019534,0.00102452,-0.00112799,0.00118462,-0.00083016,-0.00058505,0.00003004,0.00069862,0.00056442,0.00080649,0.00069904,0.00059843,-0.00108742,-0.00104530,0.00005755,-0.00112540,-0.00075952,-0.00062923,0.00081038,-0.00026879,0.00058620,0.00031644,-0.00020935,0.00025563,-0.00097497,0.00054593,0.00075502,-0.00101098,0.00038104,-0.00049705,-0.00012781,0.00161155,-0.00117912,-0.00044302,0.00048227,-0.00137694,-0.00115908,0.00062670,0.00056778,0.00105240,0.00086623,0.00029906,0.00109545,0.00053944,0.00132424,0.00065445,-0.00079249,-0.00014579,0.00013337,-0.00034272,0.00010881,0.00001860,-0.00144381,-0.00020118,0.00120018,0.00043094,0.00092531,0.00045797,0.00003609,-0.00093628,0.00024932,0.00063836,0.00025596,0.00044208,-0.00000900,0.00073164,0.00072220,-0.00118364,-0.00068088,0.00100772,0.00075482,0.00061336,0.00052413,-0.00021426,-0.00103416,-0.00001166,-0.00081332,-0.00043797,0.00083750,0.00041286,0.00047570,-0.00089321,-0.00127611,0.00021499,0.00123322,0.00100083,-0.00053635,0.00147137,0.00020562,0.00084852,-0.00084022,0.00124514,-0.00088986,0.00099998,0.00047718,-0.00071295,-0.00121820,0.00068998,-0.00088040,-0.00055324,0.00029589,0.00080924,0.00058827,-0.00083257,0.00019552,-0.00036607,-0.00090999,-0.00043096,0.00095114,0.00032885,-0.00809816,-0.00028216,-0.00066652,-0.00077249,0.00135215,-0.00144371,-0.00120326,-0.00201444,-0.00062055,-0.00007852,0.00127426,-0.00071454,0.00093975,-0.00050745,0.00108918,-0.00003629,-0.00113499,0.00085138,-0.00143615,0.00099367,-0.00099119,0.00079889,-0.00102762,0.00134552,0.00015973,-0.00109322,0.00051395,-0.00079045,-0.00094682,0.00127911,0.00172817,-0.00179757
0.00169762,-0.00047337,0.00040038,-0.00129257,0.00055958,-0.00035418,0.00105425,0.00001689,0.00176267,0.00093332,0.00157127,0.00044138,-0.00069596,0.00161855,-0.00007680,-0.00101864,0.00149521,0.00142704,-0.00145882,0.00016969,0.00006419,0.00083242,0.00050572,0.00068478,-0.00166403,0.00062351,0.00075442,0.00034296,-0.00101626,0.00156887,0.00133350,-0.00067721,-0.00071712,-0.00042982,0.00206091,-0.00080738,-0.00033990,-0.00000633,-0.00106886,0.00094423,0.00085968,0.00133715,0.00088194,0.00020490,0.00046761,0.00045537,-0.00025836,0.00010805,-0.00048581,-0.00053294,-0.00027326,0.00232421,-0.00059688,-0.00002989,-0.00142627,0.00003413,-0.00040982,0.00062117,0.00124030,0.00038784,0.00016086,0.00016778,-0.00032114,-0.00066808,0.00027894,-0.00073507,-0.00124532,-0.00074676,0.00031942,-0.00016595,0.00101176,0.00054868,0.00029356,-0.00098955,-0.00113904,-0.00051155,0.00078603,-0.00118159,0.00040256,-0.00065608,-0.00087766,0.00133174,-0.00069972,-0.00080246,0.00042250,-0.00125363,-0.00192202,0.00109550,0.00038441,0.00089517,0.00136446,0.00027000,0.00143617,0.00032655,0.00149265,0.00029868,-0.00030662,0.00043961,0.00015112,-0.00060234,-0.00010620,-0.00013222,-0.00017363,0.00030010,0.00053511,-0.00002316,0.00085369,0.00016137,0.00000451,-0.00092100,0.00040061,0.00027633,0.00041448,0.00066196,0.00116507,0.00030707,0.00094053,-0.00141440,-0.00024725,0.00077403,0.00045516,-0.00001701,0.00128468,-0.00025672,-0.00072724,-0.00009317,-0.00094240,-0.00069836,-0.00019289,-0.00009226,0.00021755,-0.00166210,-0.00114128,0.00090705,0.00084237,0.00066147,0.00052199,0.00102755,-0.00024036,0.00049614,-0.00109078,0.00084712,-0.00106652,0.00020954,0.00082940,-0.00072242,-0.00126383,0.00084493,-0.00052672,-0.00063849,-0.00050590,0.00166608,0.00140620,0.00047838,-0.00005730,0.00001196,-0.00069224,-0.00117775,0.00227089,-0.00026577,0.00074745,-0.01248763,-0.00058190,0.00002857,0.00128592,-0.00064974,-0.00062633,-0.00073658,-0.00082148,-0.00043432,0.00110890,0.00053418,0.00009240,-0.00030518,0.00115401,0.00072919,-0.00136426,0.00011321,-0.00063167,0.00058341,-0.00058894,0.00219840,-0.00066638,0.00115020,0.00041130,-0.00038770,0.00020412,-0.00067623,-0.00087283,0.00031648,0.00113390,-0.00142431
0.00051945,-0.00017462,0.00109877,-0.00076523,-0.00005135,0.00038793,0.00115248,-0.00053355,0.00166126,0.00172614,0.00206402,0.00077108,-0.00150689,0.00157711,0.00010795,-0.00030906,0.00146753,0.00167048,-0.00169652,-0.00077539,0.00059824,0.00147316,0.00071354,0.00078546,-0.00166303,0.00114113,0.00039087,0.00086908,-0.00100411,0.00060946,0.00166529,-0.00133757,-0.00047820,0.00206098,0.00065905,-0.00079379,-0.00095221,0.00019610,-0.00145255,0.00102970,0.00072072,0.00112632,0.00053548,-0.00085367,-0.00058177,0.00026759,-0.00040915,0.00162792,-0.00098012,-0.00106340,-0.00049592,0.00127132,-0.00144246,0.00114960,-0.00156192,-0.00028063,0.00022888,0.00068132,0.00089036,0.00104586,0.00097519,0.00069458,-0.00121854,-0.00085871,-0.00059980,0.00012905,-0.00121137,-0.00156932,0.00030011,0.00070678,0.00073273,0.00031416,0.00060676,-0.00019391,-0.00130171,0.00063445,0.00100444,-0.00168398,0.00112244,-0.00059989,-0.00105197,0.00181855,-0.00067033,-0.00179031,0.00019619,-0.00155023,-0.00171857,0.00022288,-0.00003614,0.00100873,0.00088088,0.00017642,0.00160869,0.00002547,0.00028143,-0.00077538,-0.00024261,0.00000653,-0.00025082,0.00021664,0.00014505,-0.00000145,-0.00038771,-0.00087685,0.00039220,0.00024179,0.00012253,-0.00047539,-0.00099778,-0.00157045,0.00096327,0.00059564,0.00057957,0.00112007,-0.00026354,0.00104751,0.00072030,-0.00111429,-0.00101224,0.00140211,0.00056316,-0.00033000,0.00205384,0.00092844,-0.00103059,0.00015046,-0.00056619,-0.00027344,-0.00008775,0.00037732,0.00123220,-0.00210237,-0.00126825,0.00070515,0.00110460,0.00090705,-0.00004473,0.00133469,0.00020771,0.00131978,-0.00225347,0.00008541,-0.00122427,0.00046731,0.00064351,-0.00122707,-0.00092803,0.00035151,0.00003290,-0.00137500,0.00082605,0.00218319,0.00145943,-0.00088291,0.00000861,-0.00066575,-0.00041107,-0.00147234,0.00165728,0.00020763,0.00056677,-0.00016935,-0.01185976,-0.00077171,0.00165433,-0.00156287,-0.00101874,-0.00101570,-0.00116362,0.00066285,0.00083007,0.00049386,0.00096790,-0.00072949,0.00087377,0.00054265,-0.00189286,0.00015371,-0.00066999,0.00097918,-0.00069076,0.00198205,-0.00081792,0.00123118,-0.00029926,-0.00037263,0.00078083,-0.00060201,-0.00129047,0.00232015,0.00191719,-0.00218387
-0.00002583,0.00088226,-0.00060631,-0.00063118,-0.00021916,-0.00004639,-0.00014374,-0.00020091,0.00009979,0.00031335,-0.00022195,0.00029304,-0.00057436,-0.00073427,0.00007451,-0.00000008,-0.00020213,-0.00029180,0.00034514,0.00008147,-0.00024202,0.00025787,-0.00027150,-0.00105774,-0.00118465,0.00051279,0.00057293,-0.00048569,0.00027566,-0.00079176,-0.00003344,0.00066748,0.00051051,0.00005546,-0.00086055,0.00040678,0.00061387,-0.00015728,-0.00001381,-0.00007717,-0.00000395,-0.00056521,0.00009132,-0.00076569,-0.00004776,0.00045167,-0.00021074,0.00016660,-0.00078893,0.00078594,-0.00009486,-0.00001167,-0.00001130,-0.00008126,-0.00019156,0.00047853,0.00073638,-0.00005666,-0.00009013,0.00012967,0.00015430,-0.00044961,-0.00037514,-0.00050843,-0.00080731,-0.00125891,-0.00014616,-0.00043031,-0.00041541,-0.00066300,0.00020172,0.00126857,0.00055587,-0.00029575,-0.00007298,-0.00004623,0.00020813,0.00056188,-0.00061003,0.00025808,0.00020481,0.00051463,-0.00064876,-0.00091005,-0.00040421,0.00009643,-0.00091602,0.00079092,0.00019123,0.00027805,-0.00119470,-0.00040157,0.00079858,-0.00101035,0.00011529,-0.00045823,-0.00022153,-0.00002685,0.00079808,0.00026970,-0.00058193,0.00051972,-0.00114996,-0.00029157,0.00055593,-0.00050672,-0.00003821,0.00054584,-0.00019003,-0.00010205,-0.00036583,0.00067587,-0.00008837,-0.00036844,0.00004601,-0.00027278,-0.00016246,-0.00061588,0.00046420,0.00081718,0.00005991,0.00056215,0.00010920,-0.00043887,0.00020854,0.00067905,-0.00023627,-0.00004339,0.00010852,0.00087777,0.00071922,-0.00090433,-0.00040780,-0.00052210,0.00074370,0.00027944,0.00000265,-0.00017321,0.00017107,-0.00065848,-0.00056785,-0.00062218,-0.00024966,-0.00059592,-0.00032121,-0.00008136,0.00026195,0.00017490,0.00019180,-0.00030255,-0.00038957,-0.00004287,0.00022649,-0.00066448,0.00041078,-0.00054135,0.00037255,-0.00009017,-0.00021329,-0.00027169,-0.00007302,0.00077880,-0.00042832,-0.01237828,-0.00064093,0.00006292,0.00067428,0.00029851,-0.00040735,0.00032086,-0.00059018,0.00017453,-0.00045393,-0.00003963,-0.00032217,-0.00039877,0.00023416,0.00055664,-0.00028782,0.00035258,0.00046548,-0.00041947,0.00053837,-0.00036715,-0.00044743,0.00015920,-0.00000412,-0.00053177,0.00002092,-0.00008638,0.00007885,-0.00034949
0.00065286,0.00008165,-0.00046452,-0.00000743,-0.00016981,0.00067576,0.00007392,0.00044028,0.00008142,-0.00020181,0.00047985,-0.00017109,0.00094654,-0.00002689,0.00026290,-0.00002892,-0.00069422,0.00015662,0.00037567,-0.00000490,-0.00074451,-0.00068679,-0.00025817,-0.00048199,0.00032396,-0.00052760,-0.00070571,-0.00086308,0.00004856,-0.00061246,-0.00033165,0.00001998,0.00019937,-0.00042997,-0.00063061,0.00020239,0.00031247,-0.00126046,0.00026568,-0.00069639,-0.00061310,-0.00066283,-0.00025720,-0.00012860,0.00021669,-0.00078100,-0.00005297,-0.00005279,0.00074459,-0.00086127,0.00014611,-0.00060295,0.00000199,-0.00041636,0.00056109,0.00015209,0.00008590,0.00052963,-0.00014283,-0.00031385,-0.00072289,0.00021918,-0.00010070,-0.00008127,0.00052646,0.00033444,0.00044659,0.00101578,0.00017036,0.00095236,-0.00014660,0.00015481,-0.00003271,0.00042060,-0.00069724,0.00003926,0.00068324,-0.00033230,0.00076937,0.00076899,0.00032158,0.00023929,0.00040191,-0.00035400,0.00019433,-0.00033445,-0.00018428,0.00047614,-0.00080500,-0.00015419,-0.00104220,0.00011989,-0.00037473,-0.00052119,0.00021793,0.00007577,0.00002695,-0.00087273,0.00007166,-0.00045943,0.00112542,-0.00097576,-0.00048623,0.00095218,0.00007489,-0.00008863,-0.00046950,-0.00011692,0.00001776,-0.00043876,-0.00048145,-0.00045131,0.00081532,-0.00025078,-0.00001143,-0.00071138,-0.00057848,-0.00055330,-0.00026393,-0.00007186,0.00028090,0.00002248,0.00015321,0.00006558,0.00011117,-0.00081422,-0.00002458,-0.00020681,0.00067568,-0.00038518,-0.00035702,0.00013850,0.00029350,-0.00017496,-0.00082057,-0.00009083,0.00109446,0.00077491,-0.00032761,-0.00011814,0.00052869,0.00000681,0.00066817,-0.00041958,-0.00028857,-0.00003257,-0.00033727,-0.00058057,-0.00070300,0.00030144,0.00047349,-0.00032994,-0.00053694,0.00122512,-0.00174976,0.00029633,-0.00002263,0.00028524,-0.00053152,-0.00009876,-0.00024937,-0.00076058,-0.00024737,-0.00054104,-0.01150111,0.00036672,0.00017004,-0.00009347,0.00052620,-0.00091321,-0.00065398,-0.00093259,0.00065241,0.00039309,0.00020437,0.00059342,-0.00022405,0.00045308,0.00049219,0.00057504,0.00017818,-0.00075960,0.00012817,-0.00032467,0.00062970,0.00030000,-0.00012256,0.00001619,-0.00034802,0.00053725,-0.00034105,0.00029932
-0.00027605,0.00000731,-0.00030150,0.00037766,0.00040033,-0.00056490,0.00068884,-0.00027340,-0.00086548,0.00030821,-0.00101146,-0.00029788,-0.00012083,-0.00035191,0.00073613,0.00010932,-0.00040558,-0.00102759,0.00117320,0.00009912,0.00014863,-0.00047842,0.00000868,-0.00004811,0.00100940,-0.00080955,-0.00073783,0.00016809,-0.00004880,-0.00061111,0.00026631,0.00060462,0.00020902,-0.00014459,-0.00127762,0.00033427,0.00164732,0.00016593,0.00077778,0.00004792,-0.00021894,0.00010757,-0.00083749,-0.00014859,-0.00087522,-0.00060098,-0.00031705,-0.00031946,0.00107039,0.00090733,0.00111076,-0.00041141,0.00033270,-0.00000523,-0.00001357,0.00046308,-0.00076406,-0.00054336,-0.00135212,-0.00044304,-0.00009664,-0.00086722,0.00088530,0.00040331,-0.00036520,0.00029135,0.00013137,0.00030663,0.00040684,-0.00031328,0.00017248,-0.00056577,-0.00016784,0.00051324,-0.00012688,-0.00073911,-0.00087746,0.00039177,-0.00072669,0.00014272,0.00044608,-0.00036237,0.00132156,0.00108876,0.00034252,0.00041426,0.00084877,0.00009207,-0.00026232,-0.00055164,-0.00078885,-0.00060450,-0.00088949,0.00059749,-0.00046805,0.00020024,0.00057266,-0.00062357,0.00027744,0.00119344,0.00041702,0.00032950,0.00109956,0.00052665,-0.00090626,-0.00004073,0.00101287,-0.00121342,0.00059709,0.00086180,0.00025945,-0.00006297,-0.00111793,0.00015902,-0.00034676,-0.00168197,-0.00034483,0.00070946,0.00021025,-0.00048098,0.00076222,-0.00078769,-0.00162892,-0.00005245,0.00026230,-0.00085030,0.00066653,0.00029679,-0.00026137,0.00058142,-0.00063615,0.00046936,0.00051627,0.00021226,0.00005826,-0.00060929,-0.00033532,-0.00092524,0.00028152,-0.00038006,0.00044797,-0.00011558,0.00086526,-0.00003061,0.00010983,0.00072430,0.00040338,-0.00036074,0.00079160,-0.00026077,-0.00001088,-0.00102133,-0.00138636,-0.00031487,0.00041655,-0.00000771,0.00112299,0.00008791,-0.00033506,0.00012180,-0.00013517,0.00019312,0.00028475,0.00055331,-0.00028581,-0.01285939,-0.00015153,0.00060737,0.00080761,0.00023137,0.00009237,0.00042685,-0.00140258,-0.00018760,-0.00087180,0.00080506,0.00054576,-0.00029149,0.00035572,-0.00000241,0.00062032,-0.00115193,-0.00000124,-0.00027708,-0.00023689,-0.00002092,0.00018775,0.00054712,0.00036168,0.00040688,-0.00080871,0.00032771
0.00002949,0.00086022,0.00025166,0.00111595,-0.00017660,0.00004878,-0.00136425,0.00000577,-0.00117053,-0.00025783,-0.00084108,-0.00117860,0.00141908,-0.00115505,-0.00019242,0.00120119,-0.00022058,-0.00073030,0.00096020,0.00029901,0.00017284,-0.00038617,-0.00003977,-0.00059708,0.00089365,-0.00097331,-0.00035062,-0.00025277,0.00016128,-0.00128773,-0.00064595,0.00083450,0.00020593,-0.00016467,-0.00097407,0.00065841,0.00015976,-0.00102171,0.00061103,-0.00127022,-0.00040593,-0.00104350,-0.00043929,-0.00063786,0.00027371,-0.00085147,-0.00037317,-0.00092349,0.00095117,0.00084328,-0.00028854,-0.00146556,0.00108871,-0.00015522,0.00056838,0.00070854,0.00019382,-0.00035712,0.00017108,-0.00021989,-0.00080812,-0.00100095,0.00004805,0.00035881,0.00007573,0.00076332,0.00113562,0.00081107,-0.00052509,0.00035154,0.00005285,-0.00048326,0.00000583,0.00049268,0.00133510,-0.00046711,-0.00030917,0.00096242,-0.00050674,-0.00014394,0.00131585,-0.00039688,0.00033733,0.00069484,-0.00048124,0.00104442,0.00174465,-0.00065199,-0.00034010,-0.00133901,-0.00077703,-0.00108720,-0.00066198,0.00019660,-0.00057290,-0.00030603,0.00036443,-0.00026034,0.00034333,0.00021906,0.00071228,-0.00011948,0.00122125,0.00026134,-0.00042116,-0.00058421,-0.00051117,-0.00064356,0.00069035,0.00101401,-0.00026447,-0.00085571,-0.00101366,-0.00092556,-0.00028777,-0.00098869,-0.00092352,0.00079158,0.00211298,-0.00021358,0.00037133,-0.00018003,-0.00142178,0.00017554,0.00066379,-0.00062813,0.00041536,0.00030802,-0.00074141,0.00012936,-0.00057687,0.00107839,0.00061430,-0.00099194,-0.00093444,-0.00031810,-0.00053051,-0.00148521,-0.00016219,-0.00090730,0.00095746,-0.00073310,0.00069259,-0.00118341,-0.00047845,0.00056150,0.00049678,-0.00068520,0.00110267,0.00029186,-0.00018426,-0.00077249,-0.00029510,0.00037214,0.00012746,-0.00058309,0.00013001,0.00079542,0.00009226,-0.00017609,-0.00029523,0.00042103,0.00107307,0.00101546,-0.00065991,0.00037504,-0.00940982,0.00123936,0.00007161,-0.00015495,-0.00030586,-0.00094030,-0.00099074,0.00059990,-0.00154012,0.00044872,0.00127888,-0.00049557,0.00041978,-0.00081667,0.00179020,-0.00087857,0.00001245,-0.00055989,0.00009497,0.00130223,-0.00052886,0.00113269,0.00123351,-0.00186260,-0.00121876,0.00144274
0.00059824,-0.00082965,0.00097777,-0.00101786,0.00061955,0.00077184,0.00002151,0.00021522,0.00092489,0.00061067,0.00137819,0.00079571,-0.00120697,0.00179027,0.00128120,-0.00097737,0.00148689,0.00118471,-0.00140016,-0.00069097,0.00116460,0.00144641,0.00166876,0.00144373,-0.00162807,0.00079985,0.00108898,0.00069868,-0.00091618,-0.00031660,0.00201116,-0.00114931,0.00032998,0.00185191,0.00083274,-0.00092211,-0.00074608,0.00029083,-0.00153506,0.00136686,0.00021361,0.00200127,0.00070556,-0.00077705,-0.00052352,0.00111212,-0.00009614,0.00050798,-0.00033074,-0.00188906,-0.00104134,0.00126384,-0.00160141,0.00072023,-0.00106538,-0.00028659,0.00060695,0.00149027,0.00152177,0.00122703,0.00080130,0.00110902,-0.00069472,-0.00069874,-0.00061872,-0.00086859,-0.00171322,-0.00132366,0.00105691,-0.00024211,0.00050970,0.00019715,0.00016217,0.00076099,-0.00112479,0.00033056,0.00102026,-0.00137454,0.00188702,-0.00201354,-0.00068640,0.00151263,-0.00112505,-0.00097684,0.00090399,-0.00122197,-0.00140962,0.00127135,0.00074963,0.00124554,0.00196649,0.00025684,0.00115352,0.00029461,0.00079915,0.00043066,-0.00057394,0.00011273,0.00006331,-0.00064256,0.00077757,0.00058979,-0.00132055,-0.00015350,0.00000085,0.00097528,0.00049923,0.00049774,0.00018964,-0.00083643,0.00162423,0.00075057,0.00120534,0.00031887,0.00094870,0.00064252,0.00117370,-0.00097250,-0.00128305,0.00096745,0.00046163,-0.00066047,0.00140305,0.00039932,-0.00104790,0.00022208,-0.00026163,-0.00147909,0.00055956,0.00041176,0.00054607,-0.00087199,-0.00147724,0.00160497,0.00118993,0.00142220,0.00057586,0.00202911,0.00046796,0.00123808,-0.00187114,0.00045266,-0.00172480,0.00171270,0.00117859,-0.00129861,-0.00105562,0.00078112,-0.00083290,-0.00133687,-0.00028816,0.00167392,0.00203902,-0.00174507,-0.00058333,-0.00085617,-0.00056943,-0.00180618,0.00120070,0.00027983,0.00059546,0.00066732,-0.00023721,-0.00053253,0.00154324,-0.00155297,-0.00136666,-0.01153157,-0.00132687,0.00084806,0.00194732,0.00082645,0.00036820,-0.00099917,0.00097637,0.00068093,-0.00047556,0.00053535,-0.00111301,0.00038148,-0.00166964,0.00153320,-0.00123118,0.00130746,-0.00003646,-0.00085672,-0.00048058,-0.00136651,-0.00173767,0.00131456,0.00132331,-0.00136516
-0.00021913,0.00021644,-0.00004938,0.00052424,-0.00006920,-0.00088734,-0.00098191,-0.00031160,-0.00034810,0.00019086,-0.00105058,-0.00112967,0.00059111,-0.00012352,-0.00041366,-0.00006361,-0.00078544,-0.00071122,0.00067731,0.00085741,-0.00078940,-0.00060711,0.00008806,-0.00053659,0.00089958,-0.00082594,-0.00118431,-0.00027302,0.00046330,-0.00069330,-0.00042271,0.00072678,0.00080621,-0.00116221,-0.00097066,-0.00039717,0.00073608,-0.00058249,0.00088982,-0.00043918,-0.00116229,-0.00022735,-0.00023909,-0.00051333,-0.00010513,-0.00032805,0.00042241,-0.00031697,0.00106481,0.00072801,0.00048677,-0.00122575,0.00139792,0.00012345,0.00063360,-0.00028206,0.00009632,0.00011053,-0.00002237,-0.00059588,-0.00049795,-0.00100587,-0.00016527,0.00053416,0.00042274,-0.00035869,0.00075804,0.00167066,-0.00082022,0.00000318,-0.00078031,-0.00034700,0.00046764,-0.00008378,0.00115405,-0.00005362,-0.00086674,0.00103407,-0.00029281,0.00074266,0.00106188,-0.00149663,0.00085996,-0.00010541,-0.00001406,0.00082308,0.00163731,-0.00014261,-0.00011287,-0.00113582,-0.00126332,-0.00023533,-0.00022750,-0.00028922,-0.00043362,-0.00010084,0.00012272,0.00025261,0.00023957,0.00043924,-0.00014462,-0.00001099,0.00126494,0.00021564,-0.00040827,0.00082158,-0.00016386,0.00052556,0.00049581,0.00148968,-0.00141730,-0.00027830,-0.00107279,-0.00091934,-0.00051628,-0.00052182,-0.00157255,0.00025012,0.00099097,-0.00056462,0.00002735,-0.00031613,-0.00182412,-0.00089850,0.00079704,0.00054258,0.00039481,0.00085731,-0.00078364,0.00079061,-0.00029128,0.00058173,0.00069257,-0.00051105,-0.00010725,-0.00023577,-0.00061072,-0.00100066,0.00017271,-0.00032887,0.00082977,-0.00022445,0.00097673,-0.00141308,-0.00072298,0.00039006,0.00023977,-0.00098851,0.00082988,0.00117702,-0.00116593,-0.00075887,-0.00066477,0.00047771,0.00019090,0.00012504,0.00075109,0.00052219,-0.00101867,0.00062307,-0.00015858,0.00126970,0.00140218,0.00046941,-0.00092849,0.00060273,0.00048480,0.00225870,-0.00826141,0.00044199,0.00026058,0.00049996,-0.00063265,0.00006076,-0.00202055,0.00055979,0.00048916,-0.00062422,0.00146174,-0.00028239,0.00137311,-0.00073050,0.00065063,-0.00055526,0.00042056,0.00039922,0.00056842,0.00120718,0.00097936,-0.00039571,-0.00030588,0.00145763
0.00038489,0.00058492,0.00097329,-0.00213341,0.00005588,-0.00061733,-0.00050992,-0.00052892,0.00164941,0.00034812,0.00129953,0.00086483,-0.00071566,0.00086487,0.00110034,-0.00094346,0.00152498,0.00097304,-0.00102255,-0.00044447,0.00048480,0.00096771,0.00018954,0.00129051,-0.00181331,0.00076997,0.00081715,-0.00025128,0.00009820,0.00152772,0.00140905,-0.00153531,-0.00057716,0.00183066,0.00158038,-0.00115672,-0.00121624,0.00008072,-0.00228503,0.00056316,0.00159320,0.00177449,0.00163997,-0.00054712,0.00008156,0.00142468,0.00031324,0.00062066,-0.00025334,-0.00209321,-0.00075627,0.00133395,-0.00220415,0.00029784,-0.00078804,0.00064885,0.00004582,0.00228149,0.00131965,0.00056317,0.00184778,0.00147186,-0.00100248,-0.00138136,-0.00049957,0.00016789,-0.00117422,-0.00162849,0.00016075,-0.00051072,0.00097242,0.00096690,0.00002496,-0.00004540,-0.00221439,-0.00045181,0.00046669,-0.00156497,0.00046573,-0.00090906,-0.00126457,0.00102405,-0.00081812,-0.00078862,0.00037268,-0.00082019,-0.00209529,0.00033690,-0.00057980,0.00081957,0.00092708,0.00037485,0.00230155,0.00055200,0.00125627,0.00016764,-0.00042052,-0.00055577,0.00111874,-0.00075483,-0.00009448,-0.00082440,-0.00069762,0.00001226,0.00118038,0.00044905,0.00103676,-0.00001004,-0.00016117,-0.00181315,0.00058691,0.00057774,0.00066609,0.00105054,-0.00013718,0.00145461,0.00040697,-0.00080100,-0.00089531,0.00147052,0.00054138,0.00063107,0.00201378,0.00026668,-0.00088946,0.00005132,-0.00091493,-0.00073110,-0.00009563,0.00105223,0.00090475,-0.00130709,-0.00187503,0.00085649,0.00035659,0.00068920,-0.00092685,0.00280136,0.00045998,0.00065992,-0.00177120,0.00077822,-0.00139885,0.00064614,0.00101358,-0.00108103,-0.00099491,0.00087640,-0.00052064,-0.00126203,-0.00069722,0.00116031,0.00087873,-0.00089172,0.00035012,-0.00067620,-0.00031731,-0.00129306,0.00177064,0.00057719,0.00103070,-0.00020095,0.00018549,-0.00046546,0.00120252,-0.00125794,-0.00123534,-0.00160718,-0.00168899,-0.01172848,0.00127922,-0.00050778,0.00031420,-0.00118986,0.00052122,-0.00026169,-0.00108286,-0.00018539,-0.00162989,0.00029361,-0.00096097,0.00147985,-0.00143456,0.00114962,-0.00013945,-0.00062553,-0.00020217,-0.00090253,-0.00195523,0.00157377,0.00186732,-0.00168438
-0.00080091,-0.00056707,0.00018097,-0.00065304,0.00002815,-0.00089319,0.00089664,0.00007814,0.00107901,0.00035128,0.00052234,0.00142511,-0.00040544,0.00125895,-0.00024809,-0.00046335,0.00109135,0.00057578,-0.00102412,0.00034386,0.00040770,0.00111554,0.00073033,0.00063633,-0.00046176,0.00099187,0.00005199,-0.00008396,-0.00018401,0.00043796,0.00132727,-0.00145474,-0.00105343,0.00170103,0.00073333,-0.00089016,-0.00062937,0.00053724,-0.00061644,0.00010548,0.00076921,0.00064012,0.00106487,0.00009063,0.00004643,0.00017775,-0.00070975,0.00096283,-0.00088253,-0.00071499,-0.00026521,0.00101124,-0.00062798,0.00041057,-0.00007373,-0.00064054,0.00001777,0.00060244,0.00043442,0.00073761,0.00047175,0.00109126,-0.00049567,-0.00061350,-0.00033132,-0.00018766,-0.00061284,-0.00089818,-0.00025544,-0.00054630,0.00016432,0.00011040,0.00084055,-0.00028023,-0.00134992,0.00095097,0.00000809,-0.00056108,0.00065673,-0.00070101,-0.00084693,0.00138127,-0.00075530,-0.00052494,0.00151750,-0.00065581,-0.00142610,0.00092625,0.00091347,0.00063166,0.00177152,-0.00019531,0.00151914,-0.00030564,0.00110143,-0.00019313,-0.00085304,-0.00093568,0.00081823,-0.00027297,-0.00007018,-0.00018694,-0.00122412,-0.00020349,0.00048343,-0.00126935,-0.00076354,-0.00026392,-0.00056089,-0.00085886,0.00039045,0.00073651,0.00051128,-0.00021087,0.00001744,0.00043700,0.00058261,-0.00094554,-0.00049798,0.00168710,0.00058317,0.00017913,0.00113473,0.00051034,-0.00062205,-0.00029806,-0.00046733,-0.00015964,0.00108757,-0.00109180,0.00085353,-0.00035814,-0.00087449,-0.00029603,0.00042762,0.00045883,-0.00025461,0.00179870,-0.00024901,0.00017350,-0.00044512,0.00060105,-0.00050777,0.00083554,0.00094833,-0.00037521,-0.00034752,0.00067376,-0.00080870,-0.00104247,-0.00006132,0.00168617,0.00070275,-0.00019034,-0.00128932,0.00048044,-0.00088638,-0.00075332,0.00082781,0.00055872,0.00045520,-0.00010864,-0.00136052,-0.00103195,0.00106931,-0.00060705,-0.00063709,-0.00109275,-0.00036024,0.00005222,-0.00907014,-0.00035332,0.00096272,0.00066812,0.00096612,-0.00041707,-0.00097001,0.00072270,-0.00117237,0.00112347,-0.00090781,0.00112079,-0.00032665,0.00082668,0.00098319,-0.00017900,-0.00009492,0.00013746,-0.00116891,0.00032720,0.00118437,-0.00123108
0.00024827,-0.00033283,0.00105545,-0.00176226,-0.00009958,-0.00118654,-0.00000833,-0.00018877,0.00176307,0.00086513,0.00196137,0.00093097,-0.00177164,0.00177303,0.00152300,-0.00184819,0.00176132,0.00142776,-0.00172160,-0.00117034,0.00086435,0.00151227,0.00132574,0.00142674,-0.00169233,0.00145824,0.00159367,0.00162912,-0.00053911,0.00048808,0.00191269,-0.00163767,-0.00038224,0.00155162,0.00159023,-0.00129812,-0.00030535,-0.00012978,-0.00130500,0.00196709,0.00134562,0.00174267,0.00155294,-0.00102056,-0.00034474,0.00114307,0.00057991,0.00128770,-0.00135027,-0.00136671,-0.00143002,0.00167073,-0.00152874,0.00103688,-0.00031388,0.00005129,0.00040218,0.00149040,0.00183774,0.00158702,0.00142902,0.00108296,-0.00123547,-0.00152990,-0.00053181,-0.00150484,-0.00172118,-0.00129685,0.00037128,-0.00064551,0.00162648,0.00032208,0.00099459,0.00008444,-0.00130791,-0.00034573,0.00072261,-0.00136174,0.00093150,-0.00096089,-0.00134550,0.00174111,-0.00149313,-0.00055328,0.00099669,-0.00130339,-0.00183048,0.00186080,0.00014030,0.00120401,0.00196043,0.00083601,0.00141357,-0.00015383,0.00122409,-0.00067261,-0.00157879,0.00121448,0.00011166,-0.00117839,0.00066694,-0.00004779,-0.00164358,-0.00070395,0.00130136,0.00159313,0.00075547,0.00092276,0.00002721,-0.00151476,0.00114025,0.00103451,0.00111931,0.00104845,-0.00010092,0.00128963,0.00112089,-0.00199945,-0.00108213,0.00159494,0.00001910,0.00053459,0.00145895,0.00039203,-0.00128538,0.00043803,-0.00122770,-0.00088392,0.00016402,-0.00031564,0.00069170,-0.00145900,-0.00162597,0.00053606,0.00145025,0.00141756,0.00011190,0.00142181,0.00038931,0.00147557,-0.00148714,0.00098582,-0.00125535,0.00070858,0.00090412,-0.00164488,-0.00088148,0.00190844,-0.00101077,-0.00195470,-0.00088401,0.00167610,0.00170186,-0.00056095,0.00046551,-0.00112260,-0.00090390,-0.00133446,0.00154115,0.00077785,0.00080238,-0.00002007,-0.00082827,-0.00129987,0.00141370,-0.00185828,-0.00185297,-0.00165874,-0.00162145,0.00032749,0.00128578,-0.01000083,0.00098408,-0.00120668,0.00099706,0.00071239,-0.00188527,0.00060560,-0.00113306,0.00115961,-0.00185934,0.00181433,-0.00154130,0.00126368,-0.00123251,-0.00155278,-0.00032107,-0.00118248,-0.00191116,0.00118669,0.00167095,-0.00213832
-0.00005809,0.00027378,-0.00060061,0.00130887,-0.00026191,0.00141043,-0.00167575,0.00016978,-0.00188129,-0.00154445,-0.00152295,-0.00159918,0.00098089,-0.00171849,-0.00097106,0.00095958,-0.00111745,-0.00175922,0.00092852,0.00054574,-0.00079218,-0.00060401,-0.00153657,-0.00098172,0.00132830,-0.00193136,-0.00126492,-0.00165575,0.00097612,-0.00106074,-0.00131085,0.00114092,0.00090418,-0.00144223,-0.00106571,0.00119492,0.00014082,0.00006320,0.00067295,-0.00125415,-0.00131682,-0.00121366,-0.00092774,0.00021299,0.00098318,-0.00134363,0.00015553,-0.00168049,0.00084821,0.00081010,0.00110941,-0.00088163,0.00172438,-0.00167346,0.00092547,-0.00002105,-0.00103737,-0.00048166,-0.00124917,-0.00103516,-0.00089387,-0.00162691,0.00048801,0.00053476,0.00053467,0.00141651,0.00138259,0.00136441,-0.00052913,0.00073285,-0.00106519,-0.00074739,-0.00026088,-0.00043660,0.00188954,-0.00111706,-0.00120526,0.00097393,-0.00103781,0.00058298,0.00139532,-0.00110767,0.00039228,0.00139472,-0.00143571,0.00139310,0.00196812,-0.00112449,-0.00078761,-0.00160434,-0.00106759,-0.00150345,-0.00126565,-0.00052263,-0.00135581,-0.00040775,0.00099644,-0.00107140,-0.00057882,0.00042871,-0.00052250,-0.00002857,0.00118075,0.00021583,-0.00084777,-0.00094665,-0.00082423,-0.00095243,0.00028560,0.00143200,-0.00137418,-0.00060761,-0.00137520,-0.00029042,-0.00109017,-0.00128971,-0.00067734,0.00129153,0.00141531,-0.00120291,0.00068357,0.00028191,-0.00107592,-0.00095504,0.00050150,-0.00000757,0.00069819,0.00142580,-0.00075816,-0.00031277,-0.00124723,0.00164296,0.00151851,-0.00114152,-0.00106339,-0.00139226,0.00011811,-0.00138912,-0.00061348,-0.00165127,0.00183190,-0.00064010,0.00150797,0.00038808,-0.00073226,0.00130166,0.00083181,-0.00128078,0.00045690,0.00183826,0.00123409,-0.00174197,-0.00165273,0.00146162,0.00027907,0.00132970,0.00042160,0.00225102,-0.00156109,-0.00032887,-0.00112619,-0.00025875,0.00030490,0.00076860,-0.00097948,0.00143387,0.00129649,0.00112991,0.00156700,-0.00096734,-0.00105109,-0.00017578,-0.01100946,0.00123695,-0.00128752,-0.00078068,0.00129289,0.00007792,0.00174894,-0.00216500,0.00177849,-0.00158328,0.00066905,-0.00210002,0.00016457,0.00170207,-0.00070991,0.00122694,0.00208356,-0.00081614,-0.00073601,0.00173908
-0.00039048,0.00117073,-0.00078488,0.00079833,-0.00081961,0.00060619,-0.00129886,-0.00012746,-0.00110727,-0.00032279,-0.00140723,-0.00045435,0.00096800,-0.00077494,-0.00048617,0.00099515,-0.00071964,-0.00177700,0.00128690,0.00164957,-0.00055717,-0.00075457,-0.00050639,-0.00043757,0.00160724,-0.00129519,-0.00014349,-0.00059531,0.00051001,-0.00022569,-0.00107937,0.00127481,-0.00004695,-0.00077435,-0.00084460,0.00120728,0.00074257,-0.00005800,0.00079099,-0.00047958,-0.00099503,-0.00113064,-0.00045692,0.00103639,0.00014128,-0.00177002,-0.00014479,-0.00014111,0.00074409,0.00107235,0.00005181,-0.00086805,0.00058502,-0.00097715,0.00006763,-0.00022220,0.00020586,-0.00048031,-0.00100122,-0.00052961,-0.00106528,-0.00044669,0.00096945,0.00019065,0.00008919,0.00030815,0.00085195,0.00102230,-0.00150218,0.00008620,-0.00017434,-0.00102530,-0.00056830,0.00024202,0.00075781,-0.00013256,-0.00067235,0.00125362,-0.00095332,0.00084548,0.00079301,-0.00128106,0.00127016,0.00032690,-0.00049729,0.00161683,0.00129776,-0.00071421,-0.00019840,-0.00073246,-0.00101878,-0.00037179,-0.00065216,0.00024980,-0.00055270,0.00027021,0.00076055,-0.00025667,-0.00048922,0.00035195,-0.00103938,0.00029661,0.00043007,0.00033128,-0.00152414,-0.00041168,-0.00047778,-0.00051165,0.00042419,0.00055589,-0.00069332,-0.00022832,-0.00068772,-0.00005300,-0.00038333,-0.00097507,-0.00092872,0.00130888,0.00112299,-0.00088749,-0.00010212,-0.00018410,-0.00120921,0.00000160,0.00087955,-0.00036365,-0.00001083,0.00048507,-0.00106889,-0.00034591,-0.00075121,0.00070191,0.00042030,-0.00058374,-0.00081717,-0.00106025,-0.00058649,-0.00207631,-0.00003843,-0.00116145,0.00098123,-0.00091581,0.00074870,-0.00090344,-0.00120396,0.00038926,0.00061738,0.00001132,0.00070315,0.00104091,0.00003027,-0.00144237,-0.00002135,0.00076921,0.00051983,0.00063805,0.00093478,0.00102192,-0.00145007,0.00019758,-0.00049550,0.00067060,0.00101202,0.00095078,-0.00121654,0.00093489,0.00141138,0.00166759,0.00059365,-0.00005889,-0.00044198,0.00027013,-0.00064874,-0.00760206,-0.00132618,0.00022580,0.00208575,-0.00069555,0.00141658,-0.00112071,0.00090689,-0.00156036,0.00150569,-0.00112937,-0.00062950,0.00042809,-0.00019108,0.00076373,0.00050508,-0.00085480,-0.00057161,0.00123821
-0.00039233,-0.00026711,-0.00057832,0.00146439,0.00009889,0.00024738,-0.00004072,-0.00088639,-0.00152228,0.00020357,-0.00088019,-0.00000206,0.00126338,-0.00131671,-0.00076274,0.00131946,-0.00111947,-0.00054472,0.00132317,0.00066417,0.00045217,0.00017066,-0.00134370,-0.00111467,0.00137840,-0.00043218,0.00060669,-0.00032962,0.00143988,-0.00006598,-0.00071871,0.00067626,-0.00087999,-0.00090836,-0.00063844,0.00047162,0.00054473,-0.00029846,0.00033225,-0.00049701,-0.00007424,-0.00067730,-0.00050797,0.00058441,0.00073120,-0.00089819,-0.00009309,-0.00047875,0.00006419,0.00009101,0.00107678,-0.00114742,0.00085483,0.00055404,0.00080885,-0.00003492,-0.00017664,-0.00076457,-0.00085491,-0.00036720,-0.00016581,-0.00087993,0.00169176,0.00070204,0.00033746,0.00040892,0.00080938,0.00077552,-0.00032520,0.00056090,-0.00042405,-0.00081290,-0.00053657,0.00030834,0.00103592,0.00014322,-0.00166835,0.00109649,-0.00089463,0.00031236,0.00034040,-0.00047438,0.00072142,0.00051956,0.00000382,-0.00025682,0.00178477,-0.00016094,0.00029282,0.00003282,-0.00049951,0.00027180,-0.00077950,-0.00088014,-0.00063160,-0.00081910,-0.00000236,-0.00028966,0.00057190,0.00008439,0.00107258,0.00059076,0.00073359,0.00137017,-0.00044605,0.00036094,-0.00016241,-0.00075157,0.00035181,0.00115539,-0.00077155,0.00011258,-0.00026637,-0.00060587,-0.00016611,0.00004067,0.00026977,0.00113266,0.00121657,-0.00010023,-0.00079664,-0.00101853,-0.00088709,-0.00092501,0.00099213,-0.00069891,0.00027791,-0.00011855,0.00033042,-0.00113002,-0.00079701,0.00138789,0.00135731,-0.00148663,-0.00053017,0.00059624,-0.00040910,-0.00085943,-0.00070317,-0.00134308,0.00193235,0.00061617,0.00089401,0.00013311,-0.00003753,0.00102942,0.00062393,-0.00082512,-0.00008586,0.00129633,-0.00074673,-0.00135954,-0.00152001,0.00088516,-0.00038397,0.00019852,-0.00043365,0.00050455,-0.00165938,0.00032235,-0.00090224,0.00018896,0.00035735,0.00003909,-0.00114229,0.00045143,0.00090670,0.00070928,0.00043237,-0.00119592,-0.00096207,-0.00068186,0.00007583,0.00092659,-0.01236045,-0.00050926,0.00158726,-0.00021748,0.00062210,-0.00037316,0.00092087,-0.00109521,0.00004157,-0.00076977,-0.00051438,0.00054607,0.00059915,0.00101806,0.00062784,-0.00109795,-0.00119611,0.00096618
0.00046565,-0.00090745,0.00094956,-0.00097117,0.00079006,-0.00019389,-0.00055501,-0.00044602,0.00148910,-0.00016056,0.00103737,0.00062967,-0.00076448,0.00101998,0.00006872,-0.00114450,0.00107470,0.00086463,-0.00103102,0.00006217,0.00045236,-0.00049192,0.00071591,0.00062794,-0.00089463,0.00088296,0.00006372,0.00008790,-0.00145417,0.00070025,0.00042171,-0.00176967,0.00035676,0.00129856,0.00183157,-0.00019946,-0.00035046,-0.00031111,-0.00073117,0.00050608,0.00017656,0.00048112,0.00046933,0.00039387,0.00057906,0.00096138,-0.00001761,0.00138536,-0.00083179,-0.00137124,0.00007543,0.00104691,-0.00089426,0.00076869,-0.00024688,-0.00073316,0.00002117,0.00003823,-0.00005348,0.00023939,0.00101288,-0.00000918,-0.00004746,-0.00102467,0.00087244,0.00044331,-0.00108015,-0.00183462,0.00065279,0.00010273,0.00092857,0.00068074,-0.00019060,-0.00020959,-0.00159708,0.00055043,-0.00024948,-0.00160825,0.00062699,-0.00013816,-0.00104832,0.00127036,-0.00129560,-0.00078740,0.00046179,-0.00139844,-0.00168849,0.00045147,0.00074070,0.00065409,0.00176267,0.00007203,0.00155103,0.00065043,0.00048202,-0.00066408,-0.00109723,0.00051102,-0.00026375,-0.00034598,0.00092035,-0.00015556,-0.00106031,-0.00004993,0.00127773,0.00038976,-0.00021451,0.00079649,-0.00083047,-0.00058709,0.00003335,0.00079220,0.00096968,-0.00025643,-0.00023076,0.00073543,0.00159055,0.00003591,-0.00051059,0.00071973,0.00003428,0.00040821,0.00117384,0.00039144,-0.00006447,-0.00039433,0.00028469,-0.00136218,0.00075057,-0.00035233,0.00021886,-0.00115301,-0.00099557,0.00040604,0.00109721,0.00059836,0.00069952,0.00293431,-0.00009478,0.00119864,-0.00074566,0.00105540,-0.00126593,0.00064014,0.00103111,0.00042309,0.00012601,0.00090620,-0.00059132,-0.00057422,0.00021818,0.00131597,0.00087108,-0.00024334,-0.00088150,0.00002398,-0.00087505,-0.00120684,0.00060149,-0.00001892,0.00034636,-0.00035911,-0.00081549,-0.00134603,0.00179875,-0.00042031,-0.00112424,-0.00134504,-0.00082765,-0.00002816,0.00048618,-0.00027348,0.00017534,-0.00027976,0.00144929,-0.01226371,-0.00083103,0.00056078,-0.00082272,0.00001304,-0.00057301,0.00198432,-0.00101597,0.00095060,0.00027874,-0.00102017,-0.00034444,-0.00081884,-0.00141965,0.00091554,0.00074337,-0.00094435
0.00023282,-0.00007790,0.00107350,-0.00045497,-0.00058226,-0.00054613,-0.00003220,0.00054126,0.00015169,0.00049721,0.00068749,0.00011881,0.00013610,0.00084145,0.00034583,-0.00025876,-0.00006969,0.00055792,-0.00042869,0.00017152,0.00133278,0.00033147,0.00020749,0.00023514,0.00021127,0.00031737,0.00051092,0.00075761,0.00067095,0.00024602,0.00077258,-0.00068428,0.00036405,0.00033543,-0.00023404,-0.00035537,-0.00075025,-0.00023272,-0.00018819,0.00177403,-0.00073231,0.00029921,0.00041491,-0.00007120,-0.00171099,-0.00009107,0.00047477,0.00062941,-0.00069261,-0.00022974,-0.00137823,0.00026499,-0.00072074,0.00033758,-0.00027749,0.00068755,-0.00147079,0.00095527,0.00101589,0.00127140,0.00086494,0.00080938,-0.00022864,-0.00013730,-0.00045657,-0.00051592,-0.00016223,-0.00034202,-0.00031599,-0.00039735,0.00032486,-0.00044075,0.00048722,-0.00061071,-0.00022881,-0.00059801,0.00086328,-0.00009215,-0.00015757,0.00002976,-0.00025327,0.00024906,-0.00107349,-0.00046618,0.00083172,-0.00006698,-0.00058971,0.00025446,-0.00009065,-0.00037499,0.00029805,0.00109609,-0.00025230,-0.00037864,0.00072559,0.00035965,0.00063629,0.00058712,-0.00014640,0.00068193,0.00041899,-0.00116780,0.00018427,-0.00091203,0.00060844,0.00093313,0.00078277,0.00035682,-0.00001398,-0.00082756,0.00149098,-0.00031422,0.00004653,0.00019471,-0.00035190,0.00026098,-0.00088872,-0.00045622,-0.00073597,0.00046425,0.00017807,-0.00003685,0.00041807,-0.00011424,-0.00092158,0.00104917,-0.00156950,0.00118862,-0.00038649,0.00049802,0.00034127,-0.00004314,0.00030641,0.00101479,-0.00021302,-0.00038236,-0.00085960,-0.00075558,0.00059155,0.00045322,-0.00033392,-0.00024960,0.00008650,-0.00050805,-0.00040242,-0.00030754,0.00034012,0.00064791,0.00091518,-0.00058598,-0.00000618,0.00090137,0.00022668,-0.00107322,-0.00010231,-0.00082390,0.00081808,-0.00108920,-0.00031628,-0.00009656,0.00066266,-0.00004280,0.00058142,0.00006899,-0.00065123,-0.00009179,-0.00026967,0.00138981,-0.00081540,0.00058839,-0.00002272,0.00019911,-0.00073128,-0.00013257,0.00101728,0.00110743,-0.01226911,-0.00055144,0.00013167,-0.00008933,0.00060504,0.00023963,-0.00055401,0.00005321,0.00023888,0.00030026,0.00005052,-0.00005159,-0.00092950,-0.00019395,-0.00043790,0.00075357
-0.00059877,-0.00065064,-0.00072976,0.00071839,-0.00001641,-0.00026414,0.00020712,-0.00013762,0.00054065,-0.00011761,-0.00035169,0.00034774,0.00031284,-0.00095009,0.00088801,0.00076696,-0.00045787,0.00059234,0.00100356,0.00070969,-0.00034149,-0.00022500,-0.00058254,0.00014766,-0.00001406,-0.00059497,-0.00092401,0.00038484,-0.00050387,-0.00020202,-0.00079281,-0.00010361,-0.00056627,-0.00032485,-0.00030625,0.00059743,0.00017334,-0.00013071,0.00052320,-0.00066634,0.00019700,-0.00087441,0.00038175,0.00039318,0.00026217,-0.00002824,-0.00094895,-0.00048305,0.00017008,0.00053306,0.00113187,-0.00095421,0.00009953,-0.00041463,0.00008863,-0.00078010,-0.00013304,-0.00011444,-0.00027602,-0.00025164,-0.00040581,-0.00019268,0.00015428,-0.00009082,0.00026849,0.00033792,0.00016894,0.00006811,0.00103402,0.00013204,-0.00039247,-0.00088369,-0.00075443,-0.00006292,-0.00006608,0.00004756,-0.00031403,0.00035403,-0.00051631,-0.00080484,0.00056879,-0.00075926,-0.00020252,0.00018229,-0.00062703,-0.00114760,0.00105834,-0.00030701,0.00029584,0.00097820,0.00001672,0.00079097,-0.00003051,0.00014631,-0.00011727,0.00002145,0.00019975,0.00013040,-0.00018915,0.00078764,0.00094052,-0.00004763,0.00000542,0.00123812,0.00003155,-0.00012313,-0.00108793,-0.00084074,0.00055494,-0.00007372,-0.00083074,0.00037501,-0.00009850,-0.00026710,-0.00124069,0.00041967,0.00069680,0.00120320,-0.00007947,-0.00050892,-0.00097541,0.00019684,-0.00002740,-0.00009847,-0.00015193,-0.00027023,0.00001755,0.00051186,0.00117948,0.00008638,-0.00017213,-0.00032526,0.00071950,0.00004041,-0.00130277,-0.00046570,-0.00024130,0.00075698,-0.00014033,-0.00023693,-0.00113378,0.00036294,0.00013074,0.00047746,0.00098631,-0.00020462,0.00007320,0.00001137,-0.00041851,-0.00047041,0.00047350,-0.00023732,-0.00016277,-0.00005285,-0.00007125,0.00014363,-0.00035687,-0.00081262,-0.00024781,0.00033886,-0.00070510,-0.00038332,-0.00071404,0.00076734,0.00012113,0.00007340,-0.00024883,-0.00071942,-0.00037955,-0.00057631,0.00014236,0.00004076,0.00124905,0.00008888,-0.00025680,-0.00041823,-0.00049177,-0.01175514,-0.00015501,0.00042252,0.00016151,0.00069767,0.00059639,0.00000862,0.00056502,0.00014337,-0.00005835,-0.00043496,-0.00010750,0.00023330,-0.00035037,-0.00023095
0.00035455,0.00093567,0.00100223,-0.00106192,-0.00042951,-0.00025341,-0.00019180,-0.00035103,-0.00050517,0.00036419,0.00094268,-0.00051029,0.00033841,-0.00004745,0.00042178,-0.00106643,0.00075052,-0.00015954,-0.00030997,0.00022373,0.00076743,0.00103396,0.00106127,0.00075821,-0.00043592,0.00044053,0.00007965,0.00101720,0.00073876,0.00044162,0.00124105,-0.00014796,0.00067382,0.00011105,-0.00074205,0.00018069,-0.00062929,0.00054456,-0.00087567,0.00060464,0.00051368,0.00122650,0.00038484,-0.00040374,-0.00106959,0.00038904,0.00017025,0.00014691,-0.00016784,-0.00090707,-0.00114515,-0.00008283,-0.00134233,0.00013036,-0.00095257,0.00000727,-0.00038190,0.00158679,0.00113910,0.00155647,0.00104664,0.00122783,-0.00068701,0.00017635,-0.00060655,-0.00043425,-0.00012980,-0.00013317,-0.00039608,-0.00076231,0.00049317,0.00023170,0.00061895,-0.00162590,0.00035324,-0.00001674,0.00053488,-0.00076454,0.00006283,0.00004534,-0.00077975,0.00007997,-0.00010277,-0.00048183,0.00078548,0.00091768,-0.00093449,0.00094876,0.00001451,-0.00019441,-0.00055105,0.00128948,0.00066529,-0.00046596,0.00031050,0.00123288,0.00056267,-0.00010678,0.00063635,-0.00011377,-0.00004296,-0.00129736,0.00018862,-0.00081970,-0.00003442,0.00012919,0.00135897,-0.00016403,-0.00004966,-0.00141350,0.00069924,-0.00028245,-0.00011948,0.00087011,-0.00037429,0.00072897,-0.00105984,-0.00131502,0.00004941,0.00117771,0.00007880,0.00016276,0.00033695,-0.00056013,-0.00024993,0.00131289,-0.00076742,-0.00043806,-0.00054934,0.00042410,-0.00012483,-0.00070197,-0.00032172,0.00055630,0.00045819,0.00032835,-0.00049034,-0.00008822,0.00072207,0.00031389,-0.00014349,-0.00145317,-0.00087497,-0.00013505,0.00026668,-0.00047826,-0.00018706,0.00049727,0.00114746,0.00041560,-0.00151081,0.00021504,0.00006002,-0.00028935,0.00089361,-0.00104892,0.00058503,-0.00003849,0.00032017,-0.00099946,0.00069286,0.00063314,0.00081197,-0.00058382,-0.00044373,-0.00028646,-0.00010691,0.00032225,0.00034187,0.00038517,-0.00022148,0.00143168,-0.00064820,-0.00032213,-0.00058043,0.00095495,-0.00046829,0.00022170,-0.01270913,0.00028059,-0.00068555,-0.00063600,-0.00032756,0.00008591,0.00040852,0.00044685,0.00126910,0.00014141,0.00043970,0.00010327,0.00067583,-0.00047433
0.00017667,-0.00040299,-0.00051535,0.00004590,-0.00012386,0.00106471,-0.00089352,-0.00049038,-0.00149043,-0.00034933,-0.00054541,-0.00047557,0.00008338,0.00012518,-0.00002425,0.00042682,0.00021741,0.00015869,0.00002640,-0.00045417,-0.00024734,0.00014802,0.00004684,-0.00064327,0.00068954,-0.00091493,-0.00064253,0.00001643,0.00027396,-0.00102125,-0.00060935,0.00061995,-0.00012552,-0.00037712,-0.00044484,0.00086647,0.00061265,-0.00079187,0.00036536,-0.00071384,0.00002940,-0.00046596,-0.00071213,-0.00013040,0.00058886,0.00044981,-0.00058346,-0.00058827,0.00008749,0.00053211,0.00044556,0.00064717,0.00065686,-0.00037292,0.00079099,-0.00004556,0.00050743,-0.00088208,0.00000432,-0.00091630,-0.00102457,-0.00102029,0.00015734,-0.00014196,0.00023168,0.00019928,0.00066054,0.00102667,-0.00048592,-0.00012081,-0.00096728,-0.00042566,0.00048410,0.00079533,-0.00112480,0.00066781,-0.00039764,0.00034521,-0.00005679,-0.00063515,0.00046707,-0.00033581,0.00063610,0.00045827,-0.00110407,-0.00040865,0.00004611,0.00013338,0.00020240,0.00024285,0.00035550,-0.00097070,-0.00009058,0.00091945,-0.00029677,-0.00025040,-0.00087291,-0.00038474,-0.00017469,0.00050800,0.00038768,0.00054095,0.00010546,0.00083902,-0.00021716,-0.00018316,-0.00039888,-0.00059505,0.00010693,0.00042258,-0.00043273,0.00028415,-0.00052757,-0.00048525,0.00088861,-0.00075627,0.00000700,-0.00008364,0.00136156,-0.00024845,0.00026036,-0.00041594,-0.00075695,0.00030129,0.00045832,-0.00016896,0.00105157,-0.00023373,-0.00045437,-0.00015721,0.00080611,0.00105137,-0.00015694,-0.00093916,-0.00003096,0.00050738,-0.00065226,0.00087743,-0.00120861,0.00004207,0.00014340,-0.00009765,-0.00015109,-0.00040621,0.00008809,0.00058071,0.00013152,0.00088125,-0.00050304,-0.00001662,-0.00034661,-0.00008234,-0.00046323,0.00072459,-0.00022643,0.00069595,-0.00019619,-0.00009393,0.00000366,0.00009016,-0.00087838,0.00015486,-0.00046291,0.00037498,0.00053789,0.00089215,0.00023836,-0.00165124,0.00033205,-0.00034332,0.00015510,-0.00060620,0.00055726,0.00001648,-0.00004854,-0.00082645,-0.00022827,-0.00017835,0.00028397,-0.01277769,0.00027448,0.00009510,-0.00014569,0.00053165,-0.00059123,-0.00029871,-0.00080495,0.00048413,-0.00034398,0.00043629,-0.00109900,0.00068514
0.00002332,-0.00039949,0.00047476,-0.00039512,0.00040501,-0.00029082,0.00031806,0.00058408,-0.00008555,-0.00016160,0.00027701,0.00003466,-0.00057839,0.00036223,0.00001910,-0.00105915,0.00090212,0.00026902,0.00003952,0.00007768,0.00036128,0.00083940,0.00108667,0.00001646,0.00007121,0.00039594,0.00049906,0.00008552,0.00073085,-0.00015053,0.00080960,0.00043528,-0.00004891,-0.00033566,-0.00022018,-0.00032331,-0.00035186,-0.00026150,-0.00089774,0.00087593,0.00062053,0.00028038,0.00030552,-0.00027816,-0.00109915,0.00004225,0.00040002,0.00058605,-0.00037213,-0.00151300,-0.00063230,0.00001380,-0.00011465,0.00018402,0.00013814,0.00090321,-0.00004824,0.00089275,0.00055842,0.00129626,0.00041089,0.00073633,0.00003945,-0.00158834,-0.00078481,-0.00082533,-0.00074872,-0.00033667,0.00042322,-0.00054383,0.00014871,0.00071092,0.00011911,-0.00024792,0.00003785,0.00039944,0.00015998,-0.00133537,-0.00005768,-0.00025735,-0.00044237,0.00019508,-0.00091735,-0.00069243,0.00078551,0.00012035,-0.00012740,0.00072063,0.00043623,-0.00027175,0.00074074,0.00035966,0.00041000,-0.00030814,0.00057726,0.00032591,0.00036246,0.00057725,0.00039538,-0.00032130,-0.00123811,-0.00039775,0.00006219,-0.00003919,0.00037537,-0.00061624,0.00024236,0.00032126,-0.00025009,-0.00027690,0.00065392,-0.00006274,-0.00015717,0.00011692,0.00005215,0.00070153,-0.00148130,-0.00069012,0.00031909,-0.00029524,-0.00021708,0.00023887,0.00070773,-0.00039576,-0.00035930,0.00058090,-0.00040045,0.00011108,0.00028508,-0.00016371,-0.00038319,-0.00033157,-0.00008408,0.00028643,0.00035689,0.00012560,0.00003888,-0.00042402,0.00020038,0.00041844,0.00003074,0.00017867,0.00023560,-0.00059460,-0.00007152,-0.00105093,-0.00010451,0.00108876,0.00076202,0.00002140,0.00001585,-0.00034639,-0.00029556,0.00008201,0.00035800,0.00004436,0.00066664,0.00008574,-0.00039819,-0.00002555,0.00070478,0.00070561,0.00099383,0.00003958,-0.00043522,-0.00001684,0.00057299,0.00053964,0.00034572,0.00091847,0.00062730,-0.00015669,-0.00010134,-0.00081913,0.00024311,0.00174020,-0.00076025,0.00063336,-0.00043293,0.00082562,-0.01184827,0.00014019,0.00026126,0.00019921,-0.00043636,-0.00045305,0.00011889,0.00009717,-0.00072990,0.00102115,-0.00008268,-0.00066013
-0.00024395,-0.00118326,-0.00069581,0.00176904,0.00084773,0.00146013,-0.00059533,-0.00024410,-0.00087859,-0.00160888,-0.00054688,0.00011049,0.00009507,-0.00109172,-0.00071193,0.00051002,-0.00033956,0.00036287,0.00075777,-0.00019785,-0.00114309,-0.00077960,-0.00078814,-0.00090466,0.00025222,-0.00061079,-0.00062792,-0.00097371,-0.00055746,0.00000077,0.00094174,0.00106714,0.00012907,-0.00074830,-0.00078370,0.00082737,-0.00036654,-0.00023367,-0.00016911,-0.00031432,0.00022324,-0.00093820,-0.00083870,0.00136718,0.00079054,-0.00112247,-0.00083536,-0.00095587,0.00022855,0.00051720,0.00128314,-0.00001782,0.00074642,-0.00027315,0.00056274,-0.00055059,0.00015436,-0.00070902,-0.00061931,-0.00084235,-0.00084155,-0.00065466,0.00078318,0.00062908,0.00148544,0.00081309,0.00049937,0.00044243,-0.00097735,0.00127217,-0.00053964,-0.00022835,-0.00079205,0.00091399,-0.00079220,0.00089899,-0.00144100,0.00090988,-0.00002446,-0.00036465,0.00039337,0.00043745,0.00070441,0.00019261,-0.00114888,-0.00021345,0.00020389,-0.00009969,0.00031780,0.00022126,0.00021905,-0.00123086,-0.00040117,0.00008972,-0.00063054,0.00029677,-0.00060840,-0.00080089,-0.00057706,-0.00024376,0.00051014,0.00035908,0.00003748,0.00132958,0.00039494,-0.00126748,-0.00147503,-0.00036147,0.00121312,0.00039348,-0.00073772,-0.00083293,-0.00011430,-0.00116591,0.00147511,-0.00173293,0.00062264,0.00058060,0.00087065,-0.00059207,-0.00022553,-0.00119099,-0.00064278,0.00074059,0.00102842,-0.00115236,0.00105397,-0.00072519,0.00015380,-0.00084730,-0.00004619,0.00062341,0.00040133,-0.00077482,-0.00060496,-0.00063125,0.00071482,0.00046997,-0.00129325,0.00011866,0.00030024,0.00059312,-0.00013899,0.00132389,0.00061851,0.00053906,0.00048627,-0.00088351,-0.00127271,0.00000747,0.00104330,-0.00056902,-0.00076118,0.00064844,-0.00033191,0.00112677,-0.00056499,0.00076902,0.00039579,0.00025273,-0.00144414,0.00012822,-0.00025099,-0.00018824,-0.00051335,0.00015550,0.00063637,-0.00156702,0.00057701,-0.00164365,0.00039392,-0.00051866,0.00038612,0.00064682,0.00046513,-0.00134299,0.00084348,0.00024477,0.00030488,-0.00018909,0.00023237,-0.01204775,0.00068790,-0.00097972,0.00040603,0.00004517,-0.00021928,0.00038218,0.00063551,-0.00062782,-0.00035953,0.00087725
0.00031850,0.00030196,0.00039617,-0.00021153,-0.00052508,-0.00108895,-0.00090216,0.00012582,-0.00012133,0.00059588,0.00035197,0.00028940,0.00077016,0.00008412,0.00055293,-0.00067189,0.00109755,-0.00051253,0.00009822,0.00029821,0.00140427,0.00014262,0.00071721,0.00063649,-0.00105811,0.00043220,0.00096465,0.00026845,0.00060562,0.00074331,0.00108183,-0.00061109,-0.00018423,0.00042413,-0.00020545,-0.00080579,-0.00051964,0.00002336,-0.00047010,0.00003694,0.00042147,0.00033565,0.00041761,-0.00016145,-0.00102502,0.00046082,0.00108971,0.00097840,0.00010219,-0.00098351,-0.00072722,0.00103051,-0.00070037,0.00078555,-0.00115129,0.00065471,-0.00060665,-0.00001660,0.00037126,0.00126909,0.00045242,0.00128071,-0.00090356,-0.00043060,-0.00087786,-0.00036787,-0.00127699,0.00004804,-0.00035304,-0.00024866,0.00002474,0.00040119,0.00052441,-0.00019276,0.00059768,-0.00129510,0.00078612,-0.00083922,-0.00076426,-0.00004766,-0.00123428,-0.00011267,-0.00108036,0.00004859,0.00077109,0.00001225,-0.00023804,0.00026708,-0.00071074,-0.00004583,0.00000831,0.00108443,0.00018114,-0.00020539,0.00034723,0.00076958,0.00000423,0.00025614,-0.00003351,0.00028347,-0.00102484,-0.00001848,-0.00053244,-0.00101860,0.00047525,0.00065940,0.00084176,-0.00005646,-0.00011027,-0.00074660,0.00009473,-0.00122803,0.00052335,0.00002997,-0.00111961,0.00066881,-0.00040980,-0.00037351,0.00033499,0.00053997,0.00009048,0.00096560,0.00063483,0.00036571,-0.00083668,0.00117189,-0.00087272,0.00031172,-0.00037227,0.00047289,-0.00016364,0.00056149,0.00001558,-0.00058773,0.00124955,0.00020279,-0.00033587,-0.00181966,0.00045581,0.00088573,0.00015771,-0.00071975,0.00047442,-0.00043976,-0.00024818,-0.00030507,0.00012878,0.00070738,0.00100200,0.00014848,-0.00089914,0.00048897,0.00088837,-0.00103406,-0.00016598,-0.00030206,0.00092193,0.00001843,0.00030401,-0.00020498,0.00113953,0.00048900,0.00070664,0.00063136,0.00038151,-0.00031462,-0.00039263,0.00012622,-0.00067603,0.00006516,0.00090266,0.00045201,-0.00164128,-0.00031795,-0.00037292,0.00082330,-0.00068664,0.00048179,0.00008581,-0.00005014,0.00042629,0.00015307,-0.01254786,0.00039436,-0.00040786,0.00015920,0.00087015,-0.00007562,0.00020062,0.00029125,0.00017433,-0.00047111
0.00057299,-0.00016060,0.00008913,0.00029368,0.00005668,-0.00035112,0.00078040,-0.00041554,-0.00000820,-0.00008361,-0.00137952,-0.00077242,-0.00069739,-0.00072905,-0.00115395,0.00127418,-0.00064153,0.00044760,0.00100676,-0.00057743,-0.00038999,-0.00062723,-0.00042356,-0.00074070,0.00031214,-0.00043432,-0.00063604,-0.00045304,0.00019712,-0.00039214,-0.00097682,0.00069953,-0.00032650,-0.00052969,-0.00026996,0.00132629,0.00023377,-0.00042294,0.00027277,-0.00028866,-0.00051187,-0.00077889,-0.00067730,-0.00031867,0.00057474,-0.00007092,-0.00020249,-0.00069020,0.00009090,0.00042466,0.00081555,-0.00044751,0.00035082,-0.00041852,-0.00005723,-0.00013689,0.00000617,-0.00015716,-0.00063419,-0.00067680,-0.00010301,-0.00070678,0.00094867,-0.00017946,0.00026555,0.00099933,0.00080614,0.00157091,0.00017348,0.00064149,-0.00052300,0.00008614,-0.00077884,0.00042124,0.00037641,0.00046611,-0.00042621,0.00080319,-0.00014752,-0.00053280,0.00055756,-0.00036801,0.00001063,0.00138094,-0.00132223,-0.00074683,0.00061317,-0.00022309,-0.00003263,0.00066577,0.00067876,-0.00103736,-0.00074859,0.00012980,-0.00014462,-0.00088669,-0.00061246,-0.00010589,-0.00051488,-0.00028923,0.00013617,0.00010699,-0.00037886,0.00058502,0.00038446,-0.00036594,-0.00083700,-0.00084189,0.00006375,0.00108772,-0.00135396,0.00040122,0.00024411,-0.00121404,0.00077809,-0.00117599,0.00085340,0.00037468,0.00045286,-0.00078604,-0.00073538,-0.00043811,0.00019412,0.00007090,0.00055755,-0.00056178,0.00106719,0.00007610,0.00038864,-0.00002308,0.00111820,0.00011004,0.00110217,-0.00048581,-0.00034338,0.00010080,0.00048297,0.00086997,-0.00107194,-0.00013489,0.00040815,-0.00003831,-0.00055211,0.00033918,-0.00011306,0.00012446,0.00044419,-0.00006111,-0.00039206,-0.00005363,0.00139334,-0.00052669,-0.00030874,0.00092785,-0.00088244,-0.00007467,-0.00073444,0.00012811,-0.00046354,-0.00026108,0.00017261,-0.00018355,-0.00056541,0.00021222,0.00015590,-0.00005554,-0.00042022,-0.00011810,0.00085315,-0.00096258,-0.00075901,-0.00048827,0.00035223,0.00047853,0.00012794,-0.00139790,0.00104419,-0.00048993,0.00097897,-0.00012055,-0.00086952,-0.00046192,0.00035741,-0.01221874,-0.00006864,-0.00005729,0.00021167,-0.00076708,0.00071093,-0.00031360,-0.00071156,0.00069716
-0.00032423,0.00042049,-0.00026623,-0.00043361,-0.00033185,0.00088595,0.00002217,0.00029978,0.00021662,-0.00005392,-0.00084630,0.00030532,0.00075861,-0.00037705,0.00042628,0.00025183,-0.00024629,-0.00089654,0.00015440,-0.00003802,-0.00013784,0.00005933,0.00005936,-0.00021067,0.00025771,-0.00063162,0.00124947,0.00046724,-0.00027740,-0.00055649,0.00005476,-0.00058701,-0.00005114,-0.00047202,-0.00032816,-0.00106725,-0.00031698,-0.00004816,0.00141743,-0.00091483,0.00044584,-0.00069357,0.00020134,0.00057078,0.00007465,0.00015736,0.00001751,0.00040690,0.00031329,0.00014608,-0.00012937,0.00054220,0.00014577,0.00103373,0.00040590,0.00015302,-0.00034257,0.00018607,-0.00037408,-0.00029731,0.00008855,-0.00018210,-0.00032113,-0.00005135,0.00072116,-0.00059550,-0.00030628,0.00007076,0.00060493,0.00059703,0.00035585,-0.00005485,-0.00004550,0.00012352,-0.00005686,-0.00058370,0.00039552,0.00019511,-0.00036508,0.00060894,-0.00002808,-0.00004678,-0.00017148,-0.00008552,0.00039925,0.00057061,-0.00016541,-0.00008683,-0.00022797,0.00040564,0.00065334,-0.00022784,-0.00031940,0.00024365,-0.00031584,0.00061795,-0.00059325,-0.00073257,0.00016430,-0.00016200,-0.00034074,-0.00005918,0.00028350,0.00078683,-0.00017319,-0.00073576,-0.00019939,-0.00008131,0.00021066,0.00031896,0.00008975,0.00032797,0.00011331,0.00004052,-0.00029099,0.00029052,-0.00065705,-0.00050798,0.00008476,0.00009482,-0.00050671,-0.00003511,-0.00129735,0.00062041,-0.00002116,0.00026947,0.00017419,0.00033714,0.00050031,0.00051100,-0.00005500,-0.00045999,0.00041256,-0.00061250,-0.00005814,0.00079341,-0.00009570,-0.00019267,0.00050300,-0.00008978,-0.00007664,-0.00014551,-0.00043438,0.00069350,0.00104668,0.00004212,0.00083988,-0.00013555,0.00012677,-0.00041779,-0.00029728,0.00017533,-0.00006083,0.00005457,-0.00015794,0.00007398,-0.00001663,-0.00052582,0.00092840,-0.00012728,-0.00086703,0.00017571,0.00013496,0.00002279,0.00067212,0.00007079,0.00046760,-0.00034664,0.00059623,0.00000931,0.00077975,-0.00115921,0.00046089,0.00003700,-0.00057063,-0.00018770,0.00046741,0.00017315,0.00082053,-0.00115345,0.00014844,0.00028322,-0.00028631,-0.00041068,-0.01223088,0.00030930,-0.00029436,-0.00044644,-0.00026105,-0.00012388,-0.00025663,0.00105170
0.00023162,-0.00032524,0.00011271,-0.00032171,-0.00001512,-0.00138519,-0.00006840,0.00040246,0.00069345,0.00055515,0.00018980,0.00015371,-0.00001879,0.00092646,0.00043123,-0.00010382,0.00113687,-0.00016268,-0.00053672,0.00009614,0.00031467,0.00059259,0.00152133,-0.00000046,0.00042479,0.00009627,0.00024938,-0.00009140,0.00044799,0.00045452,0.00076997,-0.00080392,-0.00048067,0.00017840,0.00006440,-0.00006607,-0.00090259,-0.00047419,-0.00061541,0.00079450,0.00009218,0.00075561,0.00059532,-0.00036503,0.00004038,0.00070074,-0.00008686,0.00063647,-0.00055534,-0.00044186,-0.00007381,0.00047193,-0.00104340,0.00042433,-0.00085947,0.00020834,-0.00098672,0.00164458,0.00015037,0.00074802,0.00067429,0.00018758,-0.00079308,0.00076093,0.00002299,-0.00006724,-0.00035719,-0.00027317,-0.00058363,-0.00010486,0.00023173,0.00056316,0.00029833,-0.00003341,-0.00004631,-0.00035724,0.00022569,-0.00098713,0.00000261,0.00005869,-0.00047753,-0.00015368,-0.00069674,-0.00050585,0.00057096,0.00017415,-0.00017128,-0.00014620,-0.00026215,-0.00064235,0.00006330,0.00104299,0.00152496,-0.00070469,0.00088327,-0.00002610,0.00028263,0.00039045,-0.00021886,0.00003921,0.00031603,0.00005469,-0.00109848,-0.00100903,-0.00007227,0.00005247,0.00064395,-0.00090049,-0.00094340,-0.00029485,0.00037184,0.00096462,0.00052500,0.00000500,-0.00033322,0.00014788,-0.00056556,-0.00087620,-0.00054060,-0.00000937,-0.00015127,0.00033679,0.00038269,0.00011931,-0.00080352,0.00086001,-0.00071623,-0.00017564,-0.00052874,0.00013422,-0.00041151,-0.00031694,-0.00089979,0.00048939,0.00059968,0.00106672,-0.00048815,-0.00038049,0.00025109,0.00069756,0.00002585,0.00001590,0.00010156,-0.00022355,-0.00019575,-0.00031940,0.00039032,0.00068447,0.00047878,0.00039805,-0.00052944,-0.00024887,0.00033428,-0.00098182,0.00000089,-0.00098252,-0.00010875,0.00000269,0.00010305,-0.00028677,0.00026615,-0.00027865,0.00076972,-0.00002435,0.00042666,0.00017822,0.00084645,0.00065382,-0.00010037,0.00079862,0.00033889,0.00026330,-0.00003591,-0.00041276,-0.00001868,0.00045661,-0.00013431,0.00025851,-0.00033469,-0.00073945,-0.00010302,-0.00005532,0.00054946,-0.00002226,0.00024160,-0.01195811,-0.00019176,0.00030197,-0.00036491,-0.00015114,-0.00001070,-0.00070778
0.00061634,0.00064909,-0.00028143,0.00032493,0.00008651,-0.00014228,-0.00018383,0.00006258,-0.00009588,-0.00071397,0.00066583,-0.00007028,-0.00025827,0.00011183,0.00019263,-0.00006557,-0.00053140,0.00048617,0.00037744,-0.00039599,-0.00037413,0.00063214,-0.00026533,-0.00046618,0.00042586,-0.00027292,0.00085383,-0.00011799,-0.00059939,-0.00047629,-0.00118006,0.00069510,0.00046499,-0.00014511,-0.00001871,-0.00020164,-0.00093641,0.00026592,-0.00044344,-0.00030975,0.00046360,-0.00053390,-0.00029850,0.00082044,0.00024566,-0.00031587,-0.00043947,0.00016945,0.00024437,-0.00010675,-0.00013362,-0.00037983,0.00000181,0.00013926,0.00008721,0.00040479,-0.00009773,-0.00109593,0.00030480,-0.00113548,-0.00057252,-0.00053942,-0.00008963,0.00009360,0.00013297,0.00029630,0.00131033,0.00059580,0.00070597,-0.00002729,0.00034877,-0.00076645,-0.00007544,-0.00011382,-0.00030704,-0.00005245,-0.00034593,0.00005115,0.00041815,-0.00110343,0.00056742,0.00062501,-0.00038017,0.00074644,0.00012056,-0.00043620,-0.00061466,0.00013248,0.00042671,-0.00072780,-0.00009277,0.00024349,0.00001867,-0.00020609,0.00034115,-0.00021257,-0.00013456,-0.00009341,-0.00012056,0.00072376,-0.00033589,0.00013186,0.00006635,0.00050121,0.00074006,-0.00031716,-0.00082588,-0.00047996,-0.00022155,0.00022283,-0.00031251,0.00087287,-0.00059990,0.00018288,-0.00003251,-0.00057125,-0.00000673,0.00020885,-0.00044627,0.00019564,0.00042073,-0.00010667,0.00034540,-0.00057876,0.00013343,-0.00054144,0.00051517,-0.00031391,-0.00028990,0.00007591,0.00014748,-0.00057188,0.00013877,0.00072605,0.00005866,0.00015994,-0.00059686,-0.00011326,0.00052173,-0.00070823,0.00083472,-0.00024496,0.00082363,-0.00075845,-0.00009360,0.00004833,0.00015403,-0.00021385,-0.00039955,-0.00022808,-0.00015435,-0.00024477,-0.00046525,-0.00026578,0.00008670,-0.00022996,-0.00007146,-0.00003533,-0.00039476,0.00005152,-0.00030420,0.00010476,-0.00004770,0.00023509,0.00023144,0.00044780,-0.00005456,-0.00060955,0.00011094,0.00019220,-0.00049480,-0.00010583,0.00022787,0.00054829,0.00065805,-0.00005300,-0.00019686,0.00005675,0.00061743,-0.00052696,0.00005060,0.00059811,0.00095297,0.00009923,-0.00034396,-0.00060121,-0.01197616,0.00022808,0.00058462,-0.00066829,-0.00045421,-0.00016694
0.00046911,0.00080470,0.00008167,-0.00104658,-0.00055893,-0.00023332,-0.00016120,-0.00047694,-0.00000966,-0.00057557,0.00054201,-0.00009229,-0.00048714,0.00005534,0.00072537,0.00040725,0.00081133,0.00069784,-0.00055181,0.00025958,0.00048859,0.00023853,0.00071071,0.00074211,-0.00068448,0.00074022,0.00070919,0.00084490,0.00123364,0.00052959,-0.00036057,-0.00037003,0.00000236,0.00013741,-0.00001155,-0.00048728,0.00057263,0.00116415,-0.00090166,0.00087908,0.00107573,-0.00020074,0.00024410,0.00013540,0.00036498,0.00048151,-0.00017295,0.00011856,-0.00077746,-0.00088595,-0.00099869,0.00003170,-0.00038802,0.00032542,-0.00022787,0.00045010,-0.00097287,0.00035551,-0.00011862,0.00001696,0.00107006,0.00002590,0.00007348,0.00018653,-0.00006274,-0.00006209,-0.00042404,-0.00077092,0.00029555,-0.00160059,-0.00016513,0.00098264,0.00038507,-0.00002496,-0.00022132,-0.00066449,0.00046953,-0.00047878,-0.00055526,-0.00013645,0.00012615,0.00023606,-0.00053419,-0.00035731,0.00046650,0.00058204,-0.00080995,-0.00002521,-0.00057306,-0.00024157,0.00088848,0.00024533,-0.00076709,-0.00025267,0.00114718,0.00067751,-0.00006665,-0.00007884,0.00034119,-0.00020127,-0.00054822,-0.00078735,-0.00003429,-0.00166124,-0.00011154,0.00058791,0.00080611,0.00090719,-0.00019311,-0.00037953,-0.00023174,-0.00028025,0.00023939,0.00060236,-0.00027612,0.00019502,-0.00058064,0.00031775,-0.00065300,0.00027705,-0.00073828,0.00058992,0.00134748,-0.00057120,-0.00011996,0.00042054,-0.00010842,0.00099964,0.00025625,-0.00013939,0.00025890,0.00003272,0.00050464,0.00054351,0.00046077,0.00064744,-0.00086215,-0.00040735,0.00018772,-0.00021069,-0.00024616,-0.00040706,0.00023101,-0.00071377,0.00018186,-0.00116982,0.00062859,0.00115221,0.00038665,-0.00002853,-0.00078822,-0.00085756,0.00121738,-0.00032132,-0.00016514,-0.00051296,-0.00022756,-0.00046918,-0.00009701,-0.00035283,0.00061492,0.00106022,0.00113823,0.00002408,0.00019159,-0.00004233,0.00029448,0.00037715,-0.00010002,0.00070983,0.00059015,0.00019272,-0.00084481,0.00000854,-0.00032415,0.00058171,0.00025980,-0.00021562,-0.00027067,0.00038379,0.00072870,0.00017084,-0.00072897,-0.00057292,-0.00007082,0.00012213,0.00058631,-0.01246329,0.00004240,-0.00027406,0.00059270,-0.00039325
0.00023887,0.00003045,0.00000673,-0.00128411,-0.00080690,-0.00097767,0.00010946,-0.00003378,0.00042251,0.00006566,0.00079801,-0.00022208,-0.00118159,0.00024468,0.00090854,-0.00040819,0.00142880,0.00026780,-0.00048002,0.00026969,0.00079009,0.00073048,0.00087164,0.00002629,-0.00062074,0.00100170,-0.00049331,0.00046915,0.00149701,0.00064629,0.00054607,-0.00034117,0.00008680,0.00034060,0.00080072,-0.00027074,-0.00020592,-0.00028777,-0.00049960,0.00099982,0.00046223,0.00072302,0.00068467,-0.00042810,-0.00125006,0.00043920,0.00046669,0.00132433,-0.00059374,-0.00073459,-0.00066709,0.00023385,0.00039673,0.00085692,0.00020736,0.00070566,-0.00052719,0.00145014,0.00028522,0.00055812,0.00077305,0.00098575,-0.00019194,-0.00120916,-0.00098825,-0.00102524,-0.00059221,0.00058597,-0.00035052,-0.00092193,0.00078297,0.00053722,0.00009112,-0.00047344,-0.00010522,-0.00054894,0.00059592,-0.00008466,0.00024572,0.00087027,-0.00103423,0.00071957,-0.00028745,-0.00087759,0.00108882,0.00013127,-0.00041103,-0.00068259,0.00000618,0.00006101,-0.00011491,0.00079128,0.00023783,-0.00094827,0.00040823,0.00094556,0.00017588,0.00042726,-0.00007598,-0.00041588,-0.00041294,-0.00045080,-0.00014260,-0.00092726,0.00031933,0.00026010,0.00119460,0.00081396,-0.00020909,-0.00105465,0.00097968,-0.00054862,-0.00015533,0.00117978,-0.00074178,0.00070444,-0.00070096,-0.00036218,-0.00049905,0.00122266,0.00041504,0.00060855,-0.00053273,-0.00066876,-0.00041483,0.00090882,0.00026622,0.00004179,-0.00008610,0.00028496,-0.00070066,-0.00058310,-0.00049079,0.00064993,0.00048081,0.00099206,-0.00077070,0.00023855,0.00043965,-0.00000709,-0.00013211,-0.00044309,-0.00025511,-0.00062897,-0.00059043,-0.00020024,-0.00004615,0.00077704,0.00033792,0.00060829,-0.00005469,-0.00077527,0.00035919,-0.00067424,0.00055648,-0.00072293,-0.00021753,0.00035641,0.00008623,0.00053248,0.00027987,0.00031438,0.00098220,0.00039337,-0.00087311,0.00003989,0.00037212,0.00072709,-0.00059811,0.00016857,0.00065898,0.00024420,-0.00047979,-0.00102214,-0.00070392,0.00088346,-0.00034674,-0.00019092,0.00022293,-0.00018967,-0.00095514,0.00018342,-0.00000979,0.00012889,-0.00035388,0.00005402,0.00026131,-0.00050996,-0.01225024,0.00043857,-0.00018486,-0.00086965
0.00024151,-0.00046262,-0.00116182,0.00034247,-0.00008851,0.00044925,-0.00020544,0.00035270,-0.00014825,-0.00031572,-0.00033189,-0.00026095,-0.00005805,-0.00070838,-0.00101603,0.00064785,-0.00005426,0.00012729,0.00042923,0.00039991,-0.00047053,-0.00082665,-0.00034473,-0.00096979,0.00010017,-0.00010909,-0.00051386,-0.00053674,0.00019363,-0.00045575,-0.00033025,0.00018474,-0.00016259,0.00009162,-0.00040647,-0.00004706,0.00119227,-0.00050091,0.00041106,-0.00037924,-0.00001930,-0.00151215,0.00008010,0.00018024,0.00188577,0.00023982,-0.00019636,-0.00090375,0.00004503,0.00049198,0.00067375,-0.00006345,0.00039042,-0.00075581,0.00103868,-0.00077218,0.00061135,-0.00047985,-0.00039470,-0.00112439,-0.00165566,-0.00123975,0.00141086,0.00042024,-0.00006346,0.00003997,0.00108071,0.00086510,0.00011141,-0.00008643,-0.00064552,-0.00030123,-0.00047698,0.00121383,-0.00062457,0.00010712,-0.00163095,0.00124332,0.00018988,-0.00032380,0.00058046,-0.00081679,0.00066281,0.00124982,-0.00054780,0.00000029,0.00063916,-0.00076988,0.00091507,-0.00007271,-0.00007994,-0.00092508,-0.00085082,0.00071770,-0.00011591,-0.00086858,-0.00065863,-0.00067037,0.00009847,-0.00002131,0.00073016,0.00146069,-0.00038744,0.00076092,-0.00033067,-0.00038861,-0.00111211,-0.00002542,0.00032067,0.00099963,-0.00102400,0.00081981,-0.00066194,-0.00083573,0.00055653,-0.00111057,0.00087418,0.00005204,0.00062978,-0.00097765,-0.00093607,-0.00030439,-0.00130312,0.00090667,0.00012120,-0.00075872,0.00141176,0.00020185,0.00002092,-0.00091227,-0.00026192,0.00122991,0.00050505,-0.00075864,-0.00068615,-0.00019666,0.00051965,0.00090904,-0.00098543,-0.00064303,-0.00027062,0.00027917,0.00014543,-0.00018690,0.00048551,0.00083339,0.00040156,-0.00101942,-0.00025376,-0.00035107,0.00065038,-0.00016024,-0.00017496,0.00054184,-0.00079608,0.00116899,0.00019450,-0.00029488,0.00053472,-0.00035495,-0.00027963,-0.00128149,0.00013500,0.00038311,0.00038087,0.00125440,-0.00090990,-0.00039156,0.00055496,0.00026267,-0.00076829,-0.00081492,0.00176490,0.00196798,0.00030000,-0.00143373,0.00078476,-0.00034717,0.00032393,0.00097196,0.00042357,-0.00020049,0.00045545,-0.00034539,0.00035308,0.00028726,-0.00092012,0.00004097,0.00106739,-0.01221746,0.00001469,0.00083837
-0.00010597,0.00003584,-0.00089179,0.00027231,0.00025444,0.00030472,0.00047421,-0.00010826,-0.00004279,-0.00018019,0.00023163,-0.00011765,0.00085224,-0.00008953,0.00026988,0.00079377,-0.00071740,0.00009180,0.00111955,-0.00074318,-0.00082752,-0.00008310,-0.00013274,-0.00022843,0.00061574,-0.00028620,0.00027962,-0.00064468,-0.00093468,-0.00059374,-0.00096144,0.00012957,-0.00059090,-0.00167055,-0.00106390,0.00031230,0.00019533,-0.00005907,0.00018711,-0.00192759,-0.00041083,-0.00084787,0.00007067,-0.00041672,0.00134308,-0.00000936,-0.00066171,-0.00097086,0.00077911,0.00127932,0.00143689,-0.00010060,0.00158020,-0.00060931,0.00032300,-0.00010776,0.00022641,-0.00043615,0.00000795,-0.00066349,-0.00088437,-0.00076538,0.00089537,0.00075138,0.00056746,0.00069466,0.00032601,-0.00015360,-0.00021724,0.00069336,-0.00149098,0.00053110,-0.00003509,0.00059215,-0.00052747,0.00028460,-0.00053765,0.00091766,-0.00035126,0.00032427,0.00118677,-0.00017753,0.00062299,0.00019187,-0.00135728,-0.00059115,0.00002749,-0.00048624,0.00138723,-0.00003021,-0.00023926,0.00019505,-0.00092857,0.00025381,-0.00089514,-0.00061885,-0.00022370,0.00005672,-0.00120352,-0.00003878,0.00156134,0.00019586,-0.00008577,0.00104133,0.00012363,-0.00046108,-0.00142721,-0.00053180,0.00006991,0.00072079,-0.00049066,-0.00003461,-0.00002317,-0.00015215,0.00062906,-0.00091159,0.00044502,0.00071681,0.00064060,-0.00043384,0.00027122,-0.00136803,-0.00048007,0.00081519,0.00117522,-0.00039284,0.00153519,0.00018233,-0.00071483,-0.00079307,-0.00018783,0.00033244,0.00063683,-0.00014936,-0.00025849,-0.00050939,0.00027329,0.00107461,-0.00061547,-0.00051578,0.00079118,0.00072522,0.00020669,0.00030404,-0.00001048,-0.00018513,-0.00054785,-0.00032288,-0.00039893,-0.00003074,0.00060534,0.00003716,-0.00047030,-0.00003067,0.00038492,0.00139878,0.00028540,0.00019726,-0.00034975,-0.00015046,-0.00022441,-0.00040908,-0.00003177,-0.00023590,-0.00005325,0.00003487,0.00015404,-0.00117580,0.00053637,0.00035105,0.00014434,-0.00075561,0.00119031,0.00110403,-0.00034863,-0.00138928,0.00039050,-0.00088161,0.00066965,-0.00074727,-0.00081386,-0.00000214,0.00049699,-0.00015033,0.00007746,-0.00082848,-0.00024855,0.00023929,0.00013919,0.00023513,-0.01229957,0.00012762
-0.00043010,0.00040713,0.00081453,-0.00050613,-0.00052217,-0.00039985,-0.00019038,0.00025645,0.00068488,0.00066034,0.00054645,0.00046208,-0.00041300,0.00007248,0.00033179,-0.00147701,0.00065100,-0.00044194,0.00005195,0.00133834,0.00016629,0.00014482,0.00062974,0.00079755,-0.00006948,0.00050508,0.00046654,0.00092544,0.00061970,0.00088949,0.00060695,0.00016387,0.00061362,0.00120651,0.00051963,-0.00051668,-0.00092620,0.00047324,-0.00053814,0.00113049,0.00017407,0.00104425,0.00023943,0.00043136,-0.00182126,0.00015885,0.00038930,0.00115520,-0.00005856,-0.00008520,-0.00084036,0.00043571,-0.00104661,0.00016852,-0.00087823,0.00006689,-0.00030553,0.00090445,0.00037760,0.00154562,0.00107513,0.00037195,-0.00078639,-0.00100097,-0.00124913,-0.00016832,-0.00042161,-0.00029895,0.00002075,-0.00084469,0.00078549,-0.00048336,0.00037262,-0.00112492,0.00000349,-0.00090459,0.00003594,-0.00115358,0.00011569,0.00033734,-0.00084922,0.00091880,-0.00028005,-0.00039653,0.00029271,0.00163931,-0.00020037,0.00073334,-0.00052151,-0.00024961,-0.00047309,0.00045529,0.00099073,-0.00077627,0.00059297,0.00087929,0.00145071,0.00068577,0.00031254,-0.00081497,-0.00114080,0.00024399,-0.00028318,-0.00038225,-0.00022198,0.00091495,0.00032526,0.00011816,-0.00058799,-0.00155661,0.00086221,-0.00018029,0.00028622,0.00065400,-0.00013856,0.00063604,-0.00122301,-0.00068058,-0.00017681,0.00114049,-0.00036154,0.00046986,0.00081984,-0.00031098,0.00001744,0.00103661,-0.00134314,0.00057898,-0.00052735,0.00121934,0.00008726,-0.00131174,-0.00018071,0.00070750,0.00036477,0.00080389,-0.00074579,-0.00054313,0.00124362,0.00051845,-0.00063629,-0.00111366,-0.00000707,0.00065683,0.00012803,-0.00061791,-0.00022777,0.00056080,-0.00002266,-0.00085027,-0.00079180,0.00126911,0.00098872,-0.00069516,-0.00005374,-0.00123518,0.00005643,-0.00018813,0.00007101,0.00003676,0.00011409,0.00062898,-0.00036945,-0.00025387,-0.00057823,-0.00088779,-0.00007553,0.00103660,0.00006466,-0.00014840,0.00059614,0.00085520,-0.00061744,-0.00157961,-0.00102983,0.00143792,0.00030798,0.00014783,-0.00039040,0.00052053,-0.00016687,-0.00018086,-0.00014053,0.00095821,0.00089532,-0.00008639,-0.00004753,0.00026364,-0.00032741,-0.00013880,-0.00012011,-0.01193661
