-0.01342159,0.00002804,-0.00078531,0.00099467,0.00004468,0.00001631,0.00012922,-0.00041909,-0.00080451,-0.00019688,-0.00131661,0.00010788,-0.00004894,-0.00033894,-0.00035653,0.00047896,-0.00044158,-0.00114402,0.00037938,0.00010779,-0.00008313,-0.00102011,-0.00023695,-0.00083017,0.00131692,-0.00035293,-0.00052049,-0.00065599,-0.00039046,-0.00043415,-0.00187472,0.00068299,-0.00016498,-0.00061885,-0.00078860,0.00068479,0.00071609,-0.00026496,0.00093489,-0.00054846,-0.00019863,-0.00105622,-0.00010197,0.00045005,0.00082353,-0.00079664,-0.00055305,-0.00085013,0.00031378,0.00087259,0.00060520,-0.00036093,0.00084067,-0.00034513,0.00042663,-0.00027683,0.00040930,-0.00058237,-0.00112690,-0.00094576,-0.00060496,-0.00095789,0.00107430,0.00043717,0.00051269,0.00049265,0.00058120,0.00041889,-0.00084012,0.00069099,-0.00092176,-0.00039217,-0.00082251,-0.00033378,0.00041451,-0.00026912,-0.00067140,0.00085772,-0.00059574,0.00021112,0.00070109,-0.00068909,0.00056266,0.00053796,-0.00024962,0.00009820,0.00054885,-0.00037170,-0.00008295,-0.00053669,-0.00054756,-0.00074019,-0.00082362,0.00083199,-0.00080490,-0.00045163,0.00005929,-0.00029366,-0.00059538,-0.00051423,0.00041787,0.00089297,0.00025605,-0.00022593,-0.00016513,-0.00103213,-0.00089845,-0.00006248,0.00035172,0.00069852,-0.00064508,0.00033372,-0.00107849,-0.00110375,-0.00014956,0.00002059,0.00052696,0.00016503,0.00063168,-0.00080578,-0.00040137,0.00006453,-0.00136738,-0.00079144,0.00022626,0.00037535,0.00081045,0.00105272,0.00000000,0.00000000,0.00000000,0.00000000,0.00000000,0.00000000,0.00000000,0.00000000,0.00000000,0.00000000,0.00000000,0.00000000,0.00000000,0.00000000,0.00000000,0.00000000,0.00018122,0.00000000,0.00000000,0.00000000,0.00000000,0.00000000,0.00000000,0.00000000,0.00000000,0.00000000,0.00000000,0.00000000,0.00000000,0.00000000,0.00000000,0.00000000,0.00000000,0.00000000,0.00000000,0.00000000,0.00000000,0.00000000,0.00000000,0.00000000,0.00000000,0.00000000,0.00000000,0.00000000,0.00000000,0.00000000,0.00000000,0.00000000,0.00020145,-0.00020196,0.00066856,-0.00017968,-0.00019094,-0.00046573,0.00065920,0.00003990,-0.00002519,0.00050154,0.00026017,0.00060861,0.00056774,-0.00037643,-0.00064153,-0.00010582
0.00072647,-0.01224899,0.00050157,-0.00100928,0.00013819,-0.00142531,0.00072485,0.00099182,0.00135463,0.00101137,0.00104511,0.00102288,-0.00075181,0.00150920,0.00067736,-0.00114988,0.00121955,0.00193804,-0.00111109,-0.00011875,0.00027347,0.00118784,0.00119043,0.00190299,-0.00116333,0.00087490,0.00036239,0.00067553,-0.00038690,0.00070628,0.00112299,-0.00068081,-0.00021951,0.00117244,0.00081537,-0.00170625,-0.00029188,-0.00065015,-0.00140546,0.00157220,0.00043777,0.00072589,0.00121460,-0.00092805,-0.00011592,0.00100875,0.00003653,0.00184817,-0.00088687,-0.00193890,-0.00099948,0.00119811,-0.00108843,0.00082963,-0.00071115,0.00004263,0.00031858,0.00129948,0.00051458,0.00132791,0.00141040,0.00063584,-0.00092364,-0.00114187,-0.00074896,-0.00028583,-0.00045429,-0.00173122,0.00076886,-0.00022561,-0.00001160,0.00049639,0.00056188,-0.00018771,-0.00096296,0.00027450,0.00090055,-0.00137176,0.00027939,-0.00029386,-0.00101861,0.00070957,-0.00025245,-0.00103297,0.00056461,-0.00069135,-0.00120181,0.00071372,0.00016301,0.00091303,0.00087003,0.00100448,0.00070102,-0.00032137,0.00036604,-0.00045008,0.00003758,0.00042196,0.00077905,-0.00063498,-0.00065128,-0.00013016,-0.00198579,-0.00048395,-0.00070677,0.00091325,0.00107860,0.00105412,-0.00049471,-0.00069690,0.00098990,0.00056656,0.00022826,0.00047970,-0.00078783,0.00126426,-0.00016993,-0.00066612,-0.00099618,0.00091760,0.00017387,-0.00050804,0.00162540,0.00059201,-0.00064374,0.00054061,-0.00043400,-0.00030614,0.00000000,0.00000000,0.00000000,0.00000000,0.00000000,0.00000000,0.00000000,0.00000000,0.00000000,0.00000000,0.00000000,0.00000000,0.00000000,0.00000000,0.00000000,0.00000000,0.00000000,-0.00066740,0.00000000,0.00000000,0.00000000,0.00000000,0.00000000,0.00000000,0.00000000,0.00000000,0.00000000,0.00000000,0.00000000,0.00000000,0.00000000,0.00000000,0.00000000,0.00000000,0.00000000,0.00000000,0.00000000,0.00000000,0.00000000,0.00000000,0.00000000,0.00000000,0.00000000,0.00000000,0.00000000,0.00000000,0.00000000,0.00000000,-0.00143738,0.00005146,-0.00075574,0.00080002,-0.00097569,0.00063592,-0.00093265,0.00078706,-0.00025810,-0.00094317,0.00042259,-0.00033697,-0.00113488,0.00107395,0.00108482,-0.00119343
0.00028582,-0.00080351,-0.01005052,-0.00062503,-0.00017388,-0.00037586,0.00072273,0.00025788,0.00182462,0.00028437,0.00167259,0.00103542,-0.00075291,0.00131133,0.00138220,-0.00067210,0.00040298,0.00179592,-0.00072793,-0.00092789,0.00020428,0.00068708,0.00086690,0.00076995,-0.00169451,0.00149956,0.00064413,-0.00002901,-0.00094968,0.00008014,0.00144177,-0.00172211,0.00049249,0.00037259,0.00148111,-0.00179112,-0.00022993,-0.00012217,-0.00137231,0.00065450,0.00106562,0.00071634,0.00100681,-0.00073605,-0.00039466,0.00128967,-0.00111210,0.00020079,-0.00062806,-0.00163946,-0.00060659,0.00156576,-0.00083502,-0.00008800,-0.00061991,0.00002904,0.00079898,0.00157240,0.00069946,0.00038930,0.00123124,0.00082002,-0.00078421,-0.00030778,0.00021237,-0.00091139,-0.00122998,-0.00135710,0.00048583,-0.00042235,0.00108057,0.00103459,0.00013433,0.00014485,-0.00180084,0.00018064,0.00070500,-0.00088687,0.00161044,-0.00045543,-0.00044498,0.00107951,-0.00042734,-0.00085646,0.00024086,-0.00163521,-0.00147368,0.00121452,-0.00018227,0.00133628,0.00114654,0.00048493,0.00151987,0.00057389,0.00095188,-0.00033988,-0.00118540,-0.00000437,-0.00014505,-0.00004528,0.00024803,-0.00030812,-0.00154222,-0.00055203,0.00014930,0.00027734,-0.00015058,0.00076537,-0.00067284,-0.00066821,0.00112627,0.00082861,0.00127395,0.00159327,0.00046481,0.00025173,0.00169886,-0.00143285,-0.00141298,0.00119596,0.00029300,-0.00110065,0.00131147,0.00128963,-0.00023120,-0.00022001,-0.00033439,-0.00127951,0.00000000,0.00000000,0.00000000,0.00000000,0.00000000,0.00000000,0.00000000,0.00000000,0.00000000,0.00000000,0.00000000,0.00000000,0.00000000,0.00000000,0.00000000,0.00000000,0.00000000,0.00000000,-0.00112012,0.00000000,0.00000000,0.00000000,0.00000000,0.00000000,0.00000000,0.00000000,0.00000000,0.00000000,0.00000000,0.00000000,0.00000000,0.00000000,0.00000000,0.00000000,0.00000000,0.00000000,0.00000000,0.00000000,0.00000000,0.00000000,0.00000000,0.00000000,0.00000000,0.00000000,0.00000000,0.00000000,0.00000000,0.00000000,-0.00085504,0.00039466,-0.00099690,0.00115839,-0.00086974,0.00153982,-0.00135931,0.00090927,-0.00006210,-0.00117364,0.00016150,-0.00152364,-0.00178419,0.00142374,0.00128305,-0.00194746
-0.00020000,0.00001935,0.00069008,-0.01051404,0.00015676,-0.00038774,-0.00019893,0.00015932,-0.00118891,-0.00055809,-0.00069794,0.00023915,0.00060294,-0.00071165,-0.00008586,-0.00008774,-0.00084990,-0.00152823,0.00087931,0.00085085,0.00009281,-0.00018991,-0.00042859,0.00006796,0.00055723,-0.00084753,-0.00026227,0.00050171,0.00096287,0.00032848,-0.00133597,0.00093081,0.00090865,-0.00044496,-0.00100562,0.00111018,0.00075964,0.00015079,0.00088132,-0.00058290,-0.00065270,-0.00078182,-0.00126802,0.00013782,-0.00034381,-0.00067834,0.00091999,-0.00005282,0.00064084,0.00103135,0.00022096,-0.00077182,0.00002428,0.00046781,-0.00000607,0.00047776,-0.00157905,-0.00034196,-0.00055734,-0.00037769,0.00073811,-0.00009637,0.00023951,-0.00063312,-0.00015992,-0.00008815,0.00059751,0.00072201,-0.00060026,-0.00028571,-0.00006165,-0.00046374,0.00034970,-0.00001943,0.00085752,-0.00082995,0.00036448,-0.00016541,-0.00082539,0.00106276,0.00050887,-0.00015231,0.00048365,-0.00015810,-0.00027309,0.00119905,0.00076974,-0.00056593,-0.00051166,-0.00117311,-0.00095343,0.00003923,-0.00046224,-0.00095950,-0.00029946,0.00103083,0.00142075,0.00006903,0.00047631,0.00084625,-0.00009783,-0.00106673,0.00049682,-0.00055615,-0.00035004,-0.00001859,0.00142766,-0.00053684,0.00008035,0.00034840,-0.00085261,-0.00074644,-0.00069789,-0.00076324,-0.00071547,-0.00021813,-0.00205693,0.00001122,0.00099159,0.00004931,-0.00053478,0.00171594,-0.00037653,-0.00046341,0.00020289,0.00074417,-0.00031363,0.00075695,0.00000000,0.00000000,0.00000000,0.00000000,0.00000000,0.00000000,0.00000000,0.00000000,0.00000000,0.00000000,0.00000000,0.00000000,0.00000000,0.00000000,0.00000000,0.00000000,0.00000000,0.00000000,0.00000000,-0.00085306,0.00000000,0.00000000,0.00000000,0.00000000,0.00000000,0.00000000,0.00000000,0.00000000,0.00000000,0.00000000,0.00000000,0.00000000,0.00000000,0.00000000,0.00000000,0.00000000,0.00000000,0.00000000,0.00000000,0.00000000,0.00000000,0.00000000,0.00000000,0.00000000,0.00000000,0.00000000,0.00000000,0.00000000,0.00097721,-0.00001616,0.00078196,-0.00130523,0.00028410,-0.00071429,0.00110002,-0.00067463,-0.00039664,0.00051106,0.00081611,0.00028730,0.00044068,-0.00126851,-0.00095989,0.00052694
-0.00075891,0.00034761,-0.00218816,0.00202422,-0.01325693,0.00105567,0.00020472,0.00057137,-0.00195282,-0.00080326,-0.00157617,-0.00025377,0.00060190,-0.00090247,-0.00085945,0.00117459,-0.00182755,-0.00174637,0.00161312,-0.00049475,-0.00103492,-0.00100926,-0.00161774,-0.00129273,0.00109608,-0.00107693,-0.00044689,-0.00036412,0.00042674,-0.00036688,-0.00189858,0.00120026,-0.00027751,-0.00153529,-0.00132861,0.00066010,0.00089471,-0.00085998,0.00144195,-0.00120004,-0.00192597,-0.00164266,-0.00118999,0.00063481,0.00064532,-0.00077724,-0.00086542,-0.00158173,0.00066012,0.00154346,0.00149661,-0.00137441,0.00167518,-0.00130639,0.00134429,-0.00134794,0.00065303,-0.00133830,-0.00069121,-0.00119456,-0.00033819,-0.00133319,0.00088001,0.00147601,0.00126541,0.00081602,0.00121311,0.00193127,-0.00012838,0.00046637,-0.00217923,-0.00051754,-0.00079543,0.00088626,0.00065049,-0.00060036,-0.00050429,0.00077657,-0.00038296,0.00011601,0.00087016,-0.00145584,0.00115653,0.00039828,-0.00115043,-0.00020349,0.00156436,-0.00125104,-0.00017394,-0.00026911,-0.00063520,-0.00049442,-0.00077250,0.00052497,-0.00130275,-0.00096680,-0.00031757,-0.00031804,-0.00093151,-0.00035686,0.00146330,0.00079289,0.00065682,0.00032808,-0.00040414,-0.00077569,-0.00049693,-0.00120526,0.00054982,0.00149055,-0.00154594,0.00009461,-0.00166751,-0.00093447,0.00063007,-0.00113130,0.00031092,0.00119181,0.00233173,-0.00092415,-0.00034434,-0.00055703,-0.00186878,-0.00031406,0.00142128,-0.00012328,0.00177522,-0.00028411,0.00000000,0.00000000,0.00000000,0.00000000,0.00000000,0.00000000,0.00000000,0.00000000,0.00000000,0.00000000,0.00000000,0.00000000,0.00000000,0.00000000,0.00000000,0.00000000,0.00000000,0.00000000,0.00000000,0.00000000,-0.00029175,0.00000000,0.00000000,0.00000000,0.00000000,0.00000000,0.00000000,0.00000000,0.00000000,0.00000000,0.00000000,0.00000000,0.00000000,0.00000000,0.00000000,0.00000000,0.00000000,0.00000000,0.00000000,0.00000000,0.00000000,0.00000000,0.00000000,0.00000000,0.00000000,0.00000000,0.00000000,0.00000000,0.00091529,-0.00008000,0.00087314,-0.00119720,0.00196924,-0.00117584,0.00122083,-0.00073931,0.00028377,0.00094998,-0.00058854,0.00080154,0.00098510,-0.00064313,-0.00196924,0.00199498
-0.00019980,-0.00048296,-0.00041217,0.00056141,-0.00055918,-0.01471255,-0.00036132,0.00034134,-0.00154043,0.00002905,-0.00056524,-0.00060907,0.00057403,-0.00144498,-0.00150393,0.00055688,-0.00091385,-0.00136791,0.00100016,0.00084181,-0.00078240,-0.00009060,-0.00080638,-0.00033746,0.00141121,-0.00046770,-0.00061458,-0.00048367,0.00072120,0.00036227,-0.00153540,0.00111110,0.00069322,-0.00069799,-0.00089430,0.00035697,0.00091569,0.00030126,0.00055051,-0.00086758,-0.00064498,-0.00084346,-0.00084137,0.00027537,-0.00048044,-0.00094024,-0.00012613,-0.00085789,0.00050188,0.00111918,-0.00008923,-0.00077828,0.00067227,-0.00109679,0.00011539,0.00095802,-0.00033935,-0.00107849,-0.00133816,-0.00039998,-0.00165729,-0.00024439,0.00040852,-0.00009502,0.00017477,0.00030096,0.00093311,0.00094571,-0.00061807,0.00035780,-0.00016832,-0.00102266,0.00031441,-0.00040340,0.00143723,-0.00078080,0.00010957,0.00099897,-0.00076736,0.00097710,0.00036203,-0.00109883,0.00043974,0.00072372,0.00058784,0.00119291,0.00090729,-0.00084281,-0.00031482,-0.00110812,-0.00160522,0.00011282,-0.00096256,-0.00113719,-0.00095765,0.00056275,0.00149749,0.00068225,-0.00011482,0.00085715,-0.00034087,-0.00064330,0.00088937,0.00015572,-0.00054683,-0.00032560,0.00031740,-0.00042501,0.00058108,0.00034605,-0.00139676,-0.00009227,-0.00056055,-0.00002247,-0.00089559,-0.00026763,-0.00199367,0.00082170,0.00095501,-0.00056287,-0.00088041,0.00043712,-0.00071893,-0.00011675,-0.00052465,-0.00018457,-0.00002865,0.00072596,0.00000000,0.00000000,0.00000000,0.00000000,0.00000000,0.00000000,0.00000000,0.00000000,0.00000000,0.00000000,0.00000000,0.00000000,0.00000000,0.00000000,0.00000000,0.00000000,0.00000000,0.00000000,0.00000000,0.00000000,0.00000000,0.00131808,0.00000000,0.00000000,0.00000000,0.00000000,0.00000000,0.00000000,0.00000000,0.00000000,0.00000000,0.00000000,0.00000000,0.00000000,0.00000000,0.00000000,0.00000000,0.00000000,0.00000000,0.00000000,0.00000000,0.00000000,0.00000000,0.00000000,0.00000000,0.00000000,0.00000000,0.00000000,0.00072774,-0.00054897,0.00089549,-0.00071117,0.00056758,-0.00016726,0.00036161,-0.00158733,0.00053420,0.00034819,-0.00002568,0.00122708,0.00071974,-0.00136485,-0.00105556,0.00128834
-0.00029661,0.00028044,-0.00162241,0.00178190,0.00041682,0.00105561,-0.01503236,-0.00013876,-0.00226039,-0.00111713,-0.00191173,-0.00075420,0.00062183,-0.00117002,-0.00089460,0.00058171,-0.00185174,-0.00112326,0.00148569,0.00039062,-0.00095589,-0.00034479,-0.00126097,-0.00034570,0.00199382,-0.00134841,-0.00106810,-0.00085625,0.00048918,-0.00108508,-0.00123581,0.00131040,-0.00018177,-0.00101360,-0.00148743,0.00125960,0.00043378,-0.00041860,0.00135633,-0.00121543,-0.00025667,-0.00120460,-0.00113708,-0.00003516,0.00167394,-0.00104438,-0.00012395,-0.00115071,0.00082425,0.00142449,0.00180338,-0.00125053,0.00226669,-0.00132638,0.00163012,-0.00062348,-0.00004052,-0.00128385,-0.00140456,-0.00147330,-0.00123219,-0.00119012,0.00072748,0.00140777,0.00118635,0.00153487,0.00113737,0.00095829,-0.00140560,0.00017954,-0.00086980,-0.00074289,-0.00009969,-0.00012257,0.00152292,0.00037259,-0.00088886,0.00168129,-0.00106325,0.00005181,0.00119711,-0.00211022,0.00172636,0.00221641,-0.00112659,0.00095579,0.00190156,-0.00094170,0.00061971,-0.00033465,-0.00109094,-0.00038123,-0.00149770,0.00032364,-0.00169976,-0.00065007,0.00011440,-0.00075442,-0.00109630,0.00038164,0.00020685,0.00049356,0.00003139,0.00126965,-0.00044241,-0.00026654,-0.00117967,-0.00085941,0.00170435,0.00154546,-0.00102877,-0.00028808,-0.00167008,-0.00098821,0.00003560,-0.00094101,-0.00031326,0.00196436,0.00121090,-0.00079326,0.00033624,-0.00076994,-0.00129931,0.00031726,0.00080348,-0.00101641,0.00134423,0.00046207,0.00000000,0.00000000,0.00000000,0.00000000,0.00000000,0.00000000,0.00000000,0.00000000,0.00000000,0.00000000,0.00000000,0.00000000,0.00000000,0.00000000,0.00000000,0.00000000,0.00000000,0.00000000,0.00000000,0.00000000,0.00000000,0.00000000,0.00102654,0.00000000,0.00000000,0.00000000,0.00000000,0.00000000,0.00000000,0.00000000,0.00000000,0.00000000,0.00000000,0.00000000,0.00000000,0.00000000,0.00000000,0.00000000,0.00000000,0.00000000,0.00000000,0.00000000,0.00000000,0.00000000,0.00000000,0.00000000,0.00000000,0.00000000,0.00150239,-0.00050340,0.00114711,-0.00194792,0.00118980,-0.00175989,0.00059497,-0.00040461,0.00064295,0.00127122,-0.00068474,0.00105483,0.00119288,-0.00108431,-0.00108816,0.00144782
-0.00027784,0.00072300,0.00105027,-0.00096905,0.00100964,-0.00024227,0.00018605,-0.01389340,0.00082414,0.00077905,0.00166680,0.00032218,-0.00052674,0.00090817,0.00085882,-0.00094994,0.00143480,0.00057685,-0.00094783,-0.00007736,0.00116319,0.00065313,0.00072608,0.00086610,-0.00121599,0.00106780,0.00027907,0.00007210,-0.00017550,0.00000121,0.00088402,-0.00166135,-0.00024756,0.00034568,0.00169571,-0.00051371,0.00033227,-0.00022128,-0.00082816,0.00091962,0.00107888,0.00109619,0.00185519,-0.00013943,-0.00015063,0.00027629,-0.00031601,0.00034210,-0.00148597,-0.00114003,-0.00038263,0.00126904,-0.00044390,0.00025275,-0.00001325,-0.00012439,0.00024176,0.00063943,0.00151020,0.00083021,0.00070092,0.00125562,-0.00068909,-0.00027476,-0.00085058,-0.00129940,-0.00150014,-0.00041239,0.00063340,-0.00040127,0.00106288,0.00087039,0.00046165,-0.00017367,-0.00054283,-0.00029248,0.00033284,-0.00056362,0.00093473,-0.00036718,-0.00075255,0.00072666,-0.00081736,-0.00100105,0.00100586,-0.00000798,-0.00039082,0.00117266,-0.00018124,0.00090677,0.00083487,0.00068048,0.00082405,0.00069018,0.00094167,0.00006780,-0.00027319,0.00048817,-0.00009943,-0.00018662,-0.00006857,0.00031660,-0.00079426,-0.00089796,0.00030631,0.00005027,0.00035200,0.00025058,-0.00125710,-0.00065795,0.00110930,0.00039625,0.00082241,0.00048428,0.00089423,0.00091236,0.00041301,-0.00141726,-0.00060463,0.00020227,0.00059061,-0.00014285,0.00055197,0.00066315,-0.00125297,0.00002976,-0.00059721,-0.00049675,0.00000000,0.00000000,0.00000000,0.00000000,0.00000000,0.00000000,0.00000000,0.00000000,0.00000000,0.00000000,0.00000000,0.00000000,0.00000000,0.00000000,0.00000000,0.00000000,0.00000000,0.00000000,0.00000000,0.00000000,0.00000000,0.00000000,0.00000000,0.00132481,0.00000000,0.00000000,0.00000000,0.00000000,0.00000000,0.00000000,0.00000000,0.00000000,0.00000000,0.00000000,0.00000000,0.00000000,0.00000000,0.00000000,0.00000000,0.00000000,0.00000000,0.00000000,0.00000000,0.00000000,0.00000000,0.00000000,0.00000000,0.00000000,-0.00088407,0.00078137,-0.00122226,0.00017727,-0.00012720,0.00122157,-0.00067399,0.00007634,0.00014241,-0.00008918,-0.00005221,-0.00093497,-0.00126671,0.00104526,0.00102078,-0.00055580
0.00011209,-0.00065176,-0.00014456,-0.00001736,0.00034708,0.00012121,-0.00002302,-0.00104374,-0.01101582,-0.00107955,-0.00014628,0.00003076,-0.00073153,-0.00049617,-0.00009546,-0.00013043,-0.00095768,0.00041044,0.00048238,-0.00081174,-0.00050701,-0.00063978,-0.00043027,-0.00013958,0.00017591,-0.00028734,-0.00101124,-0.00098201,-0.00117430,-0.00077192,-0.00018079,-0.00037165,-0.00072196,-0.00041565,0.00025997,0.00012884,0.00121552,-0.00080764,0.00030277,-0.00053788,0.00027218,-0.00003847,-0.00003502,-0.00032324,0.00117401,-0.00005256,-0.00020131,-0.00052987,-0.00029858,-0.00027410,0.00142112,0.00034593,0.00019003,-0.00031592,0.00037030,-0.00098608,0.00121535,0.00019487,-0.00002914,-0.00023390,-0.00061991,-0.00049628,0.00027002,0.00056827,0.00145105,0.00018858,0.00072424,0.00061092,0.00065923,0.00079109,-0.00039303,-0.00000574,0.00001492,0.00078928,-0.00053900,0.00077946,-0.00032082,0.00009907,0.00062032,-0.00141990,0.00015414,-0.00034611,0.00080782,-0.00020197,-0.00075306,-0.00027025,-0.00102842,-0.00039987,0.00066427,0.00100966,0.00101427,-0.00165440,-0.00069197,0.00120444,-0.00065960,-0.00106816,-0.00114524,-0.00074767,-0.00085306,-0.00069740,0.00135354,0.00105568,-0.00005587,0.00060766,-0.00057811,-0.00066817,-0.00120618,0.00069984,0.00036811,0.00054991,-0.00067328,0.00033656,-0.00021410,0.00046668,0.00148018,-0.00068896,0.00191018,-0.00012290,-0.00018962,-0.00076180,-0.00080854,-0.00072387,0.00002525,0.00141734,0.00017649,-0.00093044,0.00090074,-0.00073121,0.00000000,0.00000000,0.00000000,0.00000000,0.00000000,0.00000000,0.00000000,0.00000000,0.00000000,0.00000000,0.00000000,0.00000000,0.00000000,0.00000000,0.00000000,0.00000000,0.00000000,0.00000000,0.00000000,0.00000000,0.00000000,0.00000000,0.00000000,0.00000000,-0.00019766,0.00000000,0.00000000,0.00000000,0.00000000,0.00000000,0.00000000,0.00000000,0.00000000,0.00000000,0.00000000,0.00000000,0.00000000,0.00000000,0.00000000,0.00000000,0.00000000,0.00000000,0.00000000,0.00000000,0.00000000,0.00000000,0.00000000,0.00000000,0.00019809,0.00083837,-0.00085665,0.00004135,-0.00089382,0.00093081,-0.00055753,-0.00023593,0.00013596,-0.00029023,0.00007540,0.00040574,-0.00030601,0.00032890,0.00092398,0.00008276
0.00107785,0.00034826,0.00028493,-0.00189591,0.00043250,0.00020012,0.00108597,0.00014932,0.00127380,-0.01252652,0.00160311,0.00092163,-0.00124516,0.00100463,0.00066533,-0.00167864,0.00132809,0.00125957,-0.00113730,-0.00151416,0.00067393,0.00077472,0.00095749,0.00041713,-0.00125153,0.00070963,0.00124850,0.00025394,-0.00160928,0.00037207,0.00111987,-0.00163244,-0.00111955,0.00114602,0.00076197,-0.00114571,-0.00078692,-0.00075050,-0.00164307,0.00015768,0.00087729,0.00041376,0.00114632,-0.00001204,-0.00073360,0.00146995,-0.00014585,0.00092790,-0.00110330,-0.00137748,0.00015420,0.00130974,-0.00053434,-0.00049014,-0.00072230,-0.00017617,0.00127445,0.00122466,0.00092817,-0.00011400,0.00003173,0.00101468,-0.00133019,-0.00040961,-0.00031162,-0.00096760,-0.00092281,-0.00165170,0.00118061,0.00011319,0.00108264,0.00097162,-0.00039814,-0.00016145,-0.00174584,0.00031224,0.00028472,-0.00101865,0.00136319,-0.00160223,-0.00044874,0.00106704,-0.00100357,-0.00107567,0.00027825,-0.00147323,-0.00153080,0.00117866,0.00056938,0.00138734,0.00142387,0.00036131,0.00140077,0.00100516,0.00041075,-0.00091959,-0.00181540,0.00033401,-0.00084052,-0.00013964,0.00075048,0.00021808,-0.00187501,-0.00024623,0.00037871,0.00023217,-0.00048765,0.00060674,-0.00080237,-0.00070746,0.00080623,0.00137603,0.00095795,0.00083129,-0.00013670,0.00001570,0.00165172,-0.00077536,-0.00094098,0.00107998,-0.00007684,-0.00065409,0.00125684,0.00208530,-0.00023590,-0.00009412,0.00023946,-0.00108098,0.00000000,0.00000000,0.00000000,0.00000000,0.00000000,0.00000000,0.00000000,0.00000000,0.00000000,0.00000000,0.00000000,0.00000000,0.00000000,0.00000000,0.00000000,0.00000000,0.00000000,0.00000000,0.00000000,0.00000000,0.00000000,0.00000000,0.00000000,0.00000000,0.00000000,-0.00038289,0.00000000,0.00000000,0.00000000,0.00000000,0.00000000,0.00000000,0.00000000,0.00000000,0.00000000,0.00000000,0.00000000,0.00000000,0.00000000,0.00000000,0.00000000,0.00000000,0.00000000,0.00000000,0.00000000,0.00000000,0.00000000,0.00000000,-0.00145443,0.00063702,-0.00119156,0.00119902,-0.00119838,0.00108275,-0.00104069,0.00141078,0.00008253,-0.00082720,0.00015748,-0.00144737,-0.00162310,0.00188310,0.00137393,-0.00157058
-0.00049165,-0.00031709,-0.00077151,0.00011039,0.00021237,0.00106143,0.00033506,-0.00005202,-0.00000687,-0.00076785,-0.01197149,-0.00030673,0.00008062,0.00019556,-0.00029315,0.00072788,-0.00044955,0.00038582,0.00034881,-0.00162886,0.00020130,-0.00069233,0.00000293,-0.00033914,0.00014883,0.00038944,-0.00022464,-0.00081970,-0.00066700,-0.00111212,-0.00025454,0.00026580,-0.00057064,0.00000671,-0.00057098,-0.00041217,0.00051023,-0.00124242,0.00034186,-0.00062360,-0.00015609,-0.00016249,0.00024278,0.00055632,0.00100690,0.00042232,-0.00122483,0.00003903,-0.00009390,-0.00050130,0.00006174,0.00010815,0.00061210,-0.00154003,0.00024173,-0.00134212,0.00106663,0.00053195,-0.00065991,-0.00061189,-0.00108881,-0.00057850,0.00023730,0.00068632,0.00139893,0.00015229,0.00042046,0.00079371,0.00052967,-0.00009538,-0.00016342,-0.00031383,-0.00027720,0.00112935,-0.00025450,0.00071429,-0.00127009,0.00111815,0.00079219,-0.00128303,0.00031583,-0.00045768,-0.00009086,0.00004354,-0.00105590,-0.00110691,-0.00018585,-0.00074867,0.00101554,0.00083961,0.00093233,-0.00058214,0.00059324,0.00109090,-0.00091306,-0.00093739,-0.00157597,-0.00054843,-0.00084136,0.00014479,0.00163208,0.00030412,-0.00002953,0.00141204,-0.00004886,-0.00079792,-0.00098197,0.00032527,0.00012412,0.00020221,0.00010620,0.00183278,0.00082641,0.00041048,0.00150369,-0.00058776,0.00172559,0.00007458,-0.00014325,-0.00062762,-0.00092983,-0.00176676,-0.00049576,0.00153953,0.00074095,-0.00179760,0.00073226,-0.00105702,0.00000000,0.00000000,0.00000000,0.00000000,0.00000000,0.00000000,0.00000000,0.00000000,0.00000000,0.00000000,0.00000000,0.00000000,0.00000000,0.00000000,0.00000000,0.00000000,0.00000000,0.00000000,0.00000000,0.00000000,0.00000000,0.00000000,0.00000000,0.00000000,0.00000000,0.00000000,-0.00063877,0.00000000,0.00000000,0.00000000,0.00000000,0.00000000,0.00000000,0.00000000,0.00000000,0.00000000,0.00000000,0.00000000,0.00000000,0.00000000,0.00000000,0.00000000,0.00000000,0.00000000,0.00000000,0.00000000,0.00000000,0.00000000,0.00005228,0.00024628,-0.00077833,-0.00001079,-0.00034836,0.00071890,-0.00029112,-0.00006390,0.00001386,-0.00031569,0.00011032,-0.00008201,0.00003153,0.00057042,0.00017701,-0.00009225
0.00078909,0.00018311,0.00015202,0.00011829,0.00091224,0.00052573,0.00043455,-0.00030228,0.00096576,0.00010537,0.00014390,-0.01341859,-0.00080695,0.00082424,0.00020760,-0.00080379,-0.00068007,0.00060248,-0.00005082,-0.00084310,-0.00047726,0.00001303,0.00052261,0.00020256,0.00017097,0.00073166,-0.00079620,-0.00085691,-0.00037473,-0.00059859,-0.00016069,-0.00016687,-0.00123645,-0.00016097,0.00013012,-0.00054853,0.00097941,-0.00144821,-0.00037897,-0.00009758,0.00049698,0.00109833,0.00022352,-0.00012779,0.00097512,0.00059122,-0.00048618,0.00055897,0.00019572,0.00008328,0.00077616,0.00025191,-0.00081518,-0.00031602,0.00060175,-0.00044726,0.00120259,0.00025552,-0.00022473,-0.00008626,-0.00012337,0.00020122,-0.00045652,0.00040998,0.00027479,0.00033781,-0.00060017,0.00000777,-0.00001218,0.00060672,-0.00027255,0.00051256,-0.00021733,0.00093896,-0.00084537,0.00154072,-0.00034398,0.00039094,-0.00002425,-0.00077249,0.00101248,0.00020813,-0.00020191,0.00039371,-0.00105656,-0.00095992,-0.00069380,0.00002456,0.00035169,0.00061575,0.00063538,0.00030868,-0.00036678,0.00074357,-0.00036707,-0.00120333,-0.00077872,0.00041166,-0.00007578,-0.00106732,0.00159326,0.00083506,-0.00049644,0.00016731,0.00004387,-0.00007952,-0.00131753,0.00007490,-0.00006660,-0.00068638,-0.00018448,0.00017170,0.00093285,0.00061666,0.00120142,-0.00045390,0.00129225,-0.00047447,-0.00036129,0.00040642,-0.00035023,-0.00116751,-0.00012145,0.00072213,0.00023561,-0.00096940,0.00045654,-0.00103059,0.00000000,0.00000000,0.00000000,0.00000000,0.00000000,0.00000000,0.00000000,0.00000000,0.00000000,0.00000000,0.00000000,0.00000000,0.00000000,0.00000000,0.00000000,0.00000000,0.00000000,0.00000000,0.00000000,0.00000000,0.00000000,0.00000000,0.00000000,0.00000000,0.00000000,0.00000000,0.00000000,0.00087695,0.00000000,0.00000000,0.00000000,0.00000000,0.00000000,0.00000000,0.00000000,0.00000000,0.00000000,0.00000000,0.00000000,0.00000000,0.00000000,0.00000000,0.00000000,0.00000000,0.00000000,0.00000000,0.00000000,0.00000000,-0.00065255,0.00053524,-0.00074536,0.00021487,-0.00048125,0.00142952,0.00002431,0.00049508,0.00017639,-0.00057351,0.00024298,-0.00005926,-0.00098486,0.00103986,0.00014563,-0.00050770
-0.00035909,0.00002809,0.00014082,-0.00017014,0.00014042,0.00028699,0.00011911,-0.00027546,-0.00105616,-0.00061907,-0.00042469,-0.00049823,-0.01387895,-0.00008075,-0.00049772,-0.00018592,-0.00022356,-0.00064290,0.00030058,0.00052700,0.00059560,0.00030374,0.00021265,0.00055419,0.00064266,0.00042740,0.00019861,0.00021468,0.00007617,0.00024845,-0.00051009,0.00019508,-0.00007520,0.00034357,-0.00001159,-0.00016140,0.00079788,0.00001575,-0.00026954,0.00066214,-0.00089063,0.00041864,-0.00034726,0.00089071,-0.00047748,-0.00085764,0.00084788,-0.00053888,0.00034207,0.00025542,-0.00045813,-0.00054226,-0.00064720,0.00012860,-0.00049181,-0.00082658,-0.00059318,-0.00070654,-0.00058774,0.00015481,0.00008003,-0.00034610,0.00049948,-0.00071851,-0.00015907,-0.00033144,-0.00022849,0.00000966,0.00072150,0.00021272,-0.00034775,-0.00039559,-0.00045933,0.00036356,0.00091895,0.00109486,-0.00044644,0.00010451,0.00037655,0.00013453,-0.00012557,0.00009214,-0.00033399,0.00032742,0.00034975,0.00002562,0.00137327,-0.00029802,-0.00033922,-0.00006222,-0.00022149,0.00060555,-0.00043277,-0.00048854,0.00012197,0.00004494,0.00062204,-0.00045339,0.00091777,0.00003950,-0.00035082,0.00046367,0.00095996,0.00046173,-0.00010501,0.00034524,-0.00041526,-0.00042738,-0.00052632,0.00049910,0.00016822,0.00025886,-0.00054854,-0.00075867,0.00016952,0.00012165,-0.00032427,0.00013067,0.00003578,-0.00020707,0.00016279,0.00148104,-0.00035410,-0.00033861,0.00096993,0.00044943,-0.00074911,0.00058962,0.00000000,0.00000000,0.00000000,0.00000000,0.00000000,0.00000000,0.00000000,0.00000000,0.00000000,0.00000000,0.00000000,0.00000000,0.00000000,0.00000000,0.00000000,0.00000000,0.00000000,0.00000000,0.00000000,0.00000000,0.00000000,0.00000000,0.00000000,0.00000000,0.00000000,0.00000000,0.00000000,0.00000000,0.00063842,0.00000000,0.00000000,0.00000000,0.00000000,0.00000000,0.00000000,0.00000000,0.00000000,0.00000000,0.00000000,0.00000000,0.00000000,0.00000000,0.00000000,0.00000000,0.00000000,0.00000000,0.00000000,0.00000000,0.00033864,0.00053189,0.00058816,-0.00055497,0.00019204,-0.00112248,0.00071087,-0.00036820,0.00103353,0.00003108,0.00023738,-0.00012716,-0.00000765,-0.00053961,0.00004419,0.00088172
0.00072672,-0.00011584,-0.00118475,0.00032926,0.00065383,0.00044513,0.00057662,-0.00060273,0.00001466,-0.00102846,-0.00001668,0.00044852,-0.00007779,-0.01330804,-0.00090518,0.00007866,-0.00056712,0.00059381,0.00053305,-0.00037402,-0.00069674,-0.00083643,0.00007652,-0.00120033,-0.00025974,0.00022705,-0.00038130,-0.00107384,-0.00015374,-0.00116419,-0.00069135,0.00068739,-0.00101867,0.00040824,-0.00071610,0.00004061,0.00066554,-0.00080046,-0.00005757,-0.00084924,0.00027971,-0.00073577,0.00011519,0.00072481,0.00097822,-0.00012336,0.00001748,0.00006766,-0.00057262,-0.00079433,0.00077154,-0.00016733,0.00031947,-0.00080066,0.00099807,-0.00018749,0.00131670,-0.00097042,-0.00031620,-0.00054111,-0.00067534,-0.00024838,0.00074647,0.00116619,0.00149001,0.00053770,0.00061713,0.00045547,-0.00012848,0.00022954,0.00000913,-0.00106880,-0.00080368,0.00024471,-0.00057908,0.00060423,-0.00107733,0.00049404,0.00091489,-0.00126215,0.00048908,-0.00010287,-0.00005265,0.00019958,-0.00160049,-0.00111978,-0.00020181,-0.00069337,-0.00011238,0.00051002,0.00079694,-0.00024539,-0.00022517,0.00019928,0.00035849,-0.00137711,-0.00121132,-0.00038885,-0.00043134,-0.00070011,0.00169661,0.00023502,-0.00005871,0.00098492,-0.00023920,-0.00064798,-0.00113363,-0.00070878,0.00027160,0.00029438,-0.00045563,0.00108795,0.00084961,-0.00113334,0.00132396,-0.00122588,0.00194276,-0.00042285,-0.00006284,-0.00033854,-0.00045730,-0.00122061,-0.00053305,0.00169436,0.00053886,-0.00066852,0.00037753,-0.00102674,0.00000000,0.00000000,0.00000000,0.00000000,0.00000000,0.00000000,0.00000000,0.00000000,0.00000000,0.00000000,0.00000000,0.00000000,0.00000000,0.00000000,0.00000000,0.00000000,0.00000000,0.00000000,0.00000000,0.00000000,0.00000000,0.00000000,0.00000000,0.00000000,0.00000000,0.00000000,0.00000000,0.00000000,0.00000000,-0.00027561,0.00000000,0.00000000,0.00000000,0.00000000,0.00000000,0.00000000,0.00000000,0.00000000,0.00000000,0.00000000,0.00000000,0.00000000,0.00000000,0.00000000,0.00000000,0.00000000,0.00000000,0.00000000,0.00027017,-0.00023114,-0.00036475,0.00044265,-0.00002591,0.00018437,-0.00053242,-0.00051039,0.00021572,0.00064295,-0.00007033,0.00010055,0.00024542,0.00009341,0.00008559,-0.00050580
0.00002998,0.00006384,0.00018188,-0.00055497,0.00045395,-0.00074948,0.00043011,-0.00003749,0.00135601,0.00002883,0.00097966,0.00023919,-0.00132325,0.00010293,-0.01241740,-0.00070515,0.00072772,0.00061025,-0.00048480,-0.00094859,0.00042539,-0.00021509,-0.00003955,-0.00029692,-0.00115620,0.00063163,-0.00041774,-0.00020193,-0.00125061,-0.00043432,0.00073948,-0.00069282,-0.00035350,0.00050308,0.00011476,-0.00058402,-0.00049927,-0.00070533,0.00000176,-0.00022967,0.00066008,0.00042469,0.00121251,-0.00069790,0.00004190,0.00124936,0.00052444,0.00018335,-0.00041676,-0.00117244,-0.00091957,0.00080591,-0.00015732,-0.00013463,0.00018098,-0.00029685,0.00143699,0.00006352,0.00024513,-0.00028522,0.00001246,-0.00003728,-0.00053724,-0.00036818,0.00042009,-0.00028606,-0.00028494,-0.00057055,0.00059155,-0.00000865,0.00103213,0.00014512,0.00007782,0.00022782,-0.00133620,0.00057762,0.00019544,0.00057949,0.00119739,-0.00069821,-0.00072962,0.00034307,-0.00003235,-0.00026338,-0.00024548,-0.00172345,-0.00099840,-0.00021252,0.00098830,0.00046609,0.00092240,-0.00032472,0.00129852,0.00088302,0.00097173,-0.00014579,-0.00142025,-0.00026528,-0.00051266,-0.00026027,0.00020442,0.00105272,-0.00019753,0.00017647,0.00009758,0.00063250,0.00012896,-0.00098752,-0.00033110,-0.00098452,0.00041431,0.00091694,0.00097661,0.00018662,0.00037093,-0.00075739,0.00123874,-0.00022829,-0.00024257,0.00112848,-0.00026537,-0.00077435,0.00074293,0.00067387,-0.00066893,-0.00016951,0.00048103,-0.00037590,0.00000000,0.00000000,0.00000000,0.00000000,0.00000000,0.00000000,0.00000000,0.00000000,0.00000000,0.00000000,0.00000000,0.00000000,0.00000000,0.00000000,0.00000000,0.00000000,0.00000000,0.00000000,0.00000000,0.00000000,0.00000000,0.00000000,0.00000000,0.00000000,0.00000000,0.00000000,0.00000000,0.00000000,0.00000000,0.00000000,0.00090804,0.00000000,0.00000000,0.00000000,0.00000000,0.00000000,0.00000000,0.00000000,0.00000000,0.00000000,0.00000000,0.00000000,0.00000000,0.00000000,0.00000000,0.00000000,0.00000000,0.00000000,-0.00059356,0.00075874,-0.00047695,0.00041007,-0.00103514,0.00120027,0.00008217,0.00056199,0.00055780,0.00018503,-0.00020315,-0.00034344,-0.00032382,0.00039590,0.00083991,-0.00058710
-0.00030235,0.00077945,-0.00010857,0.00015979,-0.00068217,-0.00038042,-0.00137816,0.00014962,-0.00150373,-0.00073818,-0.00007285,-0.00138961,0.00027208,-0.00119190,-0.00098507,-0.01079432,0.00009307,-0.00093705,0.00048284,0.00125781,-0.00050719,-0.00112586,-0.00045166,-0.00015503,0.00081941,-0.00108116,0.00006147,0.00039661,0.00102926,0.00013726,-0.00133091,0.00072568,0.00044244,-0.00101493,-0.00050582,0.00071001,-0.00049133,0.00003538,0.00022538,-0.00086434,-0.00010736,-0.00018748,-0.00059989,-0.00027714,0.00027834,-0.00046368,0.00069971,-0.00071115,0.00095287,0.00081485,0.00074919,-0.00079894,0.00116206,-0.00038439,-0.00015437,0.00054136,-0.00070252,-0.00066951,0.00008446,-0.00076868,-0.00057612,-0.00058552,0.00062447,0.00004138,-0.00054973,0.00012223,0.00111912,0.00083647,-0.00075340,-0.00089784,-0.00044680,-0.00081010,0.00050804,-0.00019743,0.00109283,-0.00151260,0.00039152,-0.00036073,-0.00122543,0.00120886,-0.00010336,-0.00070125,0.00070402,0.00008190,-0.00009336,0.00079789,0.00092802,-0.00091622,-0.00092727,-0.00136045,-0.00065324,-0.00064192,-0.00030979,-0.00087746,-0.00026439,-0.00001075,0.00139932,0.00001894,0.00002622,0.00072875,-0.00059098,0.00022461,0.00136397,-0.00044159,-0.00042830,-0.00005077,0.00033961,-0.00036643,0.00028275,0.00057723,-0.00079874,-0.00115981,-0.00118331,-0.00137709,-0.00127630,-0.00046211,-0.00170239,0.00003817,0.00047238,-0.00004531,0.00009516,0.00080425,-0.00059375,-0.00116705,-0.00003452,0.00109158,-0.00061434,0.00096807,0.00000000,0.00000000,0.00000000,0.00000000,0.00000000,0.00000000,0.00000000,0.00000000,0.00000000,0.00000000,0.00000000,0.00000000,0.00000000,0.00000000,0.00000000,0.00000000,0.00000000,0.00000000,0.00000000,0.00000000,0.00000000,0.00000000,0.00000000,0.00000000,0.00000000,0.00000000,0.00000000,0.00000000,0.00000000,0.00000000,0.00000000,0.00036680,0.00000000,0.00000000,0.00000000,0.00000000,0.00000000,0.00000000,0.00000000,0.00000000,0.00000000,0.00000000,0.00000000,0.00000000,0.00000000,0.00000000,0.00000000,0.00000000,0.00085820,-0.00068830,0.00072635,-0.00158034,0.00074970,-0.00161366,0.00077981,-0.00064943,0.00011124,0.00150061,-0.00024137,0.00088370,0.00143596,-0.00168653,-0.00107586,0.00031588
0.00048967,-0.00121441,-0.00016233,-0.00067829,0.00065249,0.00033082,0.00038156,-0.00040388,0.00072185,0.00008635,0.00057337,-0.00032323,-0.00074848,0.00056389,0.00052852,0.00063070,-0.01070004,0.00142492,-0.00059079,-0.00217400,-0.00005424,0.00124055,0.00070444,0.00019613,-0.00032676,0.00059631,-0.00002513,-0.00001904,-0.00101609,-0.00061322,0.00055792,-0.00076181,-0.00061489,0.00041161,0.00092982,-0.00108130,0.00057081,-0.00099467,-0.00085371,0.00043601,0.00043387,0.00008370,-0.00023305,-0.00043621,0.00028645,0.00095125,-0.00089273,-0.00039713,-0.00079467,-0.00156105,0.00005509,0.00015686,-0.00015556,-0.00160675,0.00054023,-0.00161174,0.00090714,0.00055424,-0.00050566,0.00009620,0.00062823,0.00011083,0.00016061,0.00019419,0.00100956,-0.00051234,0.00005499,-0.00057554,0.00051857,0.00093064,0.00009020,0.00083289,-0.00047449,0.00068885,-0.00096800,0.00091669,-0.00065283,0.00039727,0.00162492,-0.00114806,0.00007356,0.00088379,0.00000788,0.00039249,-0.00003602,-0.00046893,-0.00117784,0.00068082,0.00041888,0.00170972,0.00178531,-0.00015108,0.00032063,0.00068842,0.00082456,-0.00095464,-0.00114783,-0.00001879,-0.00024638,-0.00109949,0.00141111,-0.00003042,-0.00107021,0.00185418,0.00045552,0.00013243,-0.00037383,0.00101847,-0.00051320,0.00029817,0.00017044,0.00108905,0.00115502,0.00069394,0.00150529,-0.00020025,0.00216933,-0.00021612,-0.00076977,0.00012483,-0.00030554,-0.00035852,0.00066488,0.00152455,-0.00039917,-0.00154650,0.00084880,-0.00103606,0.00000000,0.00000000,0.00000000,0.00000000,0.00000000,0.00000000,0.00000000,0.00000000,0.00000000,0.00000000,0.00000000,0.00000000,0.00000000,0.00000000,0.00000000,0.00000000,0.00000000,0.00000000,0.00000000,0.00000000,0.00000000,0.00000000,0.00000000,0.00000000,0.00000000,0.00000000,0.00000000,0.00000000,0.00000000,0.00000000,0.00000000,0.00000000,0.00056088,0.00000000,0.00000000,0.00000000,0.00000000,0.00000000,0.00000000,0.00000000,0.00000000,0.00000000,0.00000000,0.00000000,0.00000000,0.00000000,0.00000000,0.00000000,-0.00107338,0.00072371,-0.00140821,0.00160795,-0.00083394,0.00109590,-0.00077961,0.00036143,-0.00025569,-0.00141005,-0.00009221,0.00011320,-0.00073265,0.00199543,0.00119379,-0.00140180
-0.00068513,0.00015919,-0.00020945,0.00019926,0.00005112,0.00023619,0.00050588,-0.00049559,-0.00035534,-0.00130924,-0.00049198,-0.00055373,-0.00010209,-0.00020668,-0.00050349,0.00096056,-0.00054118,-0.01421394,0.00095436,-0.00091402,-0.00125251,-0.00113498,0.00024339,-0.00053091,0.00097520,0.00013638,-0.00071302,-0.00158387,-0.00052834,-0.00071755,-0.00045941,0.00089073,0.00029532,0.00020661,-0.00091373,0.00028491,0.00073895,-0.00048835,0.00063139,-0.00117344,-0.00002791,-0.00076854,-0.00024572,0.00016418,0.00096154,-0.00032937,-0.00087747,-0.00066809,0.00055504,-0.00023485,0.00047492,0.00007463,0.00078899,-0.00170931,0.00001992,-0.00062596,0.00164616,-0.00066402,-0.00073543,-0.00074591,-0.00087737,-0.00029492,0.00026522,0.00077594,0.00142094,0.00046474,0.00010024,0.00003324,-0.00011390,0.00042483,0.00000938,0.00133292,-0.00058406,0.00053431,-0.00014905,0.00074907,-0.00133171,0.00083328,0.00024595,-0.00009116,0.00046770,0.00040393,0.00025477,0.00143060,-0.00134447,-0.00091639,0.00032415,-0.00052448,0.00053735,0.00033246,0.00047405,-0.00060371,-0.00067742,0.00006341,-0.00056436,-0.00047165,0.00014679,-0.00065728,-0.00082898,-0.00078909,0.00012319,0.00099832,0.00016935,0.00098922,-0.00071551,-0.00047389,-0.00087842,-0.00061698,0.00014570,0.00073879,-0.00046305,0.00038455,0.00020687,-0.00055713,0.00069573,-0.00077791,0.00139212,0.00063210,0.00063576,-0.00101527,-0.00020108,0.00003540,-0.00063719,0.00138918,0.00079114,-0.00079962,0.00041404,-0.00119248,0.00000000,0.00000000,0.00000000,0.00000000,0.00000000,0.00000000,0.00000000,0.00000000,0.00000000,0.00000000,0.00000000,0.00000000,0.00000000,0.00000000,0.00000000,0.00000000,0.00000000,0.00000000,0.00000000,0.00000000,0.00000000,0.00000000,0.00000000,0.00000000,0.00000000,0.00000000,0.00000000,0.00000000,0.00000000,0.00000000,0.00000000,0.00000000,0.00000000,0.00010977,0.00000000,0.00000000,0.00000000,0.00000000,0.00000000,0.00000000,0.00000000,0.00000000,0.00000000,0.00000000,0.00000000,0.00000000,0.00000000,0.00000000,0.00010174,0.00049799,-0.00013572,-0.00020544,-0.00035990,0.00104121,-0.00012227,0.00022069,-0.00023688,0.00003352,0.00027012,0.00020486,0.00010651,-0.00008485,-0.00020834,-0.00059190
-0.00011313,0.00031199,0.00139844,-0.00047530,-0.00036433,-0.00044092,0.00000134,0.00043939,0.00019102,0.00102001,0.00065334,0.00079289,-0.00022118,0.00053347,0.00048407,-0.00077437,0.00057375,-0.00007645,-0.01120028,0.00104194,0.00042941,0.00015272,0.00076700,0.00143096,0.00053702,0.00022359,-0.00007145,0.00193237,0.00002210,0.00088345,0.00107086,0.00018359,0.00026449,0.00045037,0.00020527,-0.00044911,-0.00037424,0.00120175,-0.00027675,0.00106114,-0.00054771,0.00105619,0.00034530,-0.00034829,-0.00089582,-0.00095836,0.00020169,0.00063108,0.00064005,0.00100820,-0.00114677,0.00018197,0.00002554,0.00112896,-0.00065841,0.00051213,-0.00153962,0.00069581,0.00059467,0.00141108,0.00010065,0.00085828,0.00053059,-0.00079161,-0.00090300,-0.00066307,-0.00138115,0.00011427,0.00027579,-0.00058461,0.00011678,0.00005072,0.00043724,-0.00060171,0.00111799,-0.00096145,0.00066348,-0.00141211,-0.00050348,0.00026363,-0.00057943,0.00023136,0.00003288,-0.00038032,0.00150976,0.00060375,0.00036625,0.00013174,0.00027913,-0.00138394,-0.00027014,0.00036411,0.00003156,-0.00076641,0.00054162,0.00077996,0.00104106,0.00012552,0.00073474,0.00008877,-0.00140914,-0.00076578,0.00099471,-0.00050880,0.00055396,0.00044542,0.00063433,0.00014762,-0.00086090,-0.00053599,0.00009009,-0.00080030,-0.00077935,0.00022260,-0.00118633,0.00044927,-0.00119045,-0.00047229,-0.00073616,0.00095137,-0.00008005,0.00126536,0.00097015,-0.00116532,-0.00016358,0.00026317,-0.00119199,0.00033240,0.00000000,0.00000000,0.00000000,0.00000000,0.00000000,0.00000000,0.00000000,0.00000000,0.00000000,0.00000000,0.00000000,0.00000000,0.00000000,0.00000000,0.00000000,0.00000000,0.00000000,0.00000000,0.00000000,0.00000000,0.00000000,0.00000000,0.00000000,0.00000000,0.00000000,0.00000000,0.00000000,0.00000000,0.00000000,0.00000000,0.00000000,0.00000000,0.00000000,0.00000000,0.00084817,0.00000000,0.00000000,0.00000000,0.00000000,0.00000000,0.00000000,0.00000000,0.00000000,0.00000000,0.00000000,0.00000000,0.00000000,0.00000000,-0.00016920,0.00034814,-0.00030980,-0.00016589,0.00009843,0.00020386,0.00045768,0.00084735,0.00001706,0.00017993,0.00064519,-0.00013940,-0.00015357,-0.00096123,0.00071513,0.00092015
0.00069688,-0.00052220,0.00141425,-0.00168279,0.00034361,-0.00060574,0.00043515,-0.00005986,0.00212061,0.00050076,0.00130256,0.00105445,-0.00084370,0.00201121,0.00098685,-0.00126282,0.00103412,0.00174451,-0.00191671,-0.01328492,0.00118017,0.00237658,0.00152514,0.00094039,-0.00169120,0.00180916,0.00077442,0.00162531,-0.00053350,0.00018327,0.00284873,-0.00205321,0.00043451,0.00214863,0.00124262,-0.00096793,-0.00066614,0.00051662,-0.00189357,0.00166424,0.00096009,0.00201513,0.00206863,-0.00123523,-0.00110019,0.00212851,0.00003550,0.00039399,-0.00068578,-0.00127939,-0.00149485,0.00115637,-0.00171828,0.00076496,-0.00111159,-0.00040317,0.00046648,0.00101761,0.00156953,0.00155347,0.00122966,0.00130669,-0.00174319,-0.00088180,-0.00124748,-0.00188043,-0.00192616,-0.00164440,0.00078155,-0.00106450,0.00149059,0.00159628,0.00111685,-0.00017099,-0.00178180,0.00040063,0.00164228,-0.00211123,0.00196727,0.00003703,-0.00143563,0.00169470,-0.00134093,-0.00111195,0.00182236,-0.00107893,-0.00232516,0.00164470,0.00090478,0.00128536,0.00174463,0.00141359,0.00159821,0.00000459,0.00172168,0.00075567,-0.00059608,0.00060964,0.00088700,-0.00036238,-0.00026457,-0.00025846,-0.00192527,-0.00053663,0.00085358,0.00142485,0.00227018,0.00064121,-0.00139522,-0.00199854,0.00127653,0.00112593,0.00148763,0.00130033,0.00046951,0.00227795,0.00110620,-0.00151291,-0.00209618,0.00203104,0.00094556,0.00009822,0.00234806,-0.00069853,-0.00087153,-0.00058815,-0.00094677,-0.00107297,0.00000000,0.00000000,0.00000000,0.00000000,0.00000000,0.00000000,0.00000000,0.00000000,0.00000000,0.00000000,0.00000000,0.00000000,0.00000000,0.00000000,0.00000000,0.00000000,0.00000000,0.00000000,0.00000000,0.00000000,0.00000000,0.00000000,0.00000000,0.00000000,0.00000000,0.00000000,0.00000000,0.00000000,0.00000000,0.00000000,0.00000000,0.00000000,0.00000000,0.00000000,0.00000000,-0.00033122,0.00000000,0.00000000,0.00000000,0.00000000,0.00000000,0.00000000,0.00000000,0.00000000,0.00000000,0.00000000,0.00000000,0.00000000,-0.00179013,0.00143477,-0.00173856,0.00090917,-0.00139970,0.00243412,-0.00196065,0.00204648,-0.00028109,-0.00196037,-0.00048313,-0.00064025,-0.00208976,0.00238291,0.00181072,-0.00111623
0.00035889,-0.00068081,-0.00036249,-0.00063750,0.00118281,-0.00021024,0.00079840,0.00029334,0.00151792,0.00052631,0.00178295,0.00010837,-0.00142101,0.00129018,0.00099090,-0.00090030,0.00088237,0.00094756,-0.00115018,-0.00128686,-0.00961248,0.00144791,0.00018791,0.00059953,-0.00101632,0.00061761,0.00084414,0.00035563,-0.00133379,-0.00055513,0.00122356,-0.00083247,-0.00041201,0.00081415,0.00083790,-0.00121800,-0.00112461,-0.00020291,-0.00069500,0.00080534,0.00022207,0.00181175,0.00137421,-0.00050737,-0.00001204,0.00125454,0.00038745,0.00057519,-0.00131996,-0.00145693,-0.00056126,0.00128698,-0.00097461,0.00007811,-0.00074238,-0.00086432,0.00157635,0.00057767,0.00094050,0.00059929,0.00046376,0.00027976,-0.00061035,-0.00028553,-0.00019507,-0.00018411,-0.00101117,-0.00110664,0.00086254,-0.00064868,0.00045013,-0.00026289,-0.00041114,0.00042265,-0.00159760,0.00112856,0.00005509,-0.00043965,0.00033083,-0.00076112,-0.00140856,0.00105174,-0.00100629,-0.00054001,0.00050376,-0.00076949,-0.00134731,0.00050391,0.00027226,0.00131964,0.00112635,0.00077913,0.00090816,0.00087787,0.00094948,-0.00111147,-0.00158879,-0.00018838,0.00054960,-0.00102172,0.00035065,0.00084460,-0.00124837,0.00044472,0.00053194,0.00130347,-0.00011775,0.00040951,0.00041188,-0.00098131,0.00107520,0.00109509,0.00028079,0.00103738,0.00162359,0.00045709,0.00255865,-0.00094353,-0.00138287,0.00065047,0.00037896,-0.00093361,0.00108086,0.00081558,-0.00031345,-0.00060665,0.00045632,-0.00138146,0.00000000,0.00000000,0.00000000,0.00000000,0.00000000,0.00000000,0.00000000,0.00000000,0.00000000,0.00000000,0.00000000,0.00000000,0.00000000,0.00000000,0.00000000,0.00000000,0.00000000,0.00000000,0.00000000,0.00000000,0.00000000,0.00000000,0.00000000,0.00000000,0.00000000,0.00000000,0.00000000,0.00000000,0.00000000,0.00000000,0.00000000,0.00000000,0.00000000,0.00000000,0.00000000,0.00000000,0.00140115,0.00000000,0.00000000,0.00000000,0.00000000,0.00000000,0.00000000,0.00000000,0.00000000,0.00000000,0.00000000,0.00000000,-0.00073287,0.00045542,-0.00109137,0.00105210,-0.00048368,0.00185038,-0.00050598,0.00178906,-0.00044283,-0.00065363,-0.00096806,-0.00106590,-0.00105888,0.00185266,0.00114917,-0.00132094
0.00027590,-0.00027814,0.00007448,-0.00027397,0.00021108,0.00072614,0.00108749,-0.00012102,0.00070726,-0.00040128,0.00046321,0.00003985,-0.00009650,0.00006451,-0.00051537,-0.00050457,0.00073417,0.00062875,-0.00086661,-0.00051133,0.00041497,-0.01332587,0.00049634,-0.00027211,-0.00073545,0.00072119,-0.00030227,0.00046343,-0.00128784,-0.00010788,0.00007416,-0.00108125,0.00003293,0.00094922,0.00030501,-0.00106157,-0.00022495,-0.00023179,-0.00106323,-0.00007725,0.00077036,0.00013414,0.00002787,0.00006376,0.00087168,0.00079382,-0.00041062,0.00012221,-0.00025252,-0.00141127,0.00003759,0.00038689,0.00027380,-0.00041825,0.00013486,-0.00049088,0.00139522,0.00079625,-0.00022527,0.00022617,0.00025602,0.00060045,0.00001888,-0.00002520,0.00082141,0.00011331,-0.00035551,-0.00009048,0.00042653,0.00004799,0.00037976,0.00025712,-0.00090826,0.00064267,-0.00138883,0.00100020,-0.00037246,-0.00017098,0.00056749,-0.00129451,0.00033823,0.00078169,0.00000803,0.00014734,0.00048326,-0.00149624,-0.00120312,0.00032840,0.00095075,0.00057674,0.00099914,-0.00019062,0.00071352,0.00026674,0.00068651,-0.00060254,-0.00144202,0.00022757,-0.00002546,-0.00019781,0.00051765,-0.00003743,-0.00067297,0.00044132,0.00040153,-0.00041502,-0.00109971,-0.00006502,-0.00001407,0.00002130,0.00069886,0.00063290,0.00135253,0.00028575,0.00034998,-0.00044345,0.00206209,-0.00065976,-0.00011196,0.00064434,-0.00045940,-0.00114628,0.00059812,0.00128689,-0.00010400,-0.00074259,0.00061340,-0.00031641,0.00000000,0.00000000,0.00000000,0.00000000,0.00000000,0.00000000,0.00000000,0.00000000,0.00000000,0.00000000,0.00000000,0.00000000,0.00000000,0.00000000,0.00000000,0.00000000,0.00000000,0.00000000,0.00000000,0.00000000,0.00000000,0.00000000,0.00000000,0.00000000,0.00000000,0.00000000,0.00000000,0.00000000,0.00000000,0.00000000,0.00000000,0.00000000,0.00000000,0.00000000,0.00000000,0.00000000,0.00000000,-0.00073759,0.00000000,0.00000000,0.00000000,0.00000000,0.00000000,0.00000000,0.00000000,0.00000000,0.00000000,0.00000000,-0.00100925,-0.00024776,-0.00094858,0.00084026,0.00021816,0.00069495,-0.00068849,0.00005549,0.00062593,-0.00009745,0.00057168,-0.00071311,-0.00030481,-0.00001459,0.00091147,-0.00122309
0.00028409,-0.00093473,-0.00006141,-0.00035468,0.00058269,-0.00030010,0.00072514,-0.00077202,0.00066834,-0.00006164,0.00065559,0.00051896,-0.00087468,0.00121103,0.00016839,0.00018422,0.00045115,0.00163394,0.00008588,-0.00159004,-0.00063004,0.00047862,-0.01034054,0.00055112,-0.00088860,0.00052185,0.00082358,0.00038303,-0.00204310,0.00006760,0.00037701,-0.00043373,-0.00006269,0.00030326,0.00071157,0.00039902,-0.00017738,-0.00008237,-0.00089980,0.00016069,0.00083948,0.00026415,0.00057274,0.00060068,0.00008828,0.00048425,0.00021216,-0.00014118,0.00010049,-0.00081813,-0.00035151,0.00137013,-0.00037082,-0.00030868,0.00024144,-0.00092771,0.00081245,0.00104723,-0.00015469,0.00024199,0.00035858,-0.00089118,-0.00011255,-0.00040237,0.00066574,0.00005995,-0.00029439,-0.00036974,0.00070341,0.00028946,0.00025690,0.00077601,-0.00004016,-0.00008419,-0.00133701,0.00139690,-0.00083975,0.00050930,0.00086391,-0.00107493,-0.00042355,0.00102910,-0.00090024,0.00023188,-0.00050841,-0.00156418,-0.00044277,0.00018408,0.00076930,0.00121592,0.00045292,0.00026824,0.00066446,0.00098594,0.00056230,-0.00057818,-0.00110798,-0.00050594,-0.00108988,-0.00058441,0.00164475,0.00023205,-0.00107271,0.00046796,0.00036917,0.00001806,-0.00105278,0.00047199,-0.00047060,-0.00056975,0.00016080,0.00074380,0.00107640,0.00032199,0.00194861,-0.00030461,0.00172476,0.00001356,-0.00003743,0.00000909,0.00008581,-0.00011059,0.00059859,0.00011599,-0.00042981,-0.00161924,0.00036860,-0.00168072,0.00000000,0.00000000,0.00000000,0.00000000,0.00000000,0.00000000,0.00000000,0.00000000,0.00000000,0.00000000,0.00000000,0.00000000,0.00000000,0.00000000,0.00000000,0.00000000,0.00000000,0.00000000,0.00000000,0.00000000,0.00000000,0.00000000,0.00000000,0.00000000,0.00000000,0.00000000,0.00000000,0.00000000,0.00000000,0.00000000,0.00000000,0.00000000,0.00000000,0.00000000,0.00000000,0.00000000,0.00000000,0.00000000,-0.00055899,0.00000000,0.00000000,0.00000000,0.00000000,0.00000000,0.00000000,0.00000000,0.00000000,0.00000000,-0.00123310,0.00024776,-0.00050020,0.00096872,-0.00043707,0.00105611,-0.00107078,0.00096628,0.00012723,-0.00054461,0.00109860,-0.00031942,-0.00107572,0.00183074,0.00079147,-0.00130497
-0.00009601,0.00014683,-0.00040938,-0.00000032,0.00049547,0.00044630,0.00127827,-0.00008594,0.00088126,-0.00041103,0.00080009,0.00015661,-0.00055092,0.00015425,-0.00009140,0.00035490,0.00031950,0.00106784,-0.00018295,-0.00165668,-0.00004450,-0.00010068,0.00061907,-0.01215118,-0.00095998,0.00053846,0.00056818,-0.00065168,-0.00105181,-0.00054428,0.00098945,-0.00038477,-0.00046756,0.00059645,0.00071573,-0.00033923,-0.00041262,-0.00037933,0.00023753,0.00011428,0.00015280,0.00051121,0.00040996,-0.00054081,0.00068768,0.00083944,-0.00124752,0.00001907,-0.00071882,-0.00121494,0.00003326,0.00073581,0.00018108,-0.00061919,0.00043882,-0.00115950,0.00132102,0.00031862,0.00008263,0.00101187,0.00065365,0.00067362,0.00009659,0.00001164,-0.00003905,0.00040764,-0.00003005,-0.00088984,0.00015728,0.00003912,0.00060398,0.00008167,-0.00053718,0.00037109,-0.00108683,0.00063417,-0.00077948,0.00071950,0.00078026,-0.00124690,-0.00006591,0.00079841,-0.00042143,-0.00007196,-0.00060388,-0.00157096,-0.00059216,-0.00002768,0.00062875,0.00099603,0.00103880,-0.00059307,0.00050783,0.00068451,-0.00020615,-0.00089477,-0.00168505,-0.00071437,0.00013953,-0.00086149,-0.00003483,0.00088126,-0.00083493,0.00118894,-0.00069582,-0.00027571,-0.00072557,-0.00057432,0.00090347,-0.00002898,0.00021029,0.00107579,0.00096430,0.00007973,0.00060243,-0.00015909,0.00164259,-0.00072650,-0.00037083,0.00001230,-0.00064473,-0.00080530,0.00055375,0.00146369,0.00033070,-0.00142757,0.00050457,-0.00106732,0.00000000,0.00000000,0.00000000,0.00000000,0.00000000,0.00000000,0.00000000,0.00000000,0.00000000,0.00000000,0.00000000,0.00000000,0.00000000,0.00000000,0.00000000,0.00000000,0.00000000,0.00000000,0.00000000,0.00000000,0.00000000,0.00000000,0.00000000,0.00000000,0.00000000,0.00000000,0.00000000,0.00000000,0.00000000,0.00000000,0.00000000,0.00000000,0.00000000,0.00000000,0.00000000,0.00000000,0.00000000,0.00000000,0.00000000,-0.00242677,0.00000000,0.00000000,0.00000000,0.00000000,0.00000000,0.00000000,0.00000000,0.00000000,-0.00078255,0.00050457,-0.00039691,0.00070624,-0.00084895,0.00083461,-0.00042717,0.00060684,0.00040535,-0.00076106,-0.00026190,-0.00107175,-0.00104902,0.00051951,0.00100881,-0.00066316
0.00040452,0.00052239,0.00019610,-0.00098246,-0.00160418,-0.00065090,-0.00019784,0.00025577,-0.00009571,0.00104812,0.00019584,0.00065526,0.00035654,-0.00038875,-0.00023059,-0.00051060,0.00072342,0.00034914,0.00042440,0.00132556,0.00062072,-0.00011788,0.00016698,-0.00037581,-0.01134967,0.00002949,0.00079383,0.00029332,0.00126041,0.00173776,0.00058030,-0.00065839,0.00007332,-0.00025467,0.00006302,0.00056301,-0.00054267,0.00121083,-0.00023214,0.00036613,0.00042794,0.00005960,0.00005735,-0.00013893,-0.00086812,-0.00022359,0.00055711,0.00057671,-0.00031702,0.00029991,-0.00043773,-0.00046064,-0.00092942,0.00021695,-0.00011685,0.00113819,-0.00182560,-0.00033237,0.00038345,0.00017012,0.00038413,0.00092237,-0.00098907,-0.00049140,-0.00048355,-0.00117691,-0.00030560,-0.00004333,-0.00000673,-0.00089621,0.00050169,0.00016683,0.00059126,-0.00032376,0.00037984,-0.00124138,0.00094280,-0.00056138,-0.00117052,0.00101730,-0.00069807,0.00056314,-0.00010607,-0.00061337,-0.00001443,0.00051063,0.00029573,0.00081854,-0.00093883,-0.00091901,-0.00125789,-0.00028914,-0.00047035,-0.00135025,0.00033933,0.00137256,0.00147863,0.00038734,0.00146991,0.00027906,-0.00106209,-0.00097061,0.00059947,-0.00115920,0.00034154,0.00004829,0.00092483,0.00104400,-0.00053335,-0.00058977,0.00090099,-0.00056370,-0.00089367,0.00001737,-0.00075232,0.00030639,-0.00183660,0.00006988,0.00030388,0.00038865,0.00034835,0.00077851,-0.00040224,-0.00164240,-0.00057306,0.00151251,-0.00042305,0.00178215,0.00000000,0.00000000,0.00000000,0.00000000,0.00000000,0.00000000,0.00000000,0.00000000,0.00000000,0.00000000,0.00000000,0.00000000,0.00000000,0.00000000,0.00000000,0.00000000,0.00000000,0.00000000,0.00000000,0.00000000,0.00000000,0.00000000,0.00000000,0.00000000,0.00000000,0.00000000,0.00000000,0.00000000,0.00000000,0.00000000,0.00000000,0.00000000,0.00000000,0.00000000,0.00000000,0.00000000,0.00000000,0.00000000,0.00000000,0.00000000,-0.00019781,0.00000000,0.00000000,0.00000000,0.00000000,0.00000000,0.00000000,0.00000000,0.00031979,-0.00014313,0.00001746,0.00057141,0.00057841,-0.00079764,-0.00005935,-0.00009864,-0.00006578,0.00060815,0.00062425,0.00012946,-0.00056980,-0.00084364,0.00039702,0.00030661
0.00031211,-0.00057427,-0.00053979,0.00045756,0.00123182,0.00083845,0.00071111,0.00020806,0.00010935,-0.00103666,0.00028983,0.00012137,0.00021864,0.00037942,0.00004145,0.00022759,-0.00010655,0.00100008,-0.00009875,-0.00100010,-0.00072760,0.00000951,-0.00052665,-0.00044870,-0.00014024,-0.01281288,-0.00019291,-0.00046710,-0.00100749,-0.00088523,0.00081276,0.00094315,0.00004885,0.00076246,0.00060048,-0.00082962,0.00049433,-0.00058827,0.00029407,-0.00057729,0.00050978,-0.00004408,0.00051768,-0.00026095,0.00143673,0.00032416,-0.00102357,0.00026605,-0.00035413,-0.00067006,0.00027403,-0.00008341,0.00034311,-0.00105741,0.00020043,-0.00056844,0.00120756,0.00065877,-0.00002623,-0.00060068,0.00016182,-0.00005402,0.00029163,0.00038916,0.00052505,0.00056703,-0.00002517,-0.00028489,-0.00027010,0.00070586,-0.00060114,0.00087842,0.00040936,0.00051818,-0.00087685,0.00120880,-0.00051671,0.00000331,0.00136978,-0.00102335,0.00066943,0.00027039,-0.00059585,0.00062503,0.00002247,-0.00077606,-0.00084176,-0.00033098,0.00070961,0.00049739,0.00059617,-0.00071749,-0.00009914,0.00049680,0.00059510,0.00030934,-0.00152885,-0.00110340,-0.00071182,-0.00078286,0.00109644,0.00127287,-0.00042577,0.00025075,0.00015092,-0.00023823,-0.00097180,-0.00044251,0.00086228,0.00045523,-0.00005560,-0.00023663,0.00021800,-0.00061767,0.00109979,-0.00027814,0.00145730,0.00071653,-0.00013313,0.00010321,0.00023373,-0.00102312,0.00004908,0.00171203,-0.00005496,-0.00065534,0.00120455,-0.00098651,0.00000000,0.00000000,0.00000000,0.00000000,0.00000000,0.00000000,0.00000000,0.00000000,0.00000000,0.00000000,0.00000000,0.00000000,0.00000000,0.00000000,0.00000000,0.00000000,0.00000000,0.00000000,0.00000000,0.00000000,0.00000000,0.00000000,0.00000000,0.00000000,0.00000000,0.00000000,0.00000000,0.00000000,0.00000000,0.00000000,0.00000000,0.00000000,0.00000000,0.00000000,0.00000000,0.00000000,0.00000000,0.00000000,0.00000000,0.00000000,0.00000000,-0.00092656,0.00000000,0.00000000,0.00000000,0.00000000,0.00000000,0.00000000,-0.00018430,-0.00050080,-0.00005568,0.00027131,-0.00074974,0.00119836,-0.00026274,0.00009980,-0.00041557,-0.00072252,-0.00029328,0.00006074,-0.00008406,0.00078173,0.00019058,-0.00025333
0.00015873,-0.00021533,-0.00007781,-0.00100889,0.00043190,-0.00032564,0.00063821,-0.00071862,0.00077157,0.00096792,0.00132332,0.00020312,-0.00045204,0.00101086,0.00022681,-0.00058491,0.00105590,0.00139314,-0.00093841,-0.00111818,0.00087685,0.00073945,0.00107253,0.00107742,-0.00126082,0.00110057,-0.01227589,0.00024438,-0.00133603,0.00000717,0.00144819,-0.00114159,-0.00032443,0.00036323,0.00122676,-0.00146701,-0.00071366,-0.00067045,-0.00087477,0.00068925,0.00109829,0.00087668,0.00084024,-0.00044354,-0.00085629,0.00063069,-0.00029828,0.00087953,-0.00096466,-0.00186165,-0.00030050,0.00068267,-0.00062088,0.00015301,-0.00027581,-0.00083126,0.00156526,0.00093418,0.00123350,0.00067277,0.00083934,-0.00004569,-0.00024804,-0.00053202,0.00038241,-0.00119380,-0.00078919,-0.00060247,-0.00008139,-0.00015093,0.00068172,0.00040404,0.00030637,0.00031173,-0.00113241,0.00114802,0.00071434,-0.00076344,0.00124762,-0.00059553,0.00008016,0.00066313,-0.00082074,-0.00099498,0.00027473,-0.00099397,-0.00129622,0.00100455,0.00019025,0.00102559,0.00110914,0.00014684,0.00076375,0.00114979,0.00074366,-0.00032892,-0.00077600,0.00103677,0.00008432,-0.00090089,0.00036099,0.00027755,-0.00121957,-0.00021453,0.00102429,-0.00004049,-0.00021747,0.00053286,0.00031479,-0.00095315,0.00107171,0.00105809,0.00085243,0.00087394,0.00070756,0.00051451,0.00113433,-0.00145500,-0.00120074,0.00089117,0.00033668,-0.00086725,0.00089807,0.00099499,-0.00043764,0.00048228,0.00064023,-0.00053606,0.00000000,0.00000000,0.00000000,0.00000000,0.00000000,0.00000000,0.00000000,0.00000000,0.00000000,0.00000000,0.00000000,0.00000000,0.00000000,0.00000000,0.00000000,0.00000000,0.00000000,0.00000000,0.00000000,0.00000000,0.00000000,0.00000000,0.00000000,0.00000000,0.00000000,0.00000000,0.00000000,0.00000000,0.00000000,0.00000000,0.00000000,0.00000000,0.00000000,0.00000000,0.00000000,0.00000000,0.00000000,0.00000000,0.00000000,0.00000000,0.00000000,0.00000000,0.00108255,0.00000000,0.00000000,0.00000000,0.00000000,0.00000000,-0.00062136,0.00000942,-0.00133055,0.00060730,-0.00027213,0.00149048,-0.00033775,0.00067406,0.00129320,-0.00047032,0.00036305,-0.00071615,-0.00168353,0.00135219,0.00136947,-0.00089442
0.00025726,-0.00018268,-0.00060204,-0.00036119,0.00073873,0.00037840,0.00073425,-0.00063505,0.00078146,-0.00076375,0.00077857,-0.00057672,-0.00091702,0.00036498,-0.00000515,0.00007686,0.00081188,0.00023973,-0.00005367,-0.00054875,-0.00043092,0.00080632,0.00035818,-0.00058532,-0.00093450,0.00085466,-0.00041225,-0.01396851,-0.00128991,-0.00006336,0.00129093,-0.00117689,-0.00060750,0.00043454,0.00109806,-0.00006169,0.00010066,-0.00029791,-0.00010059,0.00011635,0.00128172,-0.00001345,0.00060560,-0.00057228,0.00064375,0.00065711,-0.00027039,0.00034758,-0.00018049,-0.00147913,-0.00045528,0.00034574,-0.00041510,0.00004143,0.00018934,0.00018637,0.00113156,0.00019168,0.00071905,-0.00040076,0.00006830,-0.00051319,-0.00050677,-0.00027904,0.00042090,0.00028172,0.00005890,-0.00048960,-0.00011752,-0.00003352,0.00007410,0.00060886,0.00014454,0.00058686,-0.00078906,0.00034428,-0.00050419,-0.00013736,0.00148113,-0.00029525,0.00009763,0.00088743,-0.00042445,-0.00109979,-0.00042649,-0.00094339,-0.00080519,-0.00000405,-0.00038755,0.00117222,0.00082534,0.00014910,0.00101000,0.00059853,0.00000165,-0.00002443,-0.00020136,0.00006649,-0.00023919,-0.00133242,0.00070707,0.00065272,-0.00004775,-0.00047832,0.00008229,-0.00079011,-0.00131994,0.00026940,-0.00023732,-0.00067601,0.00012698,0.00056938,0.00108375,0.00049150,0.00032991,-0.00027054,0.00142030,-0.00025308,-0.00024675,-0.00001720,-0.00039065,-0.00149127,-0.00003287,0.00113145,0.00034889,-0.00142803,0.00040054,-0.00107841,0.00000000,0.00000000,0.00000000,0.00000000,0.00000000,0.00000000,0.00000000,0.00000000,0.00000000,0.00000000,0.00000000,0.00000000,0.00000000,0.00000000,0.00000000,0.00000000,0.00000000,0.00000000,0.00000000,0.00000000,0.00000000,0.00000000,0.00000000,0.00000000,0.00000000,0.00000000,0.00000000,0.00000000,0.00000000,0.00000000,0.00000000,0.00000000,0.00000000,0.00000000,0.00000000,0.00000000,0.00000000,0.00000000,0.00000000,0.00000000,0.00000000,0.00000000,0.00000000,-0.00012766,0.00000000,0.00000000,0.00000000,0.00000000,-0.00055476,0.00139066,-0.00042337,0.00013331,-0.00074587,0.00126673,-0.00039195,0.00027379,0.00087597,-0.00047804,-0.00040138,-0.00012214,-0.00053364,0.00142876,0.00068118,-0.00076855
0.00026025,-0.00046142,0.00189403,-0.00175141,0.00132234,-0.00123717,0.00129885,0.00028474,0.00188820,0.00112900,0.00233656,0.00187118,-0.00159772,0.00217986,0.00134915,-0.00188706,0.00213578,0.00169487,-0.00246848,-0.00035618,0.00167972,0.00145635,0.00129067,0.00153496,-0.00171470,0.00163523,0.00112329,0.00137179,-0.01381768,0.00099666,0.00174895,-0.00183536,0.00071353,0.00127477,0.00192052,-0.00162423,-0.00113909,0.00090410,-0.00196828,0.00140896,0.00135536,0.00177542,0.00185133,-0.00067708,-0.00152509,0.00140582,0.00076409,0.00207770,-0.00144740,-0.00201467,-0.00220590,0.00163204,-0.00141318,0.00110656,-0.00189551,-0.00009307,-0.00028166,0.00155621,0.00134813,0.00158635,0.00164178,0.00161951,-0.00155610,-0.00187945,-0.00118972,-0.00101706,-0.00211187,-0.00236451,0.00093507,-0.00059070,0.00146949,0.00091868,0.00103882,-0.00026625,-0.00177948,0.00073354,0.00098608,-0.00153784,0.00115363,-0.00072048,-0.00217750,0.00201888,-0.00209894,-0.00161296,0.00151795,-0.00089984,-0.00209419,0.00146843,0.00017968,0.00172653,0.00186815,0.00119645,0.00175964,0.00035457,0.00127833,-0.00047736,-0.00060615,0.00095259,0.00074120,-0.00068074,-0.00047096,0.00018292,-0.00102823,-0.00053571,0.00123001,0.00110351,0.00088131,0.00117396,-0.00137965,-0.00218738,0.00163432,0.00152089,0.00146006,0.00097731,0.00033643,0.00207064,0.00115787,-0.00130628,-0.00118118,0.00156686,0.00073451,0.00128222,0.00138090,0.00088214,-0.00115219,0.00076364,-0.00132624,-0.00192535,0.00000000,0.00000000,0.00000000,0.00000000,0.00000000,0.00000000,0.00000000,0.00000000,0.00000000,0.00000000,0.00000000,0.00000000,0.00000000,0.00000000,0.00000000,0.00000000,0.00000000,0.00000000,0.00000000,0.00000000,0.00000000,0.00000000,0.00000000,0.00000000,0.00000000,0.00000000,0.00000000,0.00000000,0.00000000,0.00000000,0.00000000,0.00000000,0.00000000,0.00000000,0.00000000,0.00000000,0.00000000,0.00000000,0.00000000,0.00000000,0.00000000,0.00000000,0.00000000,0.00000000,0.00019170,0.00000000,0.00000000,0.00000000,-0.00204628,0.00014893,-0.00178514,0.00151586,-0.00100106,0.00221185,-0.00158450,0.00205161,-0.00061165,-0.00135653,-0.00059758,-0.00092906,-0.00091219,0.00171045,0.00131124,-0.00155761
0.00058389,0.00027784,-0.00013043,-0.00142371,0.00114606,0.00011291,0.00050871,-0.00046217,0.00192884,0.00092511,0.00171546,0.00040563,-0.00089348,0.00112973,0.00091178,-0.00130843,0.00161649,0.00138876,-0.00189548,-0.00119385,0.00043695,0.00114149,0.00127849,0.00048082,-0.00130487,0.00168198,0.00020869,0.00099038,-0.00132253,-0.01228359,0.00216206,-0.00197674,-0.00022109,0.00072084,0.00151454,-0.00076416,-0.00080903,-0.00020550,-0.00192966,0.00032191,0.00091717,0.00131641,0.00138087,-0.00065997,-0.00004918,0.00161915,-0.00076011,0.00226799,-0.00155842,-0.00185422,-0.00131160,0.00140298,-0.00065517,0.00028223,-0.00104214,-0.00046716,0.00164962,0.00072507,0.00148486,0.00100099,0.00090425,0.00135840,-0.00130774,-0.00015320,-0.00039705,-0.00070404,-0.00124185,-0.00123714,0.00082588,-0.00113666,0.00074844,0.00046451,0.00052456,-0.00056738,-0.00104893,0.00085060,0.00107905,-0.00089680,0.00138149,-0.00074390,-0.00141983,0.00152084,-0.00063624,-0.00081697,0.00110532,-0.00137614,-0.00155554,0.00102922,0.00009953,0.00044589,0.00212619,0.00057757,0.00149099,0.00076891,0.00083302,-0.00093674,-0.00138164,0.00003928,-0.00040351,-0.00031918,0.00071068,0.00103394,-0.00198193,-0.00101163,0.00043942,0.00080926,0.00002473,0.00100617,-0.00083313,-0.00148169,0.00142946,0.00058076,0.00143087,0.00064953,0.00146362,0.00149638,0.00150650,-0.00102956,-0.00193471,0.00176902,0.00008450,-0.00076479,0.00134368,0.00131211,-0.00103762,-0.00059114,-0.00032200,-0.00053708,0.00000000,0.00000000,0.00000000,0.00000000,0.00000000,0.00000000,0.00000000,0.00000000,0.00000000,0.00000000,0.00000000,0.00000000,0.00000000,0.00000000,0.00000000,0.00000000,0.00000000,0.00000000,0.00000000,0.00000000,0.00000000,0.00000000,0.00000000,0.00000000,0.00000000,0.00000000,0.00000000,0.00000000,0.00000000,0.00000000,0.00000000,0.00000000,0.00000000,0.00000000,0.00000000,0.00000000,0.00000000,0.00000000,0.00000000,0.00000000,0.00000000,0.00000000,0.00000000,0.00000000,0.00000000,-0.00116274,0.00000000,0.00000000,-0.00131500,0.00015398,-0.00153130,0.00041018,-0.00099848,0.00249592,-0.00127147,0.00114361,-0.00054488,-0.00057389,-0.00093269,-0.00153167,-0.00111703,0.00135569,0.00124439,-0.00187947
-0.00058192,-0.00053766,-0.00072499,-0.00035057,0.00034525,0.00045007,0.00076026,-0.00025762,0.00018818,-0.00084095,0.00034469,-0.00045276,-0.00057820,-0.00010767,0.00025119,-0.00049483,-0.00030105,0.00075090,-0.00010206,-0.00040601,-0.00021078,-0.00077898,-0.00006716,0.00021386,-0.00009473,0.00103016,0.00016086,0.00054398,-0.00147328,-0.00028971,-0.01018731,0.00013872,-0.00048052,0.00022634,-0.00003169,-0.00032703,0.00072560,-0.00118502,-0.00000014,-0.00038668,0.00095268,-0.00035090,0.00015235,0.00016435,0.00148621,-0.00002517,-0.00049466,-0.00015693,-0.00003273,-0.00100185,0.00053849,0.00009000,0.00039173,-0.00100912,-0.00030153,-0.00036364,0.00158644,0.00087262,0.00096447,-0.00052223,-0.00041142,0.00001541,-0.00001810,0.00034372,0.00060232,0.00021625,-0.00013147,0.00000214,0.00073878,0.00016138,0.00062165,0.00030645,-0.00029287,0.00000519,-0.00078435,0.00077032,-0.00022040,0.00021381,0.00119380,-0.00102799,0.00050324,0.00038110,-0.00023187,0.00052493,-0.00074759,-0.00176061,-0.00023317,0.00027922,0.00107554,0.00122061,0.00033586,0.00033196,-0.00002502,0.00045266,0.00012035,-0.00085673,-0.00133333,-0.00024985,-0.00086454,0.00001264,0.00086959,0.00011032,-0.00043566,0.00066378,-0.00055275,0.00015769,-0.00115510,0.00051750,-0.00039744,-0.00005645,0.00021367,0.00020664,0.00091423,0.00002408,0.00101454,-0.00047324,0.00169653,-0.00037216,-0.00027393,-0.00010195,-0.00033416,-0.00028405,0.00022444,0.00122521,-0.00029696,-0.00096271,0.00107915,-0.00057822,0.00000000,0.00000000,0.00000000,0.00000000,0.00000000,0.00000000,0.00000000,0.00000000,0.00000000,0.00000000,0.00000000,0.00000000,0.00000000,0.00000000,0.00000000,0.00000000,0.00000000,0.00000000,0.00000000,0.00000000,0.00000000,0.00000000,0.00000000,0.00000000,0.00000000,0.00000000,0.00000000,0.00000000,0.00000000,0.00000000,0.00000000,0.00000000,0.00000000,0.00000000,0.00000000,0.00000000,0.00000000,0.00000000,0.00000000,0.00000000,0.00000000,0.00000000,0.00000000,0.00000000,0.00000000,0.00000000,0.00207256,0.00000000,-0.00065512,0.00005266,0.00020554,0.00044439,-0.00011413,0.00139329,-0.00058092,0.00050415,0.00074014,-0.00066654,-0.00009562,-0.00068642,-0.00021810,0.00125609,-0.00035430,-0.00049535
-0.00002179,0.00100099,0.00090511,-0.00059840,-0.00112746,-0.00045847,-0.00118734,-0.00008103,-0.00029403,0.00071936,0.00064995,0.00041674,0.00003359,0.00079383,0.00067748,-0.00085799,0.00063225,0.00007858,0.00017160,0.00076913,0.00118348,0.00039396,0.00085722,0.00075176,-0.00064092,0.00084767,0.00055550,0.00037783,0.00170458,0.00119880,0.00083008,-0.01157306,0.00042327,-0.00009700,0.00066196,0.00012947,-0.00095153,0.00071790,-0.00097020,0.00081033,0.00054659,0.00066565,0.00019484,-0.00002311,-0.00138770,0.00048307,0.00112753,0.00070554,-0.00013404,0.00041454,-0.00034333,-0.00007718,-0.00056678,0.00068255,-0.00073501,0.00161746,-0.00257518,0.00027190,0.00067269,0.00136547,0.00075812,0.00089410,0.00021623,-0.00031598,-0.00039917,-0.00088729,-0.00018045,-0.00102092,-0.00018796,-0.00060339,0.00024045,0.00041941,-0.00001208,-0.00079244,0.00020530,-0.00100767,0.00105040,-0.00103985,-0.00038606,0.00035722,-0.00084125,0.00045678,-0.00071086,-0.00050523,0.00126105,0.00089835,0.00028941,0.00083881,-0.00160563,-0.00103321,-0.00065398,0.00050278,0.00111142,-0.00085919,0.00081882,0.00041014,0.00104776,0.00116302,0.00096500,0.00022095,-0.00120466,-0.00068963,-0.00000653,-0.00147753,0.00051033,0.00011468,0.00140767,-0.00021992,-0.00105542,-0.00054654,0.00015694,-0.00164101,-0.00086013,-0.00016980,-0.00173008,0.00093211,-0.00200927,0.00022941,-0.00031796,0.00053906,0.00090008,0.00168049,0.00042815,-0.00118812,-0.00062866,0.00134771,-0.00137260,0.00123834,0.00000000,0.00000000,0.00000000,0.00000000,0.00000000,0.00000000,0.00000000,0.00000000,0.00000000,0.00000000,0.00000000,0.00000000,0.00000000,0.00000000,0.00000000,0.00000000,0.00000000,0.00000000,0.00000000,0.00000000,0.00000000,0.00000000,0.00000000,0.00000000,0.00000000,0.00000000,0.00000000,0.00000000,0.00000000,0.00000000,0.00000000,0.00000000,0.00000000,0.00000000,0.00000000,0.00000000,0.00000000,0.00000000,0.00000000,0.00000000,0.00000000,0.00000000,0.00000000,0.00000000,0.00000000,0.00000000,0.00000000,0.00045527,-0.00018481,0.00005322,0.00044052,0.00024520,0.00039477,-0.00025849,-0.00029228,0.00006686,-0.00074292,-0.00011652,0.00026652,-0.00043705,0.00019970,-0.00075494,-0.00016652,0.00047058
-0.00003919,-0.00005508,0.00123559,-0.00081804,0.00037050,-0.00011402,0.00058389,-0.00011176,0.00129975,0.00025666,0.00163708,-0.00022792,-0.00068538,0.00070778,0.00118731,-0.00047208,0.00058149,0.00161309,-0.00161251,0.00015295,0.00065271,0.00141394,0.00071884,0.00044427,-0.00186829,0.00153080,0.00041138,0.00088028,0.00043391,0.00104328,0.00153425,-0.00185615,-0.01396492,0.00166773,0.00107168,-0.00069974,-0.00075954,-0.00001729,-0.00088377,0.00082121,0.00044303,0.00121238,0.00120301,0.00030829,0.00033855,0.00053281,-0.00028911,0.00050248,-0.00087365,-0.00266491,-0.00036468,0.00097147,-0.00109295,0.00088587,-0.00014887,0.00056591,0.00006348,0.00041708,0.00115992,0.00081714,0.00147796,0.00087603,-0.00076976,-0.00110745,-0.00102489,-0.00074466,-0.00058457,-0.00121891,0.00048932,-0.00118508,0.00003093,0.00078186,-0.00007959,-0.00048052,-0.00100754,-0.00001921,0.00059171,-0.00106822,0.00050981,-0.00089044,-0.00059842,0.00084155,-0.00021393,-0.00135008,0.00044881,-0.00068497,-0.00176651,0.00114112,-0.00023647,0.00096457,0.00086214,0.00001763,0.00113532,0.00081606,0.00130550,-0.00069127,-0.00118236,0.00071714,0.00085755,-0.00021298,0.00005512,0.00020653,-0.00118507,-0.00109592,0.00018455,0.00112021,0.00029964,0.00082897,-0.00043069,-0.00104299,0.00101486,0.00101653,0.00085444,0.00124517,0.00003782,0.00049332,0.00126375,-0.00105332,-0.00080965,0.00148004,0.00028055,0.00073361,0.00164728,0.00089714,0.00040031,0.00124623,-0.00087806,-0.00044619,0.00000000,0.00000000,0.00000000,0.00000000,0.00000000,0.00000000,0.00000000,0.00000000,0.00000000,0.00000000,0.00000000,0.00000000,0.00000000,0.00000000,0.00000000,0.00000000,0.00000000,0.00000000,0.00000000,0.00000000,0.00000000,0.00000000,0.00000000,0.00000000,0.00000000,0.00000000,0.00000000,0.00000000,0.00000000,0.00000000,0.00000000,0.00000000,0.00000000,0.00000000,0.00000000,0.00000000,0.00000000,0.00000000,0.00000000,0.00000000,0.00000000,0.00000000,0.00000000,0.00000000,0.00000000,0.00000000,0.00000000,0.00000000,-0.00109724,-0.00039957,-0.00017541,0.00062032,-0.00063766,0.00221312,-0.00137979,0.00042724,-0.00005050,-0.00100313,0.00092766,-0.00058775,-0.00077864,0.00084679,0.00072678,-0.00111372
0.00002392,-0.00046366,-0.00111896,0.00062664,0.00034350,0.00059818,0.00168476,-0.00116666,0.00015473,-0.00040025,0.00050475,-0.00068282,-0.00011390,0.00043419,-0.00007198,0.00043757,-0.00068700,0.00081282,0.00011951,-0.00076474,-0.00075953,0.00003160,-0.00033138,-0.00005821,-0.00042050,0.00079640,-0.00075281,-0.00056169,-0.00152900,-0.00108277,-0.00030324,-0.00060204,0.00020398,-0.01231951,0.00040080,-0.00006300,0.00045121,-0.00100426,0.00001916,-0.00046203,0.00014135,-0.00043545,-0.00028866,0.00013004,0.00074350,0.00009995,-0.00060276,-0.00007590,-0.00013879,-0.00049556,0.00070217,-0.00008960,-0.00014348,-0.00044470,0.00039427,-0.00095776,0.00074826,-0.00069667,-0.00013610,-0.00041421,-0.00065771,-0.00062396,0.00064538,0.00112868,0.00071286,-0.00022430,-0.00014131,-0.00035004,0.00015329,-0.00010980,0.00000165,0.00016806,-0.00082755,0.00058017,-0.00093707,0.00069949,-0.00062782,-0.00001725,0.00067518,-0.00156661,0.00042969,-0.00019938,0.00009501,0.00001043,-0.00121498,-0.00083933,-0.00068803,-0.00023232,0.00055960,0.00196037,0.00012038,-0.00031983,-0.00115139,0.00223379,-0.00053446,-0.00081677,-0.00182584,-0.00090436,-0.00020630,-0.00060469,0.00041315,0.00100963,-0.00026803,0.00073501,0.00054146,-0.00048815,-0.00082978,0.00020585,0.00010330,0.00074709,0.00050139,0.00102243,0.00114119,0.00021172,0.00060612,-0.00026635,0.00217277,0.00030392,-0.00028565,-0.00089514,0.00002156,-0.00108796,0.00005323,0.00076783,-0.00007665,-0.00052257,0.00182922,-0.00131400,0.00000000,0.00000000,0.00000000,0.00000000,0.00000000,0.00000000,0.00000000,0.00000000,0.00000000,0.00000000,0.00000000,0.00000000,0.00000000,0.00000000,0.00000000,0.00000000,0.00000000,0.00000000,0.00000000,0.00000000,0.00000000,0.00000000,0.00000000,0.00000000,0.00000000,0.00000000,0.00000000,0.00000000,0.00000000,0.00000000,0.00000000,0.00000000,0.00000000,0.00000000,0.00000000,0.00000000,0.00000000,0.00000000,0.00000000,0.00000000,0.00000000,0.00000000,0.00000000,0.00000000,0.00000000,0.00000000,0.00000000,0.00000000,-0.00025427,0.00012291,-0.00131240,-0.00029340,-0.00076760,0.00084168,-0.00017916,0.00049186,-0.00016470,-0.00066495,0.00008219,-0.00031160,-0.00024247,0.00125285,-0.00042519,0.00024040
0.00035438,-0.00024419,-0.00007695,-0.00075137,0.00016105,0.00060530,0.00047827,0.00048013,0.00047781,-0.00076848,0.00001832,0.00007989,-0.00052746,-0.00042045,-0.00041033,-0.00007338,0.00048437,0.00018809,-0.00051988,-0.00109040,-0.00064106,-0.00014346,0.00045873,0.00003382,-0.00077104,0.00067236,0.00007468,0.00024861,-0.00139923,-0.00040479,0.00035971,0.00001554,-0.00079741,0.00045168,-0.01116031,-0.00058098,0.00040714,-0.00036616,-0.00058059,-0.00057494,-0.00018648,-0.00098320,-0.00001954,0.00016814,-0.00001449,0.00045862,-0.00089219,0.00002832,-0.00060028,-0.00056882,0.00017456,0.00076791,-0.00005628,-0.00080747,-0.00057082,-0.00034227,0.00141707,-0.00047229,0.00015217,-0.00077913,0.00034212,-0.00002136,-0.00005286,-0.00007068,0.00028401,0.00024745,-0.00060157,-0.00034264,0.00012885,0.00001780,-0.00030016,0.00000667,-0.00123163,0.00079777,-0.00143189,0.00091455,0.00017258,0.00017812,0.00107104,-0.00118382,-0.00055734,0.00070125,-0.00005677,0.00029456,-0.00087177,-0.00098052,-0.00094596,0.00028845,0.00040091,0.00103086,0.00078214,0.00033102,0.00037768,0.00026594,0.00013198,-0.00061900,-0.00131416,-0.00007225,0.00019403,-0.00091392,0.00104889,0.00085149,-0.00067309,-0.00003805,0.00049685,0.00017054,-0.00080046,0.00045506,0.00120302,0.00034918,0.00010883,0.00080206,0.00078810,-0.00021028,0.00103471,-0.00016673,0.00101775,-0.00076449,-0.00002553,-0.00036154,0.00040493,-0.00122655,-0.00030649,0.00195336,0.00076788,-0.00046905,0.00027356,-0.00084644,0.00000000,0.00000000,0.00000000,0.00000000,0.00000000,0.00000000,0.00000000,0.00000000,0.00000000,0.00000000,0.00000000,0.00000000,0.00000000,0.00000000,0.00000000,0.00000000,0.00000000,0.00000000,0.00000000,0.00000000,0.00000000,0.00000000,0.00000000,0.00000000,0.00000000,0.00000000,0.00000000,0.00000000,0.00000000,0.00000000,0.00000000,0.00000000,0.00000000,0.00000000,0.00000000,0.00000000,0.00000000,0.00000000,0.00000000,0.00000000,0.00000000,0.00000000,0.00000000,0.00000000,0.00000000,0.00000000,0.00000000,0.00000000,-0.00081944,0.00042925,-0.00129937,0.00029148,-0.00031709,0.00088286,-0.00073968,0.00031023,-0.00059685,-0.00043947,-0.00002388,-0.00046065,-0.00040293,0.00091691,0.00000052,-0.00050466
0.00021737,-0.00086428,-0.00065686,0.00048231,-0.00081500,-0.00049393,0.00001540,0.00019752,-0.00057840,-0.00047518,-0.00066248,0.00027712,-0.00012971,-0.00025820,0.00017004,-0.00072773,-0.00078493,-0.00035644,0.00037418,0.00088025,0.00093483,-0.00020603,0.00124022,0.00053769,0.00093361,-0.00078583,-0.00018727,0.00120192,0.00116038,0.00060217,-0.00065867,0.00059569,0.00060504,-0.00021861,-0.00098502,-0.01374020,0.00020261,0.00080287,-0.00056449,0.00103183,0.00047962,0.00028835,-0.00000178,-0.00045177,-0.00083613,-0.00002574,0.00057229,0.00008849,-0.00010369,0.00054985,-0.00091582,-0.00024690,0.00005866,0.00027477,-0.00023519,0.00097942,-0.00042683,-0.00074882,-0.00056267,0.00061301,0.00034703,0.00033534,0.00024599,0.00036614,-0.00039064,0.00007194,0.00015188,0.00053598,0.00011887,-0.00004251,0.00029116,-0.00078657,0.00023871,0.00041317,0.00119667,-0.00069088,0.00075619,-0.00016919,-0.00023206,0.00032446,0.00005898,-0.00104375,-0.00062738,-0.00045493,0.00101543,0.00060360,0.00101517,-0.00081157,-0.00017607,-0.00120606,-0.00052141,0.00048071,0.00022643,-0.00096064,-0.00000908,-0.00031094,0.00070387,0.00018389,0.00115424,-0.00035579,0.00020863,-0.00019953,0.00123844,-0.00057888,0.00025037,0.00009288,0.00138038,-0.00019459,-0.00024888,-0.00025524,0.00073179,0.00042747,-0.00045552,0.00002048,-0.00057056,-0.00002839,-0.00111403,0.00071647,-0.00001557,-0.00053184,-0.00014778,0.00103916,-0.00000208,-0.00066148,-0.00031567,0.00114556,-0.00065874,0.00096359,0.00000000,0.00000000,0.00000000,0.00000000,0.00000000,0.00000000,0.00000000,0.00000000,0.00000000,0.00000000,0.00000000,0.00000000,0.00000000,0.00000000,0.00000000,0.00000000,0.00000000,0.00000000,0.00000000,0.00000000,0.00000000,0.00000000,0.00000000,0.00000000,0.00000000,0.00000000,0.00000000,0.00000000,0.00000000,0.00000000,0.00000000,0.00000000,0.00000000,0.00000000,0.00000000,0.00000000,0.00000000,0.00000000,0.00000000,0.00000000,0.00000000,0.00000000,0.00000000,0.00000000,0.00000000,0.00000000,0.00000000,0.00000000,0.00036752,0.00027479,0.00039307,-0.00006955,0.00090566,-0.00033314,0.00038163,0.00045548,-0.00060835,0.00010624,-0.00007056,0.00015910,0.00050490,-0.00106012,-0.00003965,0.00069079
-0.00027026,0.00129258,-0.00099777,0.00188053,-0.00046440,0.00082768,-0.00078605,0.00112639,-0.00129888,-0.00080869,-0.00146964,-0.00050775,0.00169104,-0.00114495,-0.00110191,0.00047179,-0.00069443,-0.00187303,0.00107077,0.00166107,-0.00149803,-0.00127005,-0.00138686,-0.00167565,0.00150828,-0.00162791,-0.00153834,-0.00044025,0.00094249,-0.00063995,-0.00133751,0.00145839,0.00010255,-0.00129147,-0.00120015,0.00099065,-0.01285233,0.00051619,0.00120957,-0.00084104,-0.00160491,-0.00102705,-0.00098277,0.00044257,0.00035118,-0.00178569,0.00025807,-0.00081922,0.00137603,0.00165407,0.00011358,-0.00127714,0.00107551,-0.00015753,0.00044410,0.00013311,-0.00106293,-0.00020528,-0.00122082,-0.00076633,-0.00131442,-0.00033100,0.00030542,0.00044031,0.00029512,0.00146658,0.00142708,0.00076442,-0.00059925,-0.00036665,-0.00114107,-0.00182694,0.00092383,-0.00066325,0.00176679,-0.00078264,-0.00049802,0.00101043,-0.00185479,0.00060561,0.00052259,-0.00150283,0.00124002,0.00062906,-0.00016603,0.00106970,0.00162564,-0.00119482,0.00012057,-0.00119886,-0.00145383,-0.00010162,-0.00110851,-0.00066375,-0.00128724,-0.00020512,0.00099231,-0.00180270,-0.00038772,-0.00021796,-0.00009610,0.00049296,0.00168669,0.00027441,-0.00110635,-0.00098680,0.00049473,-0.00083557,0.00095610,0.00122681,-0.00051229,-0.00134152,-0.00162532,-0.00125372,-0.00024903,-0.00090893,-0.00200771,0.00158464,0.00130878,-0.00088933,-0.00037016,0.00063105,-0.00082894,-0.00180942,0.00114517,0.00007105,-0.00028401,0.00040882,0.00000000,0.00000000,0.00000000,0.00000000,0.00000000,0.00000000,0.00000000,0.00000000,0.00000000,0.00000000,0.00000000,0.00000000,0.00000000,0.00000000,0.00000000,0.00000000,0.00000000,0.00000000,0.00000000,0.00000000,0.00000000,0.00000000,0.00000000,0.00000000,0.00000000,0.00000000,0.00000000,0.00000000,0.00000000,0.00000000,0.00000000,0.00000000,0.00000000,0.00000000,0.00000000,0.00000000,0.00000000,0.00000000,0.00000000,0.00000000,0.00000000,0.00000000,0.00000000,0.00000000,0.00000000,0.00000000,0.00000000,0.00000000,0.00127841,-0.00020953,0.00081751,-0.00154480,0.00110267,-0.00195590,0.00146680,-0.00139781,-0.00021121,0.00150597,-0.00138962,0.00093989,0.00189586,-0.00146733,-0.00168773,0.00115739
-0.00009885,-0.00033330,0.00030769,-0.00145003,-0.00091587,-0.00017817,-0.00006410,0.00044918,0.00136931,0.00045973,0.00151436,-0.00066706,-0.00102564,0.00114299,0.00059518,-0.00140401,0.00090656,0.00143072,-0.00155906,-0.00038650,0.00104676,0.00107004,0.00116626,0.00069593,-0.00115554,0.00130770,0.00001775,0.00049606,-0.00064707,0.00043999,0.00153441,-0.00154269,-0.00060876,0.00046981,0.00154949,-0.00066620,-0.00018357,-0.01380529,-0.00079648,0.00098978,0.00074349,0.00128593,0.00120631,-0.00135741,-0.00031550,0.00188307,0.00032914,0.00114141,-0.00173498,-0.00201592,-0.00030777,0.00130943,-0.00112437,-0.00016801,-0.00051173,0.00014650,0.00019579,0.00093158,0.00187158,0.00077751,0.00143532,0.00127470,-0.00064313,-0.00028795,-0.00122867,-0.00085703,-0.00195430,-0.00209153,0.00056454,-0.00072416,0.00017448,0.00106129,0.00032946,0.00066930,-0.00029717,-0.00029285,0.00096539,-0.00063679,0.00029906,-0.00017388,-0.00081891,0.00135088,-0.00135273,-0.00147150,0.00001415,-0.00034086,-0.00155944,0.00050870,-0.00024937,0.00025122,0.00166911,0.00049035,0.00132165,0.00077617,0.00019121,-0.00073435,-0.00151783,0.00053628,0.00009817,-0.00066177,0.00010896,-0.00041936,-0.00110689,-0.00122167,0.00051069,0.00191098,-0.00045019,0.00083234,-0.00071353,-0.00138640,0.00131269,0.00018349,0.00056790,0.00129282,-0.00015136,0.00047965,0.00074004,-0.00145190,-0.00021272,0.00143533,-0.00005397,-0.00046977,0.00143131,0.00048795,-0.00127548,0.00028899,-0.00144059,-0.00006672,0.00000000,0.00000000,0.00000000,0.00000000,0.00000000,0.00000000,0.00000000,0.00000000,0.00000000,0.00000000,0.00000000,0.00000000,0.00000000,0.00000000,0.00000000,0.00000000,0.00000000,0.00000000,0.00000000,0.00000000,0.00000000,0.00000000,0.00000000,0.00000000,0.00000000,0.00000000,0.00000000,0.00000000,0.00000000,0.00000000,0.00000000,0.00000000,0.00000000,0.00000000,0.00000000,0.00000000,0.00000000,0.00000000,0.00000000,0.00000000,0.00000000,0.00000000,0.00000000,0.00000000,0.00000000,0.00000000,0.00000000,0.00000000,-0.00174063,0.00017504,-0.00106729,0.00022776,-0.00034364,0.00198417,-0.00052684,0.00085811,-0.00025894,-0.00099554,-0.00003373,-0.00030934,-0.00106410,0.00086271,0.00084505,-0.00121054
0.00015864,0.00002067,0.00040975,0.00037814,-0.00065104,-0.00081069,-0.00078938,0.00024027,-0.00028840,0.00015945,0.00012935,0.00007123,-0.00001324,-0.00014809,0.00107230,-0.00083240,-0.00020466,-0.00038642,0.00020106,0.00087150,0.00030631,-0.00041788,-0.00053935,0.00075437,0.00048163,-0.00005943,0.00085469,0.00088026,0.00148360,0.00027736,0.00021656,-0.00041033,0.00086695,-0.00023886,-0.00021908,0.00001302,-0.00017379,0.00129773,-0.01166776,0.00046255,-0.00010546,0.00080267,-0.00003245,0.00033285,-0.00054232,-0.00024175,0.00091530,-0.00030914,0.00011113,0.00050158,-0.00014201,0.00007487,-0.00037231,0.00040837,0.00050310,0.00114170,-0.00084390,-0.00009385,0.00070232,0.00001674,0.00003478,0.00037239,0.00017155,-0.00000477,-0.00022176,-0.00013482,0.00069933,0.00032111,-0.00034846,-0.00074548,0.00014618,0.00007004,0.00035519,-0.00037423,0.00110056,-0.00097615,0.00077199,0.00028060,-0.00096978,0.00161717,-0.00035718,-0.00042278,0.00002231,0.00034559,0.00031489,0.00097362,-0.00025785,0.00053946,0.00006714,-0.00103268,-0.00035544,0.00082418,-0.00032304,-0.00125940,-0.00032671,0.00113304,0.00161910,0.00064720,0.00097784,0.00086747,-0.00103094,-0.00041453,0.00047608,-0.00131189,0.00034504,0.00055078,0.00075051,-0.00040362,-0.00053563,-0.00012821,0.00012462,-0.00097179,-0.00155888,0.00002338,-0.00131029,0.00095257,-0.00228323,-0.00055331,0.00012412,0.00011039,0.00036840,0.00109088,0.00043500,-0.00112307,-0.00075022,0.00100207,-0.00114662,0.00152232,0.00000000,0.00000000,0.00000000,0.00000000,0.00000000,0.00000000,0.00000000,0.00000000,0.00000000,0.00000000,0.00000000,0.00000000,0.00000000,0.00000000,0.00000000,0.00000000,0.00000000,0.00000000,0.00000000,0.00000000,0.00000000,0.00000000,0.00000000,0.00000000,0.00000000,0.00000000,0.00000000,0.00000000,0.00000000,0.00000000,0.00000000,0.00000000,0.00000000,0.00000000,0.00000000,0.00000000,0.00000000,0.00000000,0.00000000,0.00000000,0.00000000,0.00000000,0.00000000,0.00000000,0.00000000,0.00000000,0.00000000,0.00000000,0.00040152,0.00027765,0.00048838,-0.00035138,0.00000718,-0.00116968,0.00035248,-0.00057288,0.00054217,0.00018038,-0.00048773,-0.00037734,-0.00029868,-0.00111555,-0.00051401,0.00033091
0.00078125,-0.00045256,0.00005233,-0.00098520,0.00084703,-0.00060032,0.00084961,-0.00046543,0.00161387,-0.00069958,0.00096867,0.00026742,-0.00084758,0.00107305,0.00021420,-0.00062156,0.00088088,0.00144800,-0.00073362,-0.00164275,0.00003426,0.00036029,0.00061995,0.00030900,-0.00129039,0.00099909,0.00018729,0.00018153,-0.00237648,-0.00017485,0.00064924,-0.00118334,-0.00074574,0.00089160,0.00036264,-0.00037247,-0.00035085,-0.00058132,-0.00077959,-0.00948945,0.00099724,0.00089561,0.00070447,-0.00004091,0.00034631,0.00110127,-0.00039290,0.00099358,-0.00113496,-0.00122123,-0.00053817,0.00099439,-0.00087069,-0.00009329,-0.00050283,-0.00055590,0.00168975,0.00064805,0.00054131,0.00024493,0.00030500,0.00032211,-0.00087779,-0.00030304,0.00041228,-0.00083745,-0.00122927,-0.00116342,0.00074677,0.00035106,0.00060648,0.00099302,-0.00031120,0.00021596,-0.00208520,0.00089409,-0.00015651,-0.00102887,0.00113355,-0.00104483,-0.00017435,0.00092796,-0.00074739,-0.00034476,-0.00033945,-0.00106661,-0.00124727,0.00037438,0.00066824,0.00116445,0.00088806,0.00063942,0.00058648,0.00056957,0.00022946,-0.00030718,-0.00114524,-0.00021555,0.00008737,-0.00031389,0.00080609,0.00031898,-0.00141592,0.00045995,0.00047534,0.00040430,-0.00111809,-0.00010550,-0.00076284,-0.00128442,0.00086227,0.00095621,0.00113124,0.00075848,0.00105543,0.00003980,0.00147350,-0.00104069,-0.00119647,0.00077320,0.00058718,-0.00057921,0.00122867,0.00137597,-0.00034543,-0.00144992,0.00050635,-0.00207107,0.00000000,0.00000000,0.00000000,0.00000000,0.00000000,0.00000000,0.00000000,0.00000000,0.00000000,0.00000000,0.00000000,0.00000000,0.00000000,0.00000000,0.00000000,0.00000000,0.00000000,0.00000000,0.00000000,0.00000000,0.00000000,0.00000000,0.00000000,0.00000000,0.00000000,0.00000000,0.00000000,0.00000000,0.00000000,0.00000000,0.00000000,0.00000000,0.00000000,0.00000000,0.00000000,0.00000000,0.00000000,0.00000000,0.00000000,0.00000000,0.00000000,0.00000000,0.00000000,0.00000000,0.00000000,0.00000000,0.00000000,0.00000000,-0.00083067,0.00070319,-0.00135656,0.00080327,-0.00069795,0.00198019,-0.00128718,0.00116499,-0.00034629,-0.00136631,0.00033350,-0.00065944,-0.00123730,0.00269850,0.00081616,-0.00196726
0.00014346,-0.00069865,-0.00013060,-0.00054264,-0.00044525,0.00020543,0.00118946,0.00025738,0.00091590,-0.00030108,0.00069729,0.00054245,-0.00090940,0.00067597,0.00040326,0.00052863,-0.00006119,0.00070552,-0.00121029,-0.00052516,-0.00043134,0.00042604,0.00038718,-0.00021103,-0.00074026,0.00053434,0.00016252,0.00029647,-0.00049435,-0.00060885,0.00110399,-0.00029376,-0.00042541,0.00055398,-0.00036416,0.00022397,-0.00002964,-0.00036299,-0.00035548,0.00026806,-0.01252921,0.00035951,0.00062165,0.00025651,-0.00077892,0.00044386,-0.00072434,-0.00014743,0.00005712,-0.00067810,0.00014504,0.00126389,-0.00026687,0.00005742,-0.00006599,-0.00094215,0.00129934,-0.00001418,0.00064101,0.00011090,0.00090746,0.00006857,-0.00028273,0.00025834,0.00022829,0.00069743,-0.00064334,-0.00028081,-0.00010313,0.00038364,0.00044636,0.00067627,-0.00070031,0.00062451,-0.00028135,0.00084294,0.00005446,0.00011431,0.00043833,-0.00052071,0.00046516,0.00008294,-0.00028097,-0.00003413,0.00018658,-0.00065478,-0.00119656,0.00087631,0.00014698,0.00053249,0.00018576,0.00005671,0.00053307,0.00077359,-0.00034388,-0.00058326,-0.00064712,0.00023491,-0.00029632,-0.00061442,0.00109574,0.00011031,0.00021972,0.00008543,-0.00007947,0.00028462,-0.00114762,-0.00003950,0.00021073,0.00006159,0.00070750,0.00077975,0.00062955,0.00038322,-0.00025087,-0.00065282,0.00110531,0.00014980,-0.00050853,0.00046962,0.00040476,-0.00081724,0.00023780,0.00069625,0.00047307,-0.00111104,-0.00033047,-0.00068136,0.00000000,0.00000000,0.00000000,0.00000000,0.00000000,0.00000000,0.00000000,0.00000000,0.00000000,0.00000000,0.00000000,0.00000000,0.00000000,0.00000000,0.00000000,0.00000000,0.00000000,0.00000000,0.00000000,0.00000000,0.00000000,0.00000000,0.00000000,0.00000000,0.00000000,0.00000000,0.00000000,0.00000000,0.00000000,0.00000000,0.00000000,0.00000000,0.00000000,0.00000000,0.00000000,0.00000000,0.00000000,0.00000000,0.00000000,0.00000000,0.00000000,0.00000000,0.00000000,0.00000000,0.00000000,0.00000000,0.00000000,0.00000000,-0.00134942,0.00091883,-0.00026000,0.00135016,-0.00007117,0.00103477,-0.00033360,0.00010384,-0.00019506,-0.00034611,0.00025670,0.00031424,-0.00016785,0.00071233,0.00084158,-0.00075607
0.00030097,-0.00064013,0.00039620,-0.00107039,0.00020146,-0.00007147,0.00107091,-0.00015035,0.00170447,-0.00066619,0.00123694,0.00118043,-0.00035380,0.00075739,0.00026200,-0.00028503,0.00060816,0.00168624,-0.00051188,-0.00139061,0.00085022,0.00078522,0.00017885,0.00084431,-0.00120626,0.00115825,0.00010554,-0.00012250,-0.00073417,0.00000409,0.00088739,-0.00099297,-0.00056660,0.00091710,0.00013030,-0.00057396,-0.00021040,-0.00037406,-0.00046626,0.00016699,0.00104388,-0.00889739,0.00009835,-0.00039024,0.00071309,0.00047201,-0.00125764,0.00100463,-0.00026248,-0.00094730,-0.00018517,0.00128366,-0.00072023,-0.00039099,0.00001076,-0.00143636,0.00127477,0.00043526,0.00066617,-0.00006081,0.00072003,0.00050082,-0.00073633,-0.00098147,0.00035369,-0.00079497,-0.00068292,-0.00091212,-0.00033936,-0.00029969,0.00083039,0.00083223,-0.00033346,0.00045323,-0.00180643,0.00092287,0.00005045,-0.00050347,0.00169079,-0.00073946,0.00025305,0.00117771,-0.00099958,0.00030478,-0.00052976,-0.00217382,-0.00132106,0.00067423,0.00085333,0.00169608,0.00191836,-0.00018480,0.00140868,0.00097403,0.00128214,-0.00119548,-0.00125856,-0.00008423,-0.00169268,-0.00024616,0.00046965,0.00074148,-0.00078109,-0.00045258,0.00030772,0.00017532,-0.00072075,0.00015460,-0.00060383,-0.00086778,0.00079846,0.00040660,0.00114379,0.00044980,0.00018974,0.00055326,0.00234705,-0.00077800,-0.00061695,0.00052533,0.00015878,-0.00030420,0.00075124,0.00182729,-0.00056635,-0.00156838,-0.00006524,-0.00092153,0.00000000,0.00000000,0.00000000,0.00000000,0.00000000,0.00000000,0.00000000,0.00000000,0.00000000,0.00000000,0.00000000,0.00000000,0.00000000,0.00000000,0.00000000,0.00000000,0.00000000,0.00000000,0.00000000,0.00000000,0.00000000,0.00000000,0.00000000,0.00000000,0.00000000,0.00000000,0.00000000,0.00000000,0.00000000,0.00000000,0.00000000,0.00000000,0.00000000,0.00000000,0.00000000,0.00000000,0.00000000,0.00000000,0.00000000,0.00000000,0.00000000,0.00000000,0.00000000,0.00000000,0.00000000,0.00000000,0.00000000,0.00000000,-0.00109925,-0.00011260,-0.00066906,0.00123438,-0.00133628,0.00200044,-0.00127792,0.00072138,-0.00070501,-0.00061678,0.00031522,-0.00038569,-0.00121323,0.00130282,0.00161646,-0.00199211
0.00012782,-0.00101645,0.00018360,-0.00024451,0.00115527,-0.00022987,0.00066332,0.00040715,0.00070295,-0.00003107,0.00030990,0.00017122,-0.00000740,0.00045329,0.00081770,0.00061111,-0.00087176,0.00082777,-0.00038790,-0.00071746,0.00005815,-0.00065838,0.00033730,-0.00028256,-0.00024706,0.00067750,-0.00066841,-0.00038946,-0.00115906,-0.00076801,0.00058535,-0.00003343,-0.00038247,0.00015961,-0.00020984,-0.00001899,0.00040302,-0.00100723,0.00019955,-0.00037560,0.00067050,-0.00058384,-0.01199826,0.00098656,0.00140198,0.00018794,-0.00080129,-0.00053382,0.00032639,-0.00038384,-0.00006275,0.00025401,0.00026488,-0.00094032,0.00037991,-0.00064342,0.00110208,0.00008405,0.00051929,-0.00032326,0.00008602,-0.00075081,0.00012943,0.00072946,0.00053568,0.00029752,-0.00006890,-0.00035022,0.00029467,0.00020511,0.00026973,0.00093019,-0.00083540,0.00057694,-0.00140100,0.00097137,-0.00030412,0.00078193,0.00112079,-0.00115917,0.00036354,0.00043262,-0.00020904,0.00010764,-0.00017302,-0.00166927,-0.00063157,-0.00006168,0.00046755,0.00064555,0.00051618,-0.00073745,-0.00035528,0.00070078,0.00029159,0.00000298,-0.00125794,-0.00053563,-0.00080517,-0.00007938,0.00127740,0.00079158,-0.00062845,0.00102828,0.00065907,-0.00023429,-0.00126711,-0.00009598,0.00014240,0.00045301,0.00011346,0.00103297,0.00056109,0.00015470,0.00075175,-0.00043827,0.00127727,-0.00014089,-0.00046648,-0.00009457,-0.00091313,-0.00012769,-0.00016471,0.00068346,0.00038055,-0.00046676,0.00164944,-0.00097424,0.00000000,0.00000000,0.00000000,0.00000000,0.00000000,0.00000000,0.00000000,0.00000000,0.00000000,0.00000000,0.00000000,0.00000000,0.00000000,0.00000000,0.00000000,0.00000000,0.00000000,0.00000000,0.00000000,0.00000000,0.00000000,0.00000000,0.00000000,0.00000000,0.00000000,0.00000000,0.00000000,0.00000000,0.00000000,0.00000000,0.00000000,0.00000000,0.00000000,0.00000000,0.00000000,0.00000000,0.00000000,0.00000000,0.00000000,0.00000000,0.00000000,0.00000000,0.00000000,0.00000000,0.00000000,0.00000000,0.00000000,0.00000000,-0.00002044,0.00047674,-0.00057166,0.00057381,-0.00109530,0.00059929,-0.00003949,0.00048037,0.00081333,-0.00126324,0.00033052,-0.00066531,-0.00066122,0.00093987,0.00066076,-0.00082552
0.00021601,0.00000118,-0.00030209,-0.00010708,-0.00037880,-0.00021329,-0.00064772,0.00052752,-0.00126170,0.00084047,0.00003061,-0.00031801,0.00046708,0.00048297,-0.00074923,-0.00054694,-0.00048943,-0.00079347,0.00002246,-0.00022173,0.00007984,0.00005218,0.00010357,-0.00023658,0.00029679,-0.00082840,0.00033362,-0.00024574,0.00085632,0.00019528,-0.00055065,0.00095528,0.00080437,-0.00076912,-0.00019179,-0.00003985,-0.00053312,-0.00047934,0.00064716,0.00029436,0.00004883,-0.00047470,0.00043372,-0.01435672,0.00003902,-0.00008928,0.00063216,-0.00015699,-0.00028464,0.00086405,0.00064235,-0.00076870,0.00020538,0.00040417,-0.00009821,0.00017189,-0.00061947,0.00004805,-0.00021638,-0.00010930,0.00033114,-0.00035065,0.00010478,-0.00016498,-0.00057656,0.00035896,-0.00018269,0.00062512,-0.00070782,0.00008438,0.00016493,0.00022437,0.00001003,0.00002456,0.00060987,-0.00055416,0.00080691,-0.00059277,-0.00079732,0.00092326,-0.00044517,-0.00102015,-0.00014689,-0.00044764,0.00019484,-0.00036104,0.00128928,-0.00017331,0.00033117,0.00013783,-0.00044031,0.00050687,0.00003006,-0.00017579,-0.00020887,0.00014169,0.00050402,-0.00013502,-0.00004052,-0.00048405,-0.00071370,-0.00031994,0.00042732,-0.00015914,0.00038391,-0.00045549,0.00086394,-0.00034563,0.00041034,-0.00038782,-0.00028408,0.00023150,-0.00040276,0.00076384,-0.00076626,0.00025812,-0.00033013,0.00011799,0.00054686,-0.00001786,0.00120367,0.00097401,-0.00094590,-0.00074769,0.00129004,-0.00029770,0.00028187,0.00055638,0.00000000,0.00000000,0.00000000,0.00000000,0.00000000,0.00000000,0.00000000,0.00000000,0.00000000,0.00000000,0.00000000,0.00000000,0.00000000,0.00000000,0.00000000,0.00000000,0.00000000,0.00000000,0.00000000,0.00000000,0.00000000,0.00000000,0.00000000,0.00000000,0.00000000,0.00000000,0.00000000,0.00000000,0.00000000,0.00000000,0.00000000,0.00000000,0.00000000,0.00000000,0.00000000,0.00000000,0.00000000,0.00000000,0.00000000,0.00000000,0.00000000,0.00000000,0.00000000,0.00000000,0.00000000,0.00000000,0.00000000,0.00000000,0.00037805,-0.00019335,-0.00012894,-0.00063547,0.00060051,0.00003702,0.00124296,-0.00043610,0.00010888,0.00068308,0.00029679,0.00060345,0.00025565,-0.00073775,-0.00111202,0.00055848
-0.00037349,0.00022225,-0.00104449,0.00156316,-0.00069590,0.00025984,0.00001890,0.00023494,-0.00254756,-0.00129163,-0.00218677,-0.00037060,0.00146601,-0.00204406,-0.00156464,0.00211095,-0.00248369,-0.00239677,0.00218947,0.00084739,-0.00167758,-0.00085358,-0.00177532,-0.00101128,0.00327407,-0.00192715,-0.00160858,-0.00062252,0.00095686,-0.00045717,-0.00156588,0.00241327,0.00098170,-0.00225667,-0.00230119,0.00158969,0.00076365,0.00005053,0.00197198,-0.00125894,-0.00252719,-0.00144043,-0.00185725,0.00131881,-0.01257532,-0.00186139,0.00061567,-0.00182063,0.00144247,0.00238867,0.00167232,-0.00203722,0.00130735,-0.00058676,0.00080040,0.00027028,-0.00114885,-0.00171705,-0.00158549,-0.00048294,-0.00141960,-0.00110700,0.00227500,0.00149866,0.00141311,0.00180531,0.00179516,0.00212665,-0.00202692,0.00152467,-0.00135986,-0.00175859,-0.00015140,-0.00078430,0.00265054,-0.00036797,-0.00033895,0.00107118,-0.00056520,0.00077519,0.00129828,-0.00177617,0.00160373,0.00120189,-0.00117577,0.00115835,0.00215075,-0.00047659,0.00004132,-0.00108498,-0.00150417,-0.00067007,-0.00234920,-0.00039783,-0.00111500,0.00068212,0.00157312,-0.00131900,0.00029610,0.00048692,-0.00075630,-0.00036081,0.00134791,0.00053319,-0.00114611,-0.00097144,-0.00050668,-0.00141597,0.00108212,0.00167458,-0.00137564,-0.00148610,-0.00101146,-0.00144574,0.00030508,-0.00150651,-0.00094697,0.00215050,0.00146653,-0.00112321,-0.00000028,0.00016550,-0.00216540,-0.00097863,0.00172026,-0.00013657,0.00098481,0.00081012,0.00000000,0.00000000,0.00000000,0.00000000,0.00000000,0.00000000,0.00000000,0.00000000,0.00000000,0.00000000,0.00000000,0.00000000,0.00000000,0.00000000,0.00000000,0.00000000,0.00000000,0.00000000,0.00000000,0.00000000,0.00000000,0.00000000,0.00000000,0.00000000,0.00000000,0.00000000,0.00000000,0.00000000,0.00000000,0.00000000,0.00000000,0.00000000,0.00000000,0.00000000,0.00000000,0.00000000,0.00000000,0.00000000,0.00000000,0.00000000,0.00000000,0.00000000,0.00000000,0.00000000,0.00000000,0.00000000,0.00000000,0.00000000,0.00221210,-0.00060679,0.00205285,-0.00101853,0.00156388,-0.00305695,0.00211669,-0.00129578,0.00018687,0.00125302,0.00020970,0.00221982,0.00192614,-0.00140975,-0.00170446,0.00201113
-0.00023635,-0.00023672,-0.00035263,-0.00006670,0.00052067,0.00044677,0.00034785,-0.00056670,0.00005885,-0.00046024,0.00030695,-0.00007905,-0.00072949,-0.00011670,0.00011297,0.00085371,-0.00010293,-0.00000572,-0.00066744,-0.00055831,-0.00043367,-0.00038264,-0.00022713,-0.00021381,0.00005880,-0.00011979,-0.00155916,-0.00032629,-0.00133073,-0.00121009,-0.00047756,0.00035598,-0.00090232,0.00007209,0.00026021,-0.00028170,-0.00005505,-0.00014658,0.00021202,-0.00020937,0.00005477,-0.00044595,-0.00028213,0.00003132,0.00026135,-0.01134167,-0.00115806,0.00021798,-0.00042930,0.00006278,0.00097079,0.00010154,0.00016580,-0.00046226,0.00042699,-0.00090367,0.00135376,-0.00029801,-0.00023046,-0.00005529,-0.00041157,-0.00020181,0.00040885,0.00020541,0.00123219,0.00010330,-0.00012654,-0.00010978,0.00038459,0.00034678,-0.00034168,-0.00014795,-0.00068806,0.00071712,-0.00086677,0.00082835,-0.00029986,0.00016359,0.00059515,-0.00083569,0.00019797,0.00054282,0.00064762,0.00031295,-0.00047687,-0.00024512,-0.00022560,0.00104375,0.00011003,0.00040741,0.00031066,-0.00070246,-0.00019752,0.00088764,-0.00076901,-0.00143119,-0.00104920,-0.00091478,-0.00050252,-0.00058645,0.00076294,0.00031284,-0.00082105,0.00019911,0.00019612,-0.00060417,-0.00132539,-0.00060175,0.00118760,-0.00046519,0.00019645,0.00113455,0.00026913,-0.00020910,0.00073768,-0.00108029,0.00120850,-0.00028784,-0.00084547,0.00037587,-0.00012064,-0.00048220,-0.00001797,0.00029901,0.00023579,-0.00106983,0.00026865,-0.00008201,0.00000000,0.00000000,0.00000000,0.00000000,0.00000000,0.00000000,0.00000000,0.00000000,0.00000000,0.00000000,0.00000000,0.00000000,0.00000000,0.00000000,0.00000000,0.00000000,0.00000000,0.00000000,0.00000000,0.00000000,0.00000000,0.00000000,0.00000000,0.00000000,0.00000000,0.00000000,0.00000000,0.00000000,0.00000000,0.00000000,0.00000000,0.00000000,0.00000000,0.00000000,0.00000000,0.00000000,0.00000000,0.00000000,0.00000000,0.00000000,0.00000000,0.00000000,0.00000000,0.00000000,0.00000000,0.00000000,0.00000000,0.00000000,0.00012048,-0.00001266,0.00013873,0.00078832,-0.00001469,0.00048314,0.00026185,0.00006806,0.00038734,0.00005407,-0.00011867,-0.00002863,0.00001580,0.00061538,0.00047858,0.00003120
0.00029208,-0.00046191,0.00025774,-0.00079905,-0.00016852,-0.00080269,0.00061922,-0.00035468,0.00173047,0.00067262,0.00069228,0.00065261,-0.00007598,0.00181319,0.00127940,-0.00050695,0.00090710,0.00081142,-0.00144002,-0.00042652,0.00168918,0.00120924,0.00160064,0.00060588,-0.00107812,0.00046231,0.00032324,0.00105721,0.00014116,-0.00054413,0.00119429,-0.00085199,-0.00067971,0.00121011,0.00068408,-0.00098738,-0.00059298,0.00020035,-0.00088298,0.00101769,0.00026014,0.00094740,0.00054881,-0.00020824,0.00004289,0.00082712,-0.01323833,0.00065314,-0.00077040,-0.00144518,-0.00125434,0.00062247,-0.00087439,0.00050856,-0.00090342,-0.00045791,0.00017808,0.00091534,0.00114861,0.00059225,0.00125988,0.00068575,-0.00132787,-0.00052491,-0.00120619,-0.00017318,-0.00119471,-0.00199710,0.00034912,-0.00080039,0.00075947,-0.00012358,0.00039711,0.00024731,-0.00110924,0.00072945,0.00108697,-0.00078927,0.00087520,-0.00124325,-0.00103066,0.00066618,-0.00099701,-0.00091655,0.00136594,-0.00064908,-0.00125683,0.00020139,-0.00007689,0.00093150,0.00144432,0.00130851,0.00105476,0.00104419,0.00078304,-0.00035104,-0.00072105,0.00078718,0.00078050,-0.00021286,-0.00031529,0.00035865,-0.00107550,0.00039484,0.00068144,0.00129584,0.00035925,0.00038466,-0.00050162,-0.00108002,0.00084517,0.00117047,0.00085624,0.00121526,0.00022531,0.00050944,0.00066363,-0.00118778,-0.00167159,0.00065541,0.00091618,-0.00005578,0.00115135,0.00197158,-0.00131039,-0.00008701,-0.00036609,-0.00051360,0.00000000,0.00000000,0.00000000,0.00000000,0.00000000,0.00000000,0.00000000,0.00000000,0.00000000,0.00000000,0.00000000,0.00000000,0.00000000,0.00000000,0.00000000,0.00000000,0.00000000,0.00000000,0.00000000,0.00000000,0.00000000,0.00000000,0.00000000,0.00000000,0.00000000,0.00000000,0.00000000,0.00000000,0.00000000,0.00000000,0.00000000,0.00000000,0.00000000,0.00000000,0.00000000,0.00000000,0.00000000,0.00000000,0.00000000,0.00000000,0.00000000,0.00000000,0.00000000,0.00000000,0.00000000,0.00000000,0.00000000,0.00000000,-0.00093568,0.00002429,-0.00109759,0.00090864,-0.00112571,0.00129925,-0.00035512,0.00138104,0.00040517,-0.00095013,-0.00045730,-0.00083900,-0.00100156,0.00185169,0.00069011,-0.00114472
-0.00023168,-0.00005335,-0.00084752,0.00065513,0.00038316,0.00006676,0.00017456,-0.00101406,-0.00012912,-0.00057215,-0.00022022,0.00085558,-0.00041148,0.00051681,-0.00029837,-0.00001890,-0.00065695,0.00033333,0.00039562,-0.00179622,-0.00043204,-0.00010035,-0.00021196,-0.00080141,0.00001588,0.00076567,-0.00015028,-0.00078741,-0.00050096,0.00043589,-0.00010890,0.00014436,-0.00068053,0.00051460,0.00008275,-0.00034584,0.00063015,-0.00073794,-0.00045596,0.00037851,-0.00028219,0.00029774,-0.00013984,0.00021583,0.00048843,0.00072708,-0.00079512,-0.01390339,-0.00032059,0.00006767,-0.00006948,0.00090497,0.00033739,-0.00071687,-0.00028169,-0.00074527,0.00098864,0.00020813,0.00058111,-0.00026994,-0.00015860,-0.00075747,-0.00006801,0.00005690,0.00099723,0.00007988,-0.00014970,-0.00001112,-0.00031151,0.00022973,-0.00033837,0.00102122,-0.00086832,0.00069683,-0.00108367,0.00105419,-0.00047076,0.00032933,0.00085846,-0.00122097,0.00040004,0.00033799,-0.00012423,0.00057357,-0.00025261,-0.00111984,-0.00067112,-0.00008610,0.00155584,0.00104882,0.00039060,-0.00058678,-0.00006140,0.00145424,0.00035408,-0.00096679,-0.00197108,-0.00012777,-0.00027845,-0.00018745,0.00116403,0.00012601,-0.00096650,0.00067179,0.00014724,-0.00030193,0.00002327,-0.00030190,0.00065461,0.00022461,0.00029019,0.00082129,0.00155092,0.00008867,0.00126748,0.00012524,0.00184867,-0.00014571,-0.00031559,0.00039895,-0.00000855,-0.00069411,0.00002310,0.00189154,-0.00011140,-0.00082641,0.00031822,-0.00115926,0.00000000,0.00000000,0.00000000,0.00000000,0.00000000,0.00000000,0.00000000,0.00000000,0.00000000,0.00000000,0.00000000,0.00000000,0.00000000,0.00000000,0.00000000,0.00000000,0.00000000,0.00000000,0.00000000,0.00000000,0.00000000,0.00000000,0.00000000,0.00000000,0.00000000,0.00000000,0.00000000,0.00000000,0.00000000,0.00000000,0.00000000,0.00000000,0.00000000,0.00000000,0.00000000,0.00000000,0.00000000,0.00000000,0.00000000,0.00000000,0.00000000,0.00000000,0.00000000,0.00000000,0.00000000,0.00000000,0.00000000,0.00000000,-0.00025269,-0.00015639,-0.00140139,0.00012690,-0.00085051,0.00090018,-0.00009041,0.00084669,0.00073174,-0.00000614,0.00012066,-0.00006392,-0.00028812,0.00061717,-0.00039294,0.00023908
-0.00023202,0.00047616,0.00133616,-0.00059996,-0.00064484,-0.00093857,-0.00042453,-0.00025461,-0.00038653,0.00066271,0.00030847,0.00055756,0.00003267,-0.00037399,0.00040400,0.00002691,0.00032360,0.00034243,0.00041972,0.00137495,0.00067528,0.00079347,0.00086493,0.00045192,-0.00060403,0.00026376,0.00063583,0.00141071,0.00066086,0.00065481,0.00097631,-0.00038742,0.00075388,0.00008235,-0.00009632,-0.00061660,-0.00033782,-0.00003708,-0.00070494,0.00022672,0.00029570,0.00098940,0.00101931,-0.00065982,-0.00120691,-0.00008397,0.00090837,0.00027147,-0.01375187,-0.00055145,-0.00084075,0.00026866,-0.00096733,0.00029789,-0.00028254,0.00081122,-0.00134717,-0.00102619,0.00028132,0.00036251,0.00147988,0.00035481,-0.00091751,-0.00078321,-0.00148139,-0.00026171,-0.00097274,-0.00090702,-0.00009567,-0.00111560,0.00019582,-0.00081454,0.00072456,-0.00128497,0.00082630,-0.00137761,0.00048068,-0.00009905,0.00004169,0.00097729,-0.00107721,0.00079316,-0.00043218,0.00025684,0.00114587,0.00175941,0.00000264,0.00034365,-0.00030340,-0.00082871,-0.00039090,0.00085968,0.00035828,-0.00090930,0.00048999,0.00055576,0.00160759,-0.00001449,0.00065843,0.00078173,-0.00068072,-0.00031542,0.00014788,-0.00057689,-0.00022889,0.00083831,0.00118376,0.00094830,-0.00107807,-0.00020035,0.00051684,-0.00096699,-0.00072372,-0.00042507,-0.00093134,0.00072150,-0.00128000,-0.00059849,-0.00074791,0.00081701,0.00025090,0.00120859,0.00126379,-0.00050190,-0.00023928,0.00057049,-0.00125529,0.00054231,0.00000000,0.00000000,0.00000000,0.00000000,0.00000000,0.00000000,0.00000000,0.00000000,0.00000000,0.00000000,0.00000000,0.00000000,0.00000000,0.00000000,0.00000000,0.00000000,0.00000000,0.00000000,0.00000000,0.00000000,0.00000000,0.00000000,0.00000000,0.00000000,0.00000000,0.00000000,0.00000000,0.00000000,0.00000000,0.00000000,0.00000000,0.00000000,0.00000000,0.00000000,0.00000000,0.00000000,0.00000000,0.00000000,0.00000000,0.00000000,0.00000000,0.00000000,0.00000000,0.00000000,0.00000000,0.00000000,0.00000000,0.00000000,-0.00067312,-0.00024011,-0.00017728,-0.00035242,0.00001781,-0.00059754,0.00018400,0.00058298,-0.00026739,-0.00012997,0.00028074,-0.00011294,-0.00038602,-0.00065589,0.00053950,0.00065676
0.00054151,-0.00001575,0.00052771,-0.00094876,-0.00046326,-0.00067305,-0.00045559,-0.00016562,0.00010046,0.00095194,0.00017404,0.00077408,-0.00015278,-0.00003235,0.00023591,-0.00092927,0.00008480,-0.00043367,0.00067182,0.00089857,0.00074649,-0.00003355,0.00092693,0.00068693,0.00001438,0.00002464,-0.00005234,0.00060168,0.00101481,0.00063300,-0.00006143,-0.00005979,-0.00044666,0.00080358,0.00044502,-0.00069377,-0.00025818,0.00016624,-0.00045384,0.00124253,0.00022798,0.00134537,0.00039922,-0.00035390,-0.00128616,0.00028174,0.00045410,0.00130428,-0.00064422,-0.01355551,-0.00099774,0.00042602,-0.00092044,0.00058687,-0.00025497,0.00081205,-0.00180763,0.00022351,0.00062116,0.00072104,0.00092893,0.00110628,-0.00006146,-0.00072973,-0.00044385,-0.00052579,0.00008017,-0.00033375,0.00003321,-0.00047604,0.00085405,-0.00006293,0.00000412,-0.00015402,0.00056634,0.00009863,0.00034283,-0.00006554,0.00028763,0.00139912,-0.00002786,0.00049194,-0.00087872,-0.00039037,0.00113987,0.00086108,0.00025923,0.00099851,-0.00039288,-0.00015008,-0.00035996,0.00050870,0.00008090,-0.00028206,0.00073619,0.00016460,0.00025804,0.00029496,0.00165415,0.00003321,-0.00091983,-0.00097937,0.00035754,-0.00019762,0.00018528,0.00146067,0.00110884,0.00125707,-0.00049398,-0.00011472,0.00133356,-0.00069348,0.00025705,-0.00020575,-0.00100502,0.00122408,-0.00069414,-0.00108727,-0.00077185,0.00019450,0.00045628,0.00094268,0.00099825,-0.00045341,-0.00074100,0.00094982,-0.00186251,0.00040463,0.00000000,0.00000000,0.00000000,0.00000000,0.00000000,0.00000000,0.00000000,0.00000000,0.00000000,0.00000000,0.00000000,0.00000000,0.00000000,0.00000000,0.00000000,0.00000000,0.00000000,0.00000000,0.00000000,0.00000000,0.00000000,0.00000000,0.00000000,0.00000000,0.00000000,0.00000000,0.00000000,0.00000000,0.00000000,0.00000000,0.00000000,0.00000000,0.00000000,0.00000000,0.00000000,0.00000000,0.00000000,0.00000000,0.00000000,0.00000000,0.00000000,0.00000000,0.00000000,0.00000000,0.00000000,0.00000000,0.00000000,0.00000000,-0.00018708,0.00018446,-0.00079617,0.00025616,-0.00027487,-0.00054831,-0.00090280,0.00035142,-0.00022377,-0.00041945,0.00010395,-0.00049687,-0.00019916,0.00010182,0.00042291,0.00041092
-0.00039079,0.00044942,-0.00013627,0.00074388,-0.00010039,-0.00081063,-0.00025121,0.00101757,-0.00067845,0.00084279,-0.00104003,-0.00007555,0.00082778,-0.00090643,-0.00070195,0.00095138,-0.00092742,-0.00110326,0.00054445,0.00129756,-0.00058645,-0.00088054,-0.00077163,-0.00073086,0.00098037,-0.00097283,-0.00023051,-0.00077179,0.00074610,0.00007073,-0.00060288,0.00112283,0.00075502,-0.00087160,-0.00068660,0.00065270,-0.00044015,0.00078718,0.00093103,-0.00062516,-0.00067739,-0.00077558,-0.00118394,0.00079233,0.00052290,-0.00051193,-0.00019054,-0.00089093,0.00046838,0.00082338,-0.00846864,-0.00111708,0.00025553,-0.00023881,0.00028554,0.00040268,-0.00078222,-0.00128159,-0.00078896,-0.00106763,-0.00097067,-0.00083885,-0.00003570,0.00073334,-0.00048675,-0.00020749,0.00089947,0.00037621,-0.00072268,-0.00060680,-0.00052906,-0.00069281,0.00041199,-0.00038339,0.00104807,-0.00086333,-0.00021529,0.00107358,-0.00105663,0.00172483,0.00011730,-0.00084337,0.00072315,0.00033311,-0.00026191,0.00089735,0.00046604,-0.00054142,-0.00157949,-0.00119866,-0.00124341,-0.00059962,-0.00059106,-0.00129236,-0.00078153,0.00059294,0.00092410,-0.00040907,-0.00024619,0.00015611,-0.00045127,-0.00028937,0.00092720,-0.00069193,-0.00093218,0.00000334,-0.00001259,-0.00052048,0.00051339,0.00024813,-0.00056556,-0.00059064,-0.00073666,-0.00022519,-0.00052260,-0.00055100,-0.00169634,0.00024012,0.00079495,-0.00044978,-0.00046188,0.00004549,-0.00105873,-0.00105589,-0.00000599,0.00060218,-0.00034882,0.00082880,0.00000000,0.00000000,0.00000000,0.00000000,0.00000000,0.00000000,0.00000000,0.00000000,0.00000000,0.00000000,0.00000000,0.00000000,0.00000000,0.00000000,0.00000000,0.00000000,0.00000000,0.00000000,0.00000000,0.00000000,0.00000000,0.00000000,0.00000000,0.00000000,0.00000000,0.00000000,0.00000000,0.00000000,0.00000000,0.00000000,0.00000000,0.00000000,0.00000000,0.00000000,0.00000000,0.00000000,0.00000000,0.00000000,0.00000000,0.00000000,0.00000000,0.00000000,0.00000000,0.00000000,0.00000000,0.00000000,0.00000000,0.00000000,0.00128298,-0.00059298,0.00104757,-0.00115825,0.00111535,-0.00150784,0.00132962,-0.00092652,-0.00063173,0.00116069,-0.00070426,0.00069469,0.00135642,-0.00168561,-0.00156114,0.00155525
0.00024217,-0.00001819,0.00048725,0.00004343,0.00033651,0.00057457,0.00003989,-0.00002464,0.00084686,-0.00018820,0.00003512,-0.00046911,-0.00064833,-0.00004056,0.00005796,0.00023545,-0.00046320,0.00052219,-0.00029704,-0.00098006,-0.00024868,-0.00020261,0.00058872,0.00014313,-0.00071350,-0.00006108,-0.00108451,-0.00098684,-0.00100233,-0.00055574,0.00009470,-0.00031548,-0.00046931,0.00013054,0.00026542,-0.00033396,-0.00028709,-0.00067290,0.00022111,-0.00028402,0.00082691,0.00034164,0.00012854,-0.00036014,0.00068713,0.00045095,-0.00096588,0.00055335,-0.00000118,-0.00044262,0.00028174,-0.01273440,-0.00017116,0.00014746,0.00030960,-0.00020394,0.00131496,-0.00051016,-0.00021424,-0.00006687,-0.00008375,-0.00013584,-0.00008199,0.00004118,0.00056723,-0.00024407,-0.00020110,0.00006954,0.00055247,0.00052511,0.00023079,0.00065745,-0.00047386,-0.00006814,-0.00081210,0.00074955,-0.00077647,-0.00022742,0.00054474,-0.00055239,0.00058594,0.00077124,-0.00005377,-0.00089534,-0.00024564,-0.00066076,-0.00085087,0.00044251,0.00064164,0.00047962,0.00069012,-0.00023229,0.00001968,0.00032102,0.00040627,-0.00038239,-0.00136031,0.00009764,-0.00130932,-0.00085355,0.00059219,-0.00012315,-0.00018319,0.00004253,-0.00012723,0.00032778,-0.00118290,0.00084106,0.00049863,-0.00040579,-0.00001152,0.00055578,0.00093681,0.00028915,0.00001528,-0.00032612,0.00072608,-0.00040102,0.00006157,-0.00072302,-0.00047118,-0.00015897,-0.00024004,0.00020966,0.00025853,-0.00115887,0.00082652,-0.00106583,0.00000000,0.00000000,0.00000000,0.00000000,0.00000000,0.00000000,0.00000000,0.00000000,0.00000000,0.00000000,0.00000000,0.00000000,0.00000000,0.00000000,0.00000000,0.00000000,0.00000000,0.00000000,0.00000000,0.00000000,0.00000000,0.00000000,0.00000000,0.00000000,0.00000000,0.00000000,0.00000000,0.00000000,0.00000000,0.00000000,0.00000000,0.00000000,0.00000000,0.00000000,0.00000000,0.00000000,0.00000000,0.00000000,0.00000000,0.00000000,0.00000000,0.00000000,0.00000000,0.00000000,0.00000000,0.00000000,0.00000000,0.00000000,-0.00059973,-0.00029523,-0.00059109,0.00110518,-0.00078755,0.00132302,-0.00032711,0.00048586,0.00099160,-0.00025315,0.00005961,-0.00063770,-0.00030167,0.00142847,0.00074678,-0.00084904
-0.00014630,0.00073694,-0.00000167,0.00045953,-0.00121145,-0.00003624,-0.00050012,0.00072957,-0.00128675,0.00041846,-0.00124377,-0.00126337,0.00060227,-0.00097827,-0.00052583,0.00105088,-0.00056863,-0.00147922,0.00151215,0.00137117,-0.00022525,0.00013215,-0.00063006,-0.00009382,0.00098990,-0.00090311,0.00003172,-0.00058941,0.00196889,0.00001601,-0.00075447,0.00100671,0.00062197,-0.00119654,-0.00089445,0.00113504,0.00000997,0.00044307,0.00039337,-0.00074705,-0.00095383,-0.00063721,-0.00099085,0.00003645,-0.00070583,-0.00127651,0.00046078,-0.00059556,0.00103201,0.00147326,0.00028098,-0.00115884,-0.00870457,-0.00021444,0.00038527,0.00038502,-0.00075705,-0.00135488,-0.00081696,-0.00020809,-0.00060949,-0.00036814,0.00021454,0.00052706,0.00036616,0.00054551,0.00076122,0.00125967,-0.00101831,0.00063128,-0.00087752,-0.00042905,0.00003505,-0.00024866,0.00157523,-0.00128302,0.00070147,0.00020569,-0.00127122,0.00066372,0.00074744,-0.00072103,0.00102867,0.00077665,0.00000276,0.00161038,0.00122903,-0.00066460,-0.00061960,-0.00162115,-0.00164257,0.00041036,-0.00115324,-0.00137149,-0.00093584,0.00115100,0.00142883,-0.00026241,-0.00019469,0.00078540,-0.00024898,-0.00066233,0.00130781,-0.00054431,-0.00127668,-0.00037887,-0.00006620,-0.00079999,0.00019684,0.00086536,-0.00012995,-0.00047245,-0.00161093,-0.00054983,-0.00102621,-0.00025711,-0.00163052,0.00079099,0.00095956,-0.00060097,-0.00069172,0.00015807,-0.00067200,-0.00135117,0.00062436,0.00052159,-0.00031700,0.00163979,0.00000000,0.00000000,0.00000000,0.00000000,0.00000000,0.00000000,0.00000000,0.00000000,0.00000000,0.00000000,0.00000000,0.00000000,0.00000000,0.00000000,0.00000000,0.00000000,0.00000000,0.00000000,0.00000000,0.00000000,0.00000000,0.00000000,0.00000000,0.00000000,0.00000000,0.00000000,0.00000000,0.00000000,0.00000000,0.00000000,0.00000000,0.00000000,0.00000000,0.00000000,0.00000000,0.00000000,0.00000000,0.00000000,0.00000000,0.00000000,0.00000000,0.00000000,0.00000000,0.00000000,0.00000000,0.00000000,0.00000000,0.00000000,0.00171368,-0.00030276,0.00107690,-0.00080905,0.00073946,-0.00160169,0.00126100,-0.00086466,0.00008503,0.00064980,-0.00027432,0.00110446,0.00147204,-0.00132251,-0.00067188,0.00149514
0.00013995,0.00053870,0.00026856,-0.00038745,0.00046611,-0.00046283,-0.00016497,-0.00000233,0.00168189,-0.00009882,0.00045997,0.00052812,-0.00131767,0.00106877,0.00062986,-0.00110624,0.00062208,0.00022914,-0.00107104,-0.00087887,0.00095560,0.00080113,0.00094464,0.00077025,-0.00151173,0.00048699,0.00020279,0.00055355,-0.00066044,-0.00020645,0.00069128,-0.00138602,0.00001485,0.00136547,0.00057712,-0.00134437,-0.00096446,-0.00061072,-0.00108807,0.00097426,0.00063445,0.00117419,0.00079145,-0.00069293,0.00002989,0.00113161,-0.00006992,0.00046466,-0.00139508,-0.00118613,-0.00059636,0.00168453,-0.00097294,-0.01352829,-0.00074498,-0.00143493,0.00113981,0.00088887,0.00078938,0.00086834,0.00033621,0.00036289,-0.00103005,-0.00021855,-0.00112721,-0.00120599,-0.00083401,-0.00065495,-0.00014448,0.00048757,0.00061821,0.00040419,-0.00002679,0.00020649,-0.00086644,0.00092295,0.00041039,-0.00038351,0.00135248,-0.00079618,-0.00064644,0.00115974,-0.00034135,-0.00021443,0.00048625,-0.00083816,-0.00072409,-0.00015278,0.00033951,0.00153164,0.00111667,0.00074070,0.00126086,0.00104488,0.00059761,-0.00111631,-0.00072584,0.00022609,0.00047669,-0.00008672,0.00019876,0.00080778,-0.00119500,0.00014410,0.00021017,0.00109953,-0.00003354,0.00066355,-0.00005298,-0.00045225,0.00137873,0.00071387,0.00109928,0.00082029,0.00165111,0.00103803,0.00175569,-0.00084927,-0.00095641,-0.00006703,0.00045806,-0.00069389,0.00099321,0.00134201,0.00013640,-0.00030400,0.00026655,-0.00125127,0.00000000,0.00000000,0.00000000,0.00000000,0.00000000,0.00000000,0.00000000,0.00000000,0.00000000,0.00000000,0.00000000,0.00000000,0.00000000,0.00000000,0.00000000,0.00000000,0.00000000,0.00000000,0.00000000,0.00000000,0.00000000,0.00000000,0.00000000,0.00000000,0.00000000,0.00000000,0.00000000,0.00000000,0.00000000,0.00000000,0.00000000,0.00000000,0.00000000,0.00000000,0.00000000,0.00000000,0.00000000,0.00000000,0.00000000,0.00000000,0.00000000,0.00000000,0.00000000,0.00000000,0.00000000,0.00000000,0.00000000,0.00000000,-0.00112503,0.00037399,-0.00114014,0.00066171,-0.00079394,0.00111883,-0.00065777,0.00073970,0.00095511,-0.00038448,-0.00022555,-0.00117543,-0.00063824,0.00174167,0.00097466,-0.00146629
-0.00019963,-0.00031389,-0.00017462,0.00105150,-0.00002730,-0.00033604,-0.00008591,0.00024795,-0.00181176,-0.00054499,-0.00167218,0.00040002,0.00081870,-0.00085446,-0.00053545,0.00002993,-0.00073414,-0.00230081,0.00152564,0.00077679,-0.00058277,-0.00045702,-0.00045774,0.00006614,0.00161653,-0.00123769,0.00040542,0.00016890,0.00080442,-0.00037573,-0.00208318,0.00139594,0.00065147,-0.00109300,-0.00222984,0.00104289,-0.00023450,0.00002370,0.00158819,-0.00074666,-0.00061897,-0.00092596,-0.00126771,0.00041003,-0.00008076,-0.00082944,0.00025758,-0.00149508,0.00111382,0.00200660,0.00026864,-0.00135623,0.00116254,-0.00008371,-0.01320014,0.00053452,-0.00137513,-0.00209054,-0.00033969,-0.00039349,-0.00050742,-0.00054110,0.00161712,0.00047495,0.00001037,0.00094621,0.00075474,0.00102723,-0.00003246,0.00037447,-0.00068139,-0.00019986,-0.00009651,-0.00010304,0.00186977,-0.00080498,-0.00032472,-0.00070080,-0.00105027,0.00024552,0.00073433,-0.00134940,0.00107177,0.00027242,0.00051366,0.00178689,0.00215563,-0.00048091,-0.00077379,-0.00105934,-0.00174702,0.00026235,-0.00125259,0.00018601,-0.00089602,0.00036202,0.00078399,0.00070181,0.00041787,0.00103069,-0.00032404,-0.00065655,0.00041751,0.00062189,-0.00115045,-0.00015853,0.00054735,-0.00069179,0.00054709,0.00118292,-0.00116704,-0.00129104,-0.00044971,-0.00161787,-0.00018987,-0.00082011,-0.00168980,0.00091887,0.00078330,-0.00104201,-0.00067031,0.00067678,-0.00114623,-0.00116524,0.00076106,-0.00030148,-0.00022865,0.00088102,0.00000000,0.00000000,0.00000000,0.00000000,0.00000000,0.00000000,0.00000000,0.00000000,0.00000000,0.00000000,0.00000000,0.00000000,0.00000000,0.00000000,0.00000000,0.00000000,0.00000000,0.00000000,0.00000000,0.00000000,0.00000000,0.00000000,0.00000000,0.00000000,0.00000000,0.00000000,0.00000000,0.00000000,0.00000000,0.00000000,0.00000000,0.00000000,0.00000000,0.00000000,0.00000000,0.00000000,0.00000000,0.00000000,0.00000000,0.00000000,0.00000000,0.00000000,0.00000000,0.00000000,0.00000000,0.00000000,0.00000000,0.00000000,0.00102394,-0.00044415,0.00111607,-0.00059837,0.00138145,-0.00224933,-0.00030241,-0.00157493,0.00056846,0.00089368,0.00058947,0.00085730,0.00224225,-0.00164817,-0.00120081,0.00160616
0.00035230,-0.00071000,0.00203943,-0.00200804,0.00055249,-0.00034141,0.00030452,-0.00052236,0.00188881,0.00156157,0.00156014,0.00149990,-0.00197171,0.00276436,0.00115239,-0.00191281,0.00153069,0.00175135,-0.00196458,-0.00121088,0.00200555,0.00184121,0.00167506,0.00183529,-0.00201727,0.00199212,0.00044816,0.00207664,-0.00037021,0.00058744,0.00212299,-0.00148213,0.00062672,0.00190229,0.00189483,-0.00149292,-0.00097128,0.00002704,-0.00185830,0.00205491,0.00078081,0.00136945,0.00211393,-0.00095074,-0.00031848,0.00176753,0.00050476,0.00188828,-0.00146728,-0.00178617,-0.00216345,0.00225769,-0.00217234,0.00042575,-0.00141890,-0.01413528,0.00058404,0.00166148,0.00099062,0.00246140,0.00191085,0.00171133,-0.00130257,-0.00168873,-0.00158650,-0.00072837,-0.00176180,-0.00159407,0.00066426,-0.00006633,0.00117736,0.00171113,0.00001803,0.00016276,-0.00204117,0.00138420,0.00046097,-0.00151123,0.00170634,-0.00104959,-0.00095656,0.00142968,-0.00064089,-0.00114890,0.00178330,-0.00054062,-0.00251245,0.00137777,0.00017251,0.00183759,0.00101259,0.00132731,0.00227810,0.00056260,0.00146477,-0.00014233,-0.00122500,0.00083153,0.00126503,-0.00035450,-0.00128233,-0.00024220,-0.00211351,-0.00089601,0.00098023,0.00167583,0.00082675,0.00244207,-0.00157414,-0.00133679,0.00221815,0.00073368,0.00158929,0.00150692,0.00023155,0.00182302,0.00043601,-0.00176304,-0.00184078,0.00158294,0.00059227,-0.00029981,0.00132787,0.00058072,-0.00133234,0.00054967,-0.00053299,-0.00096374,0.00000000,0.00000000,0.00000000,0.00000000,0.00000000,0.00000000,0.00000000,0.00000000,0.00000000,0.00000000,0.00000000,0.00000000,0.00000000,0.00000000,0.00000000,0.00000000,0.00000000,0.00000000,0.00000000,0.00000000,0.00000000,0.00000000,0.00000000,0.00000000,0.00000000,0.00000000,0.00000000,0.00000000,0.00000000,0.00000000,0.00000000,0.00000000,0.00000000,0.00000000,0.00000000,0.00000000,0.00000000,0.00000000,0.00000000,0.00000000,0.00000000,0.00000000,0.00000000,0.00000000,0.00000000,0.00000000,0.00000000,0.00000000,-0.00161147,0.00056109,-0.00180899,0.00181002,-0.00120074,0.00196561,-0.00201845,0.00193091,0.00007191,-0.00160860,0.00023479,-0.00107787,-0.00155228,0.00237728,0.00210197,-0.00228177
-0.00057643,-0.00049139,-0.00201929,0.00266737,-0.00025073,0.00187505,-0.00124058,-0.00091234,-0.00278052,-0.00235497,-0.00353077,-0.00161762,0.00204800,-0.00277863,-0.00214135,0.00246921,-0.00306530,-0.00223387,0.00261937,0.00135195,-0.00174777,-0.00177121,-0.00275624,-0.00188507,0.00302319,-0.00300371,-0.00124518,-0.00202707,0.00111512,-0.00148968,-0.00273616,0.00280242,-0.00033081,-0.00279241,-0.00295406,0.00282849,0.00128356,-0.00081832,0.00309492,-0.00236775,-0.00245074,-0.00289028,-0.00287836,0.00189863,0.00210980,-0.00255744,-0.00094274,-0.00261649,0.00247570,0.00293187,0.00246572,-0.00241954,0.00284175,-0.00107032,0.00199288,-0.00046412,-0.01277317,-0.00263001,-0.00259068,-0.00271156,-0.00272600,-0.00264509,0.00333747,0.00219305,0.00186176,0.00173954,0.00296627,0.00340100,-0.00160379,0.00210354,-0.00252407,-0.00190566,-0.00194481,0.00041652,0.00283456,-0.00024380,-0.00220842,0.00186284,-0.00091620,0.00061968,0.00234346,-0.00252061,0.00236391,0.00219551,-0.00198650,0.00184238,0.00302609,-0.00249065,-0.00062623,-0.00161591,-0.00267582,-0.00186685,-0.00314045,-0.00048822,-0.00256153,-0.00000496,0.00136095,-0.00204836,-0.00099080,0.00109762,0.00156251,-0.00016097,0.00176434,0.00177997,-0.00115699,-0.00266470,-0.00177998,-0.00235947,0.00227783,0.00316781,-0.00243887,-0.00152576,-0.00139565,-0.00226814,0.00001968,-0.00195702,-0.00123650,0.00268356,0.00281908,-0.00211758,-0.00142737,-0.00043610,-0.00318767,-0.00144562,0.00238738,-0.00192401,0.00219290,0.00168103,0.00000000,0.00000000,0.00000000,0.00000000,0.00000000,0.00000000,0.00000000,0.00000000,0.00000000,0.00000000,0.00000000,0.00000000,0.00000000,0.00000000,0.00000000,0.00000000,0.00000000,0.00000000,0.00000000,0.00000000,0.00000000,0.00000000,0.00000000,0.00000000,0.00000000,0.00000000,0.00000000,0.00000000,0.00000000,0.00000000,0.00000000,0.00000000,0.00000000,0.00000000,0.00000000,0.00000000,0.00000000,0.00000000,0.00000000,0.00000000,0.00000000,0.00000000,0.00000000,0.00000000,0.00000000,0.00000000,0.00000000,0.00000000,0.00220937,-0.00044970,0.00256947,-0.00205749,0.00236322,-0.00342199,0.00208926,-0.00227300,0.00024088,0.00210984,0.00034403,0.00170985,0.00258019,-0.00291019,-0.00269195,0.00315995
0.00002534,-0.00021598,0.00111089,-0.00064642,0.00078518,-0.00037954,0.00040364,-0.00019372,0.00143264,0.00019233,0.00154317,0.00025123,-0.00120939,0.00039746,0.00016359,-0.00036101,0.00101089,0.00110857,-0.00048368,-0.00118381,0.00031758,0.00105884,0.00119725,0.00060945,-0.00165376,0.00137452,0.00030624,-0.00014085,-0.00089082,-0.00039212,0.00166156,-0.00117558,-0.00065639,0.00061849,0.00039905,-0.00139319,0.00070376,-0.00022769,-0.00103128,0.00007941,0.00034167,0.00070293,0.00088260,0.00010585,0.00006649,0.00059562,-0.00032956,0.00073970,-0.00186125,-0.00136333,-0.00125198,0.00038164,-0.00131231,-0.00006561,-0.00156244,-0.00021917,0.00064585,-0.01164581,0.00091501,0.00012855,0.00055862,0.00043247,-0.00025873,-0.00026729,-0.00028772,-0.00072334,-0.00095345,-0.00148832,0.00089390,0.00019139,0.00065955,0.00096824,-0.00040231,-0.00002176,-0.00129995,0.00064090,0.00003050,-0.00060620,0.00043711,-0.00076218,0.00009646,0.00117362,-0.00094566,-0.00108267,0.00000817,-0.00105319,-0.00167943,0.00049291,0.00025108,0.00154757,0.00150778,0.00008486,0.00069291,0.00070985,0.00064844,-0.00037265,-0.00155028,0.00063922,-0.00021395,-0.00011630,0.00033058,0.00038734,-0.00105099,0.00079506,0.00016245,-0.00020318,-0.00047956,0.00026723,0.00044439,-0.00050933,0.00046218,0.00117859,0.00087090,0.00009825,0.00103261,0.00069501,0.00115199,-0.00055340,-0.00068953,0.00094255,-0.00013214,-0.00063979,0.00118577,0.00078969,-0.00004316,-0.00005324,0.00054826,-0.00111332,0.00000000,0.00000000,0.00000000,0.00000000,0.00000000,0.00000000,0.00000000,0.00000000,0.00000000,0.00000000,0.00000000,0.00000000,0.00000000,0.00000000,0.00000000,0.00000000,0.00000000,0.00000000,0.00000000,0.00000000,0.00000000,0.00000000,0.00000000,0.00000000,0.00000000,0.00000000,0.00000000,0.00000000,0.00000000,0.00000000,0.00000000,0.00000000,0.00000000,0.00000000,0.00000000,0.00000000,0.00000000,0.00000000,0.00000000,0.00000000,0.00000000,0.00000000,0.00000000,0.00000000,0.00000000,0.00000000,0.00000000,0.00000000,-0.00052111,0.00068584,0.00002302,0.00074302,-0.00113949,0.00173084,-0.00123091,0.00123589,0.00048046,0.00009458,-0.00063047,-0.00034785,-0.00004254,0.00137443,0.00101130,-0.00114783
-0.00006986,-0.00102721,-0.00054929,-0.00016598,0.00091310,-0.00003960,0.00056255,0.00000748,0.00083156,-0.00036359,-0.00056365,-0.00043388,-0.00080882,0.00027186,-0.00047520,0.00073649,-0.00055388,0.00054313,-0.00034523,-0.00119569,0.00000549,-0.00064440,-0.00029618,-0.00033497,-0.00023171,0.00011281,-0.00030222,-0.00026585,-0.00128364,-0.00060760,0.00092977,0.00001030,-0.00048573,0.00047047,-0.00011143,-0.00069452,0.00001083,0.00018583,0.00046957,-0.00064966,0.00035300,0.00002110,0.00044392,-0.00033099,0.00114306,0.00038649,-0.00067111,0.00040597,-0.00054331,-0.00026629,0.00035202,0.00019923,0.00003260,-0.00055555,0.00070503,-0.00189943,0.00189551,0.00019641,-0.01274495,-0.00014515,-0.00013789,-0.00000293,0.00101263,0.00067693,0.00040677,0.00026115,-0.00029280,0.00036687,0.00006699,0.00035651,-0.00061602,0.00018704,-0.00106230,0.00055145,-0.00093900,0.00053328,-0.00075708,0.00059915,0.00098860,-0.00023670,0.00004711,-0.00012687,-0.00064106,0.00036343,-0.00112218,-0.00111286,-0.00078296,0.00035457,0.00073042,0.00106058,0.00130092,-0.00003257,0.00055731,0.00056534,0.00030396,-0.00064481,-0.00115760,-0.00008005,-0.00083827,-0.00083715,0.00017914,-0.00021101,-0.00102865,0.00139666,0.00037508,-0.00102135,-0.00101007,0.00018776,0.00052761,-0.00035495,-0.00044609,0.00091803,0.00070117,-0.00003678,0.00123194,-0.00008396,0.00118740,-0.00013387,-0.00024721,-0.00137825,0.00037074,-0.00144981,-0.00043354,0.00036989,0.00050042,-0.00163741,0.00092333,-0.00063329,0.00000000,0.00000000,0.00000000,0.00000000,0.00000000,0.00000000,0.00000000,0.00000000,0.00000000,0.00000000,0.00000000,0.00000000,0.00000000,0.00000000,0.00000000,0.00000000,0.00000000,0.00000000,0.00000000,0.00000000,0.00000000,0.00000000,0.00000000,0.00000000,0.00000000,0.00000000,0.00000000,0.00000000,0.00000000,0.00000000,0.00000000,0.00000000,0.00000000,0.00000000,0.00000000,0.00000000,0.00000000,0.00000000,0.00000000,0.00000000,0.00000000,0.00000000,0.00000000,0.00000000,0.00000000,0.00000000,0.00000000,0.00000000,-0.00003840,0.00000712,-0.00034528,0.00058432,-0.00073502,0.00170692,-0.00026392,0.00054719,-0.00073901,-0.00072226,0.00036812,-0.00032379,-0.00046356,0.00137820,0.00052767,-0.00053922
0.00015902,0.00017196,0.00041192,-0.00098451,0.00068427,-0.00033423,0.00032400,-0.00012842,0.00162648,-0.00022074,0.00122498,0.00041283,-0.00091809,0.00133848,0.00064155,-0.00106564,0.00093229,0.00154813,-0.00059035,-0.00101227,0.00060074,0.00110642,0.00098493,0.00156067,-0.00149554,0.00098282,0.00076957,-0.00023978,-0.00122155,0.00027360,0.00077620,-0.00108769,-0.00036389,0.00115439,0.00067755,-0.00079353,-0.00047107,-0.00011505,-0.00126451,0.00048903,0.00096040,0.00108270,0.00099843,-0.00050247,0.00044262,0.00112115,-0.00080708,0.00038582,-0.00138623,-0.00130001,-0.00080250,0.00114810,-0.00091325,0.00040088,-0.00066825,-0.00006850,0.00037398,0.00043411,0.00092857,-0.00979870,0.00045870,0.00057375,-0.00074595,-0.00044107,0.00026983,-0.00081035,-0.00151169,-0.00132611,0.00106520,-0.00028788,0.00105375,0.00057665,0.00032078,0.00047182,-0.00159593,0.00038396,-0.00057212,-0.00057204,0.00155615,-0.00118760,-0.00048679,0.00067304,-0.00115172,-0.00026685,-0.00010768,-0.00205869,-0.00116331,0.00039907,0.00114891,0.00119966,0.00136505,0.00114717,0.00096688,0.00112615,0.00079473,-0.00046657,-0.00075086,0.00015652,-0.00021179,-0.00039248,-0.00015475,-0.00007118,-0.00150350,0.00038506,0.00036757,0.00028110,0.00012067,0.00034757,-0.00070452,-0.00084003,0.00056190,0.00060858,0.00104870,0.00002809,0.00124144,0.00069915,0.00146175,-0.00094089,-0.00129320,0.00043074,0.00063699,-0.00031680,0.00096862,0.00077087,-0.00018220,-0.00077186,-0.00025960,-0.00095177,0.00000000,0.00000000,0.00000000,0.00000000,0.00000000,0.00000000,0.00000000,0.00000000,0.00000000,0.00000000,0.00000000,0.00000000,0.00000000,0.00000000,0.00000000,0.00000000,0.00000000,0.00000000,0.00000000,0.00000000,0.00000000,0.00000000,0.00000000,0.00000000,0.00000000,0.00000000,0.00000000,0.00000000,0.00000000,0.00000000,0.00000000,0.00000000,0.00000000,0.00000000,0.00000000,0.00000000,0.00000000,0.00000000,0.00000000,0.00000000,0.00000000,0.00000000,0.00000000,0.00000000,0.00000000,0.00000000,0.00000000,0.00000000,-0.00100442,0.00024187,-0.00092128,0.00064358,-0.00045692,0.00165941,-0.00071560,0.00079743,-0.00054170,-0.00110200,-0.00062834,-0.00076965,-0.00107285,0.00163783,0.00101359,-0.00127237
0.00013684,0.00024907,0.00029627,-0.00019131,0.00103414,-0.00056417,0.00070603,-0.00007448,0.00109053,-0.00105100,0.00031473,0.00005002,-0.00051056,0.00076459,-0.00005627,-0.00037898,0.00089808,0.00092588,-0.00125044,-0.00139070,-0.00015516,0.00049403,0.00044061,0.00053760,-0.00135112,0.00129807,0.00031205,-0.00007790,-0.00076108,-0.00029028,0.00037923,-0.00050379,-0.00028020,0.00057736,0.00084533,-0.00065359,-0.00043285,-0.00001771,-0.00063949,-0.00007126,0.00114450,0.00040857,0.00063251,0.00013116,0.00043187,0.00047850,-0.00030990,0.00061074,0.00004555,-0.00095601,-0.00055219,0.00053394,-0.00078260,-0.00068468,0.00008838,-0.00035309,0.00090946,0.00061937,0.00049281,0.00009521,-0.01192760,0.00051695,-0.00053672,0.00037817,0.00049809,-0.00043948,-0.00029877,-0.00093110,0.00044026,-0.00031469,0.00033787,0.00084154,-0.00013875,0.00126132,-0.00170171,0.00055460,-0.00037958,-0.00069869,0.00117475,-0.00157226,-0.00032447,0.00074780,-0.00060377,-0.00037386,-0.00094714,-0.00129068,-0.00148149,0.00117856,0.00033298,0.00084636,0.00098159,-0.00032699,0.00075445,0.00064604,-0.00026696,-0.00001230,-0.00113597,-0.00007957,-0.00059751,-0.00050689,0.00086419,0.00039633,-0.00060581,0.00032594,0.00016999,-0.00039325,-0.00002253,0.00057984,-0.00022238,-0.00067316,0.00054028,0.00041355,0.00085162,0.00083174,0.00066643,0.00040749,0.00139063,-0.00066737,-0.00081455,0.00059799,0.00012448,-0.00093955,0.00091576,0.00138065,-0.00072444,-0.00066300,0.00047333,-0.00132457,0.00000000,0.00000000,0.00000000,0.00000000,0.00000000,0.00000000,0.00000000,0.00000000,0.00000000,0.00000000,0.00000000,0.00000000,0.00000000,0.00000000,0.00000000,0.00000000,0.00000000,0.00000000,0.00000000,0.00000000,0.00000000,0.00000000,0.00000000,0.00000000,0.00000000,0.00000000,0.00000000,0.00000000,0.00000000,0.00000000,0.00000000,0.00000000,0.00000000,0.00000000,0.00000000,0.00000000,0.00000000,0.00000000,0.00000000,0.00000000,0.00000000,0.00000000,0.00000000,0.00000000,0.00000000,0.00000000,0.00000000,0.00000000,-0.00091750,0.00069495,-0.00080747,0.00062708,-0.00093533,0.00176374,-0.00043425,0.00139142,0.00025179,-0.00065170,0.00018342,-0.00060426,-0.00144160,0.00051481,0.00098107,-0.00067067
0.00004299,-0.00081087,0.00045729,-0.00075983,0.00094543,-0.00010581,0.00115339,-0.00014123,0.00167717,0.00057052,0.00083349,0.00063084,-0.00178614,0.00107865,0.00061769,-0.00052970,0.00074007,0.00169093,-0.00097066,-0.00154249,0.00015222,0.00124948,-0.00023701,0.00120570,-0.00121306,0.00159049,-0.00021424,-0.00065780,-0.00144032,0.00061651,0.00111621,-0.00088142,-0.00024469,0.00094231,0.00101240,-0.00074059,0.00070046,-0.00005536,-0.00056479,0.00043545,0.00089607,0.00087756,0.00041515,-0.00066642,0.00059451,0.00134830,-0.00104138,0.00035056,-0.00121770,-0.00098167,-0.00061742,0.00115286,-0.00039954,-0.00024160,-0.00012063,-0.00047723,0.00146065,0.00069790,0.00101787,0.00030087,0.00096615,-0.01056233,-0.00011788,-0.00083169,-0.00029077,-0.00000589,-0.00052274,-0.00090660,0.00043279,0.00060202,0.00074038,0.00063529,-0.00027058,-0.00038026,-0.00171771,0.00147492,-0.00011099,-0.00056911,0.00088298,-0.00174925,-0.00093450,0.00126488,-0.00108652,-0.00019707,0.00025265,-0.00108057,-0.00129297,0.00030891,0.00073958,0.00124646,0.00183323,0.00041817,0.00121752,0.00139584,0.00020229,-0.00069924,-0.00085172,-0.00021814,0.00030074,-0.00076710,0.00159058,0.00062294,-0.00080745,-0.00021434,-0.00050183,0.00144729,-0.00102979,0.00044048,0.00035913,-0.00054864,0.00090301,0.00083315,0.00081883,0.00050792,0.00160944,0.00036706,0.00285299,-0.00084096,-0.00069675,0.00062264,-0.00034423,-0.00067971,0.00051202,0.00093326,-0.00045975,-0.00033155,0.00035265,-0.00072449,0.00000000,0.00000000,0.00000000,0.00000000,0.00000000,0.00000000,0.00000000,0.00000000,0.00000000,0.00000000,0.00000000,0.00000000,0.00000000,0.00000000,0.00000000,0.00000000,0.00000000,0.00000000,0.00000000,0.00000000,0.00000000,0.00000000,0.00000000,0.00000000,0.00000000,0.00000000,0.00000000,0.00000000,0.00000000,0.00000000,0.00000000,0.00000000,0.00000000,0.00000000,0.00000000,0.00000000,0.00000000,0.00000000,0.00000000,0.00000000,0.00000000,0.00000000,0.00000000,0.00000000,0.00000000,0.00000000,0.00000000,0.00000000,-0.00128770,0.00080447,-0.00084727,0.00056360,-0.00084048,0.00189394,-0.00062023,0.00077184,-0.00028692,-0.00104455,-0.00002857,-0.00075299,-0.00115790,0.00112928,0.00150657,-0.00154948
0.00015903,0.00054730,-0.00000191,0.00034827,-0.00121743,-0.00031820,-0.00129900,0.00044356,-0.00046743,-0.00035089,-0.00084012,-0.00093087,0.00111937,-0.00040696,-0.00016566,0.00083939,-0.00031490,-0.00135543,0.00116620,0.00095057,-0.00018710,-0.00028079,-0.00051698,-0.00031199,0.00018443,-0.00034958,0.00040204,-0.00033777,0.00121248,-0.00017557,-0.00073547,0.00094654,0.00041369,0.00009182,-0.00059405,0.00070699,-0.00028963,0.00091861,0.00070745,-0.00061196,-0.00066780,-0.00067893,-0.00085688,0.00058952,0.00046701,-0.00046180,0.00025224,-0.00058157,0.00025169,0.00071225,-0.00042178,-0.00062258,-0.00017646,-0.00029276,0.00064362,0.00176379,-0.00035664,-0.00025811,0.00033420,-0.00015469,-0.00054126,0.00013876,-0.01034737,0.00058277,-0.00002174,0.00034824,0.00125831,0.00015057,-0.00054041,-0.00006342,-0.00077925,-0.00081684,0.00033623,-0.00034224,0.00097516,-0.00076881,0.00036059,0.00090683,-0.00132325,0.00091123,0.00055189,-0.00077202,0.00051160,0.00047396,-0.00023813,0.00131034,0.00100271,-0.00100945,-0.00067063,-0.00117947,-0.00059784,0.00052484,-0.00036388,-0.00066816,-0.00030745,0.00023553,0.00143522,0.00030284,-0.00007136,0.00058194,-0.00042589,-0.00054719,0.00041836,-0.00099201,-0.00048314,-0.00029254,-0.00005330,-0.00049900,0.00008190,-0.00005458,-0.00076862,-0.00114844,-0.00080355,-0.00010305,-0.00149321,-0.00054651,-0.00130310,0.00058592,0.00066740,0.00035492,-0.00023601,0.00029834,0.00014252,-0.00150301,-0.00054484,0.00113056,-0.00059085,0.00132894,0.00000000,0.00000000,0.00000000,0.00000000,0.00000000,0.00000000,0.00000000,0.00000000,0.00000000,0.00000000,0.00000000,0.00000000,0.00000000,0.00000000,0.00000000,0.00000000,0.00000000,0.00000000,0.00000000,0.00000000,0.00000000,0.00000000,0.00000000,0.00000000,0.00000000,0.00000000,0.00000000,0.00000000,0.00000000,0.00000000,0.00000000,0.00000000,0.00000000,0.00000000,0.00000000,0.00000000,0.00000000,0.00000000,0.00000000,0.00000000,0.00000000,0.00000000,0.00000000,0.00000000,0.00000000,0.00000000,0.00000000,0.00000000,0.00133657,-0.00034008,0.00100576,-0.00056404,0.00095136,-0.00107370,0.00035360,-0.00063669,-0.00094920,0.00058895,-0.00036625,0.00095234,0.00051233,-0.00073496,-0.00082917,0.00130237
-0.00044361,0.00033735,-0.00060597,0.00028462,-0.00032083,-0.00026649,-0.00060696,0.00031869,-0.00138683,-0.00022756,-0.00108920,-0.00037227,0.00071441,-0.00046200,-0.00086718,0.00003803,-0.00094715,-0.00141476,0.00108338,0.00173744,-0.00038968,-0.00076543,-0.00104332,-0.00035852,0.00172417,-0.00103709,-0.00008603,-0.00004220,0.00080922,0.00043712,-0.00128579,0.00154456,-0.00007115,-0.00053450,-0.00113279,0.00149610,0.00028972,0.00087823,0.00105750,-0.00035485,-0.00070400,-0.00161779,-0.00085250,-0.00024588,-0.00029379,-0.00120889,0.00071936,-0.00083599,0.00063704,0.00153202,0.00037939,-0.00112016,0.00112459,0.00068184,0.00034786,0.00016514,-0.00088952,-0.00072056,-0.00068396,-0.00002947,-0.00036403,-0.00149085,0.00116140,-0.01215210,0.00029827,0.00015012,0.00131548,0.00067935,-0.00010391,-0.00028747,-0.00034722,-0.00048553,-0.00021703,0.00013469,0.00150920,-0.00040176,-0.00090405,0.00082512,-0.00135793,0.00090482,0.00080199,-0.00150106,0.00100270,0.00018021,0.00009046,0.00136768,0.00188723,-0.00008884,-0.00101605,-0.00109753,-0.00103720,0.00007350,-0.00073002,-0.00014882,-0.00051668,0.00066841,0.00137291,0.00016876,-0.00001404,0.00002427,-0.00126589,0.00003276,0.00076638,0.00033346,-0.00091425,-0.00052435,0.00021711,-0.00066232,0.00062806,0.00076020,-0.00092813,-0.00080838,-0.00138125,-0.00106972,-0.00064381,0.00022714,-0.00156998,0.00065038,0.00182179,-0.00067165,-0.00038357,0.00117423,-0.00073563,-0.00161304,0.00012600,0.00069399,0.00025631,0.00064354,0.00000000,0.00000000,0.00000000,0.00000000,0.00000000,0.00000000,0.00000000,0.00000000,0.00000000,0.00000000,0.00000000,0.00000000,0.00000000,0.00000000,0.00000000,0.00000000,0.00000000,0.00000000,0.00000000,0.00000000,0.00000000,0.00000000,0.00000000,0.00000000,0.00000000,0.00000000,0.00000000,0.00000000,0.00000000,0.00000000,0.00000000,0.00000000,0.00000000,0.00000000,0.00000000,0.00000000,0.00000000,0.00000000,0.00000000,0.00000000,0.00000000,0.00000000,0.00000000,0.00000000,0.00000000,0.00000000,0.00000000,0.00000000,0.00155905,-0.00080280,0.00168291,-0.00121724,0.00017758,-0.00241764,0.00067943,-0.00110366,-0.00022273,0.00180626,-0.00010801,0.00099753,0.00075653,-0.00162774,-0.00089927,0.00132193
0.00002390,0.00107377,-0.00046661,0.00120427,-0.00069409,0.00064475,-0.00017100,0.00023728,-0.00158043,-0.00043253,-0.00081425,-0.00089084,0.00109245,-0.00068309,-0.00089986,0.00028994,-0.00070919,-0.00119167,0.00129681,0.00116946,-0.00075960,-0.00044525,-0.00068134,-0.00121300,0.00177465,-0.00184221,0.00016140,-0.00004052,0.00126559,-0.00020548,-0.00145860,0.00197807,-0.00045177,-0.00132556,-0.00104958,0.00128418,0.00002524,-0.00041056,0.00144045,-0.00068971,-0.00157241,-0.00084068,-0.00127916,-0.00017897,0.00090048,-0.00049228,-0.00000214,-0.00028399,0.00045834,0.00224405,0.00030085,-0.00104090,0.00115321,-0.00020855,0.00061426,-0.00039435,-0.00038481,-0.00112607,-0.00132176,0.00003626,-0.00064216,-0.00121260,0.00079726,0.00054345,-0.01203989,0.00099794,0.00111369,0.00133690,-0.00071380,-0.00112658,-0.00120680,-0.00128056,0.00038270,0.00004339,0.00166814,-0.00032257,-0.00043211,-0.00002720,-0.00120364,-0.00013015,-0.00018475,-0.00155156,0.00081087,0.00060818,-0.00014997,0.00081423,0.00166085,-0.00125546,-0.00045760,-0.00158201,-0.00119610,-0.00103523,-0.00134971,-0.00104047,-0.00148539,-0.00025573,0.00136929,0.00004008,0.00073337,0.00010966,-0.00029323,-0.00013372,0.00113892,0.00038565,-0.00074356,-0.00040007,0.00026630,-0.00013519,0.00093149,0.00107098,-0.00090619,-0.00116556,-0.00065684,-0.00121824,-0.00030237,-0.00093427,-0.00115181,0.00128540,0.00165269,-0.00061052,-0.00049571,0.00035550,-0.00067982,-0.00145289,0.00101549,0.00041508,-0.00038624,0.00054467,0.00000000,0.00000000,0.00000000,0.00000000,0.00000000,0.00000000,0.00000000,0.00000000,0.00000000,0.00000000,0.00000000,0.00000000,0.00000000,0.00000000,0.00000000,0.00000000,0.00000000,0.00000000,0.00000000,0.00000000,0.00000000,0.00000000,0.00000000,0.00000000,0.00000000,0.00000000,0.00000000,0.00000000,0.00000000,0.00000000,0.00000000,0.00000000,0.00000000,0.00000000,0.00000000,0.00000000,0.00000000,0.00000000,0.00000000,0.00000000,0.00000000,0.00000000,0.00000000,0.00000000,0.00000000,0.00000000,0.00000000,0.00000000,0.00177777,-0.00050126,0.00168621,-0.00106783,0.00186089,-0.00155335,0.00074983,-0.00098504,0.00068543,0.00212244,-0.00074971,0.00048534,0.00125288,-0.00199098,-0.00107795,0.00174122
0.00040537,0.00085193,-0.00017481,0.00014977,-0.00125253,0.00009924,0.00032111,-0.00066249,-0.00066514,-0.00065509,-0.00096156,0.00007676,0.00017213,-0.00030092,-0.00099443,-0.00001348,-0.00039255,-0.00076699,0.00055158,0.00015779,-0.00030640,0.00023760,0.00011189,0.00041236,-0.00002465,-0.00036352,-0.00033593,0.00047985,0.00089701,0.00024477,-0.00049221,0.00048878,-0.00026975,-0.00090540,-0.00056084,0.00071247,0.00033565,0.00005664,0.00074299,-0.00047161,0.00023590,-0.00063584,-0.00035799,0.00020300,-0.00006638,-0.00089799,0.00049457,-0.00028056,0.00060189,0.00069256,-0.00082200,-0.00089218,0.00009037,-0.00072733,0.00062286,0.00057719,-0.00104029,-0.00066851,-0.00049927,-0.00010309,-0.00073809,0.00054548,0.00028287,-0.00043502,0.00016107,-0.01381141,0.00027756,0.00064632,-0.00004866,-0.00046264,0.00035639,-0.00055140,-0.00051300,-0.00089854,0.00104993,-0.00080124,0.00079491,0.00062241,-0.00032172,0.00027272,0.00005627,-0.00123143,-0.00013749,0.00023280,0.00049131,0.00149162,0.00077224,-0.00063356,-0.00088011,-0.00134091,-0.00080204,-0.00030630,-0.00021502,-0.00103348,-0.00036871,0.00021054,0.00064706,0.00029840,-0.00024981,0.00025492,-0.00063470,-0.00040537,0.00042344,-0.00067607,0.00028557,0.00016448,0.00077976,0.00021154,0.00045010,0.00039533,0.00054494,-0.00038559,-0.00075442,0.00082727,-0.00067834,-0.00056065,-0.00078646,0.00052284,0.00078676,-0.00033223,0.00059514,0.00067858,-0.00091735,-0.00088208,0.00048598,0.00099812,-0.00056894,0.00086805,0.00000000,0.00000000,0.00000000,0.00000000,0.00000000,0.00000000,0.00000000,0.00000000,0.00000000,0.00000000,0.00000000,0.00000000,0.00000000,0.00000000,0.00000000,0.00000000,0.00000000,0.00000000,0.00000000,0.00000000,0.00000000,0.00000000,0.00000000,0.00000000,0.00000000,0.00000000,0.00000000,0.00000000,0.00000000,0.00000000,0.00000000,0.00000000,0.00000000,0.00000000,0.00000000,0.00000000,0.00000000,0.00000000,0.00000000,0.00000000,0.00000000,0.00000000,0.00000000,0.00000000,0.00000000,0.00000000,0.00000000,0.00000000,0.00054975,-0.00011453,0.00044924,-0.00076858,0.00052748,-0.00114553,0.00056085,0.00007459,-0.00049697,0.00131618,-0.00005487,0.00066567,0.00014798,-0.00120282,-0.00073608,0.00087823
-0.00064044,0.00097395,0.00031777,0.00012285,-0.00045878,-0.00052788,-0.00085852,0.00010899,-0.00032940,0.00066890,-0.00047134,-0.00031464,0.00037888,-0.00013411,0.00033996,0.00074759,0.00035626,-0.00158314,-0.00020383,0.00093095,0.00018774,-0.00012131,0.00011242,0.00028259,0.00048005,-0.00043616,0.00005918,0.00070943,0.00116343,0.00088071,-0.00061650,0.00064507,0.00104157,-0.00037987,-0.00078309,0.00029910,0.00044754,-0.00048782,0.00078645,-0.00044080,-0.00053193,0.00044802,-0.00049666,-0.00004648,-0.00116497,-0.00086340,0.00062683,-0.00030817,0.00015123,0.00123635,0.00009545,-0.00038793,0.00003357,0.00074157,-0.00092881,0.00052652,-0.00094428,-0.00035557,-0.00043861,-0.00018178,0.00021983,0.00043741,0.00100068,-0.00016390,-0.00063205,0.00013226,-0.00990872,0.00027549,0.00001057,-0.00032392,-0.00059512,0.00000989,0.00078805,-0.00060994,0.00120833,-0.00070085,0.00051459,0.00001167,-0.00052242,0.00070718,0.00005598,-0.00016890,0.00066436,0.00072425,0.00069677,0.00098790,0.00044161,0.00043951,-0.00020619,-0.00035309,-0.00091092,0.00031631,-0.00035450,-0.00057627,-0.00026914,0.00073710,0.00107205,0.00047810,0.00054025,0.00048476,-0.00097908,-0.00053109,0.00085965,-0.00023566,0.00016936,0.00043327,0.00144534,0.00017503,-0.00007440,0.00000753,-0.00055358,-0.00073060,-0.00055664,-0.00084656,-0.00061607,-0.00006755,-0.00170088,0.00039517,-0.00029751,0.00035671,-0.00006424,0.00064201,-0.00033939,-0.00166623,-0.00043150,0.00043675,-0.00039293,0.00071390,0.00000000,0.00000000,0.00000000,0.00000000,0.00000000,0.00000000,0.00000000,0.00000000,0.00000000,0.00000000,0.00000000,0.00000000,0.00000000,0.00000000,0.00000000,0.00000000,0.00000000,0.00000000,0.00000000,0.00000000,0.00000000,0.00000000,0.00000000,0.00000000,0.00000000,0.00000000,0.00000000,0.00000000,0.00000000,0.00000000,0.00000000,0.00000000,0.00000000,0.00000000,0.00000000,0.00000000,0.00000000,0.00000000,0.00000000,0.00000000,0.00000000,0.00000000,0.00000000,0.00000000,0.00000000,0.00000000,0.00000000,0.00000000,0.00089650,0.00004883,0.00127072,-0.00044049,0.00002569,-0.00114105,-0.00031850,-0.00037720,-0.00007755,-0.00030624,0.00085623,0.00027893,0.00056312,-0.00054153,-0.00086874,0.00136751
-0.00036467,0.00033384,0.00042009,0.00017534,-0.00020780,-0.00043854,-0.00081417,0.00128094,-0.00042348,0.00006488,0.00009844,-0.00013375,0.00002676,-0.00024010,-0.00010159,-0.00028408,0.00011855,-0.00120320,0.00073083,0.00148566,-0.00027145,0.00036336,0.00030678,-0.00040003,0.00094482,-0.00049022,0.00100803,0.00050821,0.00079946,0.00134190,-0.00002595,-0.00010445,0.00022934,-0.00099677,-0.00027425,0.00067503,-0.00166383,-0.00017007,0.00065603,0.00008061,-0.00035023,0.00012545,-0.00020962,0.00047935,-0.00064096,-0.00088679,-0.00024825,-0.00015264,-0.00009631,0.00086851,-0.00106882,-0.00012845,0.00033306,0.00123747,-0.00041261,0.00145204,-0.00150562,-0.00070780,0.00008149,0.00017863,-0.00005676,0.00019337,-0.00039162,-0.00069042,-0.00054179,0.00010427,-0.00010852,-0.01247773,-0.00119903,-0.00056795,0.00037993,-0.00078822,-0.00015015,-0.00019104,0.00092747,-0.00108050,-0.00023553,-0.00026296,-0.00116189,0.00158019,-0.00058839,-0.00058312,0.00000792,-0.00053791,0.00061082,0.00120315,0.00061447,0.00011142,-0.00096279,-0.00022036,-0.00095987,0.00079529,-0.00001895,-0.00097855,-0.00020179,0.00071016,0.00164592,-0.00015215,0.00079591,0.00049165,-0.00172329,-0.00085588,0.00060702,-0.00071707,-0.00051788,0.00084198,0.00105103,-0.00080992,-0.00046547,0.00001188,0.00052877,-0.00105473,-0.00106809,-0.00044214,-0.00142137,0.00004049,-0.00182222,0.00037396,-0.00002913,0.00059392,0.00057225,0.00071311,0.00034874,-0.00063012,-0.00027440,0.00161030,-0.00055211,0.00094963,0.00000000,0.00000000,0.00000000,0.00000000,0.00000000,0.00000000,0.00000000,0.00000000,0.00000000,0.00000000,0.00000000,0.00000000,0.00000000,0.00000000,0.00000000,0.00000000,0.00000000,0.00000000,0.00000000,0.00000000,0.00000000,0.00000000,0.00000000,0.00000000,0.00000000,0.00000000,0.00000000,0.00000000,0.00000000,0.00000000,0.00000000,0.00000000,0.00000000,0.00000000,0.00000000,0.00000000,0.00000000,0.00000000,0.00000000,0.00000000,0.00000000,0.00000000,0.00000000,0.00000000,0.00000000,0.00000000,0.00000000,0.00000000,0.00035002,-0.00086850,0.00068585,-0.00029126,0.00115985,-0.00156875,0.00132432,0.00001225,-0.00007947,0.00084672,-0.00032037,0.00017238,0.00172349,-0.00042624,-0.00119802,0.00074385
-0.00078408,0.00080707,-0.00060481,0.00097406,-0.00052297,0.00017235,-0.00082419,0.00080942,-0.00071426,-0.00025670,-0.00075458,-0.00104214,0.00095168,-0.00120500,-0.00045202,0.00070314,-0.00058340,-0.00069828,0.00096169,0.00069725,-0.00092222,-0.00097841,-0.00099249,-0.00135107,0.00073345,-0.00126437,-0.00157532,-0.00165676,0.00023237,-0.00018481,-0.00045021,0.00125494,-0.00036462,-0.00165846,-0.00100457,0.00104073,0.00008439,-0.00026108,0.00134117,-0.00158933,-0.00112184,-0.00150654,-0.00063640,-0.00010325,-0.00020982,-0.00069106,-0.00019656,-0.00108916,0.00071240,0.00083203,0.00091906,-0.00058597,0.00088400,-0.00118195,0.00140566,0.00031528,-0.00014513,-0.00068993,-0.00092212,-0.00090840,-0.00100594,-0.00106144,0.00060588,0.00137137,0.00019972,0.00093915,0.00110324,-0.00002647,-0.01199298,0.00053538,-0.00088990,0.00038309,-0.00030388,0.00014129,0.00055725,-0.00050449,-0.00037554,0.00139898,-0.00093769,0.00106317,0.00022606,-0.00110473,0.00164941,0.00106862,-0.00168938,0.00028574,0.00093669,-0.00064819,-0.00054007,-0.00072396,-0.00111765,-0.00124000,-0.00088288,0.00048871,-0.00144977,0.00014616,0.00061435,-0.00041553,-0.00092690,-0.00043333,-0.00001239,0.00045676,0.00091230,0.00019391,-0.00045215,-0.00131863,-0.00088472,-0.00060812,0.00039006,0.00036821,-0.00100203,-0.00074278,-0.00064841,-0.00027098,0.00038007,-0.00114773,-0.00023837,0.00085519,0.00143506,-0.00073825,-0.00025420,-0.00110524,-0.00117949,0.00022847,0.00068764,-0.00083686,0.00074305,0.00081540,0.00000000,0.00000000,0.00000000,0.00000000,0.00000000,0.00000000,0.00000000,0.00000000,0.00000000,0.00000000,0.00000000,0.00000000,0.00000000,0.00000000,0.00000000,0.00000000,0.00000000,0.00000000,0.00000000,0.00000000,0.00000000,0.00000000,0.00000000,0.00000000,0.00000000,0.00000000,0.00000000,0.00000000,0.00000000,0.00000000,0.00000000,0.00000000,0.00000000,0.00000000,0.00000000,0.00000000,0.00000000,0.00000000,0.00000000,0.00000000,0.00000000,0.00000000,0.00000000,0.00000000,0.00000000,0.00000000,0.00000000,0.00000000,0.00081428,-0.00038657,0.00074729,-0.00125987,0.00066277,-0.00160777,0.00134786,-0.00087991,0.00066260,0.00023409,0.00023169,0.00061868,0.00056014,-0.00063559,-0.00071031,0.00125106
0.00008964,0.00094622,-0.00109308,0.00120442,-0.00041127,0.00107623,-0.00082616,0.00017453,-0.00222796,-0.00062148,-0.00218277,-0.00063297,0.00089535,-0.00151406,-0.00108226,0.00088063,-0.00110899,-0.00168410,0.00126616,0.00054305,-0.00160340,-0.00107567,-0.00172026,-0.00108748,0.00186431,-0.00170428,-0.00082709,-0.00110397,0.00149959,-0.00126674,-0.00217736,0.00185558,-0.00058229,-0.00192889,-0.00154873,0.00157802,0.00052616,0.00029889,0.00130238,-0.00148229,-0.00146822,-0.00163082,-0.00166393,0.00068822,0.00164406,-0.00141613,-0.00053349,-0.00179875,0.00108757,0.00193812,0.00084529,-0.00163176,0.00232636,0.00019710,0.00116076,0.00063270,-0.00016310,-0.00156561,-0.00156166,-0.00136857,-0.00167976,-0.00088925,0.00135934,0.00061294,-0.00018907,0.00088435,0.00143076,0.00158582,0.00001014,-0.01199287,-0.00161428,-0.00136332,0.00039318,-0.00061524,0.00248076,-0.00037639,-0.00084456,0.00148329,-0.00091373,0.00072265,0.00068808,-0.00195707,0.00174148,0.00097320,-0.00122744,0.00164508,0.00233653,-0.00183897,0.00070236,-0.00156851,-0.00194331,-0.00069853,-0.00145844,-0.00033499,-0.00180086,-0.00037984,0.00032300,-0.00055929,-0.00041155,0.00069225,-0.00008234,0.00007290,0.00192336,0.00060248,-0.00095710,-0.00179746,-0.00070205,-0.00159946,0.00038534,0.00151125,-0.00210909,-0.00090840,-0.00072171,-0.00080914,-0.00039318,-0.00091740,-0.00204102,0.00150229,0.00199287,-0.00139883,0.00012720,0.00017476,-0.00151990,-0.00106414,0.00118714,0.00027337,0.00094625,0.00002935,0.00000000,0.00000000,0.00000000,0.00000000,0.00000000,0.00000000,0.00000000,0.00000000,0.00000000,0.00000000,0.00000000,0.00000000,0.00000000,0.00000000,0.00000000,0.00000000,0.00000000,0.00000000,0.00000000,0.00000000,0.00000000,0.00000000,0.00000000,0.00000000,0.00000000,0.00000000,0.00000000,0.00000000,0.00000000,0.00000000,0.00000000,0.00000000,0.00000000,0.00000000,0.00000000,0.00000000,0.00000000,0.00000000,0.00000000,0.00000000,0.00000000,0.00000000,0.00000000,0.00000000,0.00000000,0.00000000,0.00000000,0.00000000,0.00210331,-0.00162332,0.00137041,-0.00134159,0.00122180,-0.00201154,0.00192155,-0.00145805,0.00039805,0.00157010,-0.00057958,0.00009648,0.00111158,-0.00245775,-0.00180822,0.00173151
-0.00057932,-0.00072224,-0.00043547,0.00008860,-0.00063778,0.00056714,0.00095997,-0.00021873,0.00034407,0.00017306,0.00032696,-0.00036117,-0.00052504,0.00035018,0.00090227,0.00011632,-0.00031442,0.00103500,-0.00038560,-0.00099101,-0.00018475,0.00028304,0.00011818,0.00050637,-0.00064963,-0.00012546,-0.00003497,-0.00042311,-0.00114466,-0.00053562,0.00087324,-0.00072620,-0.00108974,0.00031826,-0.00012162,0.00010241,0.00058062,-0.00068197,0.00004076,-0.00055377,0.00048705,0.00019911,0.00065903,0.00027141,0.00035590,0.00025129,-0.00031700,0.00001669,-0.00040821,-0.00031988,-0.00002208,0.00049363,-0.00064291,0.00002773,0.00001371,-0.00066237,0.00056183,0.00026464,-0.00046029,0.00002134,0.00024115,0.00032256,-0.00036379,0.00048224,0.00013587,0.00100340,-0.00031966,0.00024333,0.00016024,-0.00008059,-0.01289453,0.00000042,0.00016163,-0.00029428,-0.00072074,0.00059905,-0.00014559,-0.00009503,0.00039592,-0.00051381,0.00032982,0.00050982,-0.00037998,0.00008486,-0.00029848,-0.00071203,-0.00047788,0.00016210,0.00112237,0.00106313,0.00082084,-0.00017828,0.00054087,0.00061249,0.00035217,-0.00099079,-0.00050073,-0.00062367,-0.00089459,-0.00042457,0.00041036,0.00049624,-0.00030657,0.00061387,-0.00012343,-0.00060845,-0.00048244,-0.00058806,0.00048219,0.00012145,0.00114683,0.00020899,0.00073921,0.00029494,0.00076628,-0.00011070,0.00014551,-0.00025317,-0.00124654,-0.00030734,0.00054712,-0.00109302,0.00000276,0.00083898,-0.00000151,-0.00030678,0.00075264,-0.00029921,0.00000000,0.00000000,0.00000000,0.00000000,0.00000000,0.00000000,0.00000000,0.00000000,0.00000000,0.00000000,0.00000000,0.00000000,0.00000000,0.00000000,0.00000000,0.00000000,0.00000000,0.00000000,0.00000000,0.00000000,0.00000000,0.00000000,0.00000000,0.00000000,0.00000000,0.00000000,0.00000000,0.00000000,0.00000000,0.00000000,0.00000000,0.00000000,0.00000000,0.00000000,0.00000000,0.00000000,0.00000000,0.00000000,0.00000000,0.00000000,0.00000000,0.00000000,0.00000000,0.00000000,0.00000000,0.00000000,0.00000000,0.00000000,-0.00021711,-0.00032547,-0.00051639,-0.00034482,-0.00071117,0.00061148,-0.00099705,0.00049013,0.00070240,0.00015757,0.00000919,-0.00018475,-0.00065174,0.00117865,-0.00047292,-0.00008093
-0.00089496,-0.00013851,-0.00162327,0.00099982,0.00097478,0.00041763,0.00030101,-0.00070224,-0.00088905,-0.00082650,-0.00121536,-0.00020240,0.00001102,-0.00180615,-0.00118077,0.00106833,-0.00120557,0.00030857,0.00111941,-0.00022401,-0.00147947,-0.00065912,-0.00094773,-0.00084923,0.00102299,-0.00033110,-0.00052678,-0.00014978,-0.00056027,-0.00138255,-0.00142535,0.00116884,-0.00008004,-0.00090206,-0.00109050,-0.00000959,0.00012194,0.00032732,0.00084459,-0.00102056,-0.00046184,-0.00088464,-0.00099902,0.00176481,0.00003813,-0.00040487,-0.00127117,-0.00009702,0.00023426,0.00088337,0.00099368,-0.00032417,0.00160115,-0.00086908,0.00121745,-0.00098666,0.00094584,-0.00071061,-0.00100801,-0.00125579,-0.00088181,-0.00104834,0.00059703,0.00103551,0.00088928,0.00098441,0.00130648,0.00080398,0.00064604,0.00066290,-0.00115928,-0.01452841,-0.00107603,0.00098102,0.00038898,0.00036387,-0.00200685,0.00087300,0.00079629,0.00009549,0.00118601,-0.00075189,-0.00019029,0.00035815,-0.00008727,-0.00037270,0.00172202,-0.00081157,-0.00008739,0.00106358,0.00060573,-0.00116740,-0.00103032,0.00010439,-0.00102600,-0.00037978,-0.00056319,-0.00082665,0.00041786,0.00011716,0.00109013,0.00139354,-0.00023027,0.00108004,0.00012931,-0.00140387,-0.00104772,-0.00059567,0.00034603,0.00083462,-0.00096033,0.00037282,-0.00026689,-0.00068752,0.00100020,-0.00050866,0.00116928,0.00113673,0.00000775,-0.00075010,0.00003698,-0.00102538,-0.00072150,-0.00016823,0.00090163,-0.00076205,0.00048399,-0.00037120,0.00000000,0.00000000,0.00000000,0.00000000,0.00000000,0.00000000,0.00000000,0.00000000,0.00000000,0.00000000,0.00000000,0.00000000,0.00000000,0.00000000,0.00000000,0.00000000,0.00000000,0.00000000,0.00000000,0.00000000,0.00000000,0.00000000,0.00000000,0.00000000,0.00000000,0.00000000,0.00000000,0.00000000,0.00000000,0.00000000,0.00000000,0.00000000,0.00000000,0.00000000,0.00000000,0.00000000,0.00000000,0.00000000,0.00000000,0.00000000,0.00000000,0.00000000,0.00000000,0.00000000,0.00000000,0.00000000,0.00000000,0.00000000,0.00043899,-0.00044028,0.00091118,-0.00124245,0.00100041,-0.00090422,0.00056299,-0.00001884,-0.00035061,0.00063933,-0.00109570,0.00146959,0.00112129,-0.00078559,-0.00076264,0.00115352
-0.00052418,0.00024685,0.00075159,-0.00084203,0.00077224,0.00021321,0.00080646,-0.00020729,0.00198600,-0.00034940,0.00146445,0.00045415,-0.00072781,0.00099930,0.00103558,-0.00025204,0.00109590,0.00089200,-0.00130277,0.00019452,0.00021512,0.00047102,0.00102070,0.00040792,-0.00152926,0.00166415,0.00095317,0.00070362,-0.00020470,0.00052073,0.00171602,-0.00144392,-0.00086751,0.00065611,0.00019897,-0.00095942,0.00044774,0.00004311,-0.00076582,0.00045484,0.00029611,0.00101999,0.00079322,-0.00046580,0.00033813,0.00077482,-0.00000319,0.00052115,-0.00065057,-0.00159691,-0.00081320,0.00085516,-0.00066992,0.00023214,0.00014318,-0.00059578,0.00029767,0.00033722,0.00038418,0.00087435,0.00095775,0.00089879,-0.00088774,-0.00038344,-0.00012410,-0.00120967,-0.00095178,-0.00190441,0.00006770,0.00054418,0.00111320,0.00051651,-0.01305365,-0.00007353,-0.00159408,-0.00027827,0.00044449,-0.00011187,0.00029011,-0.00077906,-0.00090000,0.00105697,-0.00066445,-0.00105114,0.00058094,-0.00078664,-0.00142696,0.00030288,0.00010674,0.00130306,0.00160838,-0.00047436,0.00134003,0.00072155,0.00097676,0.00013842,-0.00074412,-0.00065807,0.00062284,-0.00062941,0.00066900,-0.00055053,-0.00100141,-0.00073963,0.00004394,0.00028986,0.00006444,0.00057230,-0.00052056,-0.00093832,0.00148090,0.00044536,0.00085945,0.00029517,-0.00031829,0.00025459,0.00099607,-0.00116782,-0.00103117,0.00044968,-0.00018576,-0.00056868,0.00147529,0.00062274,-0.00100236,-0.00024765,-0.00074548,-0.00031746,0.00000000,0.00000000,0.00000000,0.00000000,0.00000000,0.00000000,0.00000000,0.00000000,0.00000000,0.00000000,0.00000000,0.00000000,0.00000000,0.00000000,0.00000000,0.00000000,0.00000000,0.00000000,0.00000000,0.00000000,0.00000000,0.00000000,0.00000000,0.00000000,0.00000000,0.00000000,0.00000000,0.00000000,0.00000000,0.00000000,0.00000000,0.00000000,0.00000000,0.00000000,0.00000000,0.00000000,0.00000000,0.00000000,0.00000000,0.00000000,0.00000000,0.00000000,0.00000000,0.00000000,0.00000000,0.00000000,0.00000000,0.00000000,-0.00099271,0.00016953,-0.00091723,0.00128140,-0.00102348,0.00075565,-0.00062937,0.00081332,-0.00040829,-0.00069085,0.00024505,-0.00083497,-0.00116956,0.00127338,0.00140354,-0.00168622
-0.00068438,-0.00067226,-0.00049340,0.00169748,0.00007686,-0.00013483,-0.00094785,0.00000068,-0.00114443,-0.00174199,-0.00118770,-0.00055973,0.00122862,-0.00163676,-0.00099513,0.00122814,-0.00099954,-0.00141855,0.00107701,0.00058653,-0.00131503,-0.00089867,-0.00129412,-0.00121213,0.00160625,-0.00156719,-0.00041090,-0.00086558,0.00104995,-0.00078646,-0.00200498,0.00112469,0.00005999,-0.00106232,-0.00077706,0.00149333,0.00007168,0.00083579,0.00183779,-0.00148414,-0.00068145,-0.00104455,-0.00120400,0.00039726,-0.00019677,-0.00135593,0.00014143,-0.00093793,0.00075632,0.00156903,0.00099496,-0.00193052,0.00096742,-0.00058884,0.00087567,0.00047325,-0.00096899,-0.00119166,-0.00142188,-0.00058036,-0.00009903,-0.00133748,0.00084346,0.00088368,0.00054248,-0.00031798,0.00091345,0.00185497,-0.00029964,0.00001658,-0.00135319,0.00002819,0.00007664,-0.01027024,0.00154364,0.00001964,-0.00110994,0.00090018,-0.00039603,0.00047478,0.00181732,-0.00099413,0.00102511,0.00091157,-0.00073035,0.00052456,0.00134766,-0.00062593,0.00051769,-0.00011058,-0.00141983,-0.00055144,-0.00184562,0.00003074,-0.00124692,0.00071238,0.00070765,-0.00060439,-0.00073094,0.00090368,-0.00040348,-0.00074765,-0.00012690,0.00056728,-0.00034141,-0.00060242,-0.00059146,-0.00087338,0.00118268,0.00139102,-0.00055510,-0.00054934,-0.00039847,-0.00063650,-0.00031458,-0.00095947,-0.00045381,0.00066679,0.00150922,-0.00099836,-0.00025944,0.00054119,-0.00146728,-0.00115293,0.00083269,-0.00015134,0.00073631,0.00008664,0.00000000,0.00000000,0.00000000,0.00000000,0.00000000,0.00000000,0.00000000,0.00000000,0.00000000,0.00000000,0.00000000,0.00000000,0.00000000,0.00000000,0.00000000,0.00000000,0.00000000,0.00000000,0.00000000,0.00000000,0.00000000,0.00000000,0.00000000,0.00000000,0.00000000,0.00000000,0.00000000,0.00000000,0.00000000,0.00000000,0.00000000,0.00000000,0.00000000,0.00000000,0.00000000,0.00000000,0.00000000,0.00000000,0.00000000,0.00000000,0.00000000,0.00000000,0.00000000,0.00000000,0.00000000,0.00000000,0.00000000,0.00000000,0.00153982,-0.00082661,0.00077630,-0.00043803,0.00058424,-0.00183433,0.00163073,-0.00094700,0.00059180,0.00077827,-0.00003951,0.00112512,0.00125916,-0.00063854,-0.00123428,0.00051419
0.00014069,0.00049904,0.00076842,-0.00159782,-0.00093804,-0.00133421,-0.00002276,0.00060481,0.00163170,0.00043838,0.00223092,0.00120382,-0.00038602,0.00122734,0.00027013,-0.00133477,0.00275304,0.00093460,-0.00074266,0.00022303,0.00099172,0.00115708,0.00081002,0.00140845,-0.00196342,0.00146742,0.00134780,0.00200377,0.00025797,0.00207994,0.00145445,-0.00194372,0.00078763,0.00121916,0.00052408,-0.00046385,-0.00080509,0.00135761,-0.00105903,0.00133937,0.00107409,0.00159089,0.00112698,-0.00102514,-0.00091654,0.00085684,0.00044673,0.00114497,-0.00093214,-0.00117563,-0.00106457,0.00136279,-0.00123536,0.00176002,-0.00134465,0.00140393,-0.00097433,0.00119395,0.00168589,0.00102102,0.00102674,0.00184364,-0.00141462,-0.00122238,-0.00203459,-0.00129195,-0.00138583,-0.00152264,0.00012773,-0.00073712,0.00130809,0.00070286,0.00039945,0.00014799,-0.01244945,-0.00111513,0.00097723,-0.00073645,0.00026775,0.00032102,-0.00252639,0.00073430,-0.00105881,-0.00085246,0.00174189,-0.00021272,-0.00166882,0.00078673,-0.00109574,-0.00030679,0.00072861,0.00150729,0.00132397,0.00069951,0.00134392,0.00094749,0.00045043,0.00062158,0.00101825,-0.00027187,-0.00131956,-0.00161140,-0.00068949,-0.00134814,0.00048124,0.00137918,0.00083314,0.00121983,-0.00094403,-0.00188989,0.00089557,-0.00007802,-0.00055100,0.00116346,-0.00026310,0.00101102,-0.00078936,-0.00141052,-0.00068213,0.00159210,0.00045720,0.00165306,0.00055309,0.00033500,-0.00091887,0.00071788,-0.00180097,0.00026293,0.00000000,0.00000000,0.00000000,0.00000000,0.00000000,0.00000000,0.00000000,0.00000000,0.00000000,0.00000000,0.00000000,0.00000000,0.00000000,0.00000000,0.00000000,0.00000000,0.00000000,0.00000000,0.00000000,0.00000000,0.00000000,0.00000000,0.00000000,0.00000000,0.00000000,0.00000000,0.00000000,0.00000000,0.00000000,0.00000000,0.00000000,0.00000000,0.00000000,0.00000000,0.00000000,0.00000000,0.00000000,0.00000000,0.00000000,0.00000000,0.00000000,0.00000000,0.00000000,0.00000000,0.00000000,0.00000000,0.00000000,0.00000000,-0.00073980,0.00017777,-0.00074348,-0.00071176,-0.00078599,0.00019641,-0.00022621,0.00072924,-0.00010675,-0.00070862,-0.00010246,-0.00132135,-0.00147238,0.00029469,0.00090570,-0.00115299
-0.00069092,0.00030093,-0.00229695,0.00237456,-0.00146286,0.00134885,-0.00055177,-0.00009134,-0.00298781,-0.00262617,-0.00260391,-0.00123386,0.00253548,-0.00258067,-0.00201079,0.00191289,-0.00260458,-0.00255976,0.00225318,0.00076204,-0.00221032,-0.00152327,-0.00205112,-0.00242588,0.00257930,-0.00227864,-0.00135926,-0.00217996,0.00077312,-0.00116899,-0.00273721,0.00263149,-0.00097904,-0.00246122,-0.00181118,0.00197967,0.00111869,-0.00046624,0.00243914,-0.00270778,-0.00172684,-0.00233246,-0.00229830,0.00113842,0.00145297,-0.00214971,-0.00045178,-0.00215027,0.00156258,0.00279895,0.00201550,-0.00219828,0.00238735,-0.00147426,0.00209975,-0.00020372,-0.00003335,-0.00232415,-0.00283275,-0.00239245,-0.00216361,-0.00157271,0.00251280,0.00209386,0.00125234,0.00165878,0.00233617,0.00247221,-0.00083633,0.00112540,-0.00200367,-0.00175414,-0.00136863,0.00091092,0.00199800,-0.01174267,-0.00123179,0.00195858,-0.00215940,0.00085520,0.00183982,-0.00258743,0.00184516,0.00175975,-0.00233716,0.00108897,0.00261058,-0.00248075,0.00031404,-0.00206627,-0.00152030,-0.00228032,-0.00259687,-0.00008733,-0.00250521,-0.00034645,0.00059471,-0.00179762,-0.00077639,0.00090075,0.00103925,0.00131383,0.00161595,0.00086096,-0.00112637,-0.00077209,-0.00118853,-0.00176112,0.00159910,0.00216584,-0.00194331,-0.00120818,-0.00125877,-0.00229321,-0.00015064,-0.00175664,-0.00114141,0.00233979,0.00187568,-0.00225781,-0.00002719,-0.00103565,-0.00272728,-0.00082205,0.00228121,-0.00114284,0.00155956,0.00163062,0.00000000,0.00000000,0.00000000,0.00000000,0.00000000,0.00000000,0.00000000,0.00000000,0.00000000,0.00000000,0.00000000,0.00000000,0.00000000,0.00000000,0.00000000,0.00000000,0.00000000,0.00000000,0.00000000,0.00000000,0.00000000,0.00000000,0.00000000,0.00000000,0.00000000,0.00000000,0.00000000,0.00000000,0.00000000,0.00000000,0.00000000,0.00000000,0.00000000,0.00000000,0.00000000,0.00000000,0.00000000,0.00000000,0.00000000,0.00000000,0.00000000,0.00000000,0.00000000,0.00000000,0.00000000,0.00000000,0.00000000,0.00000000,0.00231754,-0.00128299,0.00235309,-0.00172066,0.00199652,-0.00253534,0.00168917,-0.00163065,0.00062176,0.00173673,-0.00069287,0.00146697,0.00243103,-0.00208706,-0.00245882,0.00219223
0.00044687,-0.00063063,0.00038900,-0.00037568,0.00116567,0.00000098,0.00081543,-0.00016430,0.00164903,-0.00004069,0.00076886,0.00047280,-0.00114020,0.00067139,0.00090219,-0.00021932,0.00043379,0.00131372,-0.00082169,-0.00079546,0.00054630,0.00027422,0.00084066,0.00036885,-0.00092090,0.00145799,0.00068743,0.00000494,-0.00156792,0.00049977,0.00138814,-0.00094858,-0.00018969,0.00095010,0.00137158,-0.00090998,-0.00025538,0.00011049,-0.00078731,0.00081703,0.00168643,0.00072684,0.00062300,0.00038445,0.00030125,0.00119748,-0.00017336,0.00094965,-0.00113852,-0.00140443,-0.00068936,0.00086043,-0.00018323,0.00049585,-0.00080371,-0.00091610,0.00077856,0.00091396,0.00072114,0.00020104,0.00041741,0.00044338,-0.00037393,-0.00106102,-0.00043042,-0.00092767,-0.00076199,-0.00167264,0.00083262,0.00017485,0.00093609,0.00015129,-0.00016601,0.00007974,-0.00138477,0.00109108,-0.01310896,-0.00033230,0.00021858,-0.00140669,-0.00050935,0.00136391,-0.00059196,-0.00017223,0.00021986,-0.00218089,-0.00149983,0.00139068,0.00086768,0.00174810,0.00158115,0.00041876,0.00150799,0.00059205,0.00079735,-0.00006484,-0.00144618,0.00018778,-0.00036737,-0.00055003,0.00035516,0.00039449,-0.00086808,0.00068907,0.00108212,0.00038765,-0.00030826,0.00074237,-0.00107650,-0.00089158,0.00088019,0.00044552,0.00129014,0.00052844,0.00107178,0.00081228,0.00164522,-0.00098841,-0.00135114,0.00089068,-0.00012115,-0.00066209,0.00090554,0.00101776,0.00003869,-0.00079725,0.00044082,-0.00087905,0.00000000,0.00000000,0.00000000,0.00000000,0.00000000,0.00000000,0.00000000,0.00000000,0.00000000,0.00000000,0.00000000,0.00000000,0.00000000,0.00000000,0.00000000,0.00000000,0.00000000,0.00000000,0.00000000,0.00000000,0.00000000,0.00000000,0.00000000,0.00000000,0.00000000,0.00000000,0.00000000,0.00000000,0.00000000,0.00000000,0.00000000,0.00000000,0.00000000,0.00000000,0.00000000,0.00000000,0.00000000,0.00000000,0.00000000,0.00000000,0.00000000,0.00000000,0.00000000,0.00000000,0.00000000,0.00000000,0.00000000,0.00000000,-0.00130108,0.00027996,-0.00128907,0.00109533,-0.00129340,0.00118024,-0.00145401,0.00107592,0.00076889,-0.00085304,0.00038231,-0.00052962,-0.00121018,0.00112776,0.00125801,-0.00204958
0.00014357,0.00037432,-0.00004971,0.00048370,-0.00121033,0.00058528,-0.00096321,0.00018648,-0.00116340,-0.00032435,-0.00050686,-0.00058380,0.00097351,-0.00140421,-0.00000601,0.00012844,-0.00024526,-0.00118942,0.00064324,0.00078947,-0.00024405,-0.00078452,-0.00010206,0.00002166,0.00108616,-0.00139934,-0.00041247,-0.00008396,0.00176540,-0.00004180,-0.00124709,0.00100805,0.00067795,-0.00103128,-0.00044105,0.00071372,-0.00026133,0.00068755,0.00134242,-0.00066637,-0.00088597,-0.00043048,-0.00053249,-0.00017875,-0.00038576,-0.00125421,0.00028560,-0.00067047,0.00106363,0.00145960,0.00080516,-0.00161367,0.00046960,0.00032525,-0.00050393,0.00070969,-0.00189588,-0.00060557,-0.00054436,-0.00027532,-0.00077312,-0.00031857,0.00070083,0.00019875,-0.00112343,0.00095212,0.00089094,0.00092265,-0.00006699,0.00005597,-0.00074586,-0.00089697,0.00074773,-0.00037863,0.00158883,-0.00123144,0.00050583,-0.00921888,-0.00090290,0.00080336,0.00026716,-0.00066298,0.00079178,0.00017411,0.00009346,0.00167140,0.00087765,-0.00096602,-0.00102563,-0.00127640,-0.00146776,-0.00067074,-0.00140061,-0.00111309,-0.00078902,0.00082812,0.00160528,-0.00050963,0.00026878,0.00051623,-0.00047652,-0.00087965,0.00116743,0.00034125,-0.00017010,-0.00037219,0.00000442,-0.00019238,0.00024720,0.00049567,-0.00072527,-0.00101787,-0.00165966,-0.00104832,-0.00072283,-0.00007359,-0.00120086,0.00071653,0.00099408,-0.00048181,-0.00048916,0.00079475,-0.00072820,-0.00163501,0.00025040,0.00100400,0.00017424,0.00086453,0.00000000,0.00000000,0.00000000,0.00000000,0.00000000,0.00000000,0.00000000,0.00000000,0.00000000,0.00000000,0.00000000,0.00000000,0.00000000,0.00000000,0.00000000,0.00000000,0.00000000,0.00000000,0.00000000,0.00000000,0.00000000,0.00000000,0.00000000,0.00000000,0.00000000,0.00000000,0.00000000,0.00000000,0.00000000,0.00000000,0.00000000,0.00000000,0.00000000,0.00000000,0.00000000,0.00000000,0.00000000,0.00000000,0.00000000,0.00000000,0.00000000,0.00000000,0.00000000,0.00000000,0.00000000,0.00000000,0.00000000,0.00000000,0.00136962,-0.00023021,0.00113692,-0.00076586,0.00064122,-0.00091117,0.00068430,-0.00099315,0.00019646,0.00097628,0.00001444,0.00102169,0.00136090,-0.00174665,-0.00107727,0.00093594
-0.00005562,-0.00025041,-0.00144900,0.00139561,0.00003738,0.00098084,-0.00012038,-0.00014796,-0.00205925,-0.00129905,-0.00167764,-0.00168383,0.00093256,-0.00142531,-0.00085766,0.00088589,-0.00106371,-0.00125261,0.00133892,0.00027347,-0.00251849,-0.00154955,-0.00165869,-0.00161731,0.00101450,-0.00108022,-0.00051571,-0.00044894,-0.00021699,-0.00125446,-0.00218519,0.00192444,-0.00051901,-0.00219285,-0.00113707,0.00114521,0.00063144,-0.00103444,0.00141234,-0.00164140,-0.00145281,-0.00115120,-0.00121229,0.00043915,0.00169361,-0.00116391,-0.00105465,-0.00070260,0.00157267,0.00193624,0.00128752,-0.00110373,0.00169973,-0.00018531,0.00120548,-0.00121521,0.00189636,-0.00214589,-0.00136399,-0.00083493,-0.00157289,-0.00170158,0.00128643,0.00091336,0.00096959,0.00144863,0.00191628,0.00162258,-0.00053850,0.00149986,-0.00176630,-0.00091517,-0.00137802,0.00157336,0.00153127,0.00017559,-0.00216335,0.00161629,-0.01362508,0.00066243,0.00134320,-0.00168793,0.00085354,0.00144721,-0.00165197,0.00003910,0.00220748,-0.00142029,0.00073932,-0.00030664,-0.00110309,-0.00074383,-0.00119442,0.00001927,-0.00188896,-0.00113029,-0.00011628,-0.00031203,-0.00026293,-0.00032467,0.00097035,0.00098494,0.00070940,0.00156895,0.00029428,-0.00098716,-0.00013251,-0.00033216,0.00159391,0.00217103,-0.00206115,0.00022475,-0.00051361,-0.00067655,0.00070020,-0.00207835,0.00064954,0.00165688,0.00209974,-0.00240580,-0.00051923,-0.00154426,-0.00114399,-0.00018501,0.00133042,-0.00153683,0.00184413,-0.00001747,0.00000000,0.00000000,0.00000000,0.00000000,0.00000000,0.00000000,0.00000000,0.00000000,0.00000000,0.00000000,0.00000000,0.00000000,0.00000000,0.00000000,0.00000000,0.00000000,0.00000000,0.00000000,0.00000000,0.00000000,0.00000000,0.00000000,0.00000000,0.00000000,0.00000000,0.00000000,0.00000000,0.00000000,0.00000000,0.00000000,0.00000000,0.00000000,0.00000000,0.00000000,0.00000000,0.00000000,0.00000000,0.00000000,0.00000000,0.00000000,0.00000000,0.00000000,0.00000000,0.00000000,0.00000000,0.00000000,0.00000000,0.00000000,0.00171613,-0.00025169,0.00080652,-0.00122291,0.00104096,-0.00126321,0.00099102,-0.00074844,0.00054252,0.00113243,-0.00015000,0.00063058,0.00190626,-0.00101262,-0.00156287,0.00155938
0.00034195,0.00032133,0.00228018,-0.00195990,0.00046097,-0.00108227,-0.00012513,0.00019005,0.00245353,0.00122939,0.00249679,0.00154457,-0.00139361,0.00187618,0.00202662,-0.00145395,0.00219062,0.00247628,-0.00239668,0.00028515,0.00240289,0.00112192,0.00212500,0.00146448,-0.00245360,0.00226999,0.00185222,0.00202394,-0.00040069,0.00183909,0.00251996,-0.00278645,-0.00007513,0.00212210,0.00193013,-0.00238369,-0.00234750,0.00061857,-0.00187124,0.00262608,0.00189009,0.00257780,0.00210726,-0.00079843,-0.00189030,0.00203548,0.00018816,0.00135537,-0.00159455,-0.00165833,-0.00104117,0.00213597,-0.00280604,0.00110390,-0.00244837,0.00046194,-0.00050034,0.00224303,0.00297729,0.00203624,0.00166931,0.00173700,-0.00221692,-0.00150773,-0.00269605,-0.00170084,-0.00223385,-0.00164787,0.00152494,-0.00129461,0.00200747,0.00217137,0.00098114,-0.00041283,-0.00239231,0.00018029,0.00128815,-0.00269635,0.00213105,-0.01399310,-0.00200521,0.00243008,-0.00175215,-0.00201445,0.00285150,-0.00057101,-0.00273867,0.00206381,0.00012775,0.00230722,0.00150795,0.00196961,0.00198954,-0.00004867,0.00197109,0.00070056,-0.00021202,0.00174020,0.00104395,-0.00082143,-0.00134701,-0.00026816,-0.00167615,-0.00110528,0.00122145,0.00198568,0.00144538,0.00193600,-0.00079431,-0.00224512,0.00200831,0.00088433,0.00165072,0.00162230,-0.00097128,0.00180495,0.00010499,-0.00208345,-0.00209088,0.00261315,0.00090396,0.00033263,0.00249109,0.00007516,-0.00129708,0.00165070,-0.00275728,-0.00108324,0.00000000,0.00000000,0.00000000,0.00000000,0.00000000,0.00000000,0.00000000,0.00000000,0.00000000,0.00000000,0.00000000,0.00000000,0.00000000,0.00000000,0.00000000,0.00000000,0.00000000,0.00000000,0.00000000,0.00000000,0.00000000,0.00000000,0.00000000,0.00000000,0.00000000,0.00000000,0.00000000,0.00000000,0.00000000,0.00000000,0.00000000,0.00000000,0.00000000,0.00000000,0.00000000,0.00000000,0.00000000,0.00000000,0.00000000,0.00000000,0.00000000,0.00000000,0.00000000,0.00000000,0.00000000,0.00000000,0.00000000,0.00000000,-0.00212699,0.00039624,-0.00210794,0.00154713,-0.00215693,0.00225461,-0.00219160,0.00101115,0.00053066,-0.00156506,-0.00044137,-0.00184450,-0.00183408,0.00228920,0.00247008,-0.00263869
-0.00026702,0.00083189,-0.00021378,0.00094093,-0.00088359,-0.00005020,-0.00088267,0.00089528,-0.00106003,0.00051327,-0.00083496,0.00035040,0.00054709,-0.00110733,-0.00098465,0.00029727,-0.00080967,-0.00130529,0.00051188,0.00146642,-0.00092777,-0.00046137,-0.00108062,-0.00026518,0.00087397,-0.00093037,0.00030498,0.00006091,0.00071866,-0.00009980,-0.00047098,0.00099016,0.00082302,-0.00067587,-0.00112788,0.00122857,-0.00006172,0.00063301,0.00089035,-0.00007408,-0.00039653,-0.00033870,-0.00088944,-0.00042559,-0.00025738,-0.00080615,0.00042061,-0.00039025,0.00045304,0.00191037,-0.00005632,-0.00058800,0.00079813,0.00052600,0.00041296,0.00148995,-0.00121950,-0.00019808,-0.00077916,-0.00064357,-0.00058825,-0.00099578,0.00059799,0.00101528,-0.00112494,0.00054814,0.00072496,0.00073222,-0.00099665,-0.00092027,-0.00073854,-0.00076419,0.00065516,0.00008072,0.00062792,-0.00087248,0.00016849,0.00020768,-0.00094192,0.00117675,-0.00929100,-0.00074885,0.00087807,0.00081529,-0.00023208,0.00134613,0.00137751,-0.00117327,-0.00034388,-0.00136880,-0.00133228,-0.00064887,-0.00059064,-0.00093340,-0.00051960,0.00059369,0.00122069,-0.00076492,-0.00025495,-0.00017644,-0.00043666,0.00006513,0.00094544,-0.00112067,-0.00046281,-0.00020889,-0.00023923,-0.00090390,0.00053952,0.00058561,-0.00101667,-0.00108952,-0.00108136,-0.00031574,-0.00151519,-0.00033170,-0.00160509,0.00092457,0.00096223,-0.00072443,-0.00033214,-0.00085850,-0.00085995,-0.00138556,0.00038390,0.00171219,-0.00040776,0.00021456,0.00000000,0.00000000,0.00000000,0.00000000,0.00000000,0.00000000,0.00000000,0.00000000,0.00000000,0.00000000,0.00000000,0.00000000,0.00000000,0.00000000,0.00000000,0.00000000,0.00000000,0.00000000,0.00000000,0.00000000,0.00000000,0.00000000,0.00000000,0.00000000,0.00000000,0.00000000,0.00000000,0.00000000,0.00000000,0.00000000,0.00000000,0.00000000,0.00000000,0.00000000,0.00000000,0.00000000,0.00000000,0.00000000,0.00000000,0.00000000,0.00000000,0.00000000,0.00000000,0.00000000,0.00000000,0.00000000,0.00000000,0.00000000,0.00148523,-0.00068031,0.00119608,-0.00137293,0.00097694,-0.00166633,0.00110692,-0.00141649,-0.00018767,0.00140545,-0.00067796,0.00067287,0.00099105,-0.00180846,-0.00114280,0.00097872
0.00011118,-0.00111750,-0.00024417,0.00044736,0.00067886,0.00009586,0.00011324,-0.00013907,-0.00022447,-0.00099704,-0.00068949,-0.00043630,0.00017699,-0.00019321,-0.00050057,0.00066333,-0.00037526,0.00098367,0.00001970,-0.00068378,-0.00009835,-0.00004998,0.00008834,-0.00021771,0.00042814,0.00018020,-0.00131117,-0.00062918,0.00005643,-0.00075766,-0.00005438,0.00005500,-0.00063607,-0.00027911,0.00015919,-0.00081860,0.00021354,-0.00104811,0.00008214,-0.00090835,-0.00100101,-0.00031190,0.00031958,-0.00001052,0.00144765,0.00072281,-0.00121502,-0.00056851,0.00048063,-0.00016732,0.00089976,0.00031182,0.00042101,-0.00024866,0.00067796,-0.00112968,0.00187204,-0.00012828,-0.00036928,-0.00156029,-0.00041794,-0.00014139,0.00048287,-0.00000454,0.00040825,-0.00038862,0.00037083,-0.00028202,-0.00004853,0.00000261,-0.00020598,0.00004398,-0.00086243,0.00051146,-0.00113613,0.00028713,-0.00046457,0.00112571,0.00072165,-0.00087995,0.00047889,-0.01295545,0.00017443,0.00043393,-0.00125862,-0.00037928,-0.00032506,0.00053308,0.00042330,0.00115374,0.00010476,0.00008563,-0.00014893,0.00108643,-0.00090269,-0.00110260,-0.00175679,-0.00079181,-0.00106223,-0.00010716,0.00063603,0.00068076,-0.00048220,0.00045358,0.00018532,-0.00100228,-0.00165635,0.00026132,0.00021100,0.00005428,-0.00041645,0.00054381,0.00080141,-0.00040202,0.00136282,-0.00023507,0.00134604,-0.00024868,0.00036164,-0.00042765,-0.00037405,-0.00078583,0.00005168,0.00118773,-0.00029866,-0.00199232,0.00078359,-0.00083087,0.00000000,0.00000000,0.00000000,0.00000000,0.00000000,0.00000000,0.00000000,0.00000000,0.00000000,0.00000000,0.00000000,0.00000000,0.00000000,0.00000000,0.00000000,0.00000000,0.00000000,0.00000000,0.00000000,0.00000000,0.00000000,0.00000000,0.00000000,0.00000000,0.00000000,0.00000000,0.00000000,0.00000000,0.00000000,0.00000000,0.00000000,0.00000000,0.00000000,0.00000000,0.00000000,0.00000000,0.00000000,0.00000000,0.00000000,0.00000000,0.00000000,0.00000000,0.00000000,0.00000000,0.00000000,0.00000000,0.00000000,0.00000000,0.00023557,-0.00040012,-0.00020695,0.00031098,-0.00053863,0.00107452,-0.00045330,-0.00014252,-0.00003814,-0.00105656,0.00041011,-0.00038411,-0.00006289,-0.00013434,0.00076704,0.00036752
0.00037742,0.00076049,0.00091603,-0.00068061,-0.00025459,-0.00040037,0.00030198,0.00054651,0.00023991,0.00057368,-0.00004276,0.00023135,-0.00000619,-0.00016163,0.00078732,-0.00050145,0.00048208,-0.00058561,0.00021713,0.00082593,0.00044693,0.00071332,-0.00027417,0.00018525,0.00001047,-0.00027479,0.00028813,0.00057545,0.00000810,0.00116877,0.00008879,-0.00045375,0.00107128,0.00028447,0.00007626,-0.00071515,-0.00006539,0.00016640,-0.00019713,0.00104387,-0.00008159,-0.00025286,-0.00019461,-0.00062159,-0.00088457,0.00062247,0.00016636,0.00019262,-0.00025142,-0.00013238,-0.00089734,0.00006908,-0.00044578,0.00114894,-0.00010848,0.00122727,-0.00090643,-0.00001354,-0.00012489,0.00015763,0.00041370,0.00056742,-0.00010623,-0.00016584,-0.00085737,-0.00097668,0.00021956,-0.00057930,0.00062890,0.00020650,0.00008305,-0.00068334,0.00065245,-0.00039728,0.00042414,-0.00048515,0.00056324,-0.00102967,-0.00073999,0.00025446,-0.00005926,0.00012420,-0.01256857,-0.00082262,0.00097318,0.00101972,0.00081963,0.00062375,-0.00081107,-0.00017914,-0.00050910,0.00080908,0.00098407,-0.00119075,-0.00002150,-0.00006450,0.00104997,0.00077494,0.00065136,0.00012368,-0.00183123,-0.00081022,0.00013932,-0.00051210,0.00017969,0.00041900,0.00026499,0.00010198,0.00000696,0.00017091,0.00017405,0.00036035,-0.00015836,0.00090862,-0.00074672,0.00009673,-0.00029221,-0.00078657,0.00001021,0.00038613,-0.00000185,0.00108436,0.00026922,-0.00148468,-0.00065858,0.00102657,-0.00100595,0.00117957,0.00000000,0.00000000,0.00000000,0.00000000,0.00000000,0.00000000,0.00000000,0.00000000,0.00000000,0.00000000,0.00000000,0.00000000,0.00000000,0.00000000,0.00000000,0.00000000,0.00000000,0.00000000,0.00000000,0.00000000,0.00000000,0.00000000,0.00000000,0.00000000,0.00000000,0.00000000,0.00000000,0.00000000,0.00000000,0.00000000,0.00000000,0.00000000,0.00000000,0.00000000,0.00000000,0.00000000,0.00000000,0.00000000,0.00000000,0.00000000,0.00000000,0.00000000,0.00000000,0.00000000,0.00000000,0.00000000,0.00000000,0.00000000,-0.00045092,-0.00020899,0.00060257,-0.00019047,0.00005039,-0.00031342,-0.00022179,-0.00056513,-0.00023842,-0.00053382,-0.00045526,0.00022683,0.00006587,-0.00031186,-0.00000447,0.00031704
-0.00039363,0.00028572,-0.00050883,0.00029197,-0.00066214,0.00016308,0.00038308,-0.00039060,-0.00130415,-0.00024119,-0.00109837,0.00025411,0.00052960,-0.00088038,0.00000691,0.00027784,0.00009258,-0.00025432,0.00058297,0.00112379,-0.00050881,0.00016607,0.00004628,-0.00022796,0.00097573,-0.00022836,-0.00033272,-0.00076465,0.00053433,0.00024240,-0.00027266,0.00076516,-0.00048351,-0.00077163,-0.00023754,0.00035491,-0.00049480,-0.00035552,0.00123896,-0.00017349,-0.00065799,0.00022699,-0.00049683,-0.00017541,-0.00076779,-0.00075865,0.00009128,0.00008142,0.00113229,0.00116405,0.00021041,-0.00171307,0.00101852,0.00074706,-0.00037369,0.00070468,-0.00119264,-0.00123970,-0.00050829,0.00031656,-0.00045323,0.00013025,0.00064380,-0.00008916,-0.00075190,0.00031272,0.00107969,0.00020165,0.00021050,0.00000296,-0.00012085,-0.00083533,-0.00024371,-0.00017517,0.00174558,-0.00050426,0.00023846,0.00021775,-0.00083382,0.00075619,0.00062700,-0.00067663,0.00005782,-0.01170569,0.00014418,0.00239359,0.00118411,0.00043994,-0.00031216,-0.00083982,-0.00092059,-0.00041246,-0.00056020,-0.00011099,-0.00070973,0.00086186,0.00106285,-0.00059254,-0.00069463,0.00025014,-0.00081450,-0.00039909,0.00096379,-0.00081577,-0.00059056,0.00041842,0.00063739,-0.00063784,0.00037609,0.00063638,-0.00063717,-0.00051171,-0.00114433,0.00066423,-0.00065459,0.00024875,-0.00196013,0.00073013,0.00124147,0.00030791,0.00010724,0.00024443,-0.00053489,-0.00046343,0.00044544,0.00061266,0.00006216,0.00062986,0.00000000,0.00000000,0.00000000,0.00000000,0.00000000,0.00000000,0.00000000,0.00000000,0.00000000,0.00000000,0.00000000,0.00000000,0.00000000,0.00000000,0.00000000,0.00000000,0.00000000,0.00000000,0.00000000,0.00000000,0.00000000,0.00000000,0.00000000,0.00000000,0.00000000,0.00000000,0.00000000,0.00000000,0.00000000,0.00000000,0.00000000,0.00000000,0.00000000,0.00000000,0.00000000,0.00000000,0.00000000,0.00000000,0.00000000,0.00000000,0.00000000,0.00000000,0.00000000,0.00000000,0.00000000,0.00000000,0.00000000,0.00000000,0.00107678,-0.00048011,0.00123991,-0.00060548,0.00062000,-0.00137831,0.00084610,-0.00022496,-0.00026324,0.00085393,0.00003641,0.00032202,0.00042363,-0.00093378,-0.00073969,0.00129471
0.00083635,-0.00144052,0.00066917,-0.00104414,0.00118837,0.00075987,0.00089335,-0.00035070,0.00137230,0.00055343,0.00103136,0.00002270,-0.00135755,0.00094785,0.00076933,-0.00042459,0.00089277,0.00156936,-0.00085480,-0.00160389,0.00072582,0.00146530,0.00067538,0.00032480,-0.00146135,0.00182985,0.00058544,0.00058445,-0.00140097,0.00055750,0.00096966,-0.00105866,-0.00051634,0.00095052,0.00067089,-0.00084582,0.00050228,-0.00079783,-0.00113606,0.00039691,0.00136671,0.00074200,0.00128936,-0.00050278,-0.00017728,0.00132640,-0.00074224,0.00065784,-0.00077059,-0.00160086,0.00036172,0.00105541,-0.00098091,-0.00036995,-0.00011376,-0.00066488,0.00123146,0.00075804,0.00017703,0.00037093,-0.00004037,0.00069365,-0.00081062,-0.00016759,0.00020362,-0.00038501,-0.00105248,-0.00103671,0.00071528,-0.00007780,0.00093157,0.00169183,-0.00045732,0.00057423,-0.00168587,0.00107469,0.00032736,-0.00018867,0.00158902,-0.00082586,-0.00029709,0.00115935,-0.00063467,-0.00018374,-0.00849446,-0.00161207,-0.00168417,0.00127802,0.00113138,0.00179852,0.00188618,0.00052521,0.00039525,0.00099636,0.00111157,-0.00110427,-0.00175585,-0.00052972,0.00015819,-0.00024381,0.00088017,0.00080109,-0.00146138,0.00057314,0.00110831,0.00057279,-0.00069624,0.00103025,-0.00069978,-0.00076746,0.00056301,0.00098950,0.00144031,0.00044940,-0.00000778,0.00015457,0.00251912,-0.00141173,-0.00136556,0.00067193,-0.00044533,-0.00058755,0.00148918,0.00095714,-0.00092898,-0.00104341,0.00057304,-0.00181960,0.00000000,0.00000000,0.00000000,0.00000000,0.00000000,0.00000000,0.00000000,0.00000000,0.00000000,0.00000000,0.00000000,0.00000000,0.00000000,0.00000000,0.00000000,0.00000000,0.00000000,0.00000000,0.00000000,0.00000000,0.00000000,0.00000000,0.00000000,0.00000000,0.00000000,0.00000000,0.00000000,0.00000000,0.00000000,0.00000000,0.00000000,0.00000000,0.00000000,0.00000000,0.00000000,0.00000000,0.00000000,0.00000000,0.00000000,0.00000000,0.00000000,0.00000000,0.00000000,0.00000000,0.00000000,0.00000000,0.00000000,0.00000000,-0.00145152,0.00049584,-0.00091575,0.00152849,-0.00128048,0.00169847,-0.00159015,0.00100212,0.00044797,-0.00154768,0.00092319,-0.00107764,-0.00149946,0.00221045,0.00151229,-0.00236832
0.00080903,-0.00017295,0.00178016,-0.00248155,-0.00060989,-0.00163283,0.00119008,0.00101469,0.00288949,0.00195067,0.00294023,0.00161233,-0.00155431,0.00238116,0.00166600,-0.00276012,0.00275014,0.00266475,-0.00244864,-0.00102501,0.00236143,0.00206699,0.00178322,0.00184432,-0.00262119,0.00260940,0.00243996,0.00246059,-0.00124244,0.00211168,0.00279591,-0.00255602,0.00017740,0.00250225,0.00267148,-0.00226441,-0.00198852,0.00127991,-0.00244436,0.00294732,0.00223597,0.00219696,0.00257986,-0.00177597,-0.00224393,0.00247381,0.00039724,0.00248409,-0.00156246,-0.00266267,-0.00248666,0.00249539,-0.00277432,0.00159886,-0.00149409,0.00100769,0.00005477,0.00237519,0.00237584,0.00151463,0.00250997,0.00274332,-0.00229590,-0.00156951,-0.00244017,-0.00142275,-0.00251974,-0.00300455,0.00100961,-0.00133380,0.00218550,0.00159563,0.00171791,-0.00052054,-0.00253922,-0.00033783,0.00171825,-0.00265140,0.00110158,-0.00018887,-0.00204934,0.00264737,-0.00215030,-0.00128771,0.00228207,-0.01325645,-0.00260779,0.00238020,-0.00088142,0.00102577,0.00252064,0.00155054,0.00290387,-0.00018530,0.00233386,-0.00004706,-0.00004557,0.00147269,0.00153188,-0.00000297,-0.00073578,-0.00092356,-0.00212400,-0.00168916,0.00173582,0.00224454,0.00199620,0.00172424,-0.00232064,-0.00248371,0.00190292,0.00133283,0.00164745,0.00166348,-0.00080223,0.00195212,0.00016280,-0.00242164,-0.00265982,0.00262593,0.00111444,0.00096275,0.00273297,0.00123430,-0.00203600,0.00131473,-0.00215344,-0.00024287,0.00000000,0.00000000,0.00000000,0.00000000,0.00000000,0.00000000,0.00000000,0.00000000,0.00000000,0.00000000,0.00000000,0.00000000,0.00000000,0.00000000,0.00000000,0.00000000,0.00000000,0.00000000,0.00000000,0.00000000,0.00000000,0.00000000,0.00000000,0.00000000,0.00000000,0.00000000,0.00000000,0.00000000,0.00000000,0.00000000,0.00000000,0.00000000,0.00000000,0.00000000,0.00000000,0.00000000,0.00000000,0.00000000,0.00000000,0.00000000,0.00000000,0.00000000,0.00000000,0.00000000,0.00000000,0.00000000,0.00000000,0.00000000,-0.00224635,0.00046189,-0.00182528,0.00210070,-0.00156132,0.00284585,-0.00179535,0.00141877,0.00054023,-0.00181132,0.00043770,-0.00173067,-0.00253344,0.00256557,0.00194376,-0.00284417
-0.00035423,0.00072384,0.00094942,-0.00058017,-0.00115884,-0.00088723,-0.00053879,0.00120894,-0.00086400,0.00029083,0.00017083,0.00001170,0.00088408,0.00046304,0.00039457,-0.00108186,0.00007656,0.00003080,-0.00000654,0.00098741,0.00087555,0.00008678,0.00070347,0.00092541,0.00026830,-0.00006256,0.00017695,0.00097235,0.00094990,0.00102297,0.00070052,-0.00019062,0.00016846,0.00017361,0.00008837,0.00014790,-0.00032634,0.00113234,-0.00103802,0.00116513,-0.00032803,0.00079799,0.00034233,0.00030568,-0.00203398,0.00001638,0.00045735,0.00001994,0.00013152,0.00033511,-0.00057432,-0.00023261,-0.00108031,0.00165328,-0.00048807,0.00069436,-0.00201215,0.00007113,-0.00004587,0.00113519,-0.00003055,0.00113560,-0.00036809,-0.00102341,-0.00107926,-0.00060239,-0.00068236,-0.00058631,-0.00007102,-0.00043289,0.00027112,0.00081294,0.00081112,-0.00061736,0.00112270,-0.00095048,0.00079581,-0.00100643,-0.00061460,0.00054696,0.00010646,0.00051769,0.00043179,-0.00069468,0.00089329,0.00086192,-0.01144016,0.00073775,-0.00027890,-0.00077800,-0.00009191,0.00039353,0.00052533,-0.00134645,0.00052784,0.00047613,0.00099291,0.00112304,0.00109434,0.00129560,-0.00144537,-0.00082749,0.00013819,-0.00075549,0.00017788,0.00042992,0.00166171,0.00011522,-0.00089600,-0.00055761,0.00093718,-0.00074953,-0.00084131,0.00000883,-0.00121183,0.00070475,-0.00169887,0.00013989,-0.00094028,0.00046800,0.00006908,0.00148307,0.00081132,-0.00168971,0.00016048,0.00111870,-0.00079527,0.00049274,0.00000000,0.00000000,0.00000000,0.00000000,0.00000000,0.00000000,0.00000000,0.00000000,0.00000000,0.00000000,0.00000000,0.00000000,0.00000000,0.00000000,0.00000000,0.00000000,0.00000000,0.00000000,0.00000000,0.00000000,0.00000000,0.00000000,0.00000000,0.00000000,0.00000000,0.00000000,0.00000000,0.00000000,0.00000000,0.00000000,0.00000000,0.00000000,0.00000000,0.00000000,0.00000000,0.00000000,0.00000000,0.00000000,0.00000000,0.00000000,0.00000000,0.00000000,0.00000000,0.00000000,0.00000000,0.00000000,0.00000000,0.00000000,-0.00008728,0.00082777,0.00007518,-0.00023728,0.00043167,-0.00034287,0.00017752,0.00047810,-0.00047580,-0.00019107,-0.00028231,-0.00029527,-0.00018193,-0.00015347,-0.00056610,0.00033460
0.00031889,0.00003413,-0.00024573,-0.00081558,0.00024788,-0.00005439,0.00120476,-0.00010496,0.00080321,-0.00000987,0.00014694,0.00040558,-0.00090082,0.00051164,0.00006839,-0.00039032,0.00048222,0.00100767,-0.00057360,-0.00078698,-0.00008402,0.00057217,-0.00013447,-0.00010354,-0.00080694,0.00071397,0.00004714,-0.00011166,-0.00116283,-0.00015761,0.00078285,-0.00028621,-0.00004995,0.00013973,0.00087781,-0.00135972,0.00005982,-0.00053597,-0.00053598,-0.00012229,0.00110580,0.00014897,-0.00013811,0.00000315,0.00139153,0.00177799,-0.00100818,0.00032159,-0.00060196,-0.00052013,0.00010840,0.00079978,-0.00016594,-0.00053542,0.00031035,-0.00126041,0.00107595,0.00017607,0.00123846,-0.00038233,0.00098883,-0.00043530,-0.00053024,0.00047894,0.00015556,-0.00046005,0.00008150,-0.00026357,0.00072463,-0.00026533,0.00044084,0.00070304,-0.00080615,0.00094356,-0.00101398,0.00101867,-0.00008525,-0.00018674,0.00111027,-0.00107366,-0.00018711,0.00110971,-0.00011500,0.00064708,0.00006904,-0.00116330,-0.00094498,-0.01238476,0.00068488,0.00092718,0.00090740,0.00005110,0.00059787,0.00091858,0.00023865,-0.00095390,-0.00108719,0.00010446,-0.00008258,-0.00094057,0.00111738,0.00081910,-0.00055082,0.00066306,-0.00038564,0.00035103,-0.00047480,0.00065639,0.00016657,0.00000966,0.00069937,0.00080231,0.00105058,0.00100399,0.00042625,-0.00020757,0.00073461,-0.00006269,-0.00034500,-0.00001805,0.00018843,-0.00032116,0.00010065,0.00065315,0.00088404,-0.00054500,0.00050227,-0.00135359,0.00000000,0.00000000,0.00000000,0.00000000,0.00000000,0.00000000,0.00000000,0.00000000,0.00000000,0.00000000,0.00000000,0.00000000,0.00000000,0.00000000,0.00000000,0.00000000,0.00000000,0.00000000,0.00000000,0.00000000,0.00000000,0.00000000,0.00000000,0.00000000,0.00000000,0.00000000,0.00000000,0.00000000,0.00000000,0.00000000,0.00000000,0.00000000,0.00000000,0.00000000,0.00000000,0.00000000,0.00000000,0.00000000,0.00000000,0.00000000,0.00000000,0.00000000,0.00000000,0.00000000,0.00000000,0.00000000,0.00000000,0.00000000,-0.00070330,-0.00007287,-0.00020223,0.00113389,-0.00072032,0.00137477,-0.00081197,0.00033244,0.00014412,-0.00086085,0.00017929,-0.00071715,-0.00072717,0.00092654,0.00003904,-0.00125032
-0.00079043,0.00018492,-0.00099511,0.00121576,-0.00040587,0.00039204,-0.00027479,0.00003501,-0.00130545,-0.00093018,-0.00086525,-0.00073459,0.00064303,-0.00218340,-0.00046195,0.00070657,-0.00146036,-0.00114990,0.00168699,0.00099263,-0.00168111,-0.00077306,-0.00077941,-0.00123008,0.00151677,-0.00098049,-0.00121586,-0.00185024,0.00056689,-0.00070474,-0.00091894,0.00049521,-0.00022621,-0.00104472,-0.00130886,0.00148244,0.00118165,-0.00018325,0.00172123,-0.00131559,-0.00083161,-0.00113918,-0.00120655,0.00100217,0.00060747,-0.00126397,-0.00023160,-0.00022352,0.00120177,0.00123589,-0.00026420,-0.00085010,0.00152672,-0.00033206,0.00064678,-0.00004666,-0.00092282,-0.00117689,-0.00119153,-0.00037784,-0.00141095,-0.00087701,0.00114886,0.00032146,0.00037360,0.00053772,0.00175413,0.00129430,-0.00074679,0.00102662,-0.00016255,-0.00109648,-0.00020761,0.00051741,0.00105477,-0.00034268,-0.00024101,0.00050617,-0.00026191,0.00098375,0.00101796,-0.00142638,0.00072117,0.00103684,-0.00069438,-0.00032825,0.00146206,-0.00074989,-0.01384724,0.00000331,-0.00078381,-0.00024735,-0.00139861,-0.00044556,-0.00175436,-0.00005079,0.00057370,-0.00086294,-0.00119676,0.00014760,0.00066010,-0.00043739,0.00100622,-0.00042159,-0.00039488,-0.00139754,-0.00057139,-0.00027220,0.00024219,0.00085881,-0.00088649,-0.00055916,-0.00140629,-0.00150482,0.00011574,-0.00074919,-0.00064312,0.00070120,0.00128475,-0.00068191,-0.00042749,0.00051631,-0.00149522,-0.00077145,0.00136524,-0.00036470,0.00096943,0.00066101,0.00000000,0.00000000,0.00000000,0.00000000,0.00000000,0.00000000,0.00000000,0.00000000,0.00000000,0.00000000,0.00000000,0.00000000,0.00000000,0.00000000,0.00000000,0.00000000,0.00000000,0.00000000,0.00000000,0.00000000,0.00000000,0.00000000,0.00000000,0.00000000,0.00000000,0.00000000,0.00000000,0.00000000,0.00000000,0.00000000,0.00000000,0.00000000,0.00000000,0.00000000,0.00000000,0.00000000,0.00000000,0.00000000,0.00000000,0.00000000,0.00000000,0.00000000,0.00000000,0.00000000,0.00000000,0.00000000,0.00000000,0.00000000,0.00169219,-0.00005822,0.00141370,-0.00090235,0.00136992,-0.00166963,0.00070587,-0.00115088,-0.00006847,0.00055116,0.00016196,0.00024706,0.00150335,-0.00081733,-0.00066502,0.00072761
-0.00073515,-0.00047660,-0.00160740,0.00218676,0.00124784,0.00085353,0.00069751,-0.00064402,-0.00169923,-0.00126678,-0.00301232,-0.00101634,0.00093276,-0.00186537,-0.00158898,0.00207118,-0.00259940,-0.00162964,0.00192259,-0.00083378,-0.00166000,-0.00178128,-0.00180203,-0.00161833,0.00221519,-0.00220060,-0.00143655,-0.00104335,-0.00000145,-0.00280968,-0.00177624,0.00203933,0.00001143,-0.00098428,-0.00151469,0.00088957,0.00192712,-0.00153861,0.00209171,-0.00265191,-0.00100568,-0.00195105,-0.00282698,0.00191208,0.00224339,-0.00158563,-0.00083088,-0.00169071,0.00135842,0.00192320,0.00216453,-0.00189290,0.00210631,-0.00126783,0.00149329,-0.00141037,0.00165788,-0.00173566,-0.00221545,-0.00208787,-0.00193568,-0.00238775,0.00206477,0.00191200,0.00216461,0.00165314,0.00269285,0.00301315,0.00024545,0.00141851,-0.00117789,-0.00000669,-0.00089730,0.00152313,0.00104451,0.00073376,-0.00171953,0.00180701,0.00043271,0.00031816,0.00151029,-0.00183966,0.00197444,0.00199931,-0.00203355,-0.00011418,0.00254279,-0.00155508,0.00177071,-0.01384155,-0.00157453,-0.00168385,-0.00210431,0.00033923,-0.00129436,-0.00091736,-0.00042265,-0.00128598,0.00012970,0.00023350,0.00154741,0.00142209,0.00069746,0.00150423,-0.00053371,-0.00186329,-0.00223736,-0.00126245,0.00132259,0.00197039,-0.00157849,-0.00048602,-0.00105596,-0.00158896,0.00090023,-0.00238429,-0.00025195,0.00273028,0.00190480,-0.00262784,-0.00077957,-0.00128829,-0.00232988,0.00034717,0.00115845,-0.00106604,0.00174609,-0.00001604,0.00000000,0.00000000,0.00000000,0.00000000,0.00000000,0.00000000,0.00000000,0.00000000,0.00000000,0.00000000,0.00000000,0.00000000,0.00000000,0.00000000,0.00000000,0.00000000,0.00000000,0.00000000,0.00000000,0.00000000,0.00000000,0.00000000,0.00000000,0.00000000,0.00000000,0.00000000,0.00000000,0.00000000,0.00000000,0.00000000,0.00000000,0.00000000,0.00000000,0.00000000,0.00000000,0.00000000,0.00000000,0.00000000,0.00000000,0.00000000,0.00000000,0.00000000,0.00000000,0.00000000,0.00000000,0.00000000,0.00000000,0.00000000,0.00091616,0.00074587,0.00169312,-0.00091164,0.00083237,-0.00232323,0.00110370,-0.00040034,0.00055942,0.00029250,-0.00016808,0.00140426,0.00179572,-0.00127856,-0.00163930,0.00199155
-0.00035504,-0.00052433,-0.00175552,0.00142432,0.00043950,0.00013331,-0.00002479,0.00007077,-0.00076228,-0.00162343,-0.00075437,-0.00061582,0.00015516,-0.00099750,-0.00085311,0.00184601,-0.00076266,-0.00012019,0.00117846,-0.00010823,-0.00115335,-0.00142813,-0.00160334,-0.00145721,0.00034202,-0.00113557,-0.00157656,-0.00100257,-0.00041942,-0.00093354,-0.00188854,0.00085177,-0.00020507,-0.00174771,-0.00126205,0.00124678,0.00063009,-0.00019603,0.00159812,-0.00219904,-0.00068372,-0.00129977,-0.00138010,0.00062664,0.00127127,-0.00061849,-0.00003613,-0.00136863,0.00052995,0.00059957,0.00110429,-0.00074683,0.00138177,-0.00056755,0.00068757,-0.00151208,0.00087528,-0.00062749,-0.00035817,-0.00127223,-0.00102977,-0.00051275,0.00120047,0.00164711,0.00128773,0.00093260,0.00144586,0.00102250,-0.00009070,0.00062695,-0.00052723,0.00088932,-0.00015906,0.00018653,0.00053708,0.00046984,-0.00032888,0.00072346,0.00018511,-0.00046727,0.00123676,-0.00142572,0.00074194,0.00119512,-0.00127363,0.00036013,0.00145822,-0.00088482,0.00055419,-0.00030082,-0.01485580,-0.00089956,-0.00120559,0.00058290,-0.00056041,-0.00076912,0.00000250,-0.00093849,-0.00014618,0.00089788,0.00021386,0.00125817,-0.00019832,0.00055170,-0.00046613,-0.00053804,-0.00080545,0.00051614,0.00018767,0.00135536,-0.00121732,0.00035300,-0.00051455,-0.00081713,0.00056629,-0.00127720,0.00069338,0.00068059,0.00057209,-0.00039866,0.00017379,-0.00130661,-0.00123672,0.00088997,0.00045677,-0.00056404,0.00085607,-0.00084138,0.00000000,0.00000000,0.00000000,0.00000000,0.00000000,0.00000000,0.00000000,0.00000000,0.00000000,0.00000000,0.00000000,0.00000000,0.00000000,0.00000000,0.00000000,0.00000000,0.00000000,0.00000000,0.00000000,0.00000000,0.00000000,0.00000000,0.00000000,0.00000000,0.00000000,0.00000000,0.00000000,0.00000000,0.00000000,0.00000000,0.00000000,0.00000000,0.00000000,0.00000000,0.00000000,0.00000000,0.00000000,0.00000000,0.00000000,0.00000000,0.00000000,0.00000000,0.00000000,0.00000000,0.00000000,0.00000000,0.00000000,0.00000000,0.00058295,-0.00059065,-0.00006840,0.00002857,0.00037436,-0.00010085,0.00068906,0.00035195,0.00074359,0.00074849,-0.00056225,0.00122899,0.00067365,-0.00045841,-0.00070229,-0.00000765
0.00039095,-0.00034989,0.00050609,-0.00056613,0.00043914,0.00057382,0.00118897,-0.00061705,0.00003425,-0.00031696,0.00066627,0.00076316,-0.00013301,0.00111300,0.00035068,-0.00031155,-0.00006767,0.00087379,-0.00032172,-0.00089867,0.00000023,0.00049220,0.00075925,-0.00029602,-0.00105038,0.00042260,-0.00006738,0.00062986,-0.00147182,-0.00028113,0.00113347,-0.00082474,-0.00061979,0.00049106,0.00094114,-0.00065026,0.00057991,-0.00042590,-0.00017974,0.00044926,0.00078454,0.00058561,0.00034116,0.00025885,0.00022095,0.00033853,-0.00041897,-0.00031006,-0.00044760,-0.00081917,0.00023001,0.00082972,0.00013110,-0.00000171,0.00021715,-0.00101320,0.00105271,0.00034699,0.00055630,0.00060157,0.00002298,0.00025317,0.00044989,-0.00008351,-0.00012700,-0.00067270,-0.00048474,-0.00036545,0.00053450,0.00063081,0.00023976,-0.00015460,-0.00125757,0.00062564,-0.00095285,0.00046459,-0.00021496,-0.00074543,0.00069666,-0.00045485,-0.00055186,0.00143741,-0.00048692,-0.00057117,-0.00009069,-0.00146326,-0.00110187,0.00070673,0.00100019,0.00066956,0.00113459,-0.01317174,0.00023786,0.00045041,0.00042100,-0.00081205,-0.00095064,-0.00036052,-0.00062758,-0.00035623,0.00086537,0.00063049,-0.00117645,0.00020255,0.00014739,-0.00072731,-0.00071976,0.00097139,-0.00023523,-0.00021526,0.00074998,0.00097895,0.00032712,-0.00025128,0.00125983,0.00009741,0.00184544,-0.00019488,-0.00123845,0.00063773,-0.00033091,-0.00046982,0.00064928,0.00169009,0.00002259,-0.00062090,0.00057235,-0.00095120,0.00000000,0.00000000,0.00000000,0.00000000,0.00000000,0.00000000,0.00000000,0.00000000,0.00000000,0.00000000,0.00000000,0.00000000,0.00000000,0.00000000,0.00000000,0.00000000,0.00000000,0.00000000,0.00000000,0.00000000,0.00000000,0.00000000,0.00000000,0.00000000,0.00000000,0.00000000,0.00000000,0.00000000,0.00000000,0.00000000,0.00000000,0.00000000,0.00000000,0.00000000,0.00000000,0.00000000,0.00000000,0.00000000,0.00000000,0.00000000,0.00000000,0.00000000,0.00000000,0.00000000,0.00000000,0.00000000,0.00000000,0.00000000,-0.00071083,0.00117600,-0.00085673,0.00039085,-0.00073297,0.00096998,-0.00050103,0.00030799,0.00033160,-0.00061135,0.00093662,-0.00004498,-0.00070250,0.00102833,0.00116743,-0.00137191
-0.00003185,-0.00106762,0.00017640,-0.00024098,0.00109083,0.00026831,0.00088509,-0.00063071,0.00072489,0.00020709,0.00099101,-0.00020402,-0.00103147,0.00082961,0.00075701,-0.00012717,0.00019845,0.00080439,-0.00081944,-0.00103943,0.00048713,0.00056642,0.00078121,0.00052911,-0.00104106,0.00079174,-0.00053640,0.00020918,-0.00121435,-0.00068351,0.00067061,-0.00045210,-0.00041968,-0.00001499,0.00038165,-0.00013844,0.00005834,-0.00063793,-0.00070423,0.00007136,0.00095823,0.00084896,0.00001945,-0.00017603,0.00017923,0.00082657,-0.00035524,0.00016101,-0.00044481,-0.00133511,0.00005394,0.00086172,-0.00044423,0.00013539,-0.00055256,-0.00042214,0.00139485,0.00039668,0.00059634,0.00016829,0.00062282,0.00053991,-0.00017140,0.00063141,0.00047221,-0.00003972,-0.00056879,-0.00033462,0.00030281,0.00035726,0.00056576,0.00058615,-0.00031249,0.00028288,-0.00074680,0.00099999,0.00012906,-0.00065755,0.00169850,-0.00150415,0.00000478,0.00079826,0.00030972,-0.00020709,-0.00022534,-0.00096075,-0.00068695,0.00054777,0.00049050,0.00175044,0.00126489,0.00004363,-0.00941085,0.00040517,0.00003836,-0.00112408,-0.00156902,0.00004122,-0.00046560,-0.00047412,0.00060597,0.00039273,-0.00108278,-0.00008196,0.00031919,0.00090906,-0.00061826,-0.00008776,0.00084994,-0.00014912,-0.00002709,0.00093844,0.00152316,0.00078324,0.00137221,0.00024912,0.00157441,-0.00039873,-0.00041356,0.00032684,0.00049225,-0.00069427,0.00045926,0.00104352,0.00041652,-0.00098607,0.00029179,-0.00157112,0.00000000,0.00000000,0.00000000,0.00000000,0.00000000,0.00000000,0.00000000,0.00000000,0.00000000,0.00000000,0.00000000,0.00000000,0.00000000,0.00000000,0.00000000,0.00000000,0.00000000,0.00000000,0.00000000,0.00000000,0.00000000,0.00000000,0.00000000,0.00000000,0.00000000,0.00000000,0.00000000,0.00000000,0.00000000,0.00000000,0.00000000,0.00000000,0.00000000,0.00000000,0.00000000,0.00000000,0.00000000,0.00000000,0.00000000,0.00000000,0.00000000,0.00000000,0.00000000,0.00000000,0.00000000,0.00000000,0.00000000,0.00000000,-0.00142790,0.00023763,-0.00075284,0.00070798,-0.00092119,0.00133562,-0.00123708,0.00039947,-0.00012796,0.00022590,0.00061751,-0.00063871,-0.00100609,0.00177825,0.00073783,-0.00066210
-0.00016846,0.00051943,-0.00158507,0.00148586,-0.00135252,0.00117276,-0.00066303,0.00044082,-0.00189521,-0.00115969,-0.00186695,-0.00127537,0.00130686,-0.00233109,-0.00198067,0.00143968,-0.00214308,-0.00249992,0.00189355,0.00028385,-0.00214658,-0.00203291,-0.00184979,-0.00231075,0.00189632,-0.00253303,-0.00124237,-0.00157563,0.00016194,-0.00163171,-0.00260303,0.00217377,-0.00009284,-0.00138313,-0.00194302,0.00215961,0.00112570,0.00005301,0.00181365,-0.00258316,-0.00165610,-0.00203796,-0.00232710,0.00089788,0.00150596,-0.00149621,-0.00004118,-0.00129736,0.00146040,0.00242378,0.00097600,-0.00255286,0.00193218,-0.00145543,0.00217793,-0.00030984,0.00037976,-0.00196093,-0.00183588,-0.00158774,-0.00208808,-0.00152959,0.00207400,0.00249300,0.00139737,0.00106350,0.00202232,0.00180706,-0.00056697,0.00091470,-0.00174727,-0.00166026,-0.00042939,0.00070651,0.00235650,-0.00092654,-0.00146057,0.00196506,-0.00181771,0.00100924,0.00153310,-0.00173865,0.00121764,0.00149555,-0.00200496,0.00077567,0.00227937,-0.00188032,-0.00052306,-0.00192467,-0.00140059,-0.00204163,-0.00191609,-0.01389983,-0.00137358,-0.00029871,0.00053386,-0.00152315,-0.00094602,0.00011767,0.00043216,0.00105005,0.00229323,0.00082712,-0.00074582,-0.00225085,-0.00186080,-0.00114134,0.00085159,0.00145176,-0.00198229,-0.00049799,-0.00182230,-0.00128700,-0.00027910,-0.00232065,-0.00106107,0.00177798,0.00209749,-0.00202342,-0.00063443,-0.00064613,-0.00220010,-0.00144913,0.00163993,-0.00069911,0.00133000,0.00152616,0.00000000,0.00000000,0.00000000,0.00000000,0.00000000,0.00000000,0.00000000,0.00000000,0.00000000,0.00000000,0.00000000,0.00000000,0.00000000,0.00000000,0.00000000,0.00000000,0.00000000,0.00000000,0.00000000,0.00000000,0.00000000,0.00000000,0.00000000,0.00000000,0.00000000,0.00000000,0.00000000,0.00000000,0.00000000,0.00000000,0.00000000,0.00000000,0.00000000,0.00000000,0.00000000,0.00000000,0.00000000,0.00000000,0.00000000,0.00000000,0.00000000,0.00000000,0.00000000,0.00000000,0.00000000,0.00000000,0.00000000,0.00000000,0.00151834,-0.00103710,0.00263960,-0.00154753,0.00178551,-0.00255653,0.00209614,-0.00104194,0.00024900,0.00129768,-0.00032339,0.00143223,0.00166250,-0.00222587,-0.00193211,0.00188612
0.00004968,-0.00074408,0.00018902,-0.00076744,0.00056641,-0.00018851,0.00081537,-0.00044764,0.00105378,-0.00005751,0.00075855,0.00010131,-0.00126966,0.00171627,0.00123970,-0.00040682,0.00060695,0.00137019,-0.00065823,-0.00109879,0.00106043,0.00114435,0.00061248,0.00065104,-0.00100055,0.00160635,0.00057581,0.00052733,-0.00160110,-0.00047119,0.00136443,-0.00125625,-0.00006489,0.00026777,0.00092869,-0.00129665,-0.00014443,-0.00068073,-0.00158115,0.00053557,0.00073179,0.00107736,0.00097886,-0.00026703,-0.00018336,0.00060543,-0.00053090,0.00079247,-0.00106782,-0.00080631,-0.00032390,0.00130658,-0.00082452,-0.00019482,-0.00093242,-0.00102445,0.00092015,0.00082823,0.00104084,0.00046387,0.00027126,0.00007531,-0.00053511,0.00003591,-0.00038238,-0.00015114,-0.00111982,-0.00108218,0.00058437,-0.00050588,0.00090971,0.00031356,-0.00000415,0.00020706,-0.00117810,0.00092443,0.00030855,-0.00064864,0.00122057,-0.00128983,-0.00047632,0.00053917,-0.00086317,-0.00053026,0.00082047,-0.00133014,-0.00108413,0.00056549,0.00026877,0.00144236,0.00131043,0.00064481,0.00061994,0.00143050,-0.00908347,-0.00131679,-0.00107234,0.00021949,-0.00017497,-0.00079075,0.00022607,0.00059757,-0.00084066,0.00054763,-0.00016547,0.00050147,-0.00077466,0.00017243,-0.00018760,-0.00036228,0.00126846,0.00132905,0.00122776,0.00104711,0.00091551,0.00047766,0.00161807,-0.00043320,-0.00120312,-0.00011911,0.00036178,-0.00057438,0.00062443,0.00116481,-0.00014772,-0.00037863,0.00071441,-0.00092235,0.00000000,0.00000000,0.00000000,0.00000000,0.00000000,0.00000000,0.00000000,0.00000000,0.00000000,0.00000000,0.00000000,0.00000000,0.00000000,0.00000000,0.00000000,0.00000000,0.00000000,0.00000000,0.00000000,0.00000000,0.00000000,0.00000000,0.00000000,0.00000000,0.00000000,0.00000000,0.00000000,0.00000000,0.00000000,0.00000000,0.00000000,0.00000000,0.00000000,0.00000000,0.00000000,0.00000000,0.00000000,0.00000000,0.00000000,0.00000000,0.00000000,0.00000000,0.00000000,0.00000000,0.00000000,0.00000000,0.00000000,0.00000000,-0.00123327,0.00098229,-0.00140946,0.00147714,-0.00067207,0.00110035,-0.00124154,0.00092924,-0.00015865,-0.00041548,0.00025286,-0.00056610,-0.00102148,0.00201402,0.00077616,-0.00170182
0.00022919,-0.00065167,0.00098498,-0.00131265,0.00061503,-0.00041088,0.00055060,-0.00036908,0.00167093,0.00054091,0.00113879,0.00086141,-0.00150082,0.00107917,0.00159682,-0.00203310,0.00096401,0.00122338,-0.00113303,-0.00017116,0.00154649,0.00118403,0.00129816,0.00149234,-0.00130807,0.00219875,0.00065832,0.00183387,-0.00060486,0.00026937,0.00135952,-0.00205125,-0.00046606,0.00122015,0.00123494,-0.00153833,-0.00089313,-0.00044852,-0.00156865,0.00177115,0.00056457,0.00126371,0.00183086,-0.00077829,-0.00025426,0.00100083,0.00007417,0.00103064,-0.00142468,-0.00173144,-0.00065631,0.00180129,-0.00118132,0.00038431,-0.00131822,-0.00068324,0.00005874,0.00122507,0.00134878,0.00097267,0.00184029,0.00049632,-0.00145230,-0.00082582,-0.00114426,-0.00036390,-0.00129663,-0.00168132,0.00075798,-0.00087446,0.00045485,0.00104720,0.00051069,0.00033513,-0.00111219,0.00124669,0.00070430,-0.00037444,0.00161657,-0.00054893,-0.00095080,0.00100833,-0.00199314,-0.00037228,0.00116074,-0.00126836,-0.00141447,0.00075854,0.00001125,0.00174572,0.00105427,0.00107922,0.00098165,0.00089236,0.00079023,-0.01286559,-0.00150875,0.00011499,0.00044631,-0.00064116,-0.00026788,0.00018196,-0.00095236,-0.00019772,0.00107491,0.00148270,0.00057004,0.00043338,-0.00077106,-0.00101240,0.00111500,0.00092238,0.00111741,0.00027418,0.00021074,0.00160907,0.00222679,-0.00131712,-0.00121970,0.00087538,0.00105863,0.00023780,0.00144006,0.00015976,-0.00081199,-0.00016259,-0.00074826,-0.00131811,0.00000000,0.00000000,0.00000000,0.00000000,0.00000000,0.00000000,0.00000000,0.00000000,0.00000000,0.00000000,0.00000000,0.00000000,0.00000000,0.00000000,0.00000000,0.00000000,0.00000000,0.00000000,0.00000000,0.00000000,0.00000000,0.00000000,0.00000000,0.00000000,0.00000000,0.00000000,0.00000000,0.00000000,0.00000000,0.00000000,0.00000000,0.00000000,0.00000000,0.00000000,0.00000000,0.00000000,0.00000000,0.00000000,0.00000000,0.00000000,0.00000000,0.00000000,0.00000000,0.00000000,0.00000000,0.00000000,0.00000000,0.00000000,-0.00150103,0.00097035,-0.00114585,0.00073893,-0.00091836,0.00155896,-0.00153828,0.00086353,0.00002006,-0.00131789,-0.00039426,-0.00072794,-0.00028192,0.00164177,0.00101769,-0.00102453
0.00022870,0.00063671,0.00258917,-0.00231761,0.00029480,-0.00142522,0.00063679,0.00035618,0.00291834,0.00120195,0.00264368,0.00213064,-0.00170676,0.00265908,0.00235118,-0.00156986,0.00302612,0.00334707,-0.00267745,-0.00037499,0.00181155,0.00154379,0.00243597,0.00169557,-0.00282647,0.00224024,0.00201138,0.00208931,-0.00007828,0.00247529,0.00260285,-0.00291703,-0.00001920,0.00198948,0.00245629,-0.00231039,-0.00142938,-0.00007767,-0.00191265,0.00264190,0.00185304,0.00283781,0.00213632,-0.00140613,-0.00139084,0.00181901,0.00092610,0.00119257,-0.00159102,-0.00328083,-0.00245764,0.00211077,-0.00304181,0.00158271,-0.00223049,0.00104005,-0.00060077,0.00212977,0.00283688,0.00230868,0.00236372,0.00293189,-0.00245549,-0.00169561,-0.00115374,-0.00194620,-0.00274488,-0.00272074,0.00149663,-0.00161673,0.00241806,0.00277510,0.00145943,-0.00133159,-0.00247435,-0.00048854,0.00115685,-0.00197888,0.00169135,0.00021815,-0.00175348,0.00212505,-0.00222776,-0.00188317,0.00153032,-0.00061454,-0.00329499,0.00248619,-0.00039081,0.00166516,0.00225278,0.00178293,0.00255040,-0.00033719,0.00268234,0.00065947,-0.01392406,0.00130359,0.00119669,0.00011200,-0.00085081,-0.00121321,-0.00230229,-0.00221487,0.00194003,0.00133009,0.00166331,0.00190565,-0.00217694,-0.00313358,0.00180729,0.00013650,0.00064426,0.00124763,-0.00065574,0.00156434,-0.00018713,-0.00349059,-0.00228059,0.00289812,0.00055547,0.00146119,0.00323223,0.00057922,-0.00207472,0.00118977,-0.00256914,-0.00049957,0.00000000,0.00000000,0.00000000,0.00000000,0.00000000,0.00000000,0.00000000,0.00000000,0.00000000,0.00000000,0.00000000,0.00000000,0.00000000,0.00000000,0.00000000,0.00000000,0.00000000,0.00000000,0.00000000,0.00000000,0.00000000,0.00000000,0.00000000,0.00000000,0.00000000,0.00000000,0.00000000,0.00000000,0.00000000,0.00000000,0.00000000,0.00000000,0.00000000,0.00000000,0.00000000,0.00000000,0.00000000,0.00000000,0.00000000,0.00000000,0.00000000,0.00000000,0.00000000,0.00000000,0.00000000,0.00000000,0.00000000,0.00000000,-0.00227355,0.00063908,-0.00207837,0.00176910,-0.00220464,0.00265061,-0.00213573,0.00148672,-0.00109910,-0.00252854,0.00055711,-0.00202447,-0.00293710,0.00228988,0.00280152,-0.00205914
0.00041642,-0.00034946,-0.00035228,-0.00073902,0.00077635,0.00114328,0.00052922,0.00017928,0.00102354,-0.00016067,0.00081251,0.00063780,-0.00110576,0.00086626,0.00025808,-0.00027072,0.00078714,0.00089074,-0.00130845,-0.00075889,-0.00011704,0.00038432,0.00022632,-0.00019864,-0.00134468,0.00018733,0.00049282,0.00017537,-0.00098911,-0.00039904,0.00095711,-0.00053272,-0.00029315,0.00050641,0.00118080,-0.00070764,-0.00118003,-0.00045093,-0.00047294,0.00005838,0.00058196,0.00085392,0.00052497,-0.00046994,-0.00033706,0.00019352,-0.00020486,0.00096051,-0.00132310,-0.00135252,-0.00015059,0.00146952,-0.00059677,0.00015409,0.00050411,-0.00075179,0.00057486,0.00127094,0.00082318,0.00042042,0.00028587,0.00000746,-0.00040742,-0.00010047,0.00044598,0.00037056,-0.00027280,-0.00116384,0.00059202,0.00006087,-0.00012965,-0.00023440,-0.00099530,0.00028599,-0.00162881,0.00059800,-0.00026608,-0.00069046,0.00129377,-0.00032050,-0.00110215,0.00099972,-0.00028022,-0.00076119,-0.00070341,-0.00151828,-0.00100283,0.00041282,0.00023812,0.00076614,0.00061756,-0.00011265,0.00077932,0.00020695,0.00036503,-0.00086036,-0.00103361,-0.01434713,0.00035239,0.00006355,0.00021731,0.00037002,-0.00091154,0.00014057,0.00001744,0.00022486,-0.00029048,0.00027289,0.00003550,-0.00064416,0.00012525,0.00036170,0.00003122,-0.00010974,-0.00011447,0.00019749,0.00119500,-0.00026222,-0.00100637,0.00034007,0.00037639,-0.00073451,0.00035588,0.00065328,-0.00067713,-0.00079505,0.00068124,-0.00035232,0.00000000,0.00000000,0.00000000,0.00000000,0.00000000,0.00000000,0.00000000,0.00000000,0.00000000,0.00000000,0.00000000,0.00000000,0.00000000,0.00000000,0.00000000,0.00000000,0.00000000,0.00000000,0.00000000,0.00000000,0.00000000,0.00000000,0.00000000,0.00000000,0.00000000,0.00000000,0.00000000,0.00000000,0.00000000,0.00000000,0.00000000,0.00000000,0.00000000,0.00000000,0.00000000,0.00000000,0.00000000,0.00000000,0.00000000,0.00000000,0.00000000,0.00000000,0.00000000,0.00000000,0.00000000,0.00000000,0.00000000,0.00000000,-0.00070907,0.00054348,-0.00103972,0.00039130,-0.00050631,0.00139836,-0.00072325,0.00089608,-0.00077667,-0.00002953,-0.00009699,-0.00078065,-0.00110093,0.00107851,0.00159011,-0.00087462
0.00015891,0.00017596,0.00048245,-0.00095921,0.00000286,-0.00016826,0.00022571,0.00013834,0.00159763,-0.00048896,0.00107407,0.00055537,-0.00051616,0.00136115,0.00031350,-0.00107897,0.00125848,0.00117005,-0.00101462,-0.00034871,0.00122974,0.00119093,0.00048078,0.00099434,-0.00073247,0.00094734,0.00046491,0.00038212,-0.00118375,-0.00058496,0.00137862,-0.00139934,-0.00010400,0.00165816,0.00156784,-0.00054146,-0.00099500,0.00003616,-0.00066958,0.00136338,0.00040644,0.00033668,0.00091523,-0.00091972,0.00009197,0.00081126,-0.00009825,0.00094210,-0.00093321,-0.00115139,-0.00066436,0.00057106,-0.00156445,0.00072515,-0.00007519,-0.00006163,0.00094477,0.00073631,0.00062310,0.00019252,0.00023517,0.00117537,-0.00100719,-0.00080070,-0.00020833,-0.00117596,-0.00114424,-0.00117953,-0.00000994,-0.00072219,0.00026872,0.00116482,0.00069585,0.00044354,-0.00114631,0.00085891,0.00040592,-0.00074514,0.00130962,-0.00077529,-0.00141538,0.00091472,-0.00109952,-0.00080669,0.00050828,-0.00092208,-0.00106672,0.00095460,-0.00036538,0.00219146,0.00185299,0.00031112,0.00068974,0.00061141,0.00066201,-0.00075273,-0.00065766,0.00084389,-0.01350750,-0.00099076,0.00131146,0.00014557,-0.00047130,-0.00056944,0.00056536,0.00033190,0.00020673,0.00027637,-0.00011993,-0.00041057,0.00156770,0.00041062,0.00087524,0.00160487,0.00057255,0.00083404,0.00157512,-0.00127946,-0.00031249,0.00093323,-0.00017084,-0.00068000,0.00078941,0.00045122,-0.00089707,0.00003930,-0.00023763,-0.00110655,0.00000000,0.00000000,0.00000000,0.00000000,0.00000000,0.00000000,0.00000000,0.00000000,0.00000000,0.00000000,0.00000000,0.00000000,0.00000000,0.00000000,0.00000000,0.00000000,0.00000000,0.00000000,0.00000000,0.00000000,0.00000000,0.00000000,0.00000000,0.00000000,0.00000000,0.00000000,0.00000000,0.00000000,0.00000000,0.00000000,0.00000000,0.00000000,0.00000000,0.00000000,0.00000000,0.00000000,0.00000000,0.00000000,0.00000000,0.00000000,0.00000000,0.00000000,0.00000000,0.00000000,0.00000000,0.00000000,0.00000000,0.00000000,-0.00121798,0.00061123,-0.00057537,0.00037184,-0.00083782,0.00186361,-0.00172937,0.00101499,-0.00005434,-0.00107624,-0.00037845,-0.00089519,-0.00150734,0.00173786,0.00076193,-0.00150897
-0.00061694,-0.00000720,0.00068103,-0.00044532,-0.00020946,0.00016609,0.00050413,-0.00031522,0.00043676,0.00103761,0.00144553,-0.00049893,-0.00054841,0.00051632,0.00062973,-0.00026448,-0.00035116,-0.00044869,-0.00089441,-0.00044201,0.00040351,0.00075582,0.00005166,-0.00000731,-0.00086128,0.00018795,0.00005876,-0.00028371,-0.00011761,0.00064828,0.00088880,-0.00098623,0.00017448,0.00015938,0.00043963,-0.00126584,-0.00050202,-0.00006152,-0.00054568,0.00080298,-0.00025514,0.00079551,0.00081435,-0.00043928,-0.00081944,0.00038553,0.00048548,0.00030066,0.00015031,-0.00055823,-0.00129563,-0.00017197,-0.00068416,0.00076464,-0.00032364,0.00003581,-0.00011698,0.00079078,0.00029942,0.00063126,0.00043084,0.00061283,-0.00057513,-0.00102716,-0.00019364,-0.00020201,-0.00096335,-0.00057037,0.00013765,-0.00001488,0.00034569,0.00052489,-0.00007329,0.00039864,-0.00066317,0.00074288,0.00043255,-0.00113042,0.00039406,-0.00055657,-0.00106790,0.00105030,-0.00055997,-0.00081187,0.00069538,0.00030237,-0.00032021,0.00005549,-0.00044077,0.00073141,0.00110103,0.00077317,0.00067615,-0.00061565,0.00102245,-0.00017294,-0.00041611,0.00092739,-0.00051957,-0.01320706,0.00012262,-0.00011865,-0.00058542,-0.00034048,-0.00035574,0.00044365,0.00047243,0.00055887,-0.00027964,-0.00047599,0.00072403,0.00028201,0.00033746,0.00052269,-0.00022133,0.00012355,0.00029517,-0.00044910,-0.00088107,0.00110670,0.00085466,0.00020501,-0.00025303,0.00009567,-0.00075062,-0.00002898,-0.00118222,-0.00007918,0.00000000,0.00000000,0.00000000,0.00000000,0.00000000,0.00000000,0.00000000,0.00000000,0.00000000,0.00000000,0.00000000,0.00000000,0.00000000,0.00000000,0.00000000,0.00000000,0.00000000,0.00000000,0.00000000,0.00000000,0.00000000,0.00000000,0.00000000,0.00000000,0.00000000,0.00000000,0.00000000,0.00000000,0.00000000,0.00000000,0.00000000,0.00000000,0.00000000,0.00000000,0.00000000,0.00000000,0.00000000,0.00000000,0.00000000,0.00000000,0.00000000,0.00000000,0.00000000,0.00000000,0.00000000,0.00000000,0.00000000,0.00000000,0.00056543,0.00097172,-0.00074156,0.00082216,-0.00000002,0.00030361,-0.00006958,0.00052761,-0.00032084,-0.00011396,0.00128135,-0.00051686,-0.00054095,0.00039835,0.00071705,-0.00073846
-0.00037118,0.00013012,-0.00137285,0.00193890,-0.00008548,0.00077510,-0.00090202,0.00011046,-0.00218096,-0.00095554,-0.00184936,-0.00069307,0.00098798,-0.00180960,-0.00158634,0.00192076,-0.00163131,-0.00229848,0.00160123,0.00109605,-0.00141126,-0.00205833,-0.00102725,-0.00218008,0.00162030,-0.00176343,-0.00141148,-0.00120462,0.00148526,-0.00047380,-0.00245145,0.00185667,0.00041044,-0.00205747,-0.00198760,0.00254974,0.00171709,-0.00007490,0.00174460,-0.00183302,-0.00119780,-0.00199767,-0.00167055,0.00129409,0.00039475,-0.00193197,-0.00027488,-0.00154515,0.00191513,0.00233163,0.00156042,-0.00177841,0.00163471,-0.00081873,0.00158137,-0.00058359,0.00035396,-0.00195554,-0.00217699,-0.00209198,-0.00201061,-0.00071075,0.00163905,0.00071091,0.00169802,0.00134633,0.00200985,0.00169288,-0.00090702,0.00075252,-0.00165618,-0.00098553,-0.00036925,0.00001678,0.00199452,-0.00025398,-0.00168685,0.00171374,-0.00110968,0.00052126,0.00203399,-0.00209198,0.00103024,0.00158947,-0.00141878,0.00157367,0.00211463,-0.00106784,-0.00010868,-0.00135874,-0.00254577,-0.00144054,-0.00224926,-0.00136360,-0.00143943,0.00078510,0.00104037,-0.00091839,0.00014741,0.00072055,-0.01218077,0.00029578,0.00188349,0.00138781,-0.00065484,-0.00163632,-0.00095542,-0.00096918,0.00078656,0.00134814,-0.00203664,-0.00119220,-0.00197890,-0.00125486,-0.00081783,-0.00116133,-0.00218071,0.00200443,0.00211689,-0.00146518,-0.00017205,0.00053532,-0.00197920,-0.00094538,0.00096701,-0.00123437,0.00063384,0.00099994,0.00000000,0.00000000,0.00000000,0.00000000,0.00000000,0.00000000,0.00000000,0.00000000,0.00000000,0.00000000,0.00000000,0.00000000,0.00000000,0.00000000,0.00000000,0.00000000,0.00000000,0.00000000,0.00000000,0.00000000,0.00000000,0.00000000,0.00000000,0.00000000,0.00000000,0.00000000,0.00000000,0.00000000,0.00000000,0.00000000,0.00000000,0.00000000,0.00000000,0.00000000,0.00000000,0.00000000,0.00000000,0.00000000,0.00000000,0.00000000,0.00000000,0.00000000,0.00000000,0.00000000,0.00000000,0.00000000,0.00000000,0.00000000,0.00256565,-0.00011158,0.00242932,-0.00154103,0.00115464,-0.00261807,0.00099535,-0.00182768,0.00019667,0.00204991,-0.00031519,0.00143487,0.00234116,-0.00217089,-0.00113200,0.00208541
-0.00038307,0.00007435,-0.00200966,0.00160717,-0.00054426,0.00091050,-0.00048899,0.00012178,-0.00169935,-0.00121658,-0.00237153,-0.00067695,0.00176085,-0.00205214,-0.00076019,0.00192438,-0.00196307,-0.00161289,0.00203787,0.00054560,-0.00155300,-0.00193060,-0.00159235,-0.00125496,0.00182790,-0.00115251,-0.00049020,-0.00103861,0.00117160,-0.00024593,-0.00244791,0.00206717,0.00018347,-0.00179786,-0.00136845,0.00188651,0.00111755,-0.00109368,0.00186561,-0.00181784,-0.00139417,-0.00139995,-0.00182328,0.00099386,0.00066567,-0.00180664,0.00018184,-0.00187986,0.00188465,0.00196828,0.00126471,-0.00213193,0.00204297,-0.00046883,0.00092846,-0.00013980,-0.00112795,-0.00134252,-0.00233209,-0.00193816,-0.00105936,-0.00099950,0.00143201,0.00165988,0.00079209,0.00102711,0.00176337,0.00159364,-0.00029196,0.00056356,-0.00106362,-0.00024063,-0.00114742,-0.00040548,0.00108833,0.00010881,-0.00066165,0.00097462,-0.00088436,0.00107142,0.00174140,-0.00190346,0.00149084,0.00117786,-0.00082001,0.00079010,0.00201082,-0.00130212,-0.00083718,-0.00098378,-0.00173150,-0.00062507,-0.00169907,-0.00019840,-0.00130398,0.00054594,0.00073365,-0.00071264,-0.00082932,0.00051879,0.00092438,-0.01305953,0.00161552,0.00066240,-0.00073538,-0.00124368,-0.00049134,-0.00041422,0.00036106,0.00169505,-0.00218739,-0.00139662,-0.00120791,-0.00107136,-0.00027346,-0.00122977,-0.00043054,0.00166570,0.00186521,-0.00149157,-0.00082126,-0.00043064,-0.00211626,-0.00120125,0.00088343,-0.00000170,0.00104709,0.00078963,0.00000000,0.00000000,0.00000000,0.00000000,0.00000000,0.00000000,0.00000000,0.00000000,0.00000000,0.00000000,0.00000000,0.00000000,0.00000000,0.00000000,0.00000000,0.00000000,0.00000000,0.00000000,0.00000000,0.00000000,0.00000000,0.00000000,0.00000000,0.00000000,0.00000000,0.00000000,0.00000000,0.00000000,0.00000000,0.00000000,0.00000000,0.00000000,0.00000000,0.00000000,0.00000000,0.00000000,0.00000000,0.00000000,0.00000000,0.00000000,0.00000000,0.00000000,0.00000000,0.00000000,0.00000000,0.00000000,0.00000000,0.00000000,0.00188934,-0.00055010,0.00132287,-0.00093845,0.00123150,-0.00237462,0.00165035,-0.00185942,0.00041968,0.00149313,0.00038262,0.00092896,0.00182783,-0.00141631,-0.00235008,0.00247883
-0.00021254,-0.00032715,0.00018080,-0.00093815,-0.00046889,-0.00066563,-0.00108307,0.00015703,0.00051275,-0.00000986,0.00068001,0.00034744,0.00031115,0.00052337,0.00083861,0.00017956,0.00064112,0.00013404,-0.00016488,-0.00011773,0.00078419,0.00070275,0.00057823,0.00071073,-0.00032693,0.00048642,0.00054836,0.00158540,0.00082917,0.00020864,0.00134670,-0.00066901,-0.00034956,0.00039361,0.00012721,0.00032521,-0.00058772,0.00032402,-0.00015951,0.00066266,0.00105997,0.00090486,0.00043977,-0.00002995,-0.00077236,0.00003192,0.00031235,-0.00035273,-0.00045412,0.00030926,-0.00064523,0.00024348,-0.00061016,0.00042539,-0.00079661,0.00008604,-0.00154918,0.00055302,0.00008346,0.00033872,0.00103662,0.00099999,-0.00124618,-0.00106067,-0.00106403,-0.00059579,-0.00028328,-0.00069048,0.00048173,0.00011009,0.00030089,-0.00021451,0.00061047,-0.00118661,-0.00002459,-0.00079819,0.00092599,-0.00044844,-0.00022164,0.00051027,-0.00069655,0.00051693,-0.00065046,-0.00040942,0.00113281,0.00012060,-0.00040117,0.00060114,-0.00067537,-0.00076123,-0.00050529,0.00000471,-0.00011279,0.00038434,0.00097316,0.00074615,0.00005507,0.00032339,0.00073266,-0.00015586,-0.00061012,-0.00032604,-0.01354611,-0.00047827,0.00019577,0.00145780,0.00074911,0.00039992,-0.00087754,0.00031313,-0.00003777,-0.00142312,-0.00020468,0.00018196,-0.00078924,0.00063273,-0.00085679,-0.00028072,-0.00047010,0.00109624,0.00024504,0.00063918,0.00087500,0.00006706,0.00002936,0.00087822,-0.00163827,0.00049955,0.00000000,0.00000000,0.00000000,0.00000000,0.00000000,0.00000000,0.00000000,0.00000000,0.00000000,0.00000000,0.00000000,0.00000000,0.00000000,0.00000000,0.00000000,0.00000000,0.00000000,0.00000000,0.00000000,0.00000000,0.00000000,0.00000000,0.00000000,0.00000000,0.00000000,0.00000000,0.00000000,0.00000000,0.00000000,0.00000000,0.00000000,0.00000000,0.00000000,0.00000000,0.00000000,0.00000000,0.00000000,0.00000000,0.00000000,0.00000000,0.00000000,0.00000000,0.00000000,0.00000000,0.00000000,0.00000000,0.00000000,0.00000000,-0.00011208,-0.00009287,0.00024105,0.00031926,0.00039654,-0.00008260,-0.00027418,0.00039845,0.00028435,-0.00031041,0.00044732,-0.00038900,-0.00060366,-0.00029092,-0.00017599,-0.00058929
-0.00106415,0.00047177,-0.00041581,0.00077103,-0.00113789,0.00036225,-0.00031065,0.00009865,-0.00150083,-0.00060131,-0.00076476,-0.00074731,0.00116784,-0.00136143,-0.00079899,0.00122461,-0.00069838,-0.00131635,0.00112239,0.00101028,-0.00102899,-0.00063966,-0.00148828,-0.00052510,0.00144663,-0.00213989,0.00008955,-0.00117258,0.00127971,-0.00037346,-0.00101237,0.00141715,-0.00016592,-0.00132843,-0.00126883,0.00093252,0.00056361,-0.00015597,0.00091835,-0.00069586,-0.00119546,-0.00140213,-0.00105908,0.00031745,0.00009790,-0.00112616,0.00097827,-0.00132497,0.00129865,0.00191776,0.00049104,-0.00134963,0.00102003,-0.00032508,0.00132370,0.00028817,-0.00048439,0.00011569,-0.00060149,-0.00027358,-0.00081298,-0.00116252,0.00044961,0.00091549,0.00063625,0.00036773,0.00078976,0.00101025,-0.00052589,0.00002638,-0.00056261,-0.00085290,-0.00008565,-0.00020165,0.00187731,-0.00120030,0.00003105,0.00131576,-0.00142391,0.00118785,0.00036009,-0.00127309,0.00146794,0.00024654,-0.00076131,0.00124593,0.00113435,-0.00047415,-0.00125769,-0.00180774,-0.00159136,-0.00080395,-0.00142396,-0.00092021,-0.00042039,0.00030679,0.00062914,-0.00025771,-0.00086527,0.00043513,0.00001909,-0.00043430,0.00106911,-0.01265361,-0.00035053,-0.00054175,-0.00082017,-0.00042432,0.00100495,0.00054798,-0.00095815,-0.00151269,-0.00105600,-0.00076399,-0.00040127,-0.00112508,-0.00051037,0.00121692,0.00107560,-0.00129397,-0.00076301,0.00006737,-0.00086555,-0.00197831,0.00025550,0.00035790,-0.00014385,0.00069713,0.00000000,0.00000000,0.00000000,0.00000000,0.00000000,0.00000000,0.00000000,0.00000000,0.00000000,0.00000000,0.00000000,0.00000000,0.00000000,0.00000000,0.00000000,0.00000000,0.00000000,0.00000000,0.00000000,0.00000000,0.00000000,0.00000000,0.00000000,0.00000000,0.00000000,0.00000000,0.00000000,0.00000000,0.00000000,0.00000000,0.00000000,0.00000000,0.00000000,0.00000000,0.00000000,0.00000000,0.00000000,0.00000000,0.00000000,0.00000000,0.00000000,0.00000000,0.00000000,0.00000000,0.00000000,0.00000000,0.00000000,0.00000000,0.00100629,-0.00047564,0.00124474,-0.00088560,0.00134202,-0.00084060,0.00053908,-0.00138849,0.00033549,0.00071761,0.00031490,0.00005161,0.00106355,-0.00163975,-0.00040409,0.00117494
0.00002416,-0.00070814,-0.00002640,-0.00052916,0.00005961,-0.00028581,0.00013261,0.00009304,0.00028438,0.00010609,0.00094083,-0.00031103,-0.00034986,0.00059215,0.00056835,-0.00017664,0.00074967,0.00013507,-0.00026846,-0.00045142,0.00007150,0.00042312,0.00003890,-0.00071596,-0.00102686,0.00113776,0.00065189,-0.00052933,-0.00032390,0.00035282,0.00028448,-0.00045553,-0.00028138,0.00084796,0.00115185,0.00008922,-0.00065170,0.00027654,-0.00020327,-0.00007315,0.00003940,0.00071050,0.00100478,0.00004074,-0.00011825,0.00081204,0.00003146,0.00049921,-0.00111476,-0.00102470,-0.00065984,0.00034786,-0.00095127,-0.00057663,-0.00055908,0.00026515,0.00118902,-0.00004979,0.00103378,0.00015201,0.00034752,-0.00024696,-0.00087457,-0.00036716,-0.00008010,0.00051871,-0.00038744,-0.00097989,0.00019012,-0.00090218,0.00055375,0.00111067,-0.00015535,0.00018917,-0.00082331,0.00022759,0.00057573,0.00016099,0.00131612,-0.00018136,-0.00037551,0.00067138,-0.00030294,-0.00067978,-0.00030664,-0.00046054,-0.00120297,-0.00001375,0.00001363,0.00057016,0.00040002,-0.00045518,0.00072352,0.00060858,-0.00040683,0.00004165,-0.00036898,0.00006652,-0.00035163,-0.00088068,0.00009930,0.00030287,-0.00060009,-0.00050650,-0.01337588,-0.00012166,-0.00111485,0.00063709,-0.00024620,-0.00042386,0.00070629,0.00020924,0.00016635,0.00068258,0.00061070,0.00059737,0.00000170,-0.00018208,-0.00036533,0.00038276,-0.00028924,-0.00094645,0.00144162,-0.00020576,-0.00075578,-0.00024631,-0.00032628,-0.00060936,0.00000000,0.00000000,0.00000000,0.00000000,0.00000000,0.00000000,0.00000000,0.00000000,0.00000000,0.00000000,0.00000000,0.00000000,0.00000000,0.00000000,0.00000000,0.00000000,0.00000000,0.00000000,0.00000000,0.00000000,0.00000000,0.00000000,0.00000000,0.00000000,0.00000000,0.00000000,0.00000000,0.00000000,0.00000000,0.00000000,0.00000000,0.00000000,0.00000000,0.00000000,0.00000000,0.00000000,0.00000000,0.00000000,0.00000000,0.00000000,0.00000000,0.00000000,0.00000000,0.00000000,0.00000000,0.00000000,0.00000000,0.00000000,0.00014183,0.00026941,-0.00028488,0.00007152,0.00012646,0.00132724,0.00016055,0.00055087,-0.00027716,0.00004156,0.00075710,-0.00063797,-0.00057344,0.00058942,0.00056782,-0.00107989
-0.00063917,-0.00051307,0.00029421,-0.00061350,0.00080750,0.00018611,0.00073593,-0.00084847,0.00126605,-0.00076344,0.00047730,0.00023343,-0.00059210,0.00051402,0.00069234,0.00058591,0.00049524,0.00091136,-0.00113767,-0.00054674,0.00063977,0.00021900,0.00008038,-0.00018933,-0.00131095,0.00074791,-0.00074929,-0.00104544,-0.00113649,-0.00012086,0.00109812,-0.00110511,0.00016980,0.00092609,0.00082286,-0.00036526,-0.00019397,0.00094287,-0.00019487,-0.00009108,0.00055187,0.00055776,0.00042349,-0.00065038,0.00071853,0.00015985,-0.00027372,0.00005200,-0.00013796,-0.00033121,0.00061835,0.00076558,-0.00035502,-0.00042550,-0.00006433,-0.00030665,0.00041097,-0.00042126,-0.00056059,-0.00058362,-0.00024005,0.00151105,-0.00016083,-0.00006858,0.00002135,0.00007448,-0.00034933,-0.00013486,0.00008394,-0.00088558,-0.00036379,-0.00013286,-0.00055152,0.00054379,-0.00102963,0.00224047,-0.00101333,-0.00006855,0.00106295,-0.00069454,0.00023108,0.00071174,-0.00008568,0.00018189,-0.00030802,-0.00088520,-0.00124492,0.00044575,0.00031478,0.00059083,0.00122343,-0.00107002,0.00142679,0.00034969,0.00012908,-0.00045353,-0.00135979,-0.00010339,-0.00065084,-0.00019938,0.00026432,0.00057109,0.00004868,0.00066176,-0.00040857,-0.01462468,0.00016903,0.00040530,-0.00073346,-0.00079376,0.00020564,0.00009346,0.00125579,0.00006758,0.00003928,-0.00005052,0.00107287,0.00012332,-0.00092681,-0.00036519,0.00050676,-0.00021311,-0.00008834,0.00088065,0.00002453,-0.00090035,0.00079341,-0.00125961,0.00000000,0.00000000,0.00000000,0.00000000,0.00000000,0.00000000,0.00000000,0.00000000,0.00000000,0.00000000,0.00000000,0.00000000,0.00000000,0.00000000,0.00000000,0.00000000,0.00000000,0.00000000,0.00000000,0.00000000,0.00000000,0.00000000,0.00000000,0.00000000,0.00000000,0.00000000,0.00000000,0.00000000,0.00000000,0.00000000,0.00000000,0.00000000,0.00000000,0.00000000,0.00000000,0.00000000,0.00000000,0.00000000,0.00000000,0.00000000,0.00000000,0.00000000,0.00000000,0.00000000,0.00000000,0.00000000,0.00000000,0.00000000,-0.00020184,0.00014031,-0.00079965,0.00121127,-0.00165324,0.00202220,-0.00030476,0.00042584,0.00010922,-0.00078481,-0.00015660,-0.00076656,-0.00085311,0.00106088,0.00100092,-0.00094400
0.00039018,-0.00015601,0.00122931,-0.00136613,0.00142809,-0.00070363,0.00078946,-0.00026468,0.00194577,0.00076297,0.00229740,0.00071353,-0.00255187,0.00220822,0.00164210,-0.00149570,0.00190425,0.00208964,-0.00197516,-0.00032289,0.00135452,0.00118680,0.00124891,0.00151388,-0.00175893,0.00185306,0.00073746,0.00064955,-0.00218802,0.00091617,0.00187946,-0.00222798,-0.00028668,0.00175344,0.00181449,-0.00165664,-0.00068004,-0.00028553,-0.00185946,0.00120792,0.00098938,0.00165231,0.00185759,-0.00074229,-0.00143635,0.00161594,0.00004743,0.00233909,-0.00165082,-0.00238562,-0.00171115,0.00201966,-0.00201708,0.00095449,-0.00132745,-0.00054055,0.00036743,0.00145217,0.00185342,0.00187215,0.00167860,0.00100008,-0.00191860,-0.00113680,-0.00103346,-0.00121297,-0.00152246,-0.00213317,0.00082278,-0.00091162,0.00142412,0.00131186,0.00056472,-0.00007579,-0.00216932,0.00108692,0.00132791,-0.00153523,0.00226170,-0.00118572,-0.00182999,0.00162082,-0.00174374,-0.00140729,0.00100699,-0.00135037,-0.00175393,0.00170114,0.00049617,0.00156883,0.00222371,0.00072288,0.00189427,0.00092726,0.00096265,-0.00064649,-0.00155453,0.00104262,0.00053810,-0.00077423,0.00004021,0.00029669,-0.00194118,-0.00106952,0.00049978,0.00229343,-0.01071249,0.00109814,-0.00077683,-0.00148644,0.00257931,0.00084504,0.00130217,0.00169892,0.00043168,0.00136289,0.00172099,-0.00185262,-0.00165702,0.00216293,0.00013468,-0.00007171,0.00183617,0.00183900,-0.00160686,-0.00011585,-0.00159572,-0.00111759,0.00000000,0.00000000,0.00000000,0.00000000,0.00000000,0.00000000,0.00000000,0.00000000,0.00000000,0.00000000,0.00000000,0.00000000,0.00000000,0.00000000,0.00000000,0.00000000,0.00000000,0.00000000,0.00000000,0.00000000,0.00000000,0.00000000,0.00000000,0.00000000,0.00000000,0.00000000,0.00000000,0.00000000,0.00000000,0.00000000,0.00000000,0.00000000,0.00000000,0.00000000,0.00000000,0.00000000,0.00000000,0.00000000,0.00000000,0.00000000,0.00000000,0.00000000,0.00000000,0.00000000,0.00000000,0.00000000,0.00000000,0.00000000,-0.00209716,0.00056990,-0.00162345,0.00201002,-0.00142346,0.00222330,-0.00171813,0.00142524,-0.00050749,-0.00136121,-0.00007442,-0.00146563,-0.00194337,0.00194866,0.00158150,-0.00243920
0.00041077,-0.00012458,0.00008347,-0.00026230,0.00013811,0.00033704,0.00063007,-0.00032592,0.00141875,-0.00027407,0.00042095,0.00007511,-0.00076222,-0.00046995,-0.00075281,0.00017495,0.00085770,-0.00004096,-0.00043733,-0.00061720,-0.00018525,-0.00046908,0.00011228,-0.00081235,0.00007128,-0.00016268,-0.00039691,-0.00022761,-0.00047714,-0.00021237,0.00019833,-0.00057800,-0.00024123,0.00059648,0.00040330,-0.00039943,0.00008504,-0.00025037,-0.00059346,-0.00037980,-0.00028960,-0.00052745,0.00020180,-0.00001523,0.00030941,-0.00029792,-0.00029709,-0.00005931,0.00039635,0.00016129,0.00044360,0.00123160,-0.00025712,0.00012931,0.00009846,0.00101041,0.00046316,0.00002217,0.00006402,-0.00041455,0.00029075,-0.00004765,0.00022277,-0.00027327,0.00081264,0.00032224,0.00043639,-0.00076699,0.00042028,-0.00011779,-0.00048736,0.00034543,-0.00018857,0.00023868,-0.00056161,0.00064123,-0.00063738,0.00076754,0.00093164,-0.00036655,-0.00002337,0.00072838,0.00014695,-0.00017210,0.00028136,-0.00065189,-0.00054352,0.00046024,0.00093182,0.00017436,0.00108491,0.00079123,-0.00019975,0.00106359,0.00002095,-0.00053898,-0.00067137,-0.00034201,-0.00058763,-0.00016015,0.00023876,0.00112283,-0.00031861,0.00047288,0.00017153,0.00036769,-0.00095225,-0.01345306,-0.00022368,-0.00015410,0.00040974,0.00022313,0.00082641,-0.00049290,0.00010202,-0.00019189,0.00126293,0.00002758,-0.00106248,0.00058185,0.00010141,-0.00048336,0.00032468,0.00066806,-0.00019577,-0.00059088,0.00130947,-0.00109522,0.00000000,0.00000000,0.00000000,0.00000000,0.00000000,0.00000000,0.00000000,0.00000000,0.00000000,0.00000000,0.00000000,0.00000000,0.00000000,0.00000000,0.00000000,0.00000000,0.00000000,0.00000000,0.00000000,0.00000000,0.00000000,0.00000000,0.00000000,0.00000000,0.00000000,0.00000000,0.00000000,0.00000000,0.00000000,0.00000000,0.00000000,0.00000000,0.00000000,0.00000000,0.00000000,0.00000000,0.00000000,0.00000000,0.00000000,0.00000000,0.00000000,0.00000000,0.00000000,0.00000000,0.00000000,0.00000000,0.00000000,0.00000000,-0.00060330,-0.00019094,-0.00052186,0.00014482,-0.00026590,0.00141401,-0.00046844,-0.00009490,-0.00021511,-0.00142811,-0.00045104,-0.00019077,-0.00005110,0.00059356,0.00021196,-0.00048211
0.00011159,0.00042040,0.00098360,0.00019022,-0.00065530,0.00007262,0.00017346,-0.00002226,0.00007692,0.00020790,-0.00022434,-0.00042659,-0.00022652,-0.00033785,0.00002281,-0.00036327,0.00029494,-0.00040356,-0.00033875,0.00089218,0.00068319,-0.00040434,0.00014686,0.00080893,-0.00004355,0.00019642,0.00131016,-0.00031354,0.00057610,0.00056453,-0.00045129,-0.00011741,0.00057517,-0.00028353,0.00065909,0.00000457,-0.00104099,-0.00008304,0.00023893,0.00033925,0.00005006,0.00046934,0.00068592,-0.00007122,-0.00009189,0.00010490,0.00047255,0.00054050,-0.00065870,0.00023103,-0.00006385,0.00006598,-0.00046953,0.00046990,-0.00006540,0.00042194,-0.00086308,0.00116471,0.00034809,-0.00027215,0.00048312,0.00119137,-0.00045255,0.00022248,-0.00126416,-0.00039986,-0.00036970,-0.00054416,-0.00040185,-0.00125733,0.00075916,-0.00047882,0.00054584,0.00004884,0.00052418,-0.00133195,0.00024696,-0.00055674,-0.00084807,0.00160299,-0.00049418,-0.00054403,0.00009068,0.00000535,0.00020549,0.00016393,-0.00029860,0.00049509,-0.00058904,-0.00090987,-0.00107738,0.00027904,0.00104199,-0.00123524,0.00048911,0.00073888,0.00098495,0.00020415,0.00050737,0.00045761,-0.00084412,-0.00123215,-0.00003693,-0.00024126,0.00016405,-0.00020190,0.00125282,-0.00037133,-0.01513055,-0.00046389,0.00024267,-0.00108757,-0.00118985,0.00033213,-0.00092802,0.00082773,-0.00117846,0.00019050,-0.00018602,0.00119742,0.00051214,0.00091155,0.00043968,-0.00041694,-0.00118069,0.00086738,-0.00042945,-0.00002993,0.00000000,0.00000000,0.00000000,0.00000000,0.00000000,0.00000000,0.00000000,0.00000000,0.00000000,0.00000000,0.00000000,0.00000000,0.00000000,0.00000000,0.00000000,0.00000000,0.00000000,0.00000000,0.00000000,0.00000000,0.00000000,0.00000000,0.00000000,0.00000000,0.00000000,0.00000000,0.00000000,0.00000000,0.00000000,0.00000000,0.00000000,0.00000000,0.00000000,0.00000000,0.00000000,0.00000000,0.00000000,0.00000000,0.00000000,0.00000000,0.00000000,0.00000000,0.00000000,0.00000000,0.00000000,0.00000000,0.00000000,0.00000000,0.00004717,-0.00067610,0.00020975,-0.00021915,0.00014316,0.00063658,0.00083553,-0.00046017,-0.00016757,-0.00080468,-0.00001831,-0.00025404,0.00033221,-0.00049612,-0.00018311,-0.00040000
-0.00015681,0.00167959,0.00000019,0.00081170,-0.00087482,-0.00024379,-0.00121305,0.00079200,-0.00099057,0.00019101,-0.00088634,-0.00125934,0.00105706,-0.00093817,-0.00068590,0.00066931,0.00002534,-0.00091452,0.00079967,0.00161451,-0.00079926,-0.00017868,-0.00093409,0.00000674,0.00071336,-0.00072764,-0.00068911,-0.00048791,0.00076597,0.00001375,-0.00093878,0.00087443,0.00056685,-0.00059780,-0.00050019,0.00041238,0.00029308,0.00033051,0.00059947,-0.00082790,-0.00082796,-0.00064762,-0.00043465,-0.00049819,-0.00052909,-0.00152433,0.00042790,-0.00051733,0.00089603,0.00151011,0.00020363,-0.00125071,0.00079489,0.00055586,0.00058410,0.00159230,-0.00081131,-0.00038796,-0.00121044,-0.00050766,-0.00046917,-0.00017128,-0.00013170,-0.00005223,-0.00035110,0.00052075,0.00058830,0.00091472,-0.00100762,-0.00081405,-0.00062455,-0.00096642,0.00042596,-0.00001614,0.00107508,-0.00117721,-0.00002020,0.00023690,-0.00139547,0.00172495,0.00023882,-0.00134399,0.00097493,0.00034685,0.00005982,0.00184025,0.00126362,-0.00065448,-0.00101069,-0.00211515,-0.00131533,-0.00000247,-0.00067980,-0.00103627,-0.00031182,0.00060509,0.00125072,0.00007036,0.00055912,0.00063955,-0.00158541,-0.00060905,0.00189232,-0.00103948,-0.00037720,-0.00069823,0.00115155,-0.00078320,0.00035867,-0.00852274,-0.00059631,-0.00133513,-0.00122306,-0.00026776,-0.00109812,-0.00054285,-0.00219281,0.00118154,0.00065151,-0.00044554,0.00004318,0.00037745,-0.00046487,-0.00137849,0.00069356,0.00136601,-0.00065863,0.00144114,0.00000000,0.00000000,0.00000000,0.00000000,0.00000000,0.00000000,0.00000000,0.00000000,0.00000000,0.00000000,0.00000000,0.00000000,0.00000000,0.00000000,0.00000000,0.00000000,0.00000000,0.00000000,0.00000000,0.00000000,0.00000000,0.00000000,0.00000000,0.00000000,0.00000000,0.00000000,0.00000000,0.00000000,0.00000000,0.00000000,0.00000000,0.00000000,0.00000000,0.00000000,0.00000000,0.00000000,0.00000000,0.00000000,0.00000000,0.00000000,0.00000000,0.00000000,0.00000000,0.00000000,0.00000000,0.00000000,0.00000000,0.00000000,0.00120429,-0.00090838,0.00100301,-0.00139104,0.00134743,-0.00107092,0.00082572,-0.00071090,0.00040069,0.00145435,0.00002141,0.00030466,0.00096528,-0.00140054,-0.00144425,0.00112107
0.00028001,-0.00039467,-0.00014997,-0.00071192,0.00047653,-0.00059471,0.00079786,0.00017634,0.00013535,-0.00080366,0.00147309,-0.00018962,-0.00006770,0.00026204,-0.00005075,-0.00029834,-0.00018210,0.00103254,-0.00100878,-0.00100450,-0.00022269,0.00014144,-0.00002252,-0.00045767,-0.00050051,0.00020040,0.00005780,-0.00073636,-0.00121943,-0.00021742,0.00084704,-0.00077854,-0.00056978,0.00113918,0.00039785,-0.00010278,0.00125389,-0.00024379,-0.00025950,-0.00025539,0.00084253,0.00028917,0.00066942,0.00000029,0.00060131,0.00098465,-0.00074414,0.00048076,-0.00059951,-0.00019812,-0.00008570,0.00030455,0.00055420,0.00003030,-0.00006767,0.00034795,0.00120847,-0.00041683,0.00008790,-0.00069106,0.00002836,0.00018700,-0.00036409,0.00037578,0.00066241,0.00116058,-0.00079145,0.00030808,0.00007443,0.00012377,0.00104430,0.00014821,0.00040137,0.00054075,-0.00158396,0.00078292,-0.00044938,0.00022142,0.00014055,-0.00083680,-0.00045095,0.00028741,-0.00052160,0.00003285,-0.00110443,-0.00136524,-0.00058188,0.00052084,0.00055247,0.00113366,0.00082436,-0.00019448,-0.00039396,0.00075444,0.00076853,-0.00042628,-0.00165342,-0.00081857,0.00035814,-0.00013809,0.00037107,-0.00026449,-0.00098288,0.00052230,0.00028196,-0.00033906,0.00013813,0.00021900,-0.00012567,-0.00034204,-0.01223138,0.00045842,0.00097137,0.00044258,0.00085957,0.00004629,0.00081521,-0.00057505,-0.00022019,0.00051024,-0.00057364,-0.00089929,0.00047569,0.00097019,-0.00009110,-0.00136319,0.00009797,-0.00081051,0.00000000,0.00000000,0.00000000,0.00000000,0.00000000,0.00000000,0.00000000,0.00000000,0.00000000,0.00000000,0.00000000,0.00000000,0.00000000,0.00000000,0.00000000,0.00000000,0.00000000,0.00000000,0.00000000,0.00000000,0.00000000,0.00000000,0.00000000,0.00000000,0.00000000,0.00000000,0.00000000,0.00000000,0.00000000,0.00000000,0.00000000,0.00000000,0.00000000,0.00000000,0.00000000,0.00000000,0.00000000,0.00000000,0.00000000,0.00000000,0.00000000,0.00000000,0.00000000,0.00000000,0.00000000,0.00000000,0.00000000,0.00000000,0.00017671,-0.00045865,-0.00053268,0.00041673,-0.00058081,0.00157051,-0.00077797,-0.00023001,-0.00025456,-0.00057254,-0.00012537,-0.00111095,-0.00054109,0.00079165,0.00093434,-0.00033845
0.00011263,0.00036547,-0.00140978,0.00144177,-0.00016201,0.00158240,-0.00020167,0.00040890,-0.00214220,-0.00068933,-0.00066250,-0.00192185,0.00101917,-0.00116770,-0.00134435,0.00101260,-0.00170243,-0.00119585,0.00092316,0.00061202,-0.00100130,-0.00158531,-0.00129304,-0.00110337,0.00150619,-0.00232511,-0.00057198,-0.00143130,0.00068191,-0.00144000,-0.00217880,0.00102096,0.00028151,-0.00119380,-0.00142142,0.00192917,0.00013168,-0.00068122,0.00137540,-0.00145717,-0.00078652,-0.00222442,-0.00101752,0.00103727,0.00023408,-0.00091692,0.00001764,-0.00063877,0.00097275,0.00139554,0.00145576,-0.00137399,0.00180082,-0.00095683,0.00083205,-0.00050564,-0.00010113,-0.00111576,-0.00135313,-0.00135387,-0.00167405,-0.00147929,0.00069221,0.00100536,0.00060208,0.00111592,0.00160994,0.00164515,-0.00081954,0.00058343,-0.00156634,-0.00069947,-0.00057958,0.00030512,0.00157709,-0.00052677,-0.00165518,0.00110326,-0.00067482,0.00076411,0.00122477,-0.00141325,0.00176212,0.00140073,-0.00172876,0.00114740,0.00139283,-0.00177649,0.00007740,-0.00132766,-0.00101312,-0.00069504,-0.00148967,-0.00016145,-0.00092706,-0.00008069,0.00014569,-0.00125192,-0.00117438,0.00004985,0.00072197,-0.00037650,0.00017019,0.00042981,-0.00061952,-0.00174341,-0.00107069,-0.00063497,0.00094591,0.00152304,-0.00125410,-0.01260148,-0.00121258,-0.00104121,-0.00124015,-0.00116785,-0.00022032,0.00108600,0.00168485,-0.00103587,-0.00030243,-0.00118732,-0.00168310,-0.00050343,0.00051385,-0.00054988,0.00072100,0.00034945,0.00000000,0.00000000,0.00000000,0.00000000,0.00000000,0.00000000,0.00000000,0.00000000,0.00000000,0.00000000,0.00000000,0.00000000,0.00000000,0.00000000,0.00000000,0.00000000,0.00000000,0.00000000,0.00000000,0.00000000,0.00000000,0.00000000,0.00000000,0.00000000,0.00000000,0.00000000,0.00000000,0.00000000,0.00000000,0.00000000,0.00000000,0.00000000,0.00000000,0.00000000,0.00000000,0.00000000,0.00000000,0.00000000,0.00000000,0.00000000,0.00000000,0.00000000,0.00000000,0.00000000,0.00000000,0.00000000,0.00000000,0.00000000,0.00160922,-0.00042873,0.00112156,-0.00089840,0.00110802,-0.00209453,0.00041183,-0.00108881,0.00025858,0.00191026,0.00027951,0.00052434,0.00152329,-0.00030142,-0.00175882,0.00171477
-0.00060992,-0.00032401,-0.00062591,0.00110951,-0.00133245,0.00047985,-0.00111126,0.00044399,-0.00162374,-0.00122175,-0.00054254,-0.00032152,-0.00046880,-0.00056833,-0.00052316,0.00050999,-0.00075443,0.00005780,0.00063335,-0.00042241,-0.00186289,-0.00043233,-0.00064217,-0.00115640,0.00070575,-0.00112230,-0.00033956,-0.00006921,-0.00066238,-0.00049690,-0.00059868,0.00103783,-0.00003599,-0.00024153,-0.00035339,0.00053272,-0.00033160,-0.00091344,0.00055064,-0.00148012,-0.00023618,-0.00142047,-0.00074901,0.00039165,0.00059644,-0.00089955,-0.00064357,0.00027326,0.00019468,0.00114262,0.00085160,-0.00025147,0.00070100,-0.00090433,0.00138603,-0.00019145,0.00077336,-0.00041826,-0.00082290,-0.00114236,-0.00085717,-0.00100830,0.00065705,0.00045944,0.00138460,0.00026678,0.00174673,0.00064796,0.00035936,0.00084577,-0.00023624,-0.00027982,-0.00019743,0.00093185,-0.00048874,0.00026406,-0.00036952,-0.00033075,-0.00013948,0.00064754,0.00045718,-0.00050397,0.00097931,0.00029141,-0.00075860,-0.00034263,0.00079951,-0.00075323,-0.00066608,-0.00087902,-0.00073393,-0.00166019,-0.00036732,-0.00026170,-0.00100182,-0.00017322,-0.00070366,-0.00110753,-0.00067312,-0.00065091,0.00072763,0.00065339,0.00056799,0.00053568,-0.00007130,-0.00060175,-0.00171520,0.00044371,-0.00045460,0.00106775,-0.00059051,-0.00020828,-0.01461267,-0.00023906,0.00051792,-0.00134364,0.00068660,0.00012537,0.00066620,-0.00001763,0.00012858,0.00007661,-0.00111755,-0.00008655,0.00035145,-0.00103369,0.00091227,0.00054597,0.00000000,0.00000000,0.00000000,0.00000000,0.00000000,0.00000000,0.00000000,0.00000000,0.00000000,0.00000000,0.00000000,0.00000000,0.00000000,0.00000000,0.00000000,0.00000000,0.00000000,0.00000000,0.00000000,0.00000000,0.00000000,0.00000000,0.00000000,0.00000000,0.00000000,0.00000000,0.00000000,0.00000000,0.00000000,0.00000000,0.00000000,0.00000000,0.00000000,0.00000000,0.00000000,0.00000000,0.00000000,0.00000000,0.00000000,0.00000000,0.00000000,0.00000000,0.00000000,0.00000000,0.00000000,0.00000000,0.00000000,0.00000000,0.00066214,0.00010881,0.00066309,-0.00076602,-0.00053727,-0.00053033,0.00075006,-0.00018505,0.00049597,0.00053690,-0.00060195,0.00049603,-0.00009043,-0.00086240,-0.00013484,0.00074627
-0.00055517,-0.00037615,0.00017906,-0.00042090,0.00053339,0.00051262,0.00040382,-0.00081837,0.00096305,-0.00022385,0.00103093,0.00060248,-0.00075369,-0.00032963,-0.00013136,-0.00106138,0.00074141,0.00046954,-0.00042226,-0.00101167,0.00049498,0.00019741,0.00076543,-0.00041623,-0.00087263,0.00023584,0.00007742,-0.00014285,-0.00109674,-0.00107270,0.00029731,-0.00096775,-0.00020614,0.00059515,-0.00022325,-0.00062778,0.00000376,-0.00040654,-0.00008085,0.00001593,0.00048025,-0.00017213,0.00074522,0.00082591,0.00001468,0.00066826,-0.00001004,0.00051348,-0.00128091,-0.00090590,0.00021884,0.00042789,-0.00010220,0.00005391,-0.00055359,-0.00086935,0.00096537,-0.00025115,0.00040952,-0.00058715,0.00045867,0.00007615,0.00016634,-0.00028144,-0.00009647,0.00081117,-0.00066205,-0.00086808,0.00039645,0.00102184,-0.00001504,0.00050305,-0.00083825,0.00073161,-0.00111680,0.00037247,-0.00051016,-0.00049538,0.00095991,-0.00065227,-0.00022405,0.00038274,0.00017605,0.00107333,-0.00044432,-0.00180873,-0.00078847,0.00084462,-0.00032404,0.00087644,0.00065897,-0.00098133,0.00106679,0.00077632,0.00039746,-0.00148273,-0.00180715,-0.00118314,0.00086831,-0.00075935,0.00106673,0.00081226,-0.00054325,0.00036428,0.00039044,-0.00005053,-0.00016268,-0.00023778,0.00077072,-0.00013859,0.00034273,0.00074526,0.00093327,-0.01382983,0.00043944,-0.00024858,0.00065568,-0.00053224,-0.00010303,-0.00055000,-0.00000477,-0.00021208,0.00082496,0.00029014,-0.00074073,-0.00065563,0.00087003,-0.00092393,0.00000000,0.00000000,0.00000000,0.00000000,0.00000000,0.00000000,0.00000000,0.00000000,0.00000000,0.00000000,0.00000000,0.00000000,0.00000000,0.00000000,0.00000000,0.00000000,0.00000000,0.00000000,0.00000000,0.00000000,0.00000000,0.00000000,0.00000000,0.00000000,0.00000000,0.00000000,0.00000000,0.00000000,0.00000000,0.00000000,0.00000000,0.00000000,0.00000000,0.00000000,0.00000000,0.00000000,0.00000000,0.00000000,0.00000000,0.00000000,0.00000000,0.00000000,0.00000000,0.00000000,0.00000000,0.00000000,0.00000000,0.00000000,-0.00037815,0.00048049,-0.00049706,0.00029892,-0.00083685,0.00041676,-0.00076329,0.00056009,0.00023802,-0.00072631,0.00038573,-0.00038011,-0.00013247,0.00096576,0.00059368,-0.00086878
-0.00084350,-0.00086563,-0.00195047,0.00241532,-0.00040016,0.00147733,-0.00114179,-0.00009461,-0.00210563,-0.00255186,-0.00214641,-0.00095963,0.00195748,-0.00210992,-0.00229109,0.00186612,-0.00198281,-0.00225860,0.00208514,0.00064442,-0.00169267,-0.00219842,-0.00146630,-0.00229246,0.00288352,-0.00188025,-0.00165694,-0.00192346,0.00097322,-0.00088464,-0.00280645,0.00210852,-0.00038504,-0.00209075,-0.00182695,0.00158383,0.00187923,-0.00034731,0.00211775,-0.00185349,-0.00235981,-0.00261948,-0.00223422,0.00089277,0.00157624,-0.00201298,-0.00074950,-0.00178738,0.00200195,0.00201249,0.00213075,-0.00252582,0.00225557,-0.00045784,0.00146972,-0.00070709,-0.00046349,-0.00172591,-0.00177571,-0.00144640,-0.00194061,-0.00157948,0.00181384,0.00125209,0.00196167,0.00141331,0.00231405,0.00236638,-0.00018420,0.00134599,-0.00187259,-0.00177896,-0.00175528,0.00068841,0.00255168,-0.00008067,-0.00133724,0.00219179,-0.00071726,-0.00052128,0.00160727,-0.00189308,0.00162751,0.00132889,-0.00242149,0.00068641,0.00272371,-0.00259500,0.00041905,-0.00180995,-0.00175902,-0.00088042,-0.00255963,-0.00106981,-0.00216651,-0.00079519,0.00094715,-0.00182332,-0.00071523,0.00024630,0.00063346,0.00013276,0.00177165,0.00159808,-0.00065633,-0.00238956,-0.00093369,-0.00174297,0.00136234,0.00242351,-0.00176266,-0.00135600,-0.00101219,-0.00213502,-0.01302027,-0.00208001,-0.00026470,0.00176677,0.00183524,-0.00133524,-0.00053406,-0.00091771,-0.00230048,-0.00015229,0.00145859,-0.00083053,0.00114321,0.00105082,0.00000000,0.00000000,0.00000000,0.00000000,0.00000000,0.00000000,0.00000000,0.00000000,0.00000000,0.00000000,0.00000000,0.00000000,0.00000000,0.00000000,0.00000000,0.00000000,0.00000000,0.00000000,0.00000000,0.00000000,0.00000000,0.00000000,0.00000000,0.00000000,0.00000000,0.00000000,0.00000000,0.00000000,0.00000000,0.00000000,0.00000000,0.00000000,0.00000000,0.00000000,0.00000000,0.00000000,0.00000000,0.00000000,0.00000000,0.00000000,0.00000000,0.00000000,0.00000000,0.00000000,0.00000000,0.00000000,0.00000000,0.00000000,0.00188283,-0.00102831,0.00191763,-0.00103867,0.00199987,-0.00230289,0.00128479,-0.00110574,0.00044285,0.00175908,0.00040527,0.00186088,0.00192581,-0.00219802,-0.00195622,0.00277773
0.00071735,-0.00015488,-0.00001317,-0.00078739,0.00138846,-0.00000024,0.00093770,-0.00049062,0.00130029,-0.00025544,0.00118460,0.00028023,-0.00078328,0.00051455,-0.00022284,-0.00069264,0.00076572,0.00083817,-0.00129124,-0.00018576,0.00049023,0.00036772,0.00061983,0.00059865,-0.00108766,0.00099063,-0.00006694,-0.00001077,-0.00083958,0.00039358,0.00104930,-0.00090066,-0.00100553,0.00099209,0.00073856,-0.00104496,-0.00082387,-0.00070313,-0.00069113,0.00035111,-0.00011122,0.00108671,0.00095483,0.00008272,-0.00017767,0.00077353,-0.00030782,0.00090822,-0.00113789,-0.00077643,-0.00074405,0.00105136,-0.00024631,0.00038760,-0.00022026,-0.00060682,0.00149550,0.00113874,0.00102827,0.00042885,0.00087131,0.00046191,-0.00064334,0.00041761,-0.00049941,-0.00024529,-0.00103907,-0.00109773,0.00026862,0.00007335,0.00079268,0.00130736,-0.00050918,-0.00012626,-0.00184160,0.00137881,-0.00005306,-0.00006683,0.00104444,-0.00146168,-0.00054866,0.00143732,-0.00087552,0.00000299,0.00008790,-0.00154817,-0.00106189,0.00046161,0.00099181,0.00131897,0.00116327,0.00016881,0.00077440,0.00082880,0.00054894,-0.00032726,-0.00224756,-0.00022970,-0.00002209,-0.00059733,0.00063663,0.00077373,-0.00135676,0.00016050,0.00059579,0.00062579,-0.00025759,0.00011642,-0.00025180,-0.00115138,0.00086136,0.00102254,0.00097243,0.00042210,0.00122986,-0.01056732,0.00189715,-0.00117649,-0.00083695,0.00061226,-0.00031838,-0.00071591,0.00122101,0.00156107,-0.00033397,-0.00089335,0.00020374,-0.00170678,0.00000000,0.00000000,0.00000000,0.00000000,0.00000000,0.00000000,0.00000000,0.00000000,0.00000000,0.00000000,0.00000000,0.00000000,0.00000000,0.00000000,0.00000000,0.00000000,0.00000000,0.00000000,0.00000000,0.00000000,0.00000000,0.00000000,0.00000000,0.00000000,0.00000000,0.00000000,0.00000000,0.00000000,0.00000000,0.00000000,0.00000000,0.00000000,0.00000000,0.00000000,0.00000000,0.00000000,0.00000000,0.00000000,0.00000000,0.00000000,0.00000000,0.00000000,0.00000000,0.00000000,0.00000000,0.00000000,0.00000000,0.00000000,-0.00139515,0.00053067,-0.00119648,0.00104834,-0.00089670,0.00115374,-0.00068615,0.00060872,0.00020186,-0.00140432,-0.00033594,-0.00118656,-0.00066179,0.00093168,0.00116286,-0.00166837
-0.00007219,0.00005170,-0.00207394,0.00252439,-0.00109463,0.00086824,-0.00067603,0.00006323,-0.00255941,-0.00188587,-0.00261295,-0.00226886,0.00183143,-0.00222360,-0.00191684,0.00245151,-0.00259828,-0.00210815,0.00285335,0.00099729,-0.00196479,-0.00183715,-0.00252310,-0.00254908,0.00280220,-0.00273735,-0.00243165,-0.00232685,0.00088137,-0.00172145,-0.00277561,0.00272445,0.00035017,-0.00246250,-0.00264637,0.00199187,0.00116787,-0.00041832,0.00191365,-0.00258730,-0.00188110,-0.00249984,-0.00273617,0.00132552,0.00243075,-0.00233599,-0.00083692,-0.00206292,0.00210164,0.00294761,0.00218099,-0.00306133,0.00276136,-0.00148292,0.00208563,-0.00108354,0.00031580,-0.00270674,-0.00306253,-0.00237656,-0.00225561,-0.00188035,0.00251764,0.00196737,0.00231478,0.00229377,0.00267818,0.00266170,-0.00079865,0.00047945,-0.00275943,-0.00142927,-0.00072018,0.00112941,0.00227591,-0.00091844,-0.00203381,0.00311961,-0.00170142,0.00055513,0.00228069,-0.00252407,0.00241445,0.00182690,-0.00193739,0.00048802,0.00278937,-0.00307031,0.00008011,-0.00275721,-0.00202671,-0.00195116,-0.00265220,-0.00019989,-0.00242228,0.00027678,0.00082658,-0.00170895,-0.00096051,0.00035511,0.00037316,0.00156523,0.00180641,0.00233111,-0.00191668,-0.00271170,-0.00164891,-0.00162432,0.00230009,0.00279315,-0.00282643,-0.00090951,-0.00155214,-0.00253413,0.00060568,-0.00158296,-0.01213742,0.00278125,0.00333876,-0.00300604,0.00009612,-0.00197829,-0.00302329,-0.00110913,0.00175784,-0.00079515,0.00179559,0.00110307,0.00000000,0.00000000,0.00000000,0.00000000,0.00000000,0.00000000,0.00000000,0.00000000,0.00000000,0.00000000,0.00000000,0.00000000,0.00000000,0.00000000,0.00000000,0.00000000,0.00000000,0.00000000,0.00000000,0.00000000,0.00000000,0.00000000,0.00000000,0.00000000,0.00000000,0.00000000,0.00000000,0.00000000,0.00000000,0.00000000,0.00000000,0.00000000,0.00000000,0.00000000,0.00000000,0.00000000,0.00000000,0.00000000,0.00000000,0.00000000,0.00000000,0.00000000,0.00000000,0.00000000,0.00000000,0.00000000,0.00000000,0.00000000,0.00189966,-0.00083241,0.00209309,-0.00265214,0.00099785,-0.00270444,0.00234225,-0.00178535,-0.00007994,0.00205277,-0.00085150,0.00166249,0.00224403,-0.00287751,-0.00232712,0.00291268
-0.00005312,0.00102619,-0.00027199,-0.00070792,-0.00123881,0.00008547,-0.00031813,-0.00018147,-0.00041785,0.00092208,0.00007213,-0.00021633,0.00049436,-0.00075006,0.00009528,-0.00131840,0.00066633,-0.00055384,0.00022686,0.00133611,-0.00009127,-0.00031951,0.00041001,-0.00020296,0.00066924,0.00051215,-0.00067898,0.00050743,0.00131265,0.00031074,-0.00049308,0.00067019,0.00035829,0.00015573,-0.00088085,0.00047917,-0.00020853,-0.00001420,-0.00070894,0.00008596,0.00049570,0.00039619,-0.00026136,-0.00066177,-0.00006596,-0.00033713,0.00020770,0.00006676,0.00038198,0.00021567,-0.00055094,-0.00054834,-0.00055826,0.00021084,-0.00036206,0.00089885,-0.00137706,0.00039151,-0.00005527,0.00028426,0.00003550,0.00030725,-0.00024861,-0.00076762,-0.00013876,-0.00008268,0.00037535,0.00039029,-0.00011100,-0.00080785,-0.00041794,-0.00067042,-0.00007706,-0.00060271,0.00054377,-0.00058219,0.00082169,-0.00063245,-0.00055258,0.00113654,-0.00004891,-0.00056087,-0.00037874,-0.00025473,0.00005719,0.00084958,0.00073370,0.00009181,-0.00074088,-0.00048594,-0.00090494,0.00071223,0.00005836,-0.00136938,0.00005270,0.00010363,-0.00029450,0.00080186,0.00042119,0.00034922,-0.00063663,-0.00069027,0.00067676,-0.00035608,0.00000172,0.00059123,0.00081427,0.00001283,0.00022920,0.00015271,-0.00022210,-0.00077394,-0.00077484,0.00005371,-0.00159019,-0.00033027,-0.00093678,-0.01080489,0.00021255,-0.00054258,-0.00014521,0.00008354,-0.00011384,-0.00035737,-0.00009646,0.00142540,-0.00049749,0.00093844,0.00000000,0.00000000,0.00000000,0.00000000,0.00000000,0.00000000,0.00000000,0.00000000,0.00000000,0.00000000,0.00000000,0.00000000,0.00000000,0.00000000,0.00000000,0.00000000,0.00000000,0.00000000,0.00000000,0.00000000,0.00000000,0.00000000,0.00000000,0.00000000,0.00000000,0.00000000,0.00000000,0.00000000,0.00000000,0.00000000,0.00000000,0.00000000,0.00000000,0.00000000,0.00000000,0.00000000,0.00000000,0.00000000,0.00000000,0.00000000,0.00000000,0.00000000,0.00000000,0.00000000,0.00000000,0.00000000,0.00000000,0.00000000,0.00036198,0.00064854,-0.00071715,-0.00088180,0.00096842,-0.00137662,0.00070541,-0.00040762,-0.00058799,0.00043675,0.00013662,0.00072716,0.00046540,-0.00075274,-0.00044436,0.00068550
-0.00066052,0.00044166,0.00007457,0.00067323,0.00060690,-0.00022705,-0.00078506,0.00089140,-0.00081274,0.00049175,-0.00063882,-0.00022164,0.00036831,-0.00052950,0.00006034,-0.00041299,-0.00027268,-0.00075276,0.00016839,0.00066380,0.00000847,0.00037706,0.00060538,0.00027188,0.00110381,-0.00060556,-0.00042196,0.00080457,0.00176906,-0.00032287,-0.00052058,0.00018829,0.00043109,-0.00061032,0.00001132,0.00016033,-0.00008080,0.00133196,0.00007833,-0.00009069,-0.00041713,0.00026855,-0.00068239,0.00023161,-0.00138700,-0.00137666,-0.00002960,-0.00037113,0.00007533,0.00044067,-0.00011041,0.00008595,0.00007227,0.00054875,-0.00068674,0.00032691,-0.00120790,0.00012760,-0.00018046,0.00016646,0.00028346,0.00037078,-0.00009733,0.00041180,-0.00006973,0.00029812,-0.00020644,-0.00020436,0.00027366,0.00008708,-0.00089054,-0.00112767,0.00025188,-0.00030451,0.00186951,-0.00117248,0.00017061,0.00026018,-0.00010856,0.00079877,-0.00002302,-0.00026617,0.00018652,0.00064229,0.00042550,0.00089035,0.00023743,0.00024152,-0.00042739,-0.00068572,-0.00139380,-0.00019210,0.00000009,-0.00099702,-0.00003666,0.00089080,0.00144970,0.00024807,0.00125661,0.00021067,-0.00100622,-0.00057050,0.00032381,-0.00026155,-0.00012929,-0.00011260,0.00086170,-0.00076850,-0.00054310,0.00007589,-0.00033832,-0.00088698,-0.00085168,-0.00020280,-0.00126481,0.00020836,-0.00060639,0.00049612,-0.01262057,-0.00038680,-0.00025302,0.00087674,-0.00020824,-0.00139010,0.00064271,0.00086056,-0.00102496,0.00136636,0.00000000,0.00000000,0.00000000,0.00000000,0.00000000,0.00000000,0.00000000,0.00000000,0.00000000,0.00000000,0.00000000,0.00000000,0.00000000,0.00000000,0.00000000,0.00000000,0.00000000,0.00000000,0.00000000,0.00000000,0.00000000,0.00000000,0.00000000,0.00000000,0.00000000,0.00000000,0.00000000,0.00000000,0.00000000,0.00000000,0.00000000,0.00000000,0.00000000,0.00000000,0.00000000,0.00000000,0.00000000,0.00000000,0.00000000,0.00000000,0.00000000,0.00000000,0.00000000,0.00000000,0.00000000,0.00000000,0.00000000,0.00000000,0.00006376,0.00005152,0.00071046,0.00018485,0.00106506,-0.00121437,0.00104125,-0.00079258,0.00025588,0.00067217,0.00026431,0.00041598,0.00081972,-0.00082888,-0.00026585,0.00084700
0.00059244,0.00006461,0.00009410,-0.00039781,0.00066723,0.00037275,0.00133362,-0.00061177,0.00072530,0.00001749,0.00076823,0.00048017,-0.00040694,0.00103712,0.00086010,-0.00001948,0.00040261,0.00081150,-0.00056861,-0.00115230,0.00018373,0.00084171,0.00024694,0.00038699,-0.00141415,0.00144206,0.00025885,-0.00013817,-0.00163669,0.00044111,0.00128232,-0.00087636,-0.00027913,0.00029381,0.00026407,-0.00111061,-0.00020716,-0.00055763,-0.00073509,0.00043654,0.00116098,0.00027683,0.00052802,0.00011606,0.00031383,0.00158402,-0.00070663,0.00093867,-0.00063550,-0.00144806,-0.00015833,0.00042815,-0.00049070,-0.00062495,-0.00037390,-0.00067418,0.00199234,0.00100611,-0.00015977,-0.00008020,0.00044600,0.00030781,0.00012217,0.00018969,-0.00018421,-0.00027864,-0.00052446,-0.00049761,0.00061344,-0.00045425,0.00028560,0.00108209,-0.00054035,0.00082640,-0.00105843,0.00075234,0.00012828,-0.00035526,0.00053634,-0.00088744,-0.00045052,0.00107078,-0.00072061,0.00011703,-0.00000974,-0.00154257,-0.00122807,0.00014919,0.00130203,0.00076282,0.00179119,0.00074152,0.00097010,0.00085809,-0.00008534,-0.00091984,-0.00104617,-0.00018491,-0.00023474,-0.00049901,0.00057185,0.00044146,-0.00071343,-0.00043999,0.00020291,-0.00044636,0.00024495,0.00110306,0.00068164,-0.00075542,0.00101721,0.00135179,0.00188092,0.00022287,0.00154298,0.00010908,0.00125646,-0.00079691,-0.00101455,-0.00987304,0.00035158,-0.00074238,0.00054782,0.00114728,-0.00008049,-0.00051981,-0.00030053,-0.00174369,0.00000000,0.00000000,0.00000000,0.00000000,0.00000000,0.00000000,0.00000000,0.00000000,0.00000000,0.00000000,0.00000000,0.00000000,0.00000000,0.00000000,0.00000000,0.00000000,0.00000000,0.00000000,0.00000000,0.00000000,0.00000000,0.00000000,0.00000000,0.00000000,0.00000000,0.00000000,0.00000000,0.00000000,0.00000000,0.00000000,0.00000000,0.00000000,0.00000000,0.00000000,0.00000000,0.00000000,0.00000000,0.00000000,0.00000000,0.00000000,0.00000000,0.00000000,0.00000000,0.00000000,0.00000000,0.00000000,0.00000000,0.00000000,-0.00117490,0.00056632,-0.00076780,0.00098608,-0.00068665,0.00142711,-0.00075006,0.00080797,0.00013720,-0.00084632,0.00011324,-0.00081240,-0.00048586,0.00128330,0.00052495,-0.00095587
0.00015477,-0.00026163,-0.00005270,-0.00024232,0.00000006,-0.00024326,0.00093604,-0.00021656,-0.00013625,-0.00066144,-0.00058977,-0.00030081,0.00003218,-0.00001896,-0.00011612,0.00000657,0.00008722,-0.00009262,-0.00064656,-0.00016787,-0.00006287,-0.00039556,0.00047947,-0.00059116,0.00004206,0.00057133,-0.00025443,-0.00039820,-0.00053225,-0.00101714,0.00010703,0.00034142,-0.00037216,0.00021769,0.00051622,-0.00019242,-0.00029777,-0.00067018,-0.00001045,0.00046095,0.00018623,0.00012593,-0.00053015,0.00061100,0.00096533,0.00029179,-0.00004411,0.00062949,-0.00022225,-0.00005243,-0.00044722,0.00004785,-0.00047597,-0.00037413,0.00002732,-0.00096655,0.00013374,-0.00003540,0.00011885,0.00034432,-0.00008170,-0.00034908,-0.00033401,-0.00027747,-0.00034776,0.00101598,-0.00001487,0.00017473,-0.00006842,0.00042359,0.00022951,0.00007570,-0.00055981,0.00054916,-0.00074527,0.00089122,-0.00003150,-0.00017084,0.00036662,-0.00074271,-0.00082731,0.00017324,-0.00028292,0.00022527,-0.00042177,-0.00013516,-0.00023614,0.00014509,0.00018358,0.00033769,0.00092757,0.00007414,0.00061375,0.00053931,-0.00038292,-0.00016485,-0.00064226,0.00015063,-0.00061593,0.00022132,0.00107287,0.00018770,-0.00042491,-0.00004575,-0.00074052,0.00076364,-0.00053495,0.00020127,0.00088570,0.00017174,-0.00025453,0.00062699,0.00095529,0.00025477,0.00120992,-0.00062413,0.00149922,-0.00027126,-0.00030517,0.00003426,-0.01394119,-0.00121727,0.00034944,0.00085302,0.00012559,-0.00059850,0.00058571,-0.00093054,0.00000000,0.00000000,0.00000000,0.00000000,0.00000000,0.00000000,0.00000000,0.00000000,0.00000000,0.00000000,0.00000000,0.00000000,0.00000000,0.00000000,0.00000000,0.00000000,0.00000000,0.00000000,0.00000000,0.00000000,0.00000000,0.00000000,0.00000000,0.00000000,0.00000000,0.00000000,0.00000000,0.00000000,0.00000000,0.00000000,0.00000000,0.00000000,0.00000000,0.00000000,0.00000000,0.00000000,0.00000000,0.00000000,0.00000000,0.00000000,0.00000000,0.00000000,0.00000000,0.00000000,0.00000000,0.00000000,0.00000000,0.00000000,0.00039966,0.00005673,-0.00094793,0.00019701,0.00029091,0.00063210,-0.00028210,0.00016325,-0.00045754,-0.00024174,0.00010583,-0.00062294,-0.00000142,-0.00021133,0.00004862,-0.00043425
0.00032739,-0.00006638,0.00032944,-0.00101029,-0.00031465,-0.00047575,0.00050109,-0.00002377,0.00288096,0.00118940,0.00153533,0.00023583,-0.00031249,0.00159254,0.00113595,-0.00102117,0.00211484,0.00240270,-0.00199465,-0.00146744,0.00061734,0.00076019,0.00178957,0.00116052,-0.00202017,0.00182047,0.00016932,0.00038698,-0.00054568,0.00065904,0.00277088,-0.00177550,0.00018967,0.00151602,0.00145650,-0.00135170,-0.00001830,-0.00012802,-0.00138821,0.00125915,0.00071490,0.00191875,0.00212758,-0.00021820,-0.00107759,0.00175894,0.00012260,0.00144491,-0.00121554,-0.00234818,-0.00148768,0.00199901,-0.00180267,0.00024035,-0.00095305,-0.00026408,0.00058921,0.00085996,0.00117865,0.00097385,0.00116930,0.00098659,-0.00136289,-0.00046231,-0.00072174,-0.00088924,-0.00235184,-0.00207591,0.00001736,-0.00107028,0.00079395,0.00055823,0.00036905,-0.00003425,-0.00165129,-0.00044033,0.00064772,-0.00128242,0.00037871,-0.00064259,-0.00230925,0.00159725,-0.00114533,-0.00167603,0.00043213,-0.00119438,-0.00189376,0.00156777,0.00054951,0.00105927,0.00132102,0.00044573,0.00207302,0.00062113,0.00128834,-0.00006072,-0.00095003,0.00027095,-0.00002020,-0.00011788,0.00053847,0.00011848,-0.00162333,-0.00079344,0.00055440,0.00101221,0.00062448,0.00073654,-0.00064653,-0.00186819,0.00121531,0.00016885,0.00168392,0.00181725,-0.00014494,0.00076813,-0.00032754,-0.00154708,-0.00156309,0.00165895,-0.00027423,-0.01281600,0.00143903,0.00079564,-0.00099924,0.00083554,-0.00130906,-0.00041633,0.00000000,0.00000000,0.00000000,0.00000000,0.00000000,0.00000000,0.00000000,0.00000000,0.00000000,0.00000000,0.00000000,0.00000000,0.00000000,0.00000000,0.00000000,0.00000000,0.00000000,0.00000000,0.00000000,0.00000000,0.00000000,0.00000000,0.00000000,0.00000000,0.00000000,0.00000000,0.00000000,0.00000000,0.00000000,0.00000000,0.00000000,0.00000000,0.00000000,0.00000000,0.00000000,0.00000000,0.00000000,0.00000000,0.00000000,0.00000000,0.00000000,0.00000000,0.00000000,0.00000000,0.00000000,0.00000000,0.00000000,0.00000000,-0.00178568,0.00049697,-0.00194590,0.00020328,-0.00038711,0.00128044,-0.00037696,0.00086047,-0.00031971,-0.00078099,0.00050339,-0.00139995,-0.00198832,0.00178777,0.00113021,-0.00159950
-0.00038376,-0.00042163,0.00038248,-0.00029544,0.00120538,-0.00035815,0.00113418,-0.00080217,0.00101563,-0.00017270,0.00037571,0.00033118,-0.00054407,0.00059274,0.00082972,0.00025890,0.00021812,0.00113365,-0.00046576,-0.00046519,0.00022714,0.00018810,0.00055044,0.00066305,-0.00100938,0.00072425,-0.00018595,-0.00074905,-0.00194233,-0.00060779,0.00092301,-0.00083411,0.00007022,0.00059432,0.00003727,-0.00054119,0.00061934,0.00026311,-0.00020353,0.00037627,0.00027240,0.00016881,0.00045126,-0.00050611,0.00045783,0.00088547,-0.00061823,0.00044524,-0.00002223,-0.00088944,-0.00059785,0.00057069,-0.00011235,-0.00031858,0.00018933,-0.00205925,0.00101792,0.00062359,0.00015350,0.00026438,0.00034766,-0.00036844,0.00013939,0.00063436,0.00081983,-0.00058471,-0.00054114,0.00012007,0.00063444,0.00024027,0.00018525,0.00095679,0.00005165,0.00001528,-0.00201802,0.00069342,-0.00052509,0.00015567,0.00190590,-0.00108677,0.00003350,0.00090647,-0.00034862,-0.00009088,0.00012269,-0.00142853,-0.00063947,0.00011116,0.00068493,0.00156431,0.00114926,0.00011163,0.00043559,0.00097718,0.00049664,-0.00047290,-0.00148687,-0.00052397,-0.00068737,-0.00146112,0.00070198,0.00015341,-0.00099088,0.00142842,0.00102296,-0.00018563,-0.00039841,0.00035378,-0.00024561,0.00009479,0.00066570,0.00075980,0.00082546,0.00087296,0.00120688,0.00060529,0.00085360,-0.00033455,-0.00049729,-0.00018825,0.00030350,-0.00087018,-0.00868391,0.00069061,-0.00030049,-0.00125828,0.00083646,-0.00139865,0.00000000,0.00000000,0.00000000,0.00000000,0.00000000,0.00000000,0.00000000,0.00000000,0.00000000,0.00000000,0.00000000,0.00000000,0.00000000,0.00000000,0.00000000,0.00000000,0.00000000,0.00000000,0.00000000,0.00000000,0.00000000,0.00000000,0.00000000,0.00000000,0.00000000,0.00000000,0.00000000,0.00000000,0.00000000,0.00000000,0.00000000,0.00000000,0.00000000,0.00000000,0.00000000,0.00000000,0.00000000,0.00000000,0.00000000,0.00000000,0.00000000,0.00000000,0.00000000,0.00000000,0.00000000,0.00000000,0.00000000,0.00000000,-0.00123614,0.00012518,-0.00075325,0.00043456,-0.00117232,0.00146014,-0.00081133,0.00083878,-0.00100322,-0.00108216,0.00037672,-0.00065944,-0.00173048,0.00107272,0.00087403,-0.00093072
-0.00121983,-0.00077869,-0.00081313,0.00235261,0.00004315,0.00148912,0.00002734,0.00008778,-0.00161148,-0.00115937,-0.00184569,-0.00156729,0.00170500,-0.00147473,-0.00160935,0.00160737,-0.00189123,-0.00119775,0.00168457,-0.00058970,-0.00225575,-0.00154738,-0.00216879,-0.00139771,0.00203066,-0.00143682,-0.00121689,-0.00170031,0.00102340,-0.00126518,-0.00214118,0.00238187,0.00040874,-0.00205409,-0.00127327,0.00164329,0.00064282,-0.00030316,0.00204613,-0.00182435,-0.00184487,-0.00148551,-0.00224003,0.00074265,0.00147034,-0.00196705,0.00065323,-0.00113021,0.00193535,0.00199303,0.00147106,-0.00252061,0.00194737,-0.00086996,0.00147383,-0.00065884,-0.00048886,-0.00198353,-0.00235074,-0.00184032,-0.00160750,-0.00201886,0.00122371,0.00102559,0.00101617,0.00120879,0.00190957,0.00232463,-0.00029008,0.00115291,-0.00128036,-0.00080883,-0.00105658,0.00001416,0.00234965,-0.00023515,-0.00152535,0.00154043,-0.00113616,0.00017296,0.00154930,-0.00145560,0.00137625,0.00195046,-0.00192086,0.00108285,0.00156058,-0.00194203,0.00002771,-0.00035342,-0.00140785,-0.00092207,-0.00225307,-0.00088923,-0.00205539,-0.00023229,0.00083003,-0.00168107,-0.00137081,0.00072252,0.00109111,-0.00020004,0.00124437,0.00071873,-0.00176032,-0.00109529,-0.00114724,-0.00136028,0.00119446,0.00188386,-0.00164975,-0.00066951,-0.00156529,-0.00205043,0.00093627,-0.00145777,-0.00071065,0.00195247,0.00190343,-0.00214376,-0.00078991,0.00009711,-0.00244823,-0.01235308,0.00157740,-0.00199738,0.00189175,0.00050546,0.00000000,0.00000000,0.00000000,0.00000000,0.00000000,0.00000000,0.00000000,0.00000000,0.00000000,0.00000000,0.00000000,0.00000000,0.00000000,0.00000000,0.00000000,0.00000000,0.00000000,0.00000000,0.00000000,0.00000000,0.00000000,0.00000000,0.00000000,0.00000000,0.00000000,0.00000000,0.00000000,0.00000000,0.00000000,0.00000000,0.00000000,0.00000000,0.00000000,0.00000000,0.00000000,0.00000000,0.00000000,0.00000000,0.00000000,0.00000000,0.00000000,0.00000000,0.00000000,0.00000000,0.00000000,0.00000000,0.00000000,0.00000000,0.00169084,-0.00129972,0.00143476,-0.00082702,0.00036551,-0.00203438,0.00196173,-0.00092693,-0.00002279,0.00075375,0.00002603,0.00092044,0.00172238,-0.00150639,-0.00142651,0.00131600
-0.00008440,0.00020627,0.00014951,0.00112977,-0.00081000,-0.00055068,-0.00085510,-0.00067207,-0.00066514,0.00045104,-0.00091470,-0.00008246,0.00121092,-0.00085934,-0.00144138,-0.00064921,-0.00062400,-0.00028673,0.00141013,0.00088187,-0.00028273,-0.00061121,-0.00062441,-0.00017248,0.00076060,-0.00095266,0.00022713,-0.00002883,0.00114469,-0.00005709,-0.00142163,0.00061793,0.00116491,-0.00054208,0.00004034,0.00075244,0.00084863,-0.00036854,0.00072313,-0.00047333,-0.00010947,-0.00078547,-0.00044148,0.00108488,0.00016346,-0.00128927,-0.00038065,-0.00074297,0.00103681,0.00069728,-0.00011106,-0.00075119,0.00039742,0.00053885,0.00030731,0.00029342,-0.00043034,0.00008949,-0.00038038,0.00007306,-0.00112130,-0.00037103,-0.00015154,-0.00026468,0.00040249,0.00034387,0.00084506,0.00061131,-0.00024512,0.00020853,-0.00050475,-0.00087509,-0.00034794,0.00010840,0.00120167,-0.00029159,0.00064808,-0.00022921,-0.00118399,0.00099756,0.00042395,-0.00126623,0.00058580,0.00054952,0.00000888,0.00137667,0.00139250,0.00020549,-0.00012237,-0.00137467,-0.00132496,-0.00000634,0.00007411,-0.00111452,-0.00026238,0.00040207,0.00146280,-0.00037192,-0.00010682,0.00011390,-0.00066166,-0.00099104,0.00110359,-0.00052953,-0.00075025,-0.00004982,0.00031427,-0.00052535,-0.00081320,0.00069044,-0.00050064,-0.00116655,-0.00105976,-0.00119156,-0.00063800,-0.00072466,-0.00153411,0.00069773,0.00105513,-0.00024398,-0.00035247,0.00051930,-0.00095471,-0.00058863,-0.01428325,0.00091222,0.00021191,0.00059873,0.00000000,0.00000000,0.00000000,0.00000000,0.00000000,0.00000000,0.00000000,0.00000000,0.00000000,0.00000000,0.00000000,0.00000000,0.00000000,0.00000000,0.00000000,0.00000000,0.00000000,0.00000000,0.00000000,0.00000000,0.00000000,0.00000000,0.00000000,0.00000000,0.00000000,0.00000000,0.00000000,0.00000000,0.00000000,0.00000000,0.00000000,0.00000000,0.00000000,0.00000000,0.00000000,0.00000000,0.00000000,0.00000000,0.00000000,0.00000000,0.00000000,0.00000000,0.00000000,0.00000000,0.00000000,0.00000000,0.00000000,0.00000000,0.00053639,-0.00035667,0.00104164,-0.00060199,0.00094394,-0.00139794,0.00058106,-0.00059276,-0.00014358,0.00094752,0.00073115,0.00100423,0.00135823,-0.00104184,-0.00057653,0.00132727
0.00096797,-0.00074876,0.00108548,-0.00175731,0.00149889,-0.00106092,0.00079687,-0.00115502,0.00225061,0.00145219,0.00148248,0.00148415,-0.00112945,0.00199441,0.00182463,-0.00137432,0.00150789,0.00230538,-0.00205192,-0.00223783,0.00168233,0.00128703,0.00130871,0.00091614,-0.00204394,0.00225336,0.00198454,0.00089072,-0.00095688,0.00068178,0.00233151,-0.00186581,0.00083834,0.00222655,0.00201730,-0.00132503,-0.00094876,0.00008844,-0.00184719,0.00134369,0.00177689,0.00125873,0.00163605,-0.00123082,-0.00116241,0.00168773,-0.00013790,0.00136004,-0.00201477,-0.00211346,-0.00108752,0.00156474,-0.00186506,0.00079288,-0.00180266,0.00014364,-0.00002444,0.00184115,0.00123782,0.00128544,0.00174319,0.00173705,-0.00097665,-0.00125866,-0.00098512,-0.00098403,-0.00185989,-0.00179627,0.00114398,0.00032408,0.00173133,0.00170059,-0.00002945,-0.00014275,-0.00225472,0.00060893,0.00071543,-0.00123512,0.00123385,-0.00096601,-0.00057858,0.00148372,-0.00116618,-0.00114760,0.00108715,-0.00193593,-0.00210057,0.00188418,0.00022334,0.00254690,0.00252030,0.00129367,0.00180812,0.00058547,0.00169446,-0.00006591,-0.00079497,0.00074361,0.00046969,0.00000009,-0.00046848,-0.00017860,-0.00178432,-0.00001565,0.00105444,0.00122281,0.00039538,0.00132304,-0.00142149,-0.00163179,0.00193150,0.00120790,0.00092250,0.00119307,0.00073339,0.00109323,0.00175330,-0.00162055,-0.00196124,0.00143774,0.00009818,0.00049339,0.00165107,0.00019706,-0.00139118,-0.01179774,-0.00080972,-0.00150406,0.00000000,0.00000000,0.00000000,0.00000000,0.00000000,0.00000000,0.00000000,0.00000000,0.00000000,0.00000000,0.00000000,0.00000000,0.00000000,0.00000000,0.00000000,0.00000000,0.00000000,0.00000000,0.00000000,0.00000000,0.00000000,0.00000000,0.00000000,0.00000000,0.00000000,0.00000000,0.00000000,0.00000000,0.00000000,0.00000000,0.00000000,0.00000000,0.00000000,0.00000000,0.00000000,0.00000000,0.00000000,0.00000000,0.00000000,0.00000000,0.00000000,0.00000000,0.00000000,0.00000000,0.00000000,0.00000000,0.00000000,0.00000000,-0.00154620,0.00150666,-0.00162393,0.00222033,-0.00151036,0.00196533,-0.00165922,0.00167193,0.00057720,-0.00185636,0.00108541,-0.00115224,-0.00211274,0.00223835,0.00158171,-0.00250052
-0.00090273,0.00081123,-0.00089398,0.00171559,-0.00004039,0.00053842,-0.00081863,0.00026102,-0.00198780,-0.00035945,-0.00200114,-0.00094494,0.00106304,-0.00205956,-0.00080987,0.00124084,-0.00129253,-0.00237960,0.00155660,0.00134909,-0.00070079,-0.00074454,-0.00184117,-0.00169540,0.00205910,-0.00171108,-0.00014010,-0.00080679,0.00148767,0.00002949,-0.00151264,0.00163645,0.00002118,-0.00146374,-0.00147086,0.00091484,0.00018557,-0.00013919,0.00164608,-0.00102756,-0.00219154,-0.00149591,-0.00117883,0.00094668,0.00052519,-0.00212651,0.00046266,-0.00182388,0.00098083,0.00151388,0.00089242,-0.00150306,0.00150680,-0.00028129,0.00078153,0.00055156,-0.00110275,-0.00112673,-0.00177162,-0.00097572,-0.00100580,-0.00083812,0.00117630,0.00097655,-0.00001382,0.00069614,0.00152126,0.00198383,-0.00092705,0.00073135,-0.00114659,-0.00216594,-0.00053689,-0.00017480,0.00216965,-0.00136915,-0.00061375,0.00180442,-0.00141767,0.00053735,0.00095358,-0.00197148,0.00111460,0.00113680,-0.00070197,0.00199232,0.00231642,-0.00137491,-0.00044648,-0.00257219,-0.00198233,-0.00073065,-0.00157336,-0.00090581,-0.00094448,-0.00001290,0.00098167,-0.00044475,-0.00028292,0.00039953,-0.00081599,-0.00002154,0.00113677,0.00014832,-0.00070631,-0.00105015,-0.00097941,0.00003903,0.00100464,0.00113119,-0.00165053,-0.00142406,-0.00152611,-0.00068144,-0.00120826,-0.00045060,-0.00256475,0.00181076,0.00150404,-0.00160228,-0.00038322,0.00008698,-0.00160728,-0.00129843,0.00165636,-0.00012088,-0.00999434,0.00172676,0.00000000,0.00000000,0.00000000,0.00000000,0.00000000,0.00000000,0.00000000,0.00000000,0.00000000,0.00000000,0.00000000,0.00000000,0.00000000,0.00000000,0.00000000,0.00000000,0.00000000,0.00000000,0.00000000,0.00000000,0.00000000,0.00000000,0.00000000,0.00000000,0.00000000,0.00000000,0.00000000,0.00000000,0.00000000,0.00000000,0.00000000,0.00000000,0.00000000,0.00000000,0.00000000,0.00000000,0.00000000,0.00000000,0.00000000,0.00000000,0.00000000,0.00000000,0.00000000,0.00000000,0.00000000,0.00000000,0.00000000,0.00000000,0.00192752,-0.00092805,0.00220424,-0.00141722,0.00191604,-0.00257092,0.00181995,-0.00153937,-0.00004071,0.00132074,0.00004858,0.00146734,0.00265905,-0.00215134,-0.00163742,0.00209225
0.00105242,-0.00010400,0.00033271,-0.00146629,0.00013292,-0.00109790,0.00046880,-0.00024735,0.00149882,0.00136143,0.00128197,0.00069548,-0.00041603,0.00123781,0.00152524,-0.00156681,0.00181182,0.00058416,-0.00141454,-0.00069037,0.00183088,0.00175804,0.00061994,0.00136270,-0.00101651,0.00119060,0.00168431,0.00095854,-0.00085235,0.00131311,0.00175659,-0.00145719,0.00028462,0.00137885,0.00149012,-0.00091345,-0.00150485,0.00104752,-0.00160289,0.00112120,0.00067909,0.00180224,0.00137703,-0.00042541,-0.00095712,0.00188431,0.00089831,0.00088297,-0.00147121,-0.00137506,-0.00136577,0.00133799,-0.00120554,0.00086843,-0.00158473,0.00022199,0.00061234,0.00115572,0.00163014,0.00166524,0.00088439,0.00174368,-0.00098239,-0.00153605,-0.00116978,-0.00046079,-0.00143737,-0.00202418,0.00075925,-0.00146523,0.00100377,0.00076158,0.00051015,-0.00031740,-0.00117290,0.00131240,0.00115371,-0.00183262,0.00161915,-0.00069991,-0.00234035,0.00122040,-0.00065491,-0.00100045,0.00118080,0.00023862,-0.00162930,0.00075642,0.00024900,0.00162723,0.00067172,0.00103399,0.00085817,0.00072593,0.00206366,0.00009436,-0.00054154,0.00132068,0.00077585,0.00000162,-0.00056716,-0.00064950,-0.00098788,-0.00072955,0.00021634,0.00124289,0.00155910,0.00037145,-0.00190982,-0.00135927,0.00101985,0.00042801,0.00173535,0.00061083,0.00051207,0.00072577,0.00077763,-0.00091435,-0.00128453,0.00081871,0.00011403,0.00017886,0.00161528,0.00048072,-0.00136339,-0.00003395,-0.00057813,-0.01282505,0.00000000,0.00000000,0.00000000,0.00000000,0.00000000,0.00000000,0.00000000,0.00000000,0.00000000,0.00000000,0.00000000,0.00000000,0.00000000,0.00000000,0.00000000,0.00000000,0.00000000,0.00000000,0.00000000,0.00000000,0.00000000,0.00000000,0.00000000,0.00000000,0.00000000,0.00000000,0.00000000,0.00000000,0.00000000,0.00000000,0.00000000,0.00000000,0.00000000,0.00000000,0.00000000,0.00000000,0.00000000,0.00000000,0.00000000,0.00000000,0.00000000,0.00000000,0.00000000,0.00000000,0.00000000,0.00000000,0.00000000,0.00000000,-0.00044478,0.00029545,-0.00195438,0.00075342,-0.00099618,0.00104582,-0.00153431,0.00122633,0.00013227,-0.00117585,-0.00014072,-0.00033052,-0.00105213,0.00175007,0.00123966,-0.00140066
-0.00025616,0.00018165,0.00012567,0.00043541,0.00024214,0.00120729,0.00013661,0.00016157,-0.00078449,-0.00055491,-0.00138887,0.00017229,0.00094118,-0.00048640,-0.00076617,0.00087155,-0.00107594,-0.00047896,0.00108947,0.00048330,-0.00054667,-0.00119957,-0.00020745,-0.00012556,0.00114153,0.00035304,0.00036566,0.00064545,-0.00052055,0.00038098,-0.00074605,-0.00019527,0.00116388,-0.00055781,-0.00021957,0.00139800,0.00007063,0.00018815,0.00093898,-0.00002342,-0.00044632,-0.00118779,-0.00147915,0.00007396,0.00046998,-0.00124745,0.00006112,0.00007626,0.00025218,0.00088891,0.00136176,-0.00051798,0.00105938,-0.00014368,0.00051628,0.00094861,-0.00064602,0.00031588,0.00030468,-0.00050942,-0.00001381,-0.00078756,0.00116198,0.00044610,0.00079651,0.00007879,0.00070298,0.00058549,0.00043645,-0.00022907,0.00012927,-0.00080215,0.00024591,-0.00094563,0.00105463,-0.00046055,0.00002261,0.00018613,-0.00009558,-0.00103703,0.00082341,-0.00088515,0.00038327,-0.00035912,0.00024425,0.00053574,0.00013857,0.00001252,0.00004382,-0.00050048,-0.00066035,0.00012231,0.00004067,0.00117858,-0.00025816,-0.00031783,0.00088687,-0.00021555,-0.00083124,0.00127713,-0.00107514,0.00002810,0.00011174,-0.00016657,-0.00002229,-0.00027896,0.00106742,-0.00117607,-0.00119390,0.00133572,-0.00046966,-0.00042890,-0.00028282,-0.00051004,-0.00045702,-0.00032616,-0.00014611,0.00055133,0.00038917,-0.00011037,-0.00045415,0.00012455,-0.00070761,0.00008028,-0.00019111,-0.00020284,0.00140498,0.00027794,-0.01298227,-0.00012040,-0.00092706,0.00014631,0.00055820,-0.00136388,-0.00129257,-0.00069176,-0.00046291,-0.00102226,-0.00034129,-0.00112309,0.00065812,-0.00074813,0.00022830,0.00033031,-0.00041697,0.00090215,0.00030936,-0.00137482,-0.00007211,0.00075435,0.00017338,-0.00120526,-0.00072855,-0.00031814,-0.00045068,-0.00077744,0.00078415,0.00134671,-0.00081567,0.00030840,-0.00051484,-0.00037575,-0.00095728,0.00029625,0.00097742,0.00000887,0.00093217,0.00087731,0.00140981,-0.00133192,-0.00109937,-0.00001860,0.00014105,0.00019387,-0.00016290,-0.00104064,0.00041261,0.00037940,0.00068376,-0.00052584,0.00006575,-0.00074277,0.00015486,-0.00031968,0.00066464,0.00002708,0.00009424,-0.00004761,0.00061923,-0.00040866,-0.00105713,0.00058826
0.00096224,0.00002731,0.00060881,-0.00112110,-0.00050022,0.00000573,0.00099030,0.00003605,0.00104566,0.00048619,0.00065278,0.00092865,-0.00091969,0.00140198,0.00067810,-0.00111610,0.00062144,0.00078630,-0.00070953,0.00014293,0.00107157,0.00147420,0.00099670,0.00094188,-0.00082042,0.00155693,0.00098966,0.00096982,-0.00059991,-0.00001486,0.00146353,-0.00097633,-0.00013606,0.00046050,0.00104066,-0.00024452,-0.00002484,-0.00111335,-0.00120151,0.00071449,0.00136657,0.00052598,0.00083337,-0.00015521,-0.00015406,0.00050855,-0.00032602,0.00091575,-0.00021108,-0.00173570,-0.00091924,0.00084748,-0.00164104,-0.00088430,-0.00049015,-0.00062475,0.00085942,0.00012937,0.00082715,0.00056801,0.00041624,0.00061892,-0.00108259,0.00008241,-0.00024771,-0.00117663,-0.00084301,-0.00110277,-0.00000299,-0.00036511,0.00084455,0.00061846,-0.00034777,0.00013801,-0.00090170,0.00046015,0.00115344,-0.00060132,0.00116730,-0.00076199,-0.00095233,0.00180603,-0.00103903,-0.00004345,0.00033910,-0.00103727,-0.00140579,0.00048127,-0.00007861,0.00020606,0.00161315,0.00039492,0.00084363,-0.00015507,0.00048619,-0.00021076,-0.00090193,0.00021195,-0.00036707,-0.00028115,0.00020681,-0.00021690,-0.00103275,-0.00021046,0.00048578,0.00064017,-0.00053329,0.00034020,0.00000108,-0.00053368,0.00116132,0.00047637,0.00132926,0.00094033,-0.00027945,-0.00006189,0.00109070,-0.00104198,-0.00039093,0.00029841,-0.00061254,-0.00049111,0.00080036,0.00028861,-0.00093229,-0.00023842,-0.00014214,-0.00112954,0.00037540,-0.01219133,0.00079023,-0.00163314,-0.00137347,0.00069332,0.00047197,0.00030805,0.00036170,0.00157926,0.00036749,0.00115399,-0.00140547,0.00016698,-0.00108181,0.00057752,0.00032814,-0.00046706,-0.00082456,0.00061082,-0.00078180,-0.00102776,0.00010629,0.00041229,0.00108314,0.00037770,-0.00012906,0.00049608,-0.00143674,-0.00094276,0.00140278,-0.00075606,0.00128801,-0.00014930,-0.00089478,0.00007265,0.00156034,-0.00099576,-0.00097918,-0.00169787,-0.00069816,0.00071612,0.00015912,-0.00027792,0.00136632,-0.00081800,0.00094655,0.00006613,-0.00044743,0.00069533,-0.00063179,0.00055469,-0.00050282,0.00124173,-0.00153028,0.00094307,0.00018438,-0.00138313,0.00075467,-0.00058983,-0.00097276,0.00121191,0.00083709,-0.00096750
-0.00021418,0.00105001,-0.00025746,0.00061865,0.00026146,-0.00018280,0.00052627,0.00081634,0.00058267,-0.00098500,-0.00152958,-0.00104349,0.00014201,0.00109443,0.00044841,0.00019098,0.00002920,0.00072645,-0.00095229,0.00055494,-0.00079417,-0.00022274,0.00045465,-0.00018395,-0.00012559,0.00074624,0.00050045,0.00035459,-0.00015420,-0.00055750,0.00059178,-0.00076284,0.00013813,-0.00044667,-0.00009135,-0.00133065,-0.00027209,-0.00163167,-0.00048574,0.00038012,0.00075533,-0.00000836,-0.00000806,0.00006872,-0.00006380,-0.00012493,-0.00011248,0.00078337,-0.00065822,-0.00012706,-0.00018823,-0.00026696,-0.00013793,-0.00014817,0.00055068,0.00008644,-0.00066477,0.00049331,0.00015757,0.00051160,0.00016248,0.00030471,-0.00016496,0.00077214,0.00035683,-0.00037655,-0.00051150,-0.00108639,0.00028693,-0.00092817,-0.00026017,-0.00030766,0.00109822,-0.00062847,-0.00038923,-0.00107884,0.00072328,-0.00001974,-0.00048107,0.00000235,-0.00023763,0.00003679,-0.00019539,-0.00094413,0.00065915,-0.00021192,-0.00171621,0.00026820,-0.00102932,0.00001875,0.00011804,0.00034129,0.00054663,0.00021993,0.00111964,-0.00001912,-0.00005668,-0.00041278,-0.00001658,-0.00032021,-0.00046396,-0.00001217,0.00009307,-0.00001269,0.00035472,-0.00049720,-0.00000166,0.00119861,0.00004410,-0.00049785,0.00063270,0.00053696,0.00068565,0.00111831,0.00053071,0.00032635,-0.00069867,-0.00002530,0.00062392,0.00036974,-0.00037190,0.00026517,-0.00028186,0.00029908,-0.00023721,-0.00028232,-0.00113228,0.00032588,-0.00035630,-0.00069950,-0.01330598,-0.00062600,-0.00027521,-0.00054596,-0.00015836,-0.00001600,0.00067951,0.00106479,0.00058319,0.00009600,0.00017682,-0.00014584,-0.00015028,0.00069600,0.00082267,0.00034522,-0.00057818,0.00041576,-0.00092254,-0.00027313,-0.00011177,-0.00087131,-0.00006225,0.00017832,-0.00071635,0.00011900,-0.00016238,-0.00018183,0.00057307,-0.00069078,-0.00061846,-0.00065165,-0.00035241,-0.00012007,0.00075406,-0.00096815,-0.00013744,-0.00116643,-0.00044894,0.00018971,-0.00048577,-0.00064503,0.00053828,-0.00002759,0.00046136,-0.00009535,-0.00013983,-0.00013064,-0.00014917,0.00081198,-0.00012509,0.00049002,0.00042823,0.00080669,-0.00119907,0.00013917,-0.00056254,-0.00085596,-0.00102998,0.00033738,-0.00012379,-0.00040860
0.00008231,0.00070950,-0.00023061,0.00013241,-0.00030485,0.00063497,-0.00008922,0.00022372,-0.00070015,-0.00009923,-0.00096981,0.00017266,0.00040109,-0.00056774,-0.00072647,0.00067345,-0.00040788,-0.00082012,-0.00015334,-0.00086151,-0.00022292,-0.00005687,-0.00017956,-0.00052463,0.00053659,-0.00081555,0.00027142,-0.00043672,0.00016094,-0.00014551,-0.00037369,0.00084195,-0.00040324,-0.00025755,-0.00055596,0.00106869,0.00047060,-0.00000338,-0.00010891,0.00047239,-0.00010361,-0.00082131,-0.00000226,0.00005821,-0.00021629,-0.00023830,0.00036674,-0.00057480,-0.00008854,0.00092500,-0.00040422,-0.00064359,0.00052591,-0.00025858,-0.00001281,0.00012786,-0.00102637,-0.00095043,-0.00037845,-0.00123845,-0.00071328,-0.00103612,0.00063672,-0.00070145,-0.00030272,-0.00000210,0.00048769,0.00056209,-0.00062584,0.00019371,-0.00034371,0.00000946,0.00054124,-0.00010582,0.00065978,-0.00131144,0.00008101,0.00007175,0.00000403,-0.00002731,-0.00029831,-0.00143935,0.00022228,0.00038563,-0.00039128,0.00025641,0.00071618,-0.00034161,0.00040350,-0.00122863,-0.00034886,-0.00038146,0.00003997,-0.00011205,-0.00028215,-0.00022256,0.00063300,-0.00055890,0.00030209,0.00028770,0.00038358,0.00048151,0.00069345,-0.00009610,-0.00044486,0.00025567,-0.00016059,-0.00030033,0.00019087,0.00101316,-0.00006171,-0.00088247,-0.00085658,-0.00014709,-0.00132914,0.00037056,0.00000606,-0.00004896,-0.00044987,-0.00006775,0.00014951,0.00096063,-0.00047253,-0.00111188,0.00061231,0.00099002,0.00060173,0.00068536,-0.00091758,-0.00037393,-0.00040531,-0.01293363,0.00066780,-0.00007714,0.00033469,0.00006373,-0.00022570,-0.00152436,-0.00013090,0.00016360,0.00158307,-0.00114666,0.00048219,-0.00019997,-0.00081495,0.00042632,-0.00022214,0.00050008,0.00130877,0.00001763,-0.00054300,0.00010225,-0.00020174,0.00042901,0.00084773,-0.00070403,0.00057494,0.00121471,-0.00011124,0.00067251,0.00053190,0.00048265,0.00044781,-0.00028282,-0.00060004,-0.00008693,0.00000182,0.00150943,0.00058099,0.00026767,-0.00015605,0.00098874,-0.00100655,-0.00122830,-0.00014858,0.00085249,0.00066548,-0.00072512,-0.00013953,0.00006843,0.00010660,-0.00078127,0.00125106,-0.00063019,-0.00066910,0.00050732,-0.00050564,0.00022079,0.00013487,0.00028591,0.00031871,0.00000521
0.00040742,0.00013161,-0.00015202,-0.00004995,-0.00068824,-0.00014507,-0.00124308,-0.00006778,-0.00039380,0.00042324,-0.00060998,-0.00009222,0.00017781,0.00013421,-0.00054945,-0.00018030,-0.00005658,-0.00039025,0.00055386,0.00078663,0.00057039,-0.00057954,-0.00057846,-0.00033409,0.00028430,-0.00112769,-0.00037940,-0.00022246,0.00079402,-0.00011510,-0.00091588,0.00082653,-0.00070821,-0.00102097,-0.00060763,0.00026087,-0.00029239,-0.00027987,0.00035802,0.00035352,-0.00029939,-0.00015252,-0.00007163,-0.00050249,0.00017616,0.00022469,0.00063401,0.00028362,0.00001354,-0.00011307,0.00072475,-0.00069781,0.00045707,0.00021518,0.00030609,0.00015666,-0.00073971,-0.00036376,-0.00090659,-0.00068001,-0.00077109,-0.00002437,0.00045545,-0.00034315,-0.00062620,-0.00017580,0.00021999,0.00058261,0.00006536,-0.00043797,0.00011868,-0.00013026,0.00015750,0.00012598,0.00043867,-0.00075016,0.00043361,0.00082383,-0.00045188,0.00035674,0.00042851,-0.00044259,0.00078900,0.00029814,-0.00007503,0.00087448,0.00065162,-0.00102772,-0.00026028,-0.00168842,-0.00128881,-0.00011356,-0.00058568,-0.00022086,-0.00045676,0.00015870,0.00082732,-0.00002327,0.00106593,0.00020612,-0.00041891,0.00041591,0.00037279,-0.00016501,0.00004724,-0.00032521,0.00001726,-0.00008109,0.00028080,0.00099906,0.00008831,-0.00090319,-0.00061307,-0.00105932,0.00079847,0.00007049,-0.00035203,0.00075169,0.00055764,0.00049362,0.00058515,-0.00011811,-0.00029586,-0.00010106,-0.00021004,0.00140451,0.00098222,-0.00038377,-0.00134582,0.00057894,-0.00021845,0.00121312,-0.01252314,0.00012728,-0.00023815,0.00072605,0.00037867,-0.00221404,0.00035950,0.00030385,-0.00066630,-0.00112615,0.00102512,-0.00127614,-0.00081636,-0.00015059,0.00077400,-0.00006258,0.00126679,0.00096757,-0.00119424,-0.00046493,0.00028941,-0.00004622,0.00015029,-0.00091358,0.00050649,0.00074799,-0.00030578,-0.00003454,-0.00008642,0.00047111,0.00037557,0.00013219,-0.00081491,0.00083256,0.00043621,0.00113399,-0.00057476,-0.00004862,0.00052672,0.00040249,-0.00071411,-0.00046473,-0.00101715,0.00039470,0.00073617,-0.00080558,0.00058168,-0.00089062,0.00116898,-0.00097997,-0.00002110,-0.00068370,-0.00031400,0.00051041,-0.00060741,0.00136805,0.00040129,0.00007629,-0.00057679,0.00083257
0.00051972,0.00021043,0.00043524,-0.00190641,-0.00032771,-0.00018722,0.00075961,-0.00010456,0.00151366,0.00048862,0.00163163,0.00061828,-0.00071509,0.00093108,0.00060301,-0.00092961,0.00081586,0.00047512,-0.00130283,-0.00029696,0.00018741,0.00082474,0.00089681,0.00113679,-0.00181728,0.00159245,0.00037577,0.00024298,-0.00050574,0.00047721,0.00118175,-0.00197135,-0.00118617,0.00114443,0.00145125,-0.00095823,-0.00108785,-0.00083791,-0.00069715,0.00052578,0.00143743,0.00091789,0.00154988,-0.00064229,-0.00064497,0.00054744,0.00003403,0.00107248,-0.00170387,-0.00127036,-0.00087062,0.00139643,-0.00089551,0.00007790,-0.00030357,0.00052215,0.00079023,0.00126097,0.00127475,0.00114764,0.00082916,0.00044218,-0.00133533,-0.00116244,-0.00088546,-0.00204198,-0.00116944,-0.00164976,0.00019057,-0.00061240,0.00155405,-0.00009233,0.00040575,0.00028568,-0.00078871,-0.00065306,0.00059950,-0.00097776,0.00100614,-0.00085505,-0.00141566,0.00182650,-0.00095992,-0.00048992,0.00163118,-0.00014554,-0.00180542,0.00082898,0.00061875,0.00141183,0.00197110,0.00106884,0.00076681,0.00003088,0.00124088,-0.00044901,-0.00159503,0.00043613,-0.00077303,-0.00078756,-0.00044504,0.00006943,-0.00102022,-0.00044315,0.00022167,0.00089641,0.00079874,0.00118916,-0.00002256,-0.00109292,0.00096340,0.00018856,0.00064156,0.00033361,-0.00052236,0.00111827,0.00096663,-0.00152715,-0.00120695,0.00104416,0.00057182,-0.00031247,0.00064800,0.00007259,-0.00113054,0.00027400,-0.00128669,-0.00021728,0.00045992,0.00006427,0.00117523,-0.00152556,-0.00103442,-0.00950148,0.00116488,0.00121597,0.00002311,0.00256236,0.00000226,0.00122848,-0.00143915,0.00090893,-0.00119799,0.00080067,0.00018495,-0.00181503,-0.00077391,0.00026694,-0.00113369,-0.00173132,-0.00106534,0.00080359,0.00128452,0.00045516,0.00000577,0.00031694,-0.00124591,-0.00142439,0.00121194,0.00041529,0.00043410,-0.00023925,-0.00172981,-0.00116116,0.00107761,-0.00091505,-0.00164778,-0.00199584,-0.00089685,0.00015136,0.00059127,-0.00061215,0.00171539,-0.00093465,0.00075567,0.00024584,-0.00177556,0.00080515,-0.00159673,0.00081760,-0.00081871,0.00149881,-0.00173013,0.00156466,-0.00041738,-0.00095889,0.00038410,-0.00031773,-0.00117790,0.00192536,0.00159678,-0.00167005
0.00033656,0.00000811,-0.00013441,-0.00145814,-0.00078401,0.00071327,-0.00003075,-0.00006322,0.00055465,-0.00060068,0.00090470,0.00082971,-0.00015564,0.00146136,0.00025728,-0.00002574,0.00027126,0.00043592,-0.00077607,-0.00002612,0.00018665,0.00002922,0.00043114,0.00153359,-0.00073930,0.00147800,-0.00011575,-0.00032615,-0.00067866,-0.00036598,0.00072661,-0.00109444,-0.00043072,0.00050700,0.00084918,-0.00062644,-0.00025292,0.00002949,-0.00111573,-0.00012951,0.00098157,0.00005238,0.00031867,0.00015751,0.00015097,0.00084570,-0.00123316,-0.00001495,0.00017292,-0.00150039,-0.00035073,0.00024173,-0.00066686,0.00039794,0.00093856,-0.00091672,0.00102423,0.00140747,0.00058222,-0.00022477,0.00076127,0.00068921,-0.00083069,-0.00017282,0.00018835,0.00034723,-0.00031113,-0.00064344,-0.00024479,0.00002893,0.00016513,0.00042325,0.00058013,0.00063104,-0.00097727,0.00070491,0.00079912,-0.00005262,0.00031101,-0.00069103,-0.00066686,-0.00049737,-0.00126358,-0.00014720,0.00036650,-0.00038228,-0.00095144,0.00047016,0.00038184,0.00064742,0.00065144,0.00049036,0.00061366,0.00071398,0.00045391,-0.00062848,-0.00065468,-0.00099666,-0.00049022,-0.00090286,-0.00037638,0.00002384,-0.00157535,-0.00041448,0.00032863,0.00068225,0.00008530,-0.00037991,-0.00031201,-0.00050167,-0.00059435,0.00089844,0.00037164,0.00056116,0.00006584,-0.00049503,0.00092430,-0.00092965,-0.00113750,0.00063725,-0.00001309,0.00001604,0.00087143,0.00114037,-0.00052197,-0.00010827,-0.00030779,0.00012752,0.00014759,-0.00075170,0.00045196,-0.00019951,-0.00018425,0.00018519,-0.01277688,0.00018906,0.00096952,0.00178511,-0.00079785,0.00024191,-0.00083081,0.00100731,-0.00096671,0.00064735,0.00061628,-0.00075482,-0.00017661,0.00073041,-0.00132433,-0.00152810,0.00050795,0.00058965,0.00032251,0.00000001,-0.00120270,0.00040314,-0.00060643,-0.00111832,0.00070435,-0.00041049,-0.00021761,-0.00013234,-0.00075593,0.00022361,0.00087864,-0.00013451,-0.00153908,-0.00085891,-0.00054674,-0.00085205,-0.00029074,-0.00075607,0.00157920,-0.00020900,0.00055801,0.00002696,-0.00035429,-0.00064245,-0.00136299,0.00078973,-0.00058273,0.00097447,0.00051535,0.00050600,0.00020480,-0.00082472,-0.00008773,-0.00086304,-0.00050384,0.00105770,0.00013293,-0.00132589
0.00033153,-0.00043756,-0.00013265,-0.00027587,0.00097844,0.00092551,-0.00015565,-0.00016626,0.00107859,-0.00060048,0.00034950,0.00033765,-0.00060334,0.00015655,0.00038572,-0.00118483,-0.00030238,0.00102216,-0.00065880,0.00002010,0.00071021,0.00021990,0.00060057,0.00021498,-0.00060106,0.00078958,0.00057793,0.00008178,-0.00065898,-0.00049618,0.00110408,-0.00111090,-0.00007165,0.00039634,0.00112930,-0.00048087,0.00013505,-0.00053607,-0.00057604,0.00113440,0.00067856,0.00078826,0.00122228,0.00013496,-0.00022013,0.00046013,0.00012352,-0.00015852,-0.00086505,-0.00113907,0.00039861,0.00057280,-0.00061280,-0.00048045,0.00008280,-0.00010025,0.00051834,0.00072858,0.00069707,0.00056146,0.00025734,0.00059015,-0.00086336,-0.00039520,-0.00007115,-0.00032744,-0.00075099,-0.00124898,-0.00030684,-0.00017869,0.00075280,0.00047658,0.00063616,0.00073077,-0.00137495,0.00050074,-0.00046114,-0.00041209,0.00119788,-0.00118002,-0.00091031,0.00023724,-0.00097742,-0.00100390,-0.00034509,-0.00037375,-0.00100468,0.00008857,0.00029554,0.00127541,0.00027392,0.00065669,0.00065738,-0.00034509,0.00073842,-0.00126849,-0.00073054,0.00003882,-0.00059537,0.00009416,0.00029742,-0.00013124,-0.00010895,0.00018924,0.00057549,-0.00008175,0.00018604,0.00012041,-0.00019355,0.00004431,-0.00004220,0.00062726,0.00146896,0.00077588,-0.00014270,0.00069980,0.00034211,-0.00044734,-0.00030617,0.00092362,0.00034941,0.00049307,0.00094292,-0.00060013,-0.00057582,-0.00031222,0.00011515,-0.00175405,0.00036138,-0.00050295,0.00022900,-0.00001788,-0.00043289,0.00100971,0.00063361,-0.01317526,0.00079033,0.00158944,-0.00052114,-0.00014527,-0.00120233,0.00071049,-0.00040297,-0.00053326,0.00125387,-0.00048714,-0.00089257,0.00100950,-0.00107749,-0.00022636,0.00040299,-0.00015958,0.00040130,0.00003070,-0.00060147,0.00054621,-0.00156021,-0.00138754,0.00077302,-0.00026250,0.00038150,-0.00026399,-0.00130843,-0.00052017,0.00143916,-0.00097886,-0.00010080,-0.00090046,-0.00008926,-0.00006867,0.00045641,-0.00025104,0.00061588,-0.00058902,0.00116075,-0.00013087,-0.00096750,0.00028376,-0.00034439,0.00072842,-0.00064743,0.00205634,-0.00156189,0.00085957,0.00070404,-0.00055567,0.00085677,0.00002050,-0.00002695,0.00109195,0.00105420,-0.00063023
0.00063846,0.00007664,-0.00022044,0.00077247,0.00071269,0.00038844,-0.00043102,-0.00101951,-0.00104299,-0.00128340,-0.00169957,-0.00034743,0.00084431,-0.00120852,-0.00074032,0.00079588,-0.00089317,-0.00172793,0.00143510,0.00001960,0.00027793,-0.00132188,-0.00131737,-0.00055525,0.00237959,-0.00093266,-0.00135045,0.00003463,0.00097724,-0.00060291,-0.00103972,0.00135649,0.00052170,-0.00079590,-0.00086988,0.00156977,0.00026810,0.00033435,0.00117400,-0.00143307,-0.00110551,-0.00110696,-0.00148535,0.00044388,-0.00020910,-0.00055267,0.00013025,-0.00125996,0.00076153,0.00171356,0.00099598,-0.00079246,0.00183658,0.00029283,0.00050945,-0.00082097,0.00025546,-0.00084064,-0.00054024,-0.00087459,-0.00037098,-0.00201364,0.00095973,-0.00058256,0.00032991,0.00058199,0.00133068,0.00138922,-0.00018719,0.00094958,-0.00014606,-0.00092113,-0.00081025,0.00022408,0.00073393,0.00030717,-0.00072686,0.00173077,-0.00021976,0.00047439,0.00121672,-0.00151285,0.00027154,0.00122546,-0.00051423,0.00071460,0.00177582,-0.00127731,0.00007738,-0.00062175,-0.00151610,-0.00066964,-0.00128832,-0.00015664,-0.00084678,-0.00031743,0.00068797,-0.00059239,0.00027836,0.00055393,-0.00080385,0.00056900,0.00182445,0.00049889,-0.00062656,-0.00078415,0.00017370,-0.00082763,0.00098593,0.00135219,-0.00103098,-0.00088767,-0.00206623,-0.00201093,-0.00017887,-0.00088660,-0.00231915,0.00170430,0.00166701,-0.00074986,-0.00022548,0.00096256,-0.00172368,-0.00066908,0.00073704,-0.00041321,0.00085144,0.00024656,-0.00052785,-0.00008066,-0.00022279,0.00194460,0.00206174,-0.00065226,-0.00077239,-0.00072775,-0.01440300,-0.00133742,-0.00014255,-0.00192229,0.00149129,-0.00029449,0.00208322,-0.00027866,-0.00064463,0.00086324,0.00155855,-0.00119398,0.00004897,0.00160205,-0.00008788,-0.00166075,-0.00152212,0.00077269,-0.00065087,0.00011838,0.00082226,0.00155716,-0.00142638,0.00004072,-0.00138762,0.00005867,0.00019802,0.00064308,-0.00076290,0.00070643,0.00102983,0.00177697,0.00131107,-0.00081561,-0.00169129,-0.00076259,-0.00114579,0.00028162,-0.00154852,-0.00024945,0.00143487,-0.00045655,0.00073707,-0.00180520,0.00141161,-0.00147977,0.00105504,-0.00069759,-0.00063790,0.00112658,-0.00058823,0.00110546,0.00156998,-0.00139965,-0.00144463,0.00068515
-0.00039110,0.00019560,-0.00233001,0.00163347,-0.00092132,0.00136665,-0.00061501,0.00007620,-0.00179069,-0.00182060,-0.00188804,-0.00084541,0.00115221,-0.00198180,-0.00183428,0.00155348,-0.00144723,-0.00153368,0.00101295,0.00036651,-0.00133389,-0.00245807,-0.00273828,-0.00132965,0.00203536,-0.00219555,-0.00102614,-0.00031053,-0.00031827,-0.00093673,-0.00320727,0.00249520,0.00051805,-0.00134499,-0.00157880,0.00181242,0.00113268,-0.00049021,0.00184735,-0.00162886,-0.00095548,-0.00196018,-0.00145658,0.00102987,0.00105316,-0.00161403,-0.00021116,-0.00173608,0.00281752,0.00182780,0.00125400,-0.00159127,0.00200944,-0.00049380,0.00079632,-0.00038325,-0.00091156,-0.00216848,-0.00136042,-0.00109242,-0.00183671,-0.00114327,0.00133680,0.00083016,0.00101412,0.00116230,0.00156241,0.00151016,-0.00035286,0.00089424,-0.00162013,-0.00184855,0.00047613,0.00026903,0.00224603,-0.00046582,-0.00067930,0.00173847,-0.00082224,0.00074638,0.00150373,-0.00158879,0.00111534,0.00168471,-0.00180362,0.00053703,0.00244741,-0.00211236,-0.00007513,-0.00173561,-0.00210715,-0.00111767,-0.00204443,-0.00105068,-0.00138730,-0.00013907,0.00132875,-0.00129963,0.00025866,0.00082889,-0.00059463,0.00009107,0.00096756,0.00130604,-0.00104206,-0.00146367,-0.00087502,-0.00097116,0.00121118,0.00123897,-0.00140828,-0.00057268,-0.00156511,-0.00230861,-0.00029867,-0.00162881,-0.00108067,0.00127075,0.00203723,-0.00160128,-0.00162651,0.00023531,-0.00140974,-0.00083898,0.00147670,-0.00048603,0.00188588,0.00071833,-0.00064083,-0.00156996,-0.00142000,0.00249485,0.00200793,-0.00197280,-0.00180273,-0.00193177,0.00103710,-0.01213296,-0.00132368,-0.00118565,0.00198662,-0.00017421,0.00171288,-0.00025198,-0.00078032,0.00143596,0.00168947,-0.00158878,-0.00019382,0.00228635,0.00050366,-0.00285782,-0.00211293,0.00080624,-0.00070744,0.00137328,0.00068450,0.00243579,-0.00248000,0.00060016,-0.00148480,-0.00121111,-0.00012677,0.00164594,-0.00149696,0.00251505,0.00266687,0.00135608,0.00236105,-0.00058935,-0.00179554,-0.00176797,-0.00027801,0.00203894,-0.00059087,-0.00095541,0.00260169,-0.00108498,0.00270815,-0.00159125,0.00118833,-0.00226195,0.00141847,-0.00122138,0.00057796,0.00171774,0.00049473,0.00162764,0.00300145,-0.00233271,-0.00200038,0.00213203
0.00012942,-0.00031839,0.00075366,-0.00103898,-0.00010573,0.00042645,0.00054634,0.00042848,0.00147913,0.00086656,0.00060366,0.00097990,-0.00102660,0.00070708,0.00015627,-0.00099603,0.00100920,0.00165728,-0.00027754,-0.00127212,-0.00014808,0.00103852,0.00102837,0.00087688,-0.00133195,0.00108472,-0.00024589,0.00005406,0.00036425,0.00049140,0.00082472,-0.00066323,0.00000350,-0.00008083,0.00119161,-0.00105468,-0.00020810,-0.00022641,-0.00035496,0.00101034,0.00050212,0.00071728,0.00143860,-0.00034186,0.00030787,0.00113100,-0.00035317,0.00006233,-0.00015402,-0.00158672,-0.00058723,0.00069460,-0.00091746,0.00061298,-0.00096870,-0.00017621,0.00046601,0.00130084,0.00155582,0.00058648,0.00148643,-0.00026047,-0.00015870,-0.00035066,-0.00041847,-0.00039148,-0.00062537,-0.00067952,-0.00009909,-0.00012935,0.00010109,0.00002482,-0.00053498,0.00040563,-0.00141705,0.00016800,0.00008772,-0.00009080,0.00117785,-0.00122074,-0.00092247,0.00064163,-0.00129667,-0.00018546,-0.00025974,-0.00043756,-0.00028850,0.00054656,-0.00000497,0.00073988,0.00053203,-0.00019102,0.00031622,0.00093095,0.00049035,-0.00048745,-0.00047000,0.00048967,0.00002646,-0.00025429,-0.00132287,-0.00002966,-0.00008908,0.00035949,0.00007849,0.00026093,0.00006200,0.00050987,-0.00038706,-0.00086961,0.00066905,0.00090960,0.00145927,-0.00000229,0.00052261,0.00062634,0.00113790,-0.00186545,-0.00129531,0.00044614,-0.00019214,0.00014715,0.00142171,0.00033027,-0.00131080,-0.00027354,-0.00143862,-0.00077150,-0.00008015,0.00029757,0.00147716,-0.00143280,-0.00126113,0.00032028,0.00097128,0.00047301,0.00032921,0.00132558,-0.01482090,0.00089503,-0.00098383,0.00041552,-0.00134900,0.00061570,0.00114120,-0.00018061,-0.00097656,0.00025554,-0.00060660,-0.00062403,0.00015073,0.00067722,0.00091750,0.00048297,0.00054674,0.00029253,-0.00099994,-0.00067448,0.00109199,0.00003998,0.00085365,0.00046823,-0.00111110,-0.00015366,0.00142193,-0.00047002,-0.00119618,-0.00075089,-0.00099042,0.00036767,0.00070230,-0.00021248,0.00092441,-0.00059703,0.00126937,-0.00039655,-0.00086312,0.00034172,-0.00116896,0.00015105,-0.00135072,0.00107428,-0.00107916,0.00043770,0.00043617,-0.00043073,0.00095423,-0.00104604,-0.00133106,0.00083403,0.00141295,-0.00009036
0.00105339,-0.00054971,0.00019007,0.00004762,0.00038583,0.00013877,0.00045453,0.00138857,0.00073007,0.00019240,0.00028690,0.00125210,-0.00024273,0.00077828,0.00123476,0.00028505,0.00022693,0.00142703,-0.00077043,0.00021381,0.00016984,0.00103656,0.00029217,0.00111846,-0.00091914,0.00144698,0.00047394,0.00071173,-0.00059237,0.00071842,0.00096272,-0.00026070,-0.00095661,0.00037955,0.00037409,-0.00029591,-0.00010087,0.00071299,-0.00117218,0.00033524,0.00058464,0.00061384,0.00109871,0.00037165,-0.00008138,0.00013176,-0.00021017,0.00044846,-0.00099371,-0.00130250,0.00040042,0.00077579,-0.00012195,0.00010901,-0.00050207,-0.00024203,0.00114247,0.00059877,0.00090456,0.00045260,0.00132346,0.00106047,0.00020680,-0.00050351,0.00020726,-0.00112217,-0.00057939,-0.00073070,0.00044137,-0.00073194,0.00139910,0.00034598,0.00017168,-0.00026135,-0.00035391,-0.00022709,0.00059189,-0.00107350,0.00017512,-0.00024694,-0.00124649,-0.00025565,0.00009120,-0.00045429,0.00026067,-0.00087033,-0.00091493,-0.00027977,0.00153003,0.00104250,0.00087841,0.00047799,-0.00031053,0.00037631,0.00047356,-0.00105791,-0.00096997,0.00029761,-0.00049490,0.00006864,0.00007260,-0.00036977,-0.00031905,-0.00009518,-0.00026478,0.00067823,-0.00060916,-0.00001731,-0.00034765,0.00004535,-0.00004289,0.00047267,0.00011808,-0.00066213,0.00020246,0.00062517,0.00081327,-0.00046171,-0.00000137,0.00057168,-0.00005493,-0.00017340,0.00130682,0.00056843,-0.00049838,-0.00048750,-0.00041954,0.00022156,0.00001121,0.00125380,0.00008157,-0.00033965,-0.00027481,-0.00009546,-0.00001071,0.00020421,0.00036890,0.00267580,-0.00040258,-0.01093712,-0.00023144,0.00050643,-0.00091690,-0.00017459,0.00060744,-0.00070438,-0.00114952,-0.00038777,-0.00084388,-0.00087963,0.00026349,0.00026785,0.00086391,0.00016398,0.00038341,0.00102095,-0.00047131,0.00015279,0.00096562,0.00059636,0.00024662,-0.00001145,-0.00066301,-0.00138868,0.00123824,-0.00072488,-0.00044738,-0.00176731,-0.00030821,-0.00096034,-0.00018960,-0.00083837,0.00088136,-0.00027378,0.00050230,0.00024103,0.00007866,0.00000047,-0.00091496,0.00086923,-0.00091478,0.00126825,-0.00056791,-0.00043522,0.00028572,-0.00089580,-0.00015892,-0.00013683,-0.00124538,0.00060080,0.00035968,-0.00045549
-0.00002058,0.00113510,0.00044399,0.00007126,-0.00121655,-0.00004578,-0.00033754,0.00025996,0.00002748,-0.00029238,-0.00141407,-0.00007450,0.00160343,-0.00046700,-0.00021692,0.00022736,-0.00030168,-0.00054883,0.00000451,0.00042732,0.00017121,-0.00047312,-0.00090107,-0.00107400,0.00004482,-0.00039207,-0.00025817,0.00093853,-0.00024309,-0.00018818,0.00009265,0.00104373,-0.00010794,-0.00123233,-0.00100969,0.00063384,-0.00000672,0.00042076,-0.00019990,0.00001945,-0.00049379,-0.00110331,-0.00101854,0.00026874,0.00042332,-0.00086439,-0.00007678,-0.00063770,-0.00006690,0.00058702,0.00021987,-0.00137390,0.00056793,0.00002784,0.00024977,0.00036533,-0.00106457,0.00035835,-0.00105945,-0.00050614,-0.00087109,-0.00075444,-0.00005696,0.00017193,-0.00034564,-0.00005714,0.00025843,0.00051582,-0.00068527,-0.00022256,-0.00007718,-0.00042751,0.00013051,0.00027779,0.00059147,-0.00119762,-0.00006645,0.00030796,-0.00024601,-0.00041453,0.00054760,-0.00046854,0.00048630,-0.00003249,-0.00119770,0.00073154,0.00050646,0.00068537,-0.00006526,-0.00050736,-0.00145155,-0.00002751,-0.00054838,-0.00041519,-0.00066846,-0.00002953,0.00112301,0.00086049,-0.00012825,0.00013457,0.00052523,-0.00002009,0.00049019,0.00009873,0.00055938,0.00058626,0.00070255,-0.00053755,-0.00017654,0.00011472,-0.00096632,-0.00012250,-0.00062115,0.00005118,-0.00011311,0.00014333,-0.00045498,0.00032564,0.00077793,-0.00015503,-0.00092085,0.00083554,0.00007928,-0.00034235,0.00087594,0.00042223,0.00014042,0.00079164,-0.00099165,0.00082313,-0.00050799,0.00158486,-0.00013237,0.00024923,-0.00004873,-0.00061086,-0.00087660,-0.00223554,0.00068230,0.00032542,-0.01059624,-0.00095036,0.00039192,-0.00060582,-0.00045646,0.00005665,0.00079377,-0.00048991,0.00075317,0.00075795,-0.00051876,-0.00022987,0.00003627,-0.00038537,0.00107777,-0.00150760,0.00106434,0.00006772,0.00024912,-0.00015023,0.00032434,0.00082608,0.00090049,-0.00006849,-0.00043238,0.00003880,-0.00022917,0.00108731,0.00074129,0.00071778,0.00022838,0.00123851,-0.00186916,-0.00035031,-0.00074606,0.00048059,0.00145871,-0.00108053,0.00062136,-0.00021550,0.00093443,-0.00054490,0.00021276,-0.00108254,-0.00094159,0.00021477,-0.00072962,-0.00021712,0.00083363,-0.00090245,-0.00092083,0.00111572
0.00020579,-0.00014208,0.00000098,0.00089613,-0.00016679,-0.00052531,-0.00084031,-0.00006399,-0.00169359,-0.00059580,-0.00017217,-0.00037433,0.00108697,-0.00093172,-0.00054107,0.00050091,-0.00056584,-0.00148294,0.00177785,0.00115878,-0.00065148,-0.00152827,-0.00100433,-0.00011573,0.00048362,-0.00154169,-0.00074899,0.00014533,0.00149125,-0.00010215,-0.00075901,0.00163645,0.00036945,-0.00115293,-0.00066182,0.00026314,0.00020064,-0.00032493,0.00072932,-0.00091207,-0.00031291,-0.00057425,-0.00066986,0.00066142,-0.00008942,-0.00082383,0.00040584,-0.00194962,0.00097769,0.00159598,0.00046027,-0.00074530,0.00068633,-0.00086419,0.00004163,0.00041625,0.00026383,-0.00136067,-0.00088097,-0.00062782,-0.00123164,-0.00015346,0.00086944,0.00116688,0.00013246,0.00097711,0.00174661,0.00095436,-0.00074431,0.00018779,0.00008184,-0.00061733,-0.00050472,0.00098987,0.00149352,-0.00089210,-0.00037889,0.00086405,-0.00102195,0.00013743,0.00085583,-0.00134952,0.00052980,0.00082373,-0.00073779,0.00050341,0.00126509,-0.00125103,-0.00013031,-0.00096265,-0.00107287,-0.00071993,-0.00100104,-0.00103049,-0.00108671,0.00042247,0.00109606,-0.00052728,-0.00039812,0.00050014,0.00024514,0.00052369,0.00062185,0.00020319,-0.00181039,-0.00039388,-0.00043464,0.00087685,0.00123367,0.00181660,-0.00100453,-0.00090544,-0.00009896,-0.00123660,0.00003351,-0.00013861,-0.00092821,0.00055840,0.00084565,-0.00004847,0.00027512,-0.00011752,-0.00078191,-0.00027665,0.00062069,0.00027785,0.00050478,0.00060848,-0.00155574,0.00009334,-0.00143438,0.00111914,0.00065622,-0.00065208,-0.00052506,-0.00120155,-0.00078094,-0.00119688,-0.00041495,-0.00118826,0.00148617,-0.01230165,0.00113812,-0.00050509,-0.00044356,0.00089891,-0.00018492,-0.00053377,0.00028923,0.00067945,0.00039846,-0.00146022,-0.00051192,0.00085571,-0.00005739,0.00038107,0.00005816,0.00095386,-0.00122087,-0.00005926,0.00000393,0.00115699,0.00060819,0.00083550,-0.00100019,0.00224695,0.00128898,0.00052222,0.00066809,-0.00006400,-0.00133623,0.00030068,-0.00128392,0.00093759,-0.00066544,-0.00046897,0.00271514,-0.00062732,0.00088685,-0.00135524,0.00082454,-0.00188509,0.00127189,-0.00114484,-0.00068310,0.00070076,-0.00056782,0.00034931,0.00127489,-0.00167815,-0.00144119,0.00206816
0.00056974,0.00116731,-0.00037648,0.00002631,0.00016982,0.00028190,-0.00007344,0.00023919,-0.00096302,-0.00017004,-0.00066596,0.00018854,-0.00011339,-0.00065398,-0.00031044,0.00049820,-0.00044174,-0.00011354,-0.00052337,0.00029745,-0.00098228,0.00037735,-0.00091407,0.00018473,0.00007707,-0.00055277,0.00070829,-0.00070559,-0.00023782,-0.00069181,-0.00048525,0.00011377,0.00037151,-0.00074133,-0.00034034,0.00053107,0.00047685,-0.00014016,0.00029226,0.00006474,-0.00074600,-0.00025124,-0.00029434,-0.00038801,-0.00034401,0.00023375,0.00004259,-0.00099496,0.00009202,0.00031137,0.00012686,0.00064642,-0.00043402,0.00093848,-0.00082785,-0.00016614,0.00035815,0.00013144,0.00036074,-0.00014899,-0.00130649,0.00020003,-0.00029551,0.00064737,-0.00064973,0.00034891,0.00058524,0.00041202,0.00068450,-0.00054028,-0.00023147,-0.00003248,0.00021344,-0.00014161,0.00127190,0.00061995,0.00022210,0.00064934,-0.00027186,0.00035062,0.00032394,-0.00010869,-0.00021589,-0.00024698,-0.00059370,0.00034923,0.00203313,-0.00090006,-0.00020028,0.00055121,-0.00064181,0.00001572,-0.00038669,0.00102487,0.00111769,0.00052408,0.00067499,0.00014013,-0.00034443,0.00023138,-0.00081159,-0.00077349,0.00034585,0.00068930,0.00021158,0.00056920,0.00001851,0.00032348,-0.00167940,0.00023065,-0.00027151,-0.00001861,0.00016733,0.00077982,-0.00021627,-0.00024404,-0.00001632,0.00012052,-0.00007781,0.00023872,-0.00023639,-0.00035761,-0.00061203,0.00037311,0.00037318,0.00068832,0.00010666,0.00018245,-0.00042132,0.00086372,-0.00026453,-0.00043246,0.00050849,0.00068552,0.00007482,0.00037065,0.00020594,-0.00162060,0.00009113,-0.00001803,-0.00081281,-0.00133505,-0.01428126,-0.00012210,-0.00021400,0.00023500,0.00091257,0.00026684,0.00135188,-0.00015778,-0.00029646,0.00050468,-0.00031365,-0.00082985,0.00057191,-0.00126300,-0.00033711,-0.00048915,-0.00017690,-0.00021297,0.00010765,0.00114823,0.00030250,0.00049972,0.00023868,0.00040853,0.00028786,0.00076267,-0.00039263,0.00037936,0.00025895,0.00010514,-0.00109217,-0.00033261,-0.00033747,0.00052610,0.00034483,-0.00007708,-0.00062694,0.00006886,0.00104750,-0.00018164,-0.00011568,0.00011218,-0.00037609,-0.00000973,-0.00047666,-0.00000269,-0.00016472,0.00014039,-0.00077915,0.00006348
0.00051840,0.00037517,-0.00022602,-0.00026908,-0.00044956,-0.00004354,0.00069737,0.00078263,-0.00017531,0.00015931,-0.00023839,-0.00012707,0.00052739,-0.00000580,-0.00017331,-0.00071699,-0.00039553,-0.00045857,-0.00002442,0.00065806,-0.00060049,-0.00106145,-0.00083882,-0.00119242,0.00072652,-0.00076144,0.00011989,0.00064582,0.00049095,0.00069193,-0.00055265,-0.00024656,0.00036016,-0.00152885,-0.00039914,0.00031649,-0.00028182,0.00050593,0.00025299,-0.00040377,0.00069105,0.00022119,-0.00077617,-0.00053034,0.00000890,-0.00091357,-0.00094821,-0.00062367,0.00059317,0.00114018,0.00040356,-0.00017581,0.00108609,-0.00048321,0.00073193,0.00094129,0.00028417,-0.00030639,0.00005277,-0.00012535,-0.00040943,-0.00059504,-0.00015379,0.00089338,0.00057954,0.00126768,0.00090686,-0.00044949,-0.00096508,-0.00026096,-0.00050858,-0.00004866,0.00066872,-0.00067579,0.00023515,-0.00162441,-0.00054176,0.00050137,-0.00048498,0.00086250,0.00109772,-0.00002128,0.00008617,-0.00030133,-0.00083253,0.00062518,-0.00010611,-0.00043018,0.00005083,-0.00077925,-0.00074552,-0.00121118,-0.00044887,0.00051001,-0.00100926,0.00068076,-0.00028150,-0.00035733,0.00097312,-0.00002615,-0.00028823,-0.00008244,0.00057373,-0.00088909,-0.00013864,-0.00077448,0.00009254,0.00011732,0.00031165,-0.00036228,-0.00004216,-0.00053217,-0.00048466,0.00050384,0.00010868,-0.00031801,-0.00111902,0.00020009,0.00034452,-0.00040439,-0.00045622,-0.00001322,-0.00008299,-0.00087786,0.00084115,0.00041780,0.00046251,0.00041409,-0.00016820,0.00046447,-0.00032225,0.00071589,-0.00007888,-0.00073819,-0.00017669,-0.00127482,-0.00049583,-0.00116167,0.00067832,-0.00055200,0.00109094,-0.00037785,0.00051784,-0.01390349,-0.00078126,0.00063678,-0.00061205,-0.00087266,0.00055343,0.00078172,-0.00043504,-0.00138292,0.00020153,-0.00032542,0.00007859,0.00110730,0.00064468,0.00006185,-0.00081025,0.00012083,-0.00017319,0.00000215,0.00013599,-0.00011137,-0.00077027,0.00060300,0.00048042,0.00087726,0.00035375,0.00029405,-0.00060284,0.00099110,0.00005157,0.00099857,-0.00095361,0.00037163,0.00035493,-0.00039263,0.00047229,-0.00105884,0.00018774,-0.00056197,0.00060713,-0.00025380,0.00006707,0.00098704,-0.00022333,-0.00014374,0.00064501,-0.00137511,-0.00152016,0.00028000
0.00047709,-0.00044867,0.00049405,-0.00032717,-0.00005606,-0.00046808,-0.00023818,0.00040230,0.00016470,-0.00009821,0.00098543,0.00003969,0.00050673,0.00020153,0.00061077,-0.00091240,0.00045851,0.00121422,-0.00015025,0.00127954,0.00027192,-0.00077866,0.00022917,-0.00029053,-0.00085833,-0.00032973,0.00056628,0.00039223,0.00022231,0.00005798,0.00101206,-0.00164423,0.00004792,-0.00022468,0.00023026,0.00036090,0.00000133,-0.00011133,-0.00086711,0.00065949,0.00014997,-0.00019807,-0.00070595,-0.00027482,-0.00014435,0.00027111,0.00028584,0.00045453,-0.00047366,-0.00115159,-0.00071611,-0.00046088,-0.00085632,0.00059894,0.00062239,0.00088899,-0.00026567,0.00038511,0.00107038,0.00019586,0.00129911,0.00090151,-0.00014192,-0.00032511,-0.00060557,-0.00063844,-0.00059821,0.00018124,0.00011870,-0.00142578,0.00077486,0.00006110,0.00062064,-0.00082627,-0.00039242,-0.00093050,0.00064783,-0.00024854,0.00048004,0.00042103,-0.00033465,0.00042636,0.00046602,0.00002012,0.00000344,-0.00019229,-0.00113412,0.00054808,0.00028435,0.00049738,0.00032388,-0.00061930,0.00109052,0.00021392,0.00025777,-0.00018414,0.00037257,0.00096372,-0.00083611,0.00010224,0.00020549,0.00005466,-0.00040231,-0.00064665,0.00086242,-0.00010780,-0.00005634,0.00060834,-0.00003476,-0.00048962,-0.00022103,0.00011682,-0.00018084,0.00034276,-0.00078840,0.00039554,-0.00106333,-0.00065449,-0.00003596,0.00040083,0.00026375,-0.00020894,0.00020912,-0.00113601,-0.00082175,0.00053824,-0.00091000,0.00075577,-0.00043072,0.00007723,0.00119999,0.00005847,-0.00057003,-0.00059702,0.00002649,-0.00015969,-0.00037428,0.00055073,0.00012077,0.00027320,0.00015185,0.00002953,0.00023028,-0.00041662,-0.01470091,0.00002816,0.00000593,0.00033277,-0.00047999,-0.00052132,-0.00069774,-0.00006186,0.00043050,0.00099903,0.00010080,0.00084936,0.00039278,-0.00065887,-0.00011794,0.00037858,-0.00036973,0.00010203,-0.00105276,-0.00035609,0.00000358,0.00030007,0.00024777,-0.00035071,-0.00005155,0.00092178,0.00019863,0.00006563,-0.00035400,-0.00023480,0.00010013,0.00069974,-0.00014049,0.00012316,0.00060689,0.00001471,0.00025823,0.00028587,0.00071867,-0.00047968,0.00065349,-0.00043196,0.00041732,0.00085233,-0.00069328,0.00016925,0.00014143,-0.00030984
0.00053956,0.00032183,-0.00085925,-0.00059819,0.00065073,0.00046695,-0.00111428,-0.00032261,0.00031088,-0.00121621,0.00015818,-0.00078155,0.00099261,-0.00080912,-0.00107896,-0.00013216,-0.00091208,-0.00013637,-0.00006301,-0.00070893,-0.00032662,-0.00024806,-0.00076910,0.00018035,0.00083080,-0.00144150,-0.00047687,0.00041987,0.00010091,0.00024537,-0.00070001,0.00030701,0.00013611,-0.00079399,-0.00121020,0.00048053,-0.00065326,-0.00029943,0.00051121,0.00003417,-0.00095307,-0.00099928,-0.00061383,-0.00070037,-0.00023665,-0.00062298,-0.00061381,-0.00050868,0.00021999,-0.00031203,0.00057088,0.00012823,-0.00017116,0.00012725,0.00067303,-0.00025863,0.00031033,-0.00040933,0.00011104,0.00051071,-0.00074324,-0.00051055,0.00039202,-0.00007862,-0.00009616,-0.00001477,-0.00049529,0.00048814,-0.00047324,0.00052881,-0.00028198,0.00033062,-0.00120266,0.00018910,-0.00021430,0.00014746,0.00063000,0.00008894,0.00025671,-0.00028266,-0.00046622,-0.00034139,0.00027669,0.00081756,0.00002445,-0.00006250,0.00085472,-0.00060413,-0.00038314,-0.00030608,-0.00072157,-0.00002318,-0.00057528,-0.00009640,-0.00045085,-0.00054068,0.00027477,-0.00042542,0.00018598,-0.00060757,0.00077519,0.00049930,-0.00077224,0.00011952,-0.00000850,-0.00004884,0.00021976,-0.00091314,-0.00003787,0.00083846,-0.00056715,0.00057252,0.00004438,0.00060037,-0.00028934,-0.00105864,0.00049142,-0.00085067,0.00033884,-0.00002082,-0.00003815,0.00052457,-0.00013967,-0.00074093,-0.00032115,-0.00022753,0.00064117,-0.00051841,0.00031901,0.00029769,0.00004697,0.00090007,0.00037462,-0.00056304,0.00011919,0.00019943,0.00017258,-0.00145940,0.00087676,0.00012093,-0.00002165,0.00065277,0.00000265,0.00048259,-0.00006542,-0.01394249,0.00012962,-0.00037004,0.00084557,0.00031264,-0.00032576,-0.00027828,0.00013321,0.00016381,0.00028787,-0.00088707,-0.00039031,0.00057765,-0.00049678,-0.00029383,0.00063996,0.00014270,0.00036314,0.00049330,-0.00093921,0.00060622,0.00003222,0.00064203,0.00009176,0.00025340,-0.00003123,-0.00009079,-0.00034169,-0.00081587,-0.00024346,0.00097924,0.00102138,0.00020032,-0.00036928,0.00062157,-0.00000227,-0.00039017,0.00052264,0.00043325,0.00015050,0.00051655,-0.00029408,0.00016670,0.00035920,-0.00019433,-0.00102478,0.00087361
0.00048249,0.00041345,0.00062159,0.00030724,0.00006168,-0.00044603,0.00014020,0.00068223,0.00037125,0.00046512,0.00038645,0.00028889,-0.00064473,0.00013847,0.00020790,0.00018889,0.00065321,0.00027182,0.00016435,0.00004563,0.00023261,0.00012216,-0.00027397,0.00066319,-0.00023835,0.00141283,-0.00005999,0.00062224,-0.00099788,0.00040168,0.00075314,-0.00059988,0.00002407,0.00084614,0.00115113,-0.00041088,0.00009938,-0.00022570,0.00081149,-0.00023356,-0.00026048,0.00020147,-0.00036587,0.00019948,0.00047153,0.00048526,0.00016097,0.00060055,0.00019828,-0.00043379,-0.00034716,0.00036911,-0.00060441,-0.00065705,0.00111951,0.00021572,0.00035258,-0.00041747,0.00001797,0.00069599,-0.00031076,0.00003743,0.00001107,-0.00069885,-0.00035380,0.00095922,-0.00025226,-0.00072506,0.00049997,0.00044560,0.00015059,0.00052239,0.00030523,-0.00002899,-0.00024711,-0.00011767,0.00002951,-0.00050709,-0.00015585,-0.00031588,0.00018270,-0.00062921,0.00029125,-0.00075398,0.00040329,-0.00001148,-0.00012334,0.00005365,0.00031161,-0.00061543,0.00143587,-0.00096388,-0.00015644,0.00066120,0.00012655,0.00054438,-0.00010797,-0.00079285,-0.00074956,0.00071399,0.00089152,-0.00012801,-0.00042517,0.00015084,-0.00036163,0.00008514,0.00040956,0.00035796,0.00033421,-0.00123897,0.00057423,0.00015710,0.00055529,-0.00036438,-0.00060247,0.00002568,-0.00030668,-0.00003824,0.00009756,0.00095199,0.00000442,-0.00006321,0.00072318,-0.00058945,-0.00059603,0.00025562,0.00031931,-0.00076415,-0.00003122,0.00043746,-0.00030214,-0.00095758,-0.00045254,0.00001659,0.00055238,0.00022716,0.00042143,0.00033279,0.00032468,0.00052324,-0.00012811,-0.00053604,0.00018032,-0.00130927,-0.00019987,-0.00087503,-0.01461252,0.00058039,0.00067961,-0.00008422,-0.00033139,0.00049194,0.00043429,-0.00054955,0.00038827,0.00043693,0.00027205,-0.00003288,-0.00010949,-0.00053407,-0.00006074,0.00011531,-0.00008355,-0.00015302,-0.00012608,0.00034834,-0.00009453,-0.00006686,-0.00026728,0.00035949,0.00043722,0.00089056,-0.00032271,-0.00057776,0.00108829,0.00072415,-0.00033994,0.00001086,-0.00072529,0.00019947,-0.00063033,0.00069701,-0.00024389,-0.00015185,0.00068530,0.00008671,-0.00046622,0.00027207,-0.00043533,0.00033675,0.00011498,-0.00122208
0.00024126,-0.00121094,-0.00004750,-0.00054131,0.00022238,-0.00074936,0.00055210,0.00033597,0.00043383,0.00027876,0.00051259,0.00023760,-0.00098407,0.00084257,-0.00026420,-0.00001547,0.00031898,0.00072980,-0.00003070,-0.00021625,0.00095891,0.00040113,0.00149632,-0.00009250,-0.00015161,0.00052564,0.00026785,0.00046701,-0.00060724,0.00017387,0.00020503,-0.00113465,0.00023076,0.00069748,0.00082941,-0.00036583,-0.00014729,-0.00039733,-0.00071034,0.00035040,-0.00022639,0.00029577,0.00078310,-0.00019051,-0.00055559,0.00066758,-0.00048408,-0.00069956,0.00005440,-0.00054578,-0.00059758,0.00152469,-0.00095175,-0.00004739,-0.00048839,-0.00015197,-0.00082570,0.00020393,0.00015587,-0.00005133,0.00013233,0.00030336,0.00020270,-0.00016670,-0.00038344,0.00010539,-0.00003222,-0.00009528,0.00099173,0.00013009,-0.00002553,-0.00002232,0.00055863,-0.00026398,-0.00059101,-0.00013548,-0.00056385,-0.00026711,0.00037052,-0.00005918,0.00022041,0.00074951,-0.00034671,0.00029808,0.00007898,-0.00072540,-0.00142717,0.00005277,0.00053319,0.00131515,0.00043850,-0.00085807,-0.00094920,-0.00063850,0.00004601,-0.00106246,-0.00001762,0.00032726,-0.00004084,-0.00055742,0.00145380,0.00041289,-0.00098134,0.00046450,0.00033736,0.00086294,-0.00054878,0.00022729,0.00013837,-0.00107741,0.00007202,-0.00003351,0.00040800,-0.00017765,-0.00022422,-0.00003512,-0.00019120,-0.00001750,-0.00049221,0.00031251,0.00022722,-0.00001202,0.00145770,0.00023565,-0.00037937,-0.00066292,-0.00066025,-0.00120012,0.00053323,-0.00076672,0.00061734,-0.00026918,-0.00013250,-0.00015358,-0.00006192,0.00013031,0.00045263,0.00152463,-0.00075996,-0.00020113,-0.00046970,0.00153502,-0.00045846,0.00021432,0.00070701,-0.00053098,-0.00023059,-0.01235187,-0.00183161,-0.00119711,0.00124587,0.00089984,0.00014039,0.00037883,-0.00077742,0.00002411,-0.00096376,-0.00040745,0.00062265,0.00010496,0.00005251,-0.00045166,-0.00133062,-0.00025472,0.00073241,-0.00063717,-0.00041969,-0.00161537,0.00006312,-0.00068307,0.00043282,-0.00051126,0.00119426,0.00030554,0.00122901,0.00015936,-0.00032638,-0.00007707,-0.00015128,0.00121308,-0.00076624,0.00055701,-0.00019213,0.00154228,0.00031678,0.00002738,-0.00032141,0.00040737,-0.00026624,0.00065179,0.00109483,-0.00034289
-0.00043596,-0.00009610,0.00000488,-0.00166140,0.00039696,0.00025267,-0.00028264,-0.00080368,0.00117800,0.00063730,0.00040078,0.00004344,-0.00108130,0.00065393,0.00087969,-0.00034911,0.00058507,0.00125870,-0.00066358,-0.00067931,0.00078599,0.00076363,0.00033049,0.00044605,-0.00123489,0.00166555,-0.00002947,0.00081301,-0.00036114,0.00014019,0.00097489,-0.00144308,-0.00014954,0.00040398,0.00138289,-0.00073669,0.00068992,-0.00051260,-0.00070722,0.00116585,0.00011396,0.00066956,-0.00026813,0.00026633,-0.00114710,0.00059980,-0.00100882,0.00023283,0.00003787,-0.00121906,-0.00044349,0.00022989,-0.00059739,-0.00054421,-0.00063365,-0.00065020,0.00042265,0.00074872,0.00067817,0.00050009,0.00080770,0.00027823,-0.00080902,-0.00022728,-0.00005802,0.00005779,-0.00204083,-0.00127528,0.00026985,-0.00059137,0.00049394,-0.00013058,-0.00022441,-0.00005793,-0.00079520,0.00018897,-0.00025300,0.00000414,0.00030082,-0.00029535,-0.00009514,0.00092476,-0.00014662,-0.00012289,0.00061894,-0.00145464,-0.00125676,0.00059909,0.00003595,0.00015406,0.00069501,0.00054325,0.00077933,0.00073939,0.00041086,-0.00095630,-0.00082772,-0.00002785,-0.00054076,-0.00063993,0.00040575,0.00035143,-0.00058635,0.00054806,0.00014085,0.00051077,-0.00020631,-0.00033864,-0.00033440,-0.00051043,-0.00003005,0.00026655,0.00115500,0.00037716,0.00020751,0.00022034,0.00139291,-0.00086743,-0.00073646,0.00121720,0.00065397,-0.00072871,0.00119665,0.00067153,-0.00126174,-0.00079841,-0.00129995,-0.00067497,0.00007566,0.00011141,-0.00004514,-0.00018436,-0.00086459,0.00076203,0.00027899,0.00056599,-0.00071121,0.00138687,-0.00042643,0.00066813,-0.00086900,0.00040649,-0.00075012,0.00001108,0.00005889,-0.00009236,-0.00028716,-0.00005290,-0.01089356,-0.00076140,0.00002385,0.00159448,0.00094699,-0.00042297,-0.00045649,-0.00100857,-0.00090058,-0.00054400,0.00137794,0.00048941,0.00081086,0.00025359,0.00017747,-0.00025323,0.00047198,-0.00099243,-0.00075357,-0.00063796,-0.00055373,0.00044371,0.00122021,0.00005697,0.00035765,-0.00129397,0.00005990,0.00012982,-0.00120454,0.00064999,-0.00132785,0.00163390,-0.00059559,0.00146116,-0.00017697,0.00105080,0.00013851,-0.00119471,-0.00010179,-0.00051687,-0.00137270,0.00179318,0.00142241,-0.00126857
0.00022503,0.00013688,-0.00069907,0.00074009,-0.00028066,-0.00030389,-0.00032213,-0.00062691,-0.00094692,-0.00064192,-0.00105090,-0.00133818,0.00039690,0.00014859,-0.00058901,0.00082523,-0.00038627,-0.00057259,0.00049714,0.00050554,-0.00049653,-0.00056614,-0.00035994,-0.00051797,0.00069023,-0.00016670,0.00034639,0.00008899,-0.00040627,0.00004594,-0.00107567,0.00122443,-0.00017416,-0.00098661,-0.00118694,0.00001414,-0.00062122,-0.00011491,0.00053998,-0.00038069,0.00032650,-0.00019129,0.00019935,0.00014466,0.00027848,0.00018450,-0.00040562,-0.00017256,0.00140663,0.00086831,0.00046738,-0.00095205,0.00033348,-0.00037004,0.00035058,0.00020226,-0.00014541,-0.00004275,-0.00017015,-0.00021270,-0.00113086,-0.00059389,-0.00028025,-0.00018537,-0.00031029,-0.00015769,0.00068770,0.00081699,0.00111450,-0.00037825,-0.00083027,-0.00016970,-0.00008749,-0.00038227,0.00079065,-0.00007311,-0.00033067,0.00093098,0.00025416,0.00075804,0.00025268,-0.00107711,0.00060538,0.00032576,-0.00046329,0.00092241,0.00115711,-0.00100523,-0.00003150,-0.00076439,0.00006104,-0.00073458,-0.00084787,0.00001843,-0.00112147,-0.00021533,0.00011960,-0.00091410,0.00112924,0.00121721,-0.00033592,0.00116045,0.00137615,0.00068184,-0.00030088,-0.00062040,-0.00029458,0.00002699,0.00079115,0.00054459,-0.00002296,-0.00033455,-0.00046652,-0.00074564,0.00028017,-0.00070532,-0.00019303,0.00034806,-0.00020535,-0.00034148,-0.00069861,0.00084507,-0.00156058,0.00031307,0.00053965,0.00050449,0.00119601,0.00106475,-0.00002876,-0.00019705,-0.00013229,0.00031365,0.00060273,-0.00035372,-0.00153770,0.00063448,-0.00069574,-0.00138983,0.00103164,0.00023178,0.00030850,-0.00060082,0.00023068,-0.00059155,-0.00106347,0.00028323,0.00021154,-0.00048755,0.00043937,-0.01305576,0.00061194,-0.00035136,-0.00021491,-0.00041496,0.00043566,-0.00055415,0.00105801,0.00046109,-0.00065196,0.00022381,0.00063834,0.00101587,0.00040273,-0.00002833,-0.00060854,0.00035863,0.00015291,0.00117794,0.00108678,0.00030846,-0.00071427,-0.00059769,-0.00018862,-0.00005303,-0.00062332,0.00026615,0.00031816,-0.00036428,0.00025953,-0.00091248,0.00085478,-0.00087570,0.00048842,-0.00051260,-0.00023905,0.00125454,-0.00071211,-0.00027602,0.00090660,-0.00053342,-0.00076145,0.00035731
-0.00066717,0.00087339,-0.00016362,0.00100231,-0.00086932,-0.00070057,-0.00050260,-0.00076625,-0.00110766,-0.00067835,-0.00137588,-0.00104870,0.00077970,-0.00063592,-0.00011257,0.00060530,-0.00134271,-0.00102096,0.00142380,0.00081143,-0.00083225,-0.00073265,-0.00107860,-0.00095496,0.00114741,-0.00137879,0.00096584,-0.00040233,0.00083698,-0.00008408,-0.00166197,0.00150385,0.00034164,-0.00076312,-0.00037395,0.00095175,0.00082695,-0.00014048,0.00125805,-0.00123396,-0.00066724,-0.00050202,-0.00102602,0.00034686,0.00081656,-0.00106534,0.00006302,-0.00071183,0.00098162,0.00109765,0.00055664,-0.00146054,0.00084891,-0.00062465,0.00110135,-0.00019675,-0.00034819,-0.00121721,-0.00068462,-0.00126649,-0.00071752,-0.00033017,0.00103993,-0.00032220,-0.00087952,0.00022412,0.00097124,0.00078516,-0.00112189,0.00020978,-0.00024555,-0.00003628,-0.00018227,-0.00029146,0.00047616,-0.00125526,-0.00078956,0.00017515,-0.00143631,0.00085288,0.00085362,-0.00064376,0.00136061,-0.00008439,-0.00035078,0.00105097,0.00085293,-0.00137998,-0.00060787,-0.00082077,-0.00089249,0.00018151,-0.00047238,-0.00019811,-0.00079437,0.00158294,0.00014390,-0.00011188,0.00122181,0.00032484,-0.00021764,-0.00019834,0.00055578,0.00069696,-0.00039977,-0.00038381,-0.00006668,0.00052485,0.00045103,0.00061798,-0.00052739,-0.00054920,-0.00057839,-0.00093837,0.00025693,-0.00024917,-0.00103863,0.00053814,0.00158866,-0.00067780,-0.00006300,0.00137648,-0.00021418,-0.00015721,0.00045304,-0.00028138,0.00022521,0.00128024,-0.00040917,0.00031596,-0.00124645,0.00125090,0.00041236,-0.00118054,-0.00124815,-0.00007605,-0.00021123,-0.00133287,-0.00016995,-0.00091383,0.00049602,-0.00029889,0.00074143,-0.00088361,-0.00110470,0.00106151,0.00108001,-0.00024100,0.00050452,0.00147510,-0.01175334,-0.00144010,-0.00083331,0.00059031,0.00022557,0.00071404,0.00010343,0.00117579,-0.00149904,0.00114936,-0.00018326,-0.00059335,0.00089136,0.00030264,-0.00157502,0.00141449,0.00164789,0.00140019,0.00042536,-0.00060250,0.00000388,0.00061828,-0.00052722,0.00059157,-0.00203648,-0.00080459,0.00171345,0.00022082,0.00080470,-0.00073856,0.00077077,-0.00086885,0.00136272,-0.00099081,-0.00011219,0.00021202,-0.00007916,0.00085149,0.00069188,-0.00157392,-0.00116908,0.00098761
0.00022405,0.00047434,-0.00021126,-0.00081861,0.00112484,0.00139549,0.00076710,0.00014257,0.00119774,-0.00064849,0.00026675,0.00119144,-0.00115959,0.00039432,0.00064094,-0.00087176,-0.00014019,0.00096763,-0.00011010,-0.00106880,0.00041621,0.00114658,0.00089246,0.00023971,-0.00154033,0.00151221,-0.00000331,-0.00025016,0.00017247,-0.00003871,0.00046812,-0.00098342,-0.00125653,0.00080755,0.00140111,-0.00028525,0.00001347,-0.00014335,-0.00089085,0.00050751,0.00052193,0.00143009,0.00088253,-0.00013856,-0.00046124,0.00093142,0.00005279,0.00029412,-0.00080396,-0.00128841,-0.00075078,0.00044737,-0.00078851,-0.00002861,-0.00077023,-0.00052980,-0.00000022,0.00102244,0.00031448,0.00021618,0.00111263,0.00060395,0.00022650,-0.00041960,-0.00012880,-0.00145099,-0.00022237,-0.00071077,0.00007160,0.00057174,0.00089618,0.00077105,0.00040857,0.00028786,-0.00166114,0.00143896,0.00071452,-0.00048210,0.00079995,-0.00043319,-0.00068529,0.00101480,-0.00122339,-0.00084911,0.00059532,-0.00017154,-0.00144241,0.00096639,0.00007555,0.00174462,0.00095485,0.00077735,0.00090998,0.00102338,0.00061236,0.00024279,-0.00148018,0.00035322,-0.00085417,0.00023745,-0.00011032,0.00052222,-0.00124244,-0.00011333,0.00045613,0.00030055,-0.00016644,0.00022741,0.00076914,-0.00124228,0.00063901,0.00106485,0.00154319,0.00099040,0.00024330,0.00036569,0.00074599,-0.00064249,-0.00070012,0.00033878,0.00053705,-0.00011099,0.00103951,-0.00019568,-0.00027298,-0.00004527,-0.00029845,-0.00094389,0.00002024,-0.00074412,-0.00028662,-0.00026319,-0.00033405,-0.00070589,0.00020240,-0.00006980,0.00048326,0.00215631,-0.00103095,-0.00000901,-0.00093647,0.00101216,-0.00027628,-0.00030750,0.00076982,-0.00054704,-0.00117287,0.00069272,-0.00120569,-0.00016652,0.00005421,-0.00881635,0.00055228,-0.00047318,0.00003786,0.00026731,-0.00127336,-0.00017951,-0.00006219,-0.00043976,-0.00016820,-0.00017844,-0.00036157,-0.00138631,0.00107952,-0.00083642,-0.00058373,-0.00147559,-0.00040623,-0.00057879,0.00048685,-0.00111479,0.00112282,-0.00038698,0.00143728,-0.00040702,-0.00055604,0.00018343,-0.00067964,0.00028526,-0.00098467,0.00093840,-0.00071699,0.00012026,-0.00052216,-0.00145137,-0.00035888,-0.00064002,-0.00135898,0.00123237,0.00036554,-0.00044003
0.00003198,-0.00045330,0.00064482,-0.00084770,0.00084438,-0.00039673,0.00056255,-0.00048877,0.00073344,0.00042299,0.00009256,0.00098111,-0.00082797,0.00014637,0.00111780,-0.00115038,0.00103287,0.00112225,-0.00058535,-0.00047074,0.00126548,0.00014024,0.00059238,0.00018099,-0.00096525,-0.00015131,0.00032183,0.00024412,-0.00041144,0.00048155,0.00061248,-0.00158295,0.00006552,0.00151869,0.00153166,-0.00097901,-0.00004953,-0.00031563,-0.00112229,0.00091229,0.00087037,0.00068206,0.00045284,-0.00013209,-0.00017974,0.00097534,-0.00025092,0.00081659,-0.00066701,-0.00071151,0.00029460,0.00117327,-0.00104446,-0.00007424,-0.00093059,-0.00032579,-0.00007950,0.00101843,0.00040849,0.00158925,0.00181064,0.00124705,-0.00088843,-0.00043320,0.00020000,-0.00012662,-0.00056472,-0.00186729,-0.00013061,-0.00017420,0.00000984,0.00041382,0.00140712,0.00029111,-0.00148806,0.00122677,-0.00004764,-0.00027093,0.00007423,0.00005068,-0.00127238,0.00125665,-0.00124217,0.00056590,0.00088492,0.00012393,-0.00159459,0.00081603,-0.00026755,0.00133899,0.00065904,0.00022250,0.00103442,0.00052089,0.00104340,-0.00044719,-0.00042560,0.00069583,0.00014458,0.00025538,0.00000623,0.00060063,-0.00100138,-0.00071380,0.00089886,0.00023311,-0.00029836,0.00040547,-0.00002844,-0.00101683,0.00129232,-0.00014820,0.00096725,0.00135760,0.00063360,0.00094116,0.00052455,-0.00045289,-0.00111393,0.00094856,-0.00074237,-0.00002797,0.00124720,0.00127511,-0.00082935,0.00034319,-0.00028218,-0.00110865,0.00069481,-0.00000817,0.00019613,-0.00162835,-0.00086889,0.00029782,0.00043215,0.00022521,0.00064979,0.00230008,-0.00031326,0.00098177,-0.00067701,0.00148646,-0.00179285,0.00086266,0.00126950,-0.00035129,-0.00077145,0.00077684,-0.00052531,-0.00099029,-0.00000120,0.00144435,-0.01256922,0.00034462,-0.00068974,0.00123446,-0.00053041,-0.00076290,0.00044749,0.00043564,0.00024400,-0.00005721,-0.00046828,-0.00055849,0.00143315,-0.00106903,-0.00086850,-0.00078073,-0.00074794,0.00047227,0.00089188,-0.00092676,0.00095776,0.00038645,0.00060651,-0.00055374,-0.00061930,0.00046936,-0.00156096,0.00065269,-0.00072907,0.00122043,-0.00085960,-0.00001923,-0.00003284,-0.00088815,-0.00019212,-0.00026848,-0.00127404,0.00183585,0.00151534,-0.00057812
-0.00047412,0.00070136,-0.00055249,0.00174353,-0.00049204,0.00007401,-0.00154734,-0.00031755,-0.00211753,-0.00075393,-0.00177827,-0.00131764,0.00078102,-0.00115046,-0.00097278,0.00119160,-0.00090149,-0.00116389,0.00087253,0.00216967,-0.00106354,-0.00059291,-0.00141635,-0.00033298,0.00162293,-0.00121790,-0.00138188,-0.00113154,0.00101072,0.00009173,-0.00132283,0.00148248,0.00008118,-0.00086799,-0.00056012,0.00116974,0.00134674,-0.00045532,0.00136706,-0.00117011,-0.00177669,-0.00066970,-0.00049871,0.00069533,0.00106373,-0.00129026,0.00018977,-0.00131562,0.00161021,0.00190178,0.00009161,-0.00126439,0.00158403,0.00026839,0.00141241,0.00012866,-0.00036494,-0.00156788,-0.00147668,-0.00113396,-0.00113605,-0.00097147,0.00091892,0.00028866,0.00071268,0.00195554,0.00155944,0.00155000,0.00005063,0.00068679,-0.00147084,-0.00014431,-0.00054938,-0.00017506,0.00165920,0.00003256,-0.00012324,0.00133151,-0.00165969,0.00098080,0.00051703,-0.00161159,0.00122431,0.00049464,-0.00110913,0.00102747,0.00200203,-0.00131899,-0.00001182,-0.00183667,-0.00141089,-0.00076233,-0.00167647,0.00020610,-0.00145480,0.00012083,0.00103080,-0.00052193,0.00020721,0.00071726,-0.00061303,0.00000886,0.00162019,0.00071616,-0.00098542,-0.00103705,-0.00051809,-0.00104923,0.00120058,0.00115140,-0.00122299,-0.00085370,-0.00115383,-0.00083109,-0.00138720,-0.00102630,-0.00199212,0.00160703,0.00158865,-0.00144627,0.00039620,0.00013073,-0.00131232,-0.00026910,0.00064597,-0.00017041,0.00007973,0.00169242,-0.00118869,0.00004039,-0.00091706,0.00204824,0.00144970,-0.00008403,-0.00175090,-0.00119548,-0.00048434,-0.00249617,0.00029002,-0.00145489,0.00115074,-0.00087929,0.00131040,-0.00166642,-0.00030391,0.00170958,0.00098094,-0.00080761,0.00107213,0.00137377,-0.00016305,-0.00176479,-0.00095595,-0.01000330,-0.00011897,0.00002104,0.00123388,0.00128340,-0.00097365,0.00060801,-0.00096983,0.00061422,0.00135806,0.00050241,-0.00059856,0.00105382,0.00112878,0.00191093,0.00126698,-0.00007298,-0.00106172,0.00035827,-0.00104641,0.00087205,-0.00156908,-0.00043282,0.00130014,-0.00104726,0.00162694,-0.00188753,0.00128743,-0.00169869,0.00177383,-0.00097325,-0.00003052,0.00126082,-0.00094039,0.00108942,0.00137233,-0.00243078,-0.00160940,0.00213611
-0.00003263,0.00039728,0.00048703,-0.00071727,-0.00002986,-0.00009365,-0.00081179,0.00147111,0.00096036,-0.00015719,0.00111115,0.00097627,0.00004968,0.00057148,0.00070354,-0.00081677,0.00088110,0.00120386,-0.00119681,-0.00040160,0.00056008,0.00006745,0.00098302,-0.00007135,-0.00081154,0.00054268,0.00091490,0.00034561,-0.00102717,0.00083698,0.00060277,-0.00114015,0.00045860,0.00118509,0.00056980,-0.00021250,-0.00024973,-0.00098301,-0.00090209,0.00144819,0.00109407,0.00134446,0.00089368,-0.00028011,-0.00004828,0.00115763,0.00007018,0.00087279,-0.00111852,-0.00029318,-0.00025658,0.00133102,-0.00042484,-0.00050711,-0.00101237,-0.00048287,-0.00004103,0.00069267,-0.00047231,-0.00024147,0.00096935,0.00133126,-0.00030161,-0.00016142,-0.00069275,0.00057641,-0.00137861,-0.00024774,0.00043623,-0.00010630,0.00017619,0.00038651,0.00006691,0.00080323,-0.00050803,-0.00038983,0.00048550,-0.00132735,0.00110166,-0.00014977,-0.00055457,0.00035639,-0.00087918,0.00042251,0.00067174,-0.00044353,-0.00130354,0.00069989,-0.00102854,0.00120980,0.00081936,0.00074136,0.00175578,-0.00049454,-0.00046670,0.00008232,-0.00035840,0.00110214,-0.00054401,-0.00021234,-0.00034278,-0.00012312,-0.00025260,0.00003348,0.00148820,-0.00116973,-0.00030455,0.00093526,0.00017223,-0.00103337,0.00032420,-0.00011134,0.00032512,0.00054521,0.00034269,-0.00002600,-0.00027227,-0.00112922,-0.00080643,0.00058241,-0.00056513,-0.00020366,0.00131220,-0.00001478,-0.00057634,-0.00001867,-0.00027940,-0.00009560,0.00018490,-0.00007286,0.00012510,-0.00068780,-0.00108843,0.00102185,-0.00002415,0.00040949,-0.00062565,0.00062238,0.00075864,0.00085810,-0.00102818,0.00047572,-0.00128870,0.00078126,0.00075407,-0.00032856,0.00030337,0.00054177,-0.00013458,-0.00099797,-0.00006338,0.00171744,0.00023479,-0.00022672,-0.01371031,-0.00002469,-0.00057567,-0.00071085,0.00133758,0.00016677,0.00128689,0.00025375,-0.00028620,0.00010029,-0.00035108,-0.00055231,-0.00134240,-0.00083008,-0.00117528,-0.00016899,-0.00007174,0.00058801,0.00048181,-0.00051512,0.00038696,-0.00019312,-0.00098343,0.00159633,-0.00076619,0.00032868,0.00001822,0.00123801,-0.00036188,0.00097037,-0.00029436,-0.00025657,0.00044232,-0.00098490,-0.00089938,0.00041974,0.00059264,-0.00104629
-0.00047191,0.00082690,-0.00081086,0.00084904,-0.00103830,0.00111355,-0.00123993,-0.00052776,-0.00218038,-0.00132631,-0.00167024,-0.00079287,0.00029896,-0.00114904,-0.00123234,0.00125576,-0.00153576,-0.00248307,0.00139923,0.00091642,-0.00061400,-0.00151493,-0.00092392,-0.00129755,0.00177906,-0.00147240,-0.00044875,0.00017075,0.00132227,0.00014801,-0.00169736,0.00203562,-0.00020451,-0.00171126,-0.00164614,0.00104361,0.00142697,-0.00022037,0.00193228,-0.00144032,-0.00184929,-0.00166690,-0.00157736,0.00053487,0.00050455,-0.00204065,0.00093647,-0.00152209,0.00140952,0.00174925,0.00113537,-0.00152020,0.00119194,-0.00097243,0.00061646,0.00039541,-0.00071567,-0.00152377,-0.00144842,-0.00119069,-0.00160411,-0.00175659,0.00099904,0.00005981,0.00009164,0.00134100,0.00179407,0.00200564,-0.00066219,0.00106579,-0.00175692,0.00001484,-0.00009811,-0.00044640,0.00144836,-0.00015953,-0.00089913,0.00118003,-0.00170991,0.00122022,0.00111951,-0.00209839,0.00070513,0.00102861,-0.00131876,0.00199224,0.00236431,-0.00122623,0.00002919,-0.00217544,-0.00255523,-0.00107115,-0.00197666,-0.00109640,-0.00142005,-0.00064039,0.00145431,-0.00046512,-0.00086822,0.00135381,-0.00012220,0.00004340,0.00178737,0.00044694,-0.00110626,-0.00105406,-0.00072176,-0.00055532,0.00046240,0.00102737,-0.00122941,-0.00067994,-0.00195253,-0.00101958,-0.00025257,-0.00038934,-0.00118954,0.00138231,0.00177479,-0.00130936,-0.00011745,0.00036377,-0.00130227,-0.00123858,0.00150071,0.00020751,0.00026457,0.00105958,-0.00124502,0.00018203,-0.00167006,0.00200747,0.00144914,-0.00003026,-0.00128029,-0.00154836,-0.00097750,-0.00248847,0.00026924,-0.00154781,0.00176186,-0.00095087,0.00110996,-0.00019475,-0.00074876,0.00094077,0.00168427,-0.00188400,0.00115398,0.00125016,-0.00001905,-0.00215079,-0.00148339,0.00050589,0.00119762,-0.00947329,0.00181343,0.00156624,-0.00121827,-0.00015721,-0.00120791,0.00054806,0.00178169,0.00116593,-0.00190171,0.00155968,0.00112892,0.00263102,0.00136667,-0.00051964,-0.00080790,-0.00000433,-0.00128081,0.00111311,-0.00196834,-0.00050707,0.00156924,-0.00052436,0.00153123,-0.00183284,0.00212862,-0.00229846,0.00143861,-0.00149577,0.00005376,0.00147755,-0.00004860,0.00076374,0.00148870,-0.00276890,-0.00126561,0.00218987
0.00039659,0.00015895,0.00010474,-0.00091083,0.00118653,-0.00053461,-0.00046473,-0.00041936,0.00020612,0.00036825,0.00020022,0.00020638,-0.00036590,0.00047649,0.00030686,-0.00059492,0.00034130,-0.00016332,-0.00032056,-0.00042657,0.00181790,0.00104929,0.00101046,0.00084393,-0.00065037,0.00032888,0.00010377,0.00048765,0.00032702,0.00011358,0.00065250,-0.00044551,0.00082276,0.00049187,0.00033954,-0.00094021,0.00004239,0.00005726,-0.00060959,0.00080949,0.00150758,0.00030842,0.00117506,-0.00046982,-0.00124158,0.00053404,0.00000966,0.00030030,-0.00127717,-0.00054590,0.00043058,0.00010764,-0.00081131,-0.00042342,-0.00086689,-0.00028411,0.00020008,0.00063599,0.00026343,0.00068877,0.00008623,0.00053208,-0.00031490,-0.00055895,0.00097735,0.00023631,-0.00083307,-0.00034400,0.00025109,0.00001237,0.00048884,0.00000500,-0.00022101,-0.00017169,-0.00100970,-0.00008077,0.00034510,-0.00060568,0.00173702,-0.00007231,-0.00051770,0.00061407,-0.00019336,0.00020140,0.00058707,0.00071948,-0.00134405,0.00022802,0.00022445,0.00111161,0.00073217,0.00056934,-0.00030690,0.00112261,0.00015616,-0.00073156,-0.00026007,0.00027490,-0.00028665,-0.00058823,-0.00099083,0.00065899,-0.00178958,-0.00022656,-0.00012653,0.00062083,0.00112662,0.00055293,0.00028656,-0.00099823,0.00004383,0.00070839,0.00051374,0.00011565,0.00140156,0.00025317,0.00057562,-0.00070142,-0.00091891,0.00031577,0.00105974,0.00036827,0.00067927,0.00089803,-0.00051686,-0.00111887,-0.00024375,-0.00164136,0.00027901,-0.00006454,0.00036804,-0.00105177,-0.00054123,0.00031865,0.00141678,0.00034538,0.00030419,0.00137279,-0.00035983,0.00124193,-0.00063096,0.00045026,-0.00100090,0.00013765,0.00042189,-0.00079286,-0.00005216,0.00036139,-0.00022609,-0.00066910,-0.00042838,0.00089295,0.00106084,-0.00062071,0.00004176,-0.00004693,-0.01303945,-0.00113597,0.00080643,0.00039720,0.00047358,-0.00056859,0.00029547,0.00007218,0.00104328,-0.00039399,-0.00140364,-0.00017513,-0.00079896,0.00073802,0.00090902,-0.00042569,0.00018709,-0.00040074,0.00015069,-0.00056882,-0.00066136,0.00065821,-0.00066263,0.00091066,0.00009306,0.00097936,-0.00086410,0.00040641,0.00003099,-0.00101324,-0.00000202,-0.00056512,-0.00077955,0.00109288,0.00137444,-0.00034963
-0.00074324,0.00053655,-0.00014319,0.00104624,0.00002258,0.00065367,-0.00038177,0.00023053,-0.00112664,-0.00088091,-0.00097376,-0.00078324,0.00029081,-0.00094339,-0.00031766,0.00100626,-0.00093248,-0.00155708,0.00077999,0.00095880,-0.00016788,-0.00026142,-0.00058112,-0.00014615,0.00135525,-0.00074576,-0.00133416,0.00025307,0.00086442,-0.00032720,-0.00151258,0.00134336,0.00074968,-0.00115408,-0.00203391,0.00058144,0.00085844,0.00074468,0.00033985,-0.00061922,-0.00107729,-0.00089357,-0.00061823,0.00106858,-0.00070866,-0.00109208,0.00011922,-0.00128664,0.00020677,0.00161023,0.00030093,-0.00083101,0.00079237,0.00092004,0.00048130,-0.00014572,0.00058782,-0.00100786,-0.00034427,-0.00041534,-0.00080669,-0.00096811,0.00038191,0.00064716,0.00032943,0.00098263,0.00055308,0.00045419,-0.00145099,0.00027247,0.00030191,-0.00002864,0.00063073,0.00042922,0.00140367,-0.00047032,-0.00090549,0.00092526,-0.00025442,0.00075201,0.00013520,-0.00077943,0.00117487,0.00099472,-0.00011319,0.00089521,0.00126861,-0.00069951,-0.00014742,-0.00166940,-0.00067784,-0.00006187,-0.00110156,0.00006649,-0.00093447,0.00035858,0.00088087,-0.00040326,-0.00040882,0.00081167,0.00012341,0.00008328,0.00130551,0.00034114,-0.00124677,-0.00041238,-0.00008199,-0.00145312,0.00028577,0.00037152,-0.00114223,-0.00089022,-0.00067568,-0.00028225,-0.00023435,-0.00083551,-0.00113409,0.00175855,0.00063568,-0.00071535,-0.00058572,-0.00060024,-0.00086777,-0.00085213,0.00050253,-0.00079186,0.00104376,0.00051995,0.00029006,-0.00002494,-0.00010639,0.00130023,0.00084034,-0.00019998,-0.00140688,-0.00068790,-0.00098798,-0.00140689,0.00059238,0.00003941,0.00049714,-0.00162075,0.00016642,-0.00102802,-0.00096387,0.00029165,0.00132879,-0.00036855,0.00157929,0.00109396,0.00020762,-0.00032757,-0.00069067,-0.00027592,0.00085288,-0.00023760,0.00035649,-0.01109316,-0.00121512,0.00117755,0.00018465,0.00068894,0.00087262,0.00091772,-0.00101149,0.00055837,0.00039546,0.00236881,0.00048054,-0.00005001,-0.00036317,-0.00002088,-0.00076381,-0.00004972,-0.00137653,-0.00044881,0.00001112,-0.00036709,0.00060682,-0.00094890,0.00139408,-0.00082908,0.00116399,-0.00110490,-0.00052406,0.00051770,-0.00077695,-0.00028155,0.00139629,-0.00108200,-0.00049067,0.00173616
0.00053735,-0.00062645,0.00073332,0.00017131,0.00023683,-0.00104053,-0.00064646,-0.00039349,0.00087000,0.00133470,0.00101812,0.00025213,-0.00063211,0.00032135,-0.00014709,-0.00004549,-0.00063475,0.00031292,-0.00030477,-0.00018595,0.00031753,-0.00003704,0.00184240,0.00058673,-0.00079721,0.00014409,0.00029841,0.00022852,-0.00091556,0.00088225,0.00045059,-0.00077783,-0.00075350,0.00057821,0.00018093,-0.00088647,-0.00001914,-0.00054103,-0.00019209,0.00020815,0.00013597,0.00060606,-0.00000706,0.00026808,0.00045948,0.00078309,-0.00040126,0.00040275,-0.00116250,-0.00048239,0.00055534,-0.00076526,-0.00088531,-0.00115503,-0.00055682,0.00089020,0.00023566,-0.00002156,0.00008208,0.00012866,0.00040345,0.00096793,0.00058978,0.00059694,0.00052834,0.00046154,-0.00030086,-0.00059737,-0.00030293,0.00017398,-0.00037012,-0.00014846,0.00048512,-0.00035334,-0.00028769,0.00004713,0.00001684,-0.00005991,0.00029678,-0.00115910,0.00039938,0.00042312,-0.00047068,0.00075774,0.00092491,-0.00007683,-0.00096365,0.00103465,0.00072498,0.00044173,0.00054835,-0.00034918,0.00078705,-0.00039261,0.00111265,-0.00050335,-0.00139094,0.00040081,0.00000948,-0.00051975,-0.00024898,-0.00042318,-0.00009046,0.00062026,0.00032683,0.00028550,-0.00136268,0.00007235,0.00026511,-0.00135500,-0.00062869,0.00054821,0.00105429,0.00000835,0.00013402,-0.00045424,0.00087081,0.00018960,-0.00059153,-0.00033335,-0.00097188,-0.00058874,0.00143244,0.00041323,-0.00083579,-0.00034042,-0.00064720,-0.00079501,0.00042475,0.00018608,0.00089803,-0.00003744,-0.00029594,-0.00037817,0.00041607,-0.00017061,0.00066962,0.00107898,-0.00035931,0.00010672,0.00024119,0.00124492,-0.00030555,0.00018151,-0.00018617,0.00000574,-0.00106553,-0.00038060,-0.00031556,-0.00044386,0.00066929,-0.00051757,-0.00043177,0.00051877,0.00033882,0.00162559,-0.00079114,-0.00060270,-0.01461140,0.00026397,-0.00078231,0.00024681,-0.00097805,-0.00028592,-0.00002904,0.00020797,0.00088662,-0.00143092,-0.00008171,-0.00025233,-0.00054362,-0.00031195,0.00002876,-0.00019562,0.00025674,-0.00130730,-0.00083442,0.00046963,-0.00031536,0.00059307,-0.00051784,0.00065413,-0.00070740,-0.00009535,0.00068287,-0.00055791,0.00019959,0.00013513,-0.00007162,0.00069320,0.00059705,-0.00046361
0.00049110,0.00066350,-0.00037410,-0.00025199,0.00079816,0.00037064,-0.00053205,0.00044981,-0.00000724,-0.00000175,0.00062879,0.00039062,-0.00046894,0.00152815,-0.00003362,0.00001112,0.00029995,0.00001323,-0.00027199,-0.00049789,-0.00074868,0.00056655,0.00127272,0.00084874,-0.00055259,0.00025546,0.00007245,0.00136395,-0.00079226,0.00004673,0.00071242,-0.00139099,-0.00032884,-0.00025844,0.00030307,0.00001472,0.00035765,-0.00071601,-0.00025134,0.00020109,0.00056346,0.00048597,0.00102150,0.00024613,-0.00035781,0.00112824,0.00088159,0.00035570,0.00027867,0.00013996,-0.00067536,0.00010500,-0.00035760,-0.00047673,0.00055036,-0.00053791,0.00029712,0.00061580,0.00004546,-0.00029669,0.00089550,0.00045136,-0.00013504,0.00014086,0.00014860,-0.00061938,-0.00006213,-0.00070119,0.00013334,0.00100278,0.00088436,0.00059429,0.00022810,0.00074712,-0.00046038,0.00079098,-0.00059255,-0.00029098,0.00035858,0.00036581,0.00008546,-0.00022215,-0.00067707,-0.00071840,0.00040168,-0.00002829,-0.00028970,0.00037593,0.00001710,0.00007592,-0.00016244,0.00016394,0.00023842,-0.00000910,0.00090006,0.00048945,0.00039748,0.00045842,-0.00068327,0.00076083,0.00042143,0.00027691,-0.00066888,-0.00062433,-0.00000055,-0.00016987,0.00028209,0.00010503,-0.00041787,-0.00054060,0.00045013,0.00051107,0.00010709,0.00090772,0.00071881,0.00101519,0.00084700,0.00035882,-0.00074790,0.00038202,-0.00003621,-0.00011786,0.00039165,0.00130399,-0.00014229,0.00008896,0.00039872,-0.00121591,0.00020712,-0.00039849,0.00014864,0.00012963,-0.00082387,0.00126476,0.00017385,0.00090902,-0.00001749,0.00120017,0.00000110,0.00066365,-0.00090400,-0.00052443,-0.00073507,-0.00104074,0.00044472,-0.00000822,-0.00073337,0.00060389,0.00045614,-0.00076524,0.00075867,0.00011892,0.00039816,-0.00031251,0.00016994,-0.00041593,0.00092238,0.00023240,0.00022362,-0.01440130,0.00015931,-0.00020415,-0.00018624,-0.00021894,-0.00014649,-0.00061603,-0.00128898,-0.00035716,-0.00029501,0.00107369,0.00052877,0.00049048,-0.00014332,-0.00008120,0.00040989,0.00053242,-0.00014647,0.00036301,-0.00108696,0.00055134,-0.00067081,0.00090368,0.00001329,0.00012996,-0.00116067,-0.00072246,0.00020388,-0.00096394,-0.00010083,0.00028946,-0.00030824,-0.00025865
-0.00018657,-0.00034742,0.00092701,-0.00056381,0.00080802,-0.00012065,0.00068716,-0.00021039,0.00122074,0.00015194,0.00075515,0.00062718,-0.00044206,0.00126144,0.00163808,-0.00029583,0.00127994,0.00180502,-0.00087224,-0.00097281,0.00057387,0.00121937,0.00100800,0.00073960,-0.00110319,0.00113269,0.00191108,0.00017332,-0.00109313,0.00068345,0.00162370,-0.00123583,-0.00058711,0.00104100,0.00108328,-0.00154623,-0.00017019,-0.00029721,-0.00157601,0.00117136,0.00100348,0.00139925,0.00086419,-0.00010397,-0.00084543,0.00107906,-0.00053585,0.00106819,-0.00156431,-0.00089178,-0.00008387,0.00104205,-0.00131535,0.00078033,-0.00100217,-0.00065014,-0.00003311,0.00079106,0.00051815,0.00094672,0.00071998,0.00035901,-0.00115843,-0.00087540,0.00009779,-0.00089354,-0.00085335,-0.00031872,0.00066375,0.00000594,0.00093360,0.00052584,-0.00050267,0.00006895,-0.00107323,0.00019145,0.00053213,-0.00095739,0.00034153,-0.00098765,-0.00013936,0.00169501,-0.00121498,-0.00030427,0.00022046,-0.00139241,-0.00158801,0.00044691,0.00083482,0.00148308,0.00101336,0.00045340,0.00103748,0.00039804,0.00165795,0.00062058,-0.00125577,-0.00015365,-0.00014619,-0.00050498,0.00023818,0.00013694,-0.00149213,0.00005170,0.00131504,0.00047547,0.00086430,0.00050401,-0.00001454,-0.00117312,0.00022051,0.00034511,0.00052855,0.00075447,0.00021787,0.00101903,0.00049546,-0.00109091,-0.00081376,0.00081907,0.00058611,0.00014844,0.00033354,-0.00036484,-0.00118665,0.00007029,-0.00134559,-0.00045302,0.00052940,0.00008793,0.00041782,-0.00124147,-0.00149852,0.00003939,0.00144728,0.00145006,-0.00050550,0.00192698,0.00001909,0.00085907,-0.00106743,0.00134572,-0.00130092,0.00062751,0.00025824,-0.00095601,-0.00144356,0.00096577,-0.00057293,-0.00038811,0.00039209,0.00096835,0.00083854,-0.00065478,0.00015363,-0.00022401,-0.00103071,-0.00048131,0.00123272,0.00008397,-0.00975528,-0.00018594,-0.00086834,-0.00094095,0.00165476,-0.00152310,-0.00148824,-0.00222883,-0.00065681,-0.00017877,0.00094144,-0.00093441,0.00119622,-0.00076593,0.00136596,0.00033857,-0.00121839,0.00143539,-0.00148980,0.00108438,-0.00118570,0.00084977,-0.00105396,0.00158303,0.00012289,-0.00102710,0.00052384,-0.00081848,-0.00081726,0.00138111,0.00175112,-0.00184644
0.00163254,-0.00026000,0.00054595,-0.00160217,0.00042585,-0.00027858,0.00110372,-0.00017673,0.00207391,0.00094967,0.00171679,0.00047269,-0.00116082,0.00167332,0.00018147,-0.00115868,0.00126201,0.00152732,-0.00192078,0.00018011,-0.00012020,0.00094412,0.00103766,0.00078050,-0.00147767,0.00068181,0.00063549,-0.00005947,-0.00095531,0.00141034,0.00171355,-0.00085772,-0.00064696,-0.00042765,0.00206816,-0.00117682,-0.00075421,-0.00042987,-0.00089461,0.00076822,0.00037053,0.00171279,0.00084223,-0.00007181,0.00039330,0.00049982,-0.00050411,0.00066570,-0.00091622,-0.00097811,-0.00036599,0.00241569,-0.00055476,-0.00019289,-0.00124615,0.00009250,-0.00058875,0.00044003,0.00125218,0.00030086,0.00052802,-0.00003379,-0.00011140,-0.00065107,0.00028746,-0.00067672,-0.00141810,-0.00126761,0.00012749,-0.00025629,0.00099158,0.00067223,0.00007523,-0.00075308,-0.00140213,-0.00079556,0.00066822,-0.00128556,0.00024612,-0.00091659,-0.00107303,0.00114054,-0.00087633,-0.00149635,0.00052386,-0.00114202,-0.00202950,0.00115757,0.00033176,0.00116021,0.00158471,0.00030963,0.00152074,0.00053269,0.00131716,0.00009371,-0.00019269,0.00039787,-0.00013616,-0.00076853,-0.00002370,-0.00025935,-0.00025870,0.00038948,0.00051084,0.00042433,0.00069149,0.00022511,-0.00030005,-0.00120313,0.00075068,0.00096844,0.00099179,0.00025156,0.00111941,0.00050192,0.00118436,-0.00121452,-0.00047869,0.00086954,0.00029209,0.00000425,0.00156973,-0.00051167,-0.00065046,-0.00023708,-0.00122259,-0.00065769,-0.00010917,0.00041381,0.00033523,-0.00201103,-0.00146517,0.00114740,0.00125336,0.00069105,0.00053537,0.00170414,0.00006642,0.00098714,-0.00099653,0.00096176,-0.00090058,0.00011096,0.00106881,-0.00104076,-0.00133130,0.00135217,-0.00013112,-0.00059685,-0.00085872,0.00192626,0.00139594,0.00065687,0.00038738,0.00014744,-0.00064585,-0.00126337,0.00205632,-0.00070118,0.00088655,-0.01428670,-0.00040942,-0.00023372,0.00114366,-0.00086737,-0.00095331,-0.00089665,-0.00091447,-0.00003138,0.00153462,0.00066493,0.00008647,-0.00047241,0.00094241,0.00084706,-0.00128842,0.00074420,-0.00104874,0.00088401,-0.00061253,0.00212156,-0.00121877,0.00077815,0.00042836,-0.00043515,0.00043065,-0.00072679,-0.00057849,0.00048148,0.00155371,-0.00175891
0.00041236,0.00017561,0.00103844,-0.00068253,-0.00004941,0.00017764,0.00122302,-0.00037447,0.00167249,0.00163467,0.00219047,0.00093364,-0.00139936,0.00147712,0.00023233,-0.00018052,0.00140912,0.00190056,-0.00173384,-0.00076596,0.00041065,0.00113685,0.00042778,0.00044984,-0.00144273,0.00132011,0.00036648,0.00064123,-0.00100270,0.00057235,0.00163739,-0.00156784,-0.00032217,0.00233151,0.00078219,-0.00074781,-0.00062249,0.00000956,-0.00175131,0.00123893,0.00115176,0.00108786,0.00054895,-0.00073405,-0.00099090,0.00067443,-0.00035151,0.00142069,-0.00123631,-0.00154978,-0.00042830,0.00152759,-0.00161358,0.00078730,-0.00142641,0.00014062,0.00040973,0.00120873,0.00110195,0.00114604,0.00102005,0.00037992,-0.00143395,-0.00079853,-0.00019392,0.00021317,-0.00124268,-0.00160822,0.00004163,0.00120699,0.00094482,0.00051702,0.00117322,-0.00060293,-0.00130019,0.00055177,0.00058174,-0.00134201,0.00144082,-0.00092888,-0.00106983,0.00176634,-0.00084406,-0.00175596,0.00005162,-0.00158342,-0.00189818,0.00031459,-0.00023684,0.00098434,0.00109550,0.00043106,0.00167786,0.00023200,0.00081587,-0.00086410,-0.00051153,0.00013438,-0.00022605,0.00023917,-0.00003407,-0.00041251,-0.00048529,-0.00123246,0.00062982,0.00024298,-0.00023810,-0.00022209,-0.00057009,-0.00180296,0.00114554,0.00054194,0.00080278,0.00141634,-0.00017812,0.00123125,0.00094227,-0.00133130,-0.00096656,0.00151131,0.00052470,-0.00065485,0.00184560,0.00164076,-0.00116025,0.00024610,-0.00077367,-0.00052770,-0.00000498,0.00055216,0.00109378,-0.00238448,-0.00152253,0.00055052,0.00146949,0.00082105,-0.00031778,0.00192841,0.00007859,0.00155917,-0.00241572,0.00015085,-0.00151632,0.00030897,0.00052753,-0.00113573,-0.00109285,0.00041467,0.00022364,-0.00158878,0.00089643,0.00247097,0.00156321,-0.00075507,0.00017714,-0.00053253,-0.00059882,-0.00173274,0.00177740,0.00012950,0.00056821,0.00010201,-0.01376718,-0.00092331,0.00159874,-0.00156955,-0.00110092,-0.00128178,-0.00126386,0.00109371,0.00147833,0.00055289,0.00077885,-0.00091286,0.00090762,0.00049363,-0.00186963,-0.00008447,-0.00075174,0.00102243,-0.00094081,0.00226486,-0.00127016,0.00114900,0.00026382,-0.00059660,0.00082947,-0.00057314,-0.00118690,0.00246492,0.00181767,-0.00231140
0.00010193,0.00130577,-0.00045236,-0.00062710,-0.00023585,0.00018579,-0.00001117,0.00013216,0.00063245,0.00016963,-0.00020228,0.00033700,-0.00081440,-0.00044466,0.00029151,-0.00042514,0.00023009,0.00035512,-0.00018351,0.00022844,-0.00009871,-0.00007974,0.00012367,-0.00084415,-0.00128574,0.00077755,0.00059003,-0.00043680,0.00013529,-0.00093193,0.00000160,0.00039548,0.00064306,0.00031763,-0.00076654,-0.00004643,0.00013790,-0.00007274,-0.00069176,0.00003897,0.00019283,-0.00013648,0.00042934,-0.00104830,-0.00023490,0.00046727,0.00017996,0.00051128,-0.00085274,0.00016886,0.00001408,-0.00011950,-0.00025620,-0.00007920,-0.00069595,0.00096596,0.00074296,0.00019192,0.00048346,-0.00001220,0.00027155,-0.00019043,-0.00012385,-0.00044178,-0.00064494,-0.00164809,-0.00085026,-0.00067097,-0.00039876,-0.00135472,0.00057677,0.00104932,0.00112473,-0.00080924,-0.00030296,-0.00005030,0.00043548,0.00009666,-0.00028375,0.00018938,0.00014556,0.00091064,-0.00104942,-0.00105028,-0.00002810,-0.00015734,-0.00131362,0.00085727,0.00033893,0.00032488,-0.00076311,0.00023153,0.00098090,-0.00125646,0.00042032,-0.00023993,-0.00034795,0.00034710,0.00082932,0.00025013,-0.00062929,0.00032898,-0.00095354,-0.00071228,0.00067852,-0.00053140,-0.00024843,0.00072462,-0.00031313,-0.00089015,0.00004153,0.00056976,-0.00005592,0.00015180,0.00002518,0.00011959,-0.00024955,-0.00056638,0.00008834,0.00080293,0.00045046,0.00074374,0.00040999,-0.00058215,0.00000001,0.00101130,-0.00110341,0.00037764,0.00003206,0.00093368,0.00068227,-0.00118838,-0.00076572,-0.00037869,0.00135137,0.00058528,0.00006974,0.00010971,0.00031848,-0.00035214,-0.00083878,-0.00056989,-0.00058822,-0.00062378,-0.00067972,-0.00032321,0.00034139,0.00028857,0.00046029,-0.00058889,-0.00065179,0.00031737,0.00062230,-0.00052451,0.00071732,-0.00076538,0.00056712,-0.00050819,0.00025937,-0.00016812,0.00015212,0.00069696,-0.00049414,-0.01425177,-0.00030939,0.00013385,0.00036584,0.00078781,-0.00076064,0.00061601,-0.00014313,0.00067999,-0.00077457,-0.00045685,-0.00063214,0.00012260,-0.00031813,0.00054651,-0.00059796,0.00037696,0.00038358,-0.00030026,0.00009895,-0.00033549,-0.00026451,-0.00022223,-0.00009877,-0.00092656,-0.00019657,-0.00000772,0.00025991,-0.00057523
0.00004893,-0.00004206,-0.00030051,-0.00036122,-0.00079563,0.00025947,-0.00018629,0.00060128,0.00010154,0.00031672,0.00082087,0.00007285,0.00079401,-0.00001808,0.00012583,-0.00056623,-0.00067486,0.00022863,0.00010680,-0.00027060,-0.00062267,-0.00018699,-0.00024776,-0.00024793,0.00018577,-0.00016032,-0.00069432,-0.00075786,0.00051598,-0.00012486,-0.00012035,-0.00050594,-0.00001266,-0.00027044,-0.00038281,0.00032480,0.00048306,-0.00110609,0.00012008,-0.00067637,-0.00009669,-0.00039903,0.00010705,-0.00036446,0.00000405,-0.00059757,-0.00002264,0.00019431,0.00056803,-0.00112333,-0.00017250,-0.00060018,-0.00051964,-0.00032451,0.00061843,0.00053070,-0.00015946,0.00064332,0.00045109,-0.00004502,-0.00050758,0.00048453,-0.00050247,-0.00071470,0.00042669,-0.00012568,0.00037169,0.00082347,0.00004651,0.00094060,-0.00015210,0.00063387,0.00041014,0.00013089,-0.00097762,-0.00025640,0.00101551,-0.00057518,0.00101357,0.00080809,0.00022892,0.00011706,0.00003579,-0.00066087,0.00027351,-0.00033170,-0.00068885,0.00112935,-0.00098022,-0.00023816,-0.00091183,0.00041652,-0.00026581,-0.00063897,0.00025376,0.00013246,0.00052658,-0.00065076,0.00036047,-0.00020742,0.00107512,-0.00127931,-0.00085355,0.00092338,0.00021071,0.00029512,-0.00029666,0.00000527,-0.00012802,-0.00071587,-0.00049129,-0.00032663,0.00068460,-0.00023554,-0.00020359,-0.00063248,-0.00040713,-0.00084500,-0.00041485,0.00039365,0.00034427,0.00004256,0.00041653,-0.00018769,-0.00031324,-0.00047803,-0.00014894,-0.00008496,0.00120820,0.00013703,0.00022317,-0.00011922,0.00024636,-0.00000840,-0.00078941,0.00009217,0.00105992,0.00062994,-0.00014686,-0.00007965,0.00033058,-0.00007459,0.00060770,-0.00031316,-0.00017022,-0.00032756,-0.00048117,-0.00044094,-0.00047762,0.00013149,0.00030994,-0.00013973,-0.00037070,0.00140535,-0.00122328,0.00028274,0.00034168,0.00018081,-0.00056150,-0.00031576,0.00014146,-0.00091093,-0.00045112,-0.00035302,-0.01323040,0.00038304,-0.00006372,-0.00045549,0.00027178,-0.00072182,-0.00049382,-0.00040520,0.00030970,0.00036121,0.00033024,0.00048283,-0.00036012,0.00072389,0.00081579,0.00062740,-0.00015546,-0.00055117,-0.00030686,-0.00032839,0.00060744,0.00024978,-0.00001908,-0.00012231,-0.00048219,0.00066762,0.00008192,0.00017709
-0.00052134,0.00018496,-0.00015153,0.00021339,0.00074319,-0.00043745,0.00028531,-0.00016931,-0.00055435,0.00025339,-0.00051022,-0.00006631,-0.00022497,-0.00012865,0.00064228,0.00003033,0.00015725,-0.00090550,0.00101409,0.00073596,0.00024469,-0.00012249,-0.00001787,-0.00021106,0.00089474,-0.00046144,-0.00040211,0.00043450,0.00010232,-0.00044536,0.00000102,0.00049684,0.00015799,0.00018298,-0.00116055,0.00046644,0.00107876,0.00071684,0.00101576,0.00032801,-0.00024445,0.00014015,-0.00062904,-0.00007878,-0.00099737,-0.00101081,-0.00046118,-0.00016111,0.00082184,0.00082681,0.00105645,-0.00050633,0.00015924,0.00021578,-0.00038180,0.00054579,-0.00087492,-0.00074074,-0.00072428,-0.00075058,-0.00034554,-0.00077211,0.00067426,0.00008725,-0.00072554,0.00040802,-0.00012125,0.00020136,0.00039814,-0.00050844,-0.00011248,-0.00090134,0.00007044,0.00025653,-0.00021989,-0.00132291,-0.00063288,-0.00019152,-0.00126616,0.00044322,0.00036243,-0.00009728,0.00142494,0.00110816,0.00043730,0.00031183,0.00086900,-0.00015948,-0.00018869,-0.00042074,-0.00090309,-0.00059153,-0.00071889,0.00031945,-0.00042806,-0.00024963,0.00113352,-0.00047637,0.00013727,0.00143548,0.00066689,0.00034850,0.00093004,0.00057466,-0.00116534,-0.00016864,0.00138770,-0.00140450,0.00047198,0.00065262,0.00031806,-0.00009805,-0.00067258,0.00036652,-0.00070212,-0.00175321,-0.00026228,0.00009731,0.00008823,-0.00046494,0.00072423,-0.00045331,-0.00102991,-0.00046865,0.00022259,-0.00069853,0.00058654,0.00023428,-0.00028959,0.00055313,-0.00039818,0.00047007,0.00070783,0.00062459,0.00017225,-0.00058580,-0.00052140,-0.00132864,0.00048254,-0.00061437,-0.00003163,0.00001790,0.00096198,-0.00018266,0.00015904,0.00041203,0.00067355,-0.00067947,0.00089652,0.00014153,-0.00010466,-0.00053563,-0.00104257,-0.00090439,-0.00007749,-0.00069178,0.00126666,0.00002010,-0.00006419,0.00038455,0.00007568,0.00018904,0.00053876,0.00088478,-0.00012456,-0.01462996,-0.00026229,0.00099686,0.00072414,0.00024965,0.00023528,0.00035350,-0.00181923,-0.00032513,-0.00079134,0.00091860,0.00091829,-0.00026829,0.00064924,-0.00027323,0.00029769,-0.00119971,0.00004834,-0.00010532,-0.00018485,0.00049671,0.00048503,0.00072982,0.00035177,0.00017219,-0.00081380,0.00020573
0.00003403,0.00074334,0.00058686,0.00079585,-0.00052697,0.00018863,-0.00142048,0.00012723,-0.00114398,-0.00035312,-0.00061881,-0.00118991,0.00111754,-0.00085707,-0.00003404,0.00113554,0.00010781,-0.00076836,0.00064914,0.00032867,0.00046586,0.00013491,0.00007780,-0.00030280,0.00059363,-0.00097957,0.00006395,-0.00042779,0.00024645,-0.00115251,-0.00032562,0.00012494,0.00000136,0.00011426,-0.00070215,0.00068579,0.00027322,-0.00071435,0.00041710,-0.00099378,-0.00052848,-0.00079761,-0.00011941,-0.00105494,-0.00004055,-0.00079774,-0.00045540,-0.00055865,0.00074165,0.00105649,-0.00044354,-0.00119562,0.00061658,-0.00001964,0.00034482,0.00088490,-0.00011837,-0.00029741,0.00018147,-0.00034422,-0.00094743,-0.00056298,-0.00034604,0.00000973,-0.00004196,0.00067357,0.00063131,0.00035736,-0.00067880,0.00010047,0.00005881,-0.00026294,0.00006698,0.00049838,0.00133426,-0.00081738,0.00026796,0.00070078,-0.00042681,-0.00008417,0.00067436,-0.00005289,0.00050698,0.00026702,-0.00020669,0.00062488,0.00173528,-0.00015496,-0.00069830,-0.00126931,-0.00079479,-0.00101219,-0.00045998,-0.00037552,-0.00068527,-0.00009633,0.00066675,-0.00019905,0.00068568,0.00028163,0.00051274,-0.00029108,0.00104655,0.00028689,-0.00064971,-0.00075426,-0.00026125,-0.00078155,0.00038609,0.00047894,-0.00024975,-0.00106387,-0.00150758,-0.00085540,-0.00050565,-0.00063430,-0.00110494,0.00060437,0.00157557,0.00022628,0.00071186,0.00004132,-0.00087459,0.00024955,0.00101289,-0.00019636,0.00027955,0.00017352,-0.00078821,0.00018266,-0.00003371,0.00067423,0.00053283,-0.00034708,-0.00098556,0.00001863,-0.00082723,-0.00149626,0.00010494,-0.00027089,0.00040836,-0.00084814,0.00048607,-0.00088521,0.00020050,0.00070397,0.00064006,-0.00027612,0.00149888,0.00013318,-0.00023191,-0.00021724,-0.00004181,-0.00030836,0.00021660,-0.00117033,0.00042125,0.00027016,0.00044704,-0.00037719,-0.00017371,0.00045631,0.00136235,0.00107737,-0.00075916,0.00015869,-0.01126720,0.00135635,-0.00011390,0.00024175,-0.00000002,-0.00018165,-0.00113226,0.00021485,-0.00117636,0.00031233,0.00099605,-0.00010213,0.00040543,-0.00058839,0.00109369,-0.00078570,0.00004210,-0.00014555,-0.00014176,0.00117807,-0.00054933,0.00085656,0.00068863,-0.00148896,-0.00111714,0.00130251
0.00081684,-0.00102502,0.00111183,-0.00136063,0.00112377,0.00061849,-0.00039222,0.00011913,0.00106634,0.00073461,0.00134078,0.00093253,-0.00124703,0.00190480,0.00136678,-0.00134653,0.00129656,0.00113932,-0.00139938,-0.00049092,0.00113083,0.00155953,0.00194047,0.00167754,-0.00159298,0.00115480,0.00075305,0.00068685,-0.00081747,-0.00036422,0.00198093,-0.00142234,0.00009884,0.00191422,0.00089085,-0.00145272,-0.00081267,0.00030730,-0.00178515,0.00135897,0.00055240,0.00227949,0.00094206,-0.00119210,-0.00037253,0.00119805,0.00001740,0.00110525,-0.00032368,-0.00244117,-0.00101120,0.00177588,-0.00153539,0.00096674,-0.00095506,-0.00024782,0.00060623,0.00187885,0.00147230,0.00153599,0.00096883,0.00105059,-0.00100259,-0.00057800,-0.00072161,-0.00075734,-0.00168554,-0.00123063,0.00059214,-0.00022263,0.00074931,0.00028440,0.00016266,0.00072042,-0.00122684,0.00042114,0.00071103,-0.00116958,0.00179261,-0.00211190,-0.00072069,0.00151433,-0.00082533,-0.00113949,0.00110082,-0.00103677,-0.00159432,0.00113141,0.00079605,0.00123508,0.00208264,0.00062156,0.00131887,0.00101431,0.00079414,0.00019892,-0.00089400,-0.00010425,0.00052326,-0.00059969,0.00059293,0.00068334,-0.00142289,-0.00021677,0.00016538,0.00135054,0.00122429,0.00053834,0.00029083,-0.00088750,0.00191909,0.00057681,0.00159769,0.00064792,0.00132134,0.00073605,0.00142857,-0.00101538,-0.00178121,0.00067727,0.00056050,-0.00073089,0.00147768,0.00086485,-0.00134615,0.00010043,-0.00012870,-0.00182975,0.00089275,0.00043162,0.00055797,-0.00139240,-0.00158130,0.00127208,0.00145272,0.00123310,0.00077034,0.00258698,0.00049258,0.00143032,-0.00194588,0.00069475,-0.00184454,0.00158262,0.00121829,-0.00191148,-0.00122546,0.00124321,-0.00084222,-0.00154316,-0.00018263,0.00185335,0.00210239,-0.00160018,-0.00047667,-0.00049368,-0.00118511,-0.00166710,0.00137711,0.00005216,0.00069050,0.00058825,-0.00035855,0.00000992,0.00154540,-0.00162636,-0.00171797,-0.01308377,-0.00162869,0.00140967,0.00193374,0.00060740,0.00067686,-0.00093826,0.00087580,0.00105375,-0.00074018,0.00069086,-0.00146220,0.00059870,-0.00172600,0.00213758,-0.00129744,0.00071191,-0.00009531,-0.00110017,-0.00054633,-0.00168844,-0.00165590,0.00181067,0.00166443,-0.00184476
0.00013846,0.00016056,0.00014213,0.00026730,-0.00002015,-0.00096639,-0.00142059,-0.00006903,-0.00010539,0.00059409,-0.00088528,-0.00116631,0.00122302,-0.00032985,-0.00012486,0.00005248,-0.00020991,-0.00060944,0.00062386,0.00097973,-0.00067249,-0.00066160,0.00034307,-0.00036489,0.00062483,-0.00066820,-0.00097139,0.00012222,0.00088403,-0.00040433,-0.00021481,0.00033566,0.00092859,-0.00077465,-0.00060658,-0.00026704,0.00030895,-0.00015649,0.00101184,-0.00048330,-0.00110383,-0.00012463,-0.00042961,-0.00080671,-0.00004046,-0.00035761,0.00038812,-0.00040147,0.00165115,0.00073984,0.00025690,-0.00096466,0.00081192,0.00037084,0.00106890,-0.00044814,-0.00019174,0.00025119,-0.00001941,-0.00049017,-0.00041824,-0.00036110,-0.00035828,0.00006057,0.00005138,-0.00023544,0.00093784,0.00178520,-0.00025387,-0.00007634,-0.00090179,-0.00028075,0.00032517,-0.00008305,0.00072945,-0.00019969,-0.00033191,0.00078250,-0.00030173,0.00105570,0.00069998,-0.00147878,0.00068840,0.00018361,0.00011955,0.00023416,0.00193317,-0.00036290,-0.00027420,-0.00147638,-0.00149936,-0.00013016,-0.00004128,-0.00017449,-0.00020748,0.00011348,0.00038692,-0.00006764,0.00023913,0.00084648,-0.00020721,-0.00005973,0.00107746,0.00026270,-0.00017633,0.00065978,0.00012836,0.00067370,0.00029940,0.00134069,-0.00102444,-0.00013990,-0.00123017,-0.00081621,-0.00052290,-0.00024994,-0.00158874,-0.00017679,0.00073734,-0.00053596,-0.00000655,-0.00005587,-0.00168512,-0.00081902,0.00070400,0.00077350,0.00026533,0.00120071,-0.00027419,0.00103072,-0.00030274,0.00080640,0.00022319,0.00021155,-0.00039734,0.00013360,-0.00099882,-0.00164854,0.00050424,-0.00037867,0.00083826,-0.00072684,0.00063730,-0.00108720,-0.00079042,0.00040185,0.00045461,-0.00013600,0.00120238,0.00099861,-0.00166829,-0.00026620,-0.00073921,-0.00050488,0.00027361,-0.00044164,0.00083338,0.00056504,-0.00063927,0.00078016,0.00012042,0.00153412,0.00166041,0.00062359,-0.00099555,0.00059379,0.00045569,0.00206621,-0.01035110,0.00083878,0.00050234,0.00043375,-0.00091528,-0.00009073,-0.00179644,0.00063992,0.00075292,-0.00050136,0.00160805,-0.00015202,0.00089513,-0.00056623,0.00096108,-0.00039641,0.00046489,0.00078365,0.00018750,0.00091508,0.00045531,-0.00066138,-0.00033404,0.00088013
-0.00014085,0.00048632,0.00078416,-0.00201662,0.00010947,-0.00087801,-0.00005882,-0.00013742,0.00171098,0.00029039,0.00142602,0.00081563,-0.00073305,0.00103739,0.00116916,-0.00100580,0.00158350,0.00081249,-0.00134504,-0.00038761,0.00021617,0.00089861,0.00039734,0.00160236,-0.00174231,0.00064197,0.00100855,-0.00017673,-0.00020167,0.00140244,0.00139718,-0.00130652,-0.00024127,0.00181072,0.00155817,-0.00109883,-0.00130136,0.00011117,-0.00220477,0.00036083,0.00161819,0.00195850,0.00163972,-0.00081559,0.00007866,0.00171735,0.00022035,0.00062733,-0.00033822,-0.00240633,-0.00101582,0.00131010,-0.00203440,0.00003845,-0.00095669,0.00048267,0.00037128,0.00228581,0.00156067,0.00044505,0.00209995,0.00147930,-0.00086175,-0.00114415,-0.00030946,0.00003216,-0.00156581,-0.00172258,-0.00027470,-0.00036814,0.00105601,0.00070738,0.00006959,-0.00009579,-0.00237937,-0.00025880,0.00031072,-0.00160543,0.00044200,-0.00106058,-0.00142422,0.00082384,-0.00009194,-0.00065602,0.00039495,-0.00052004,-0.00258999,0.00063600,-0.00005633,0.00067604,0.00099270,0.00055924,0.00205934,0.00055980,0.00106556,0.00003885,-0.00068960,-0.00048481,0.00110797,-0.00101742,-0.00031860,-0.00103018,-0.00078868,-0.00004600,0.00149090,0.00049800,0.00111160,0.00008037,-0.00059319,-0.00195285,0.00049892,0.00051638,0.00058522,0.00134424,-0.00003625,0.00138522,0.00066049,-0.00087441,-0.00123939,0.00115206,0.00085407,0.00037160,0.00176060,0.00029092,-0.00092743,0.00010263,-0.00077524,-0.00070650,-0.00051266,0.00107010,0.00106211,-0.00154024,-0.00168204,0.00087230,0.00057221,0.00082579,-0.00047424,0.00317599,0.00052204,0.00060704,-0.00171112,0.00065439,-0.00162998,0.00067409,0.00110023,-0.00128794,-0.00100658,0.00058684,-0.00050447,-0.00143389,-0.00041974,0.00153278,0.00145718,-0.00019600,-0.00009725,-0.00018101,-0.00073843,-0.00124698,0.00217568,0.00072503,0.00102179,0.00011297,0.00044652,-0.00044530,0.00148496,-0.00145421,-0.00111788,-0.00160547,-0.00150646,-0.01339616,0.00100447,-0.00058536,0.00057791,-0.00124175,0.00104431,0.00007640,-0.00149310,-0.00028483,-0.00199459,0.00057893,-0.00113694,0.00149013,-0.00165039,0.00124557,-0.00045154,-0.00062897,0.00016091,-0.00108525,-0.00200208,0.00183417,0.00205859,-0.00150897
-0.00064742,-0.00092460,-0.00000304,-0.00042500,-0.00005318,-0.00040825,0.00132543,0.00016038,0.00102655,0.00023435,0.00029352,0.00123798,0.00012802,0.00126194,-0.00055036,-0.00052054,0.00062583,0.00034206,-0.00072895,0.00013139,-0.00007709,0.00110511,0.00057049,0.00080371,-0.00045018,0.00074875,-0.00004926,-0.00022421,-0.00010953,0.00001631,0.00103096,-0.00131743,-0.00154101,0.00173665,0.00068364,-0.00100571,-0.00052787,0.00027068,-0.00045775,-0.00017617,0.00103600,0.00063102,0.00080001,0.00029404,0.00005414,0.00027525,-0.00082797,0.00097483,-0.00059552,-0.00074230,-0.00040432,0.00127055,-0.00045878,0.00071997,0.00016565,-0.00097661,0.00036147,0.00048474,0.00009171,0.00053921,0.00057121,0.00041530,-0.00059049,-0.00027136,-0.00008461,-0.00018110,-0.00078186,-0.00012052,-0.00017772,-0.00038737,-0.00010971,0.00005151,0.00101602,-0.00020360,-0.00077271,0.00110318,0.00017573,-0.00027956,0.00075329,-0.00075542,-0.00041710,0.00108762,-0.00060873,-0.00032172,0.00133334,-0.00072129,-0.00178214,0.00063292,0.00097330,0.00048666,0.00140754,-0.00055028,0.00117598,-0.00036254,0.00104332,-0.00043864,-0.00109077,-0.00089441,0.00065620,-0.00047951,0.00014415,-0.00004672,-0.00134584,0.00002952,0.00026661,-0.00081023,-0.00090456,-0.00030149,-0.00076691,-0.00070155,0.00034793,0.00092728,0.00080885,0.00014568,0.00056007,0.00043180,0.00070891,-0.00045169,-0.00094186,0.00154613,0.00034137,-0.00058300,0.00100294,0.00047394,-0.00080294,-0.00074367,-0.00034284,-0.00044154,0.00097941,-0.00140776,0.00050886,-0.00040442,-0.00054107,-0.00087256,0.00011681,0.00054695,0.00041980,0.00222401,-0.00046887,-0.00005354,-0.00050278,0.00045616,-0.00056507,0.00097596,0.00082903,-0.00033208,-0.00031696,0.00059680,-0.00055391,-0.00112982,0.00074669,0.00098324,0.00078450,0.00059318,-0.00134758,0.00108596,-0.00100523,-0.00041728,0.00076713,-0.00009752,-0.00012431,0.00006559,-0.00101867,-0.00094136,0.00107125,-0.00052545,-0.00051497,-0.00162457,-0.00012929,-0.00034616,-0.01141516,-0.00065510,0.00126561,0.00073642,0.00112606,-0.00031052,-0.00088446,0.00060218,-0.00084653,0.00098899,-0.00107416,0.00102087,-0.00036995,0.00089766,0.00046128,0.00005346,-0.00004806,0.00095850,-0.00107969,0.00045923,0.00102873,-0.00090347
0.00014588,0.00010372,0.00087063,-0.00130116,0.00016889,-0.00124827,-0.00012909,-0.00046055,0.00196983,0.00081901,0.00198918,0.00114976,-0.00175703,0.00190619,0.00170394,-0.00187150,0.00157002,0.00168896,-0.00168239,-0.00081648,0.00104013,0.00140980,0.00163184,0.00115669,-0.00138539,0.00177698,0.00112650,0.00170559,-0.00046801,0.00021373,0.00208292,-0.00189191,-0.00008235,0.00153668,0.00141471,-0.00168082,-0.00066216,-0.00039266,-0.00118021,0.00202759,0.00173587,0.00179544,0.00148626,-0.00118799,-0.00030191,0.00159342,0.00066747,0.00135730,-0.00140612,-0.00159602,-0.00158119,0.00181276,-0.00136852,0.00070572,-0.00019869,-0.00004868,0.00110773,0.00173269,0.00183496,0.00169485,0.00157204,0.00093386,-0.00116799,-0.00173643,-0.00049256,-0.00125392,-0.00171714,-0.00103235,0.00049133,-0.00042174,0.00204425,0.00034327,0.00084347,0.00004172,-0.00148115,-0.00012239,0.00023029,-0.00116528,0.00076336,-0.00116286,-0.00129816,0.00142886,-0.00150483,-0.00053524,0.00112092,-0.00113112,-0.00192384,0.00188923,0.00036868,0.00156328,0.00225984,0.00090679,0.00165939,0.00019251,0.00139546,-0.00080989,-0.00181627,0.00087210,0.00001256,-0.00126565,0.00053974,0.00030752,-0.00163613,-0.00094400,0.00130422,0.00159370,0.00088561,0.00124896,0.00009021,-0.00155784,0.00143518,0.00106364,0.00137937,0.00128867,-0.00017921,0.00148555,0.00112487,-0.00228332,-0.00092749,0.00130195,-0.00034065,0.00045665,0.00148793,0.00070696,-0.00118332,0.00029006,-0.00116443,-0.00097495,0.00013507,-0.00037070,0.00040761,-0.00151507,-0.00186620,0.00064314,0.00153355,0.00150797,0.00010102,0.00199798,0.00050978,0.00139777,-0.00166903,0.00095592,-0.00130786,0.00071907,0.00112695,-0.00180657,-0.00116951,0.00216571,-0.00086138,-0.00219946,-0.00020655,0.00204210,0.00189352,-0.00047100,0.00036369,-0.00102762,-0.00130577,-0.00167448,0.00215218,0.00054179,0.00076141,0.00023304,-0.00079281,-0.00115265,0.00204646,-0.00240595,-0.00178731,-0.00207321,-0.00202508,0.00052707,0.00140412,-0.01183267,0.00116262,-0.00115098,0.00111338,0.00097276,-0.00199772,0.00102662,-0.00166896,0.00145977,-0.00156808,0.00202986,-0.00197044,0.00126262,-0.00124136,-0.00180613,-0.00053593,-0.00151300,-0.00172781,0.00157886,0.00205474,-0.00233492
-0.00018601,0.00018930,-0.00082668,0.00139738,-0.00056814,0.00153034,-0.00168880,-0.00002874,-0.00201075,-0.00135354,-0.00145825,-0.00195511,0.00145272,-0.00182869,-0.00127661,0.00121386,-0.00161340,-0.00175784,0.00122485,0.00011530,-0.00085979,-0.00071380,-0.00160058,-0.00100253,0.00130230,-0.00167826,-0.00132536,-0.00146205,0.00110266,-0.00091460,-0.00177868,0.00125166,0.00083470,-0.00158309,-0.00131669,0.00139055,0.00038563,0.00019686,0.00094886,-0.00151003,-0.00137759,-0.00121028,-0.00121953,0.00012998,0.00099219,-0.00180245,-0.00002220,-0.00204211,0.00065286,0.00122917,0.00134686,-0.00111229,0.00169155,-0.00144553,0.00107671,0.00003243,-0.00114215,-0.00094201,-0.00129601,-0.00111151,-0.00087177,-0.00140812,0.00048372,0.00043221,0.00043269,0.00159194,0.00141287,0.00131931,-0.00051829,0.00097236,-0.00132028,-0.00082112,-0.00009784,-0.00050639,0.00173779,-0.00138855,-0.00086172,0.00055321,-0.00124491,0.00070915,0.00127697,-0.00105238,0.00091903,0.00169008,-0.00163935,0.00145059,0.00235265,-0.00119768,-0.00064872,-0.00183915,-0.00116517,-0.00130952,-0.00154187,-0.00065058,-0.00112493,-0.00021455,0.00178890,-0.00073651,-0.00058864,0.00045785,0.00001556,-0.00030511,0.00120229,0.00036242,-0.00097995,-0.00118088,-0.00072635,-0.00075730,0.00041726,0.00148030,-0.00174970,-0.00019405,-0.00170174,-0.00059476,-0.00087697,-0.00150899,-0.00072089,0.00174287,0.00178931,-0.00151655,0.00057264,0.00064198,-0.00137115,-0.00160083,0.00061844,-0.00048686,0.00084626,0.00151703,-0.00043701,-0.00040306,-0.00121645,0.00207059,0.00196170,-0.00116810,-0.00128929,-0.00147106,0.00004440,-0.00182492,-0.00041287,-0.00186852,0.00183571,-0.00035621,0.00171934,0.00011953,-0.00090273,0.00134659,0.00099102,-0.00151561,-0.00008225,0.00204331,0.00086205,-0.00199268,-0.00186543,0.00112677,-0.00000843,0.00121046,0.00037504,0.00214958,-0.00214808,-0.00016432,-0.00104286,-0.00040731,0.00010710,0.00069198,-0.00143301,0.00143080,0.00175023,0.00144232,0.00174790,-0.00099759,-0.00118419,-0.00009037,-0.01263673,0.00130059,-0.00147937,-0.00154339,0.00144021,-0.00010288,0.00203365,-0.00232876,0.00164428,-0.00202112,0.00096478,-0.00211892,0.00050799,0.00178145,-0.00082447,0.00148464,0.00224906,-0.00145114,-0.00096438,0.00188734
-0.00057203,0.00114559,-0.00056720,0.00086270,-0.00093683,0.00034399,-0.00150437,-0.00025019,-0.00103220,-0.00016252,-0.00127528,-0.00059218,0.00076931,-0.00053060,-0.00060216,0.00108417,-0.00029197,-0.00187822,0.00104833,0.00159266,-0.00048549,-0.00096525,-0.00076427,-0.00002405,0.00138101,-0.00128110,-0.00031076,-0.00014711,0.00056316,-0.00037945,-0.00114812,0.00148866,-0.00008760,-0.00061626,-0.00068124,0.00111367,0.00066771,-0.00002739,0.00064099,-0.00002585,-0.00106908,-0.00111589,-0.00001321,0.00098177,0.00014146,-0.00208702,-0.00003237,-0.00046271,0.00061790,0.00124209,-0.00000770,-0.00074173,0.00039858,-0.00112461,-0.00003972,-0.00027762,-0.00007004,-0.00021949,-0.00084449,-0.00073461,-0.00119395,-0.00033909,0.00128855,-0.00000922,-0.00016496,0.00021931,0.00076978,0.00065414,-0.00131373,-0.00014006,-0.00030566,-0.00087853,-0.00038847,0.00041248,0.00117065,-0.00022713,-0.00045086,0.00080336,-0.00058885,0.00074643,0.00076412,-0.00097885,0.00118906,0.00029048,-0.00035675,0.00161796,0.00129363,-0.00071551,-0.00008135,-0.00054954,-0.00105274,-0.00030929,-0.00101206,-0.00057011,-0.00017784,0.00013135,0.00081760,0.00009492,-0.00053525,0.00036145,-0.00102956,0.00007284,0.00038953,0.00041486,-0.00145834,-0.00033426,-0.00019555,-0.00070588,0.00045066,0.00056864,-0.00032554,-0.00015481,-0.00109453,-0.00002976,-0.00062420,-0.00038065,-0.00080932,0.00123328,0.00101594,-0.00066738,0.00022334,0.00009079,-0.00121279,-0.00035599,0.00081159,-0.00033618,-0.00003291,0.00068097,-0.00104993,0.00000559,-0.00075442,0.00076470,0.00035621,-0.00045220,-0.00080989,-0.00104695,-0.00078582,-0.00208123,0.00011401,-0.00130066,0.00068327,-0.00139354,0.00074248,-0.00079986,-0.00079353,0.00033747,0.00054799,-0.00012968,0.00084195,0.00086421,0.00010043,-0.00117387,-0.00005847,0.00029471,0.00044069,0.00046075,0.00140725,0.00095830,-0.00156337,0.00019197,-0.00050861,0.00071629,0.00103661,0.00080607,-0.00117848,0.00087944,0.00119365,0.00203322,0.00047097,0.00003703,-0.00039388,0.00077856,-0.00098518,-0.00903977,-0.00134432,-0.00016183,0.00191192,-0.00076381,0.00149975,-0.00122027,0.00074189,-0.00160507,0.00160672,-0.00084120,-0.00091661,0.00097078,-0.00039850,0.00067459,0.00048501,-0.00109344,-0.00083702,0.00125191
-0.00008733,-0.00044534,-0.00130439,0.00218154,0.00045808,0.00080204,0.00011651,-0.00096040,-0.00240834,0.00002012,-0.00157243,-0.00018649,0.00153091,-0.00184452,-0.00121873,0.00140614,-0.00193498,-0.00113872,0.00168629,0.00087347,-0.00006717,-0.00033304,-0.00167892,-0.00144494,0.00188581,-0.00091820,-0.00008129,-0.00029663,0.00131482,-0.00061036,-0.00150534,0.00141312,-0.00114829,-0.00156780,-0.00121474,0.00080430,0.00084162,-0.00052271,0.00050703,-0.00103548,-0.00072238,-0.00137290,-0.00133333,0.00139335,0.00112085,-0.00121612,-0.00023808,-0.00097799,0.00053752,0.00080081,0.00156259,-0.00179708,0.00140004,0.00030990,0.00099605,-0.00078549,0.00000981,-0.00133178,-0.00121903,-0.00060271,-0.00071873,-0.00162343,0.00221332,0.00136295,0.00053127,0.00041033,0.00165871,0.00126322,-0.00043462,0.00068241,-0.00073860,-0.00171819,-0.00112872,0.00075770,0.00207613,0.00087161,-0.00212241,0.00162605,-0.00097733,0.00012951,0.00085996,-0.00112936,0.00101443,0.00100737,-0.00022331,-0.00006787,0.00226714,-0.00110934,0.00047592,-0.00019299,-0.00105328,-0.00050492,-0.00143488,-0.00063437,-0.00090643,-0.00108397,0.00001174,-0.00076780,0.00039953,0.00012541,0.00153382,0.00082943,0.00131282,0.00175185,-0.00105926,0.00026029,-0.00066037,-0.00095477,0.00076477,0.00202614,-0.00130262,-0.00016260,-0.00033952,-0.00161125,0.00028783,-0.00048333,0.00022511,0.00174661,0.00204007,-0.00085936,-0.00069636,-0.00083285,-0.00157383,-0.00153683,0.00118076,-0.00107800,0.00114283,-0.00037714,-0.00005632,-0.00139672,-0.00127853,0.00219809,0.00205485,-0.00214319,-0.00144678,-0.00038462,0.00005557,-0.00102664,-0.00121054,-0.00203435,0.00286220,0.00078158,0.00182018,0.00014899,-0.00026393,0.00176731,0.00070392,-0.00128428,-0.00106156,0.00201789,-0.00053284,-0.00214300,-0.00217949,0.00138523,-0.00026748,0.00093722,-0.00030777,0.00137711,-0.00255736,0.00040869,-0.00143839,-0.00037949,0.00030858,-0.00029351,-0.00149569,0.00127334,0.00203280,0.00098805,0.00144457,-0.00126652,-0.00156788,-0.00116471,0.00024495,0.00152239,-0.01446115,-0.00141866,0.00207721,-0.00067116,0.00116703,-0.00067983,0.00139569,-0.00167142,0.00054866,-0.00106833,-0.00022364,0.00108526,0.00029360,0.00134632,0.00152552,-0.00177262,-0.00168617,0.00144049
0.00033758,-0.00107158,0.00072761,-0.00084353,0.00092249,-0.00062561,-0.00023214,-0.00098222,0.00109293,-0.00031334,0.00072336,0.00066078,-0.00074423,0.00089042,0.00004848,-0.00127792,0.00112970,0.00046354,-0.00092451,0.00009865,0.00018275,-0.00049571,0.00090708,0.00048450,-0.00073867,0.00085794,-0.00042349,0.00002401,-0.00104305,0.00073639,0.00015212,-0.00172278,0.00017424,0.00111633,0.00164845,-0.00017035,-0.00023961,-0.00043171,-0.00086699,0.00075403,-0.00005861,0.00061127,0.00023986,0.00066727,0.00096381,0.00089541,-0.00006025,0.00123190,-0.00093902,-0.00119663,-0.00003226,0.00111173,-0.00079894,0.00072823,-0.00042140,-0.00068652,0.00031996,-0.00019262,-0.00003478,0.00041337,0.00066961,-0.00034979,0.00008056,-0.00085341,0.00089035,0.00055232,-0.00085466,-0.00168994,0.00055171,0.00041243,0.00055476,0.00056106,-0.00027479,0.00004293,-0.00158767,0.00099241,-0.00032741,-0.00148366,0.00079185,-0.00053241,-0.00077757,0.00088403,-0.00126291,-0.00081036,0.00062937,-0.00137379,-0.00154391,0.00034740,0.00079374,0.00069035,0.00151877,0.00017662,0.00120072,0.00101360,0.00020266,-0.00110834,-0.00133278,0.00050036,0.00009207,-0.00024573,0.00072908,0.00016277,-0.00093778,0.00039702,0.00084070,0.00049748,-0.00028432,0.00086158,-0.00029477,-0.00036354,0.00003175,0.00098950,0.00057962,-0.00023054,0.00006431,0.00042121,0.00179270,0.00025679,-0.00062770,0.00078727,-0.00024117,0.00071403,0.00117242,0.00068828,-0.00004899,-0.00088103,0.00077494,-0.00161475,0.00058043,-0.00041927,0.00032101,-0.00130490,-0.00092676,0.00025771,0.00081748,0.00068623,0.00071823,0.00290124,-0.00019047,0.00101286,-0.00061763,0.00119378,-0.00069026,0.00055174,0.00138699,0.00027619,0.00005986,0.00076120,-0.00082899,-0.00064558,0.00010090,0.00123492,0.00052719,0.00003986,-0.00087265,0.00038316,-0.00112767,-0.00078420,0.00033048,-0.00016214,0.00032816,-0.00072305,-0.00112537,-0.00108518,0.00148125,-0.00017052,-0.00112362,-0.00083946,-0.00050626,0.00012438,0.00039280,-0.00063205,-0.00008180,-0.00036480,0.00099991,-0.01385801,-0.00072932,0.00060604,-0.00084180,0.00007172,-0.00084313,0.00206848,-0.00106302,0.00094915,0.00046782,-0.00069726,-0.00036315,-0.00053927,-0.00080074,0.00091414,0.00054637,-0.00072011
0.00014330,0.00009368,0.00150922,-0.00072449,-0.00079434,-0.00040926,-0.00005948,0.00059092,0.00051915,0.00061139,0.00080092,-0.00000861,-0.00021020,0.00075134,0.00043623,-0.00105009,0.00026879,0.00033022,-0.00099564,0.00003524,0.00143367,0.00039752,0.00029637,0.00068287,-0.00035818,0.00075309,0.00082126,0.00085262,0.00045032,0.00063205,0.00060756,-0.00067182,0.00007135,0.00053590,-0.00003691,-0.00041538,-0.00068388,0.00004148,-0.00047083,0.00172351,-0.00053934,0.00082835,0.00096755,-0.00033544,-0.00128930,0.00038991,0.00063415,0.00077443,-0.00100099,-0.00029962,-0.00099343,0.00023770,-0.00028516,0.00054842,-0.00064471,0.00096658,-0.00184612,0.00105154,0.00116863,0.00087236,0.00099954,0.00118815,0.00007841,-0.00035792,-0.00070349,-0.00083475,-0.00050609,-0.00090879,0.00019151,-0.00076501,0.00090852,-0.00055350,0.00058852,-0.00037671,0.00008990,-0.00112226,0.00071131,-0.00076388,-0.00027422,0.00019479,-0.00056332,0.00083465,-0.00117607,-0.00036747,0.00083162,0.00037509,-0.00058330,0.00021882,0.00025432,-0.00088069,0.00019737,0.00092938,-0.00010266,-0.00101043,0.00064960,0.00054232,0.00057010,0.00057069,0.00044625,0.00089911,0.00036390,-0.00115491,0.00016604,-0.00093561,0.00097173,0.00087279,0.00125065,0.00027569,-0.00063979,-0.00098030,0.00158553,-0.00029316,-0.00036174,0.00004505,-0.00052764,0.00065617,-0.00126782,-0.00067355,-0.00088732,0.00063178,0.00055788,0.00063712,0.00058386,-0.00056880,-0.00101434,0.00157321,-0.00154133,0.00126056,-0.00042485,0.00073036,0.00030725,-0.00020285,-0.00009779,0.00088670,0.00027586,-0.00020874,-0.00090155,-0.00096104,0.00081307,0.00072790,-0.00050874,0.00016171,-0.00020215,-0.00048073,-0.00008623,0.00008454,0.00054158,0.00068995,0.00079297,-0.00079269,-0.00025888,0.00119892,0.00038576,-0.00153060,-0.00007576,-0.00133850,0.00117985,-0.00116546,-0.00002341,0.00019952,0.00092577,0.00026142,0.00096605,-0.00021002,-0.00070257,0.00016397,-0.00055641,0.00170184,-0.00074814,0.00035969,0.00024813,0.00062753,-0.00106806,-0.00037683,0.00075085,0.00106969,-0.01412558,-0.00073282,0.00008233,-0.00039104,0.00045787,0.00051978,-0.00085424,0.00047742,0.00030968,0.00024834,0.00029941,-0.00033805,-0.00106958,-0.00032603,-0.00042026,0.00007185
-0.00032862,-0.00056170,-0.00052195,0.00057845,0.00045870,-0.00026570,0.00017749,0.00037596,0.00036673,-0.00009833,-0.00008872,0.00013440,0.00008236,-0.00059446,0.00085193,0.00066479,-0.00053485,0.00034515,0.00099857,0.00061133,-0.00062071,-0.00074733,-0.00074780,0.00006264,0.00008396,-0.00081863,-0.00081579,0.00074526,-0.00050664,0.00007943,-0.00093332,0.00020584,-0.00058760,-0.00010897,-0.00005432,0.00053011,0.00059133,-0.00015108,0.00059221,-0.00058291,0.00038072,-0.00049753,0.00023291,0.00036145,0.00014853,-0.00022196,-0.00063882,-0.00116238,0.00013458,0.00009281,0.00108364,-0.00048666,-0.00000961,0.00001822,0.00036914,-0.00071124,0.00059128,0.00043495,-0.00029239,-0.00022229,-0.00032386,0.00009931,0.00031027,-0.00027659,0.00055896,0.00021297,0.00012167,0.00007519,0.00073302,-0.00043074,-0.00052706,-0.00076058,-0.00024203,-0.00025880,0.00014985,0.00019776,-0.00045405,0.00078959,-0.00029747,-0.00060194,0.00077687,-0.00050391,0.00000358,0.00035946,-0.00061983,-0.00117882,0.00074743,-0.00028459,0.00053074,0.00091569,-0.00026747,0.00060231,-0.00055417,0.00021000,0.00005047,0.00040969,-0.00009018,0.00050170,-0.00013467,0.00049983,0.00065431,-0.00012001,0.00011745,0.00069765,0.00004774,-0.00015934,-0.00084252,-0.00059316,0.00022937,0.00009852,-0.00089248,0.00027595,0.00002990,0.00003161,-0.00122941,0.00018418,0.00073178,0.00107381,-0.00008598,-0.00028758,-0.00058934,-0.00014224,-0.00012416,-0.00029946,-0.00041129,-0.00002006,-0.00006651,-0.00022931,0.00108520,-0.00016281,-0.00004916,-0.00043239,0.00044654,-0.00007637,-0.00145152,-0.00011243,-0.00013522,0.00060423,0.00006645,-0.00014779,-0.00098501,0.00035602,-0.00007108,-0.00001125,0.00044950,0.00008031,-0.00010698,-0.00067748,-0.00051908,-0.00067647,0.00055101,-0.00066012,-0.00012586,0.00007677,0.00035844,0.00037145,-0.00044743,-0.00029065,-0.00020059,-0.00009528,-0.00025383,0.00014197,-0.00109572,0.00071009,0.00027438,0.00018624,0.00019883,-0.00067782,-0.00012835,-0.00079218,-0.00011515,0.00035876,0.00126250,0.00011548,-0.00048134,-0.00033752,-0.00053723,-0.01391661,-0.00010307,0.00018585,0.00022603,0.00013735,0.00094673,-0.00010826,0.00039148,0.00003783,0.00005142,-0.00015041,0.00016778,0.00011588,-0.00011855,-0.00009869
0.00017941,0.00080914,0.00114532,-0.00090923,-0.00073765,-0.00035775,0.00005608,-0.00051120,-0.00049975,0.00033201,0.00055270,-0.00035326,0.00044696,0.00022493,0.00055175,-0.00114197,0.00041283,0.00006658,-0.00069100,0.00035461,0.00127506,0.00062399,0.00111765,0.00107410,-0.00075549,0.00072402,0.00014913,0.00075589,0.00037501,0.00024072,0.00143872,-0.00074671,0.00083619,-0.00031778,-0.00043580,-0.00006756,-0.00066177,0.00012938,-0.00101558,0.00071150,0.00071111,0.00147986,0.00078945,-0.00076230,-0.00103572,0.00063840,0.00017096,-0.00002078,-0.00049887,-0.00132082,-0.00115475,0.00002137,-0.00094546,0.00058363,-0.00079340,0.00029844,-0.00097388,0.00167810,0.00113057,0.00124824,0.00092312,0.00106957,-0.00058581,-0.00001804,-0.00060875,-0.00043740,0.00026963,-0.00039766,-0.00016734,-0.00074813,0.00061913,0.00025571,0.00043436,-0.00125123,0.00020239,-0.00004859,0.00039984,-0.00102103,-0.00001317,-0.00011041,-0.00090966,0.00041326,-0.00013615,-0.00016420,0.00109942,0.00085266,-0.00084873,0.00110431,-0.00009088,0.00015603,-0.00032562,0.00100976,0.00103728,-0.00006384,0.00007886,0.00123902,0.00072138,-0.00002581,0.00065307,-0.00017417,-0.00002785,-0.00101074,0.00033260,-0.00078338,0.00030143,0.00010187,0.00137326,0.00011371,-0.00056437,-0.00116111,0.00088238,-0.00029463,0.00009656,0.00058923,-0.00055200,0.00093848,-0.00074027,-0.00151441,-0.00003478,0.00131535,-0.00018818,0.00037418,0.00042935,-0.00060996,-0.00032805,0.00141590,-0.00073610,-0.00020896,-0.00079959,0.00053447,-0.00015132,-0.00078981,-0.00067646,0.00077013,0.00034300,0.00053240,-0.00054611,-0.00019226,0.00059846,0.00066522,-0.00054601,-0.00133949,-0.00088010,0.00003306,0.00031969,-0.00050731,-0.00006115,0.00059303,0.00097516,0.00018405,-0.00165974,0.00041794,-0.00010173,-0.00066799,0.00089670,-0.00114757,0.00087169,-0.00003824,0.00024777,-0.00093811,0.00087157,0.00043684,0.00099819,-0.00066441,-0.00006875,-0.00013451,-0.00016652,0.00053564,0.00034182,0.00026795,0.00025535,0.00132377,-0.00074992,-0.00037969,-0.00047327,0.00099020,-0.00065790,0.00030915,-0.01451603,0.00047153,-0.00056639,-0.00053290,-0.00017591,0.00005627,0.00021413,0.00065029,0.00109281,-0.00006772,0.00035554,0.00005424,0.00065393,-0.00056579
-0.00000991,-0.00020101,-0.00080367,0.00002445,0.00018739,0.00072855,-0.00087702,-0.00049031,-0.00117487,-0.00055679,-0.00085952,-0.00014169,0.00011015,-0.00032900,-0.00026783,0.00029151,-0.00008451,-0.00000964,0.00060254,-0.00071645,-0.00019640,-0.00013227,-0.00034608,-0.00078927,0.00109714,-0.00054566,-0.00070998,-0.00019276,0.00017529,-0.00132633,-0.00073326,0.00097460,0.00013378,-0.00070142,-0.00057728,0.00076426,0.00070491,-0.00077862,0.00058888,-0.00105028,0.00036750,-0.00051225,-0.00072921,0.00015068,0.00097174,0.00049182,-0.00039206,-0.00050488,-0.00001261,0.00005446,0.00052024,0.00068244,0.00107199,-0.00024644,0.00053922,0.00010483,0.00068291,-0.00078431,-0.00045699,-0.00117964,-0.00112865,-0.00125066,0.00052725,0.00005078,0.00082848,0.00017001,0.00058097,0.00106264,-0.00085954,0.00014937,-0.00103247,-0.00062535,0.00060607,0.00093871,-0.00124561,0.00076977,-0.00087937,0.00087869,-0.00016586,-0.00050152,0.00058033,-0.00071487,0.00038890,0.00044284,-0.00075272,0.00004760,0.00031407,-0.00024270,0.00048364,0.00021576,0.00013374,-0.00093387,-0.00053561,0.00083197,-0.00013731,-0.00047542,-0.00090444,-0.00046857,-0.00064946,0.00055918,0.00027581,0.00069134,0.00015634,0.00092261,-0.00026546,-0.00001092,-0.00046843,-0.00068088,0.00022697,0.00039179,-0.00034830,0.00033892,-0.00024429,-0.00024396,0.00073354,-0.00080152,-0.00031766,0.00031734,0.00122149,-0.00030381,0.00032336,-0.00096945,-0.00131365,0.00040631,0.00056434,-0.00040060,0.00083027,-0.00053902,-0.00050467,-0.00054259,0.00065600,0.00085026,-0.00008015,-0.00130004,0.00003042,0.00022315,-0.00062599,0.00070747,-0.00132981,0.00003465,-0.00000711,0.00038219,-0.00015242,-0.00042792,0.00008802,0.00070215,-0.00000221,0.00047853,-0.00038899,-0.00002193,-0.00023935,-0.00056408,-0.00040676,0.00088636,-0.00034950,0.00064349,-0.00028142,-0.00003655,0.00007260,0.00000218,-0.00110769,0.00028900,-0.00067721,0.00022462,0.00051872,0.00068787,0.00053425,-0.00177533,0.00068565,-0.00024539,-0.00023600,-0.00075657,0.00070966,0.00000598,0.00020719,-0.00065211,-0.00043314,-0.00039186,0.00049128,-0.01438817,0.00007043,-0.00029896,0.00006130,0.00012986,-0.00026837,-0.00017198,-0.00048204,0.00056872,-0.00002201,0.00033935,-0.00130093,0.00068838
-0.00004802,-0.00051685,0.00091566,-0.00110802,0.00040402,-0.00030901,0.00030952,0.00088206,-0.00006421,0.00014340,0.00064840,0.00033623,-0.00076298,0.00062381,-0.00005787,-0.00121559,0.00178835,0.00033222,-0.00059368,0.00031639,0.00080456,0.00116725,0.00134815,0.00042460,-0.00029815,0.00042689,0.00082004,0.00068007,0.00094725,0.00054516,0.00130792,0.00006948,-0.00001050,0.00033610,0.00032037,-0.00033907,-0.00051476,0.00044626,-0.00131776,0.00143324,0.00087635,0.00093374,0.00054470,-0.00045150,-0.00118605,0.00014113,0.00010882,0.00059094,-0.00056766,-0.00121983,-0.00072468,0.00022096,-0.00085096,0.00063236,0.00000641,0.00118196,-0.00041087,0.00087107,0.00081030,0.00151455,0.00037982,0.00115751,-0.00059898,-0.00196448,-0.00120032,-0.00116437,-0.00130217,-0.00036673,0.00034055,-0.00074983,0.00020511,0.00050199,0.00038451,-0.00024560,-0.00048064,-0.00007778,0.00070570,-0.00142115,-0.00065037,-0.00032175,-0.00096120,0.00063529,-0.00101070,-0.00095317,0.00141466,-0.00004064,-0.00036476,0.00081110,0.00067856,-0.00050945,0.00054996,0.00040168,0.00042822,-0.00043770,0.00105916,0.00054126,0.00098255,0.00090623,0.00061778,0.00001284,-0.00101130,-0.00078819,-0.00038079,-0.00018126,0.00092524,-0.00027822,0.00071209,0.00035638,-0.00058738,-0.00043481,0.00074790,-0.00011692,-0.00075373,-0.00001655,-0.00027156,0.00080078,-0.00166484,-0.00096745,-0.00008904,0.00046642,0.00027863,0.00070931,0.00116942,-0.00038390,-0.00059825,0.00084835,-0.00070573,0.00030891,0.00038209,0.00014048,0.00009343,-0.00061981,0.00021490,0.00016544,0.00039966,0.00040867,-0.00001331,-0.00083122,0.00066790,0.00043670,0.00005092,0.00007086,0.00020395,-0.00080976,0.00015741,-0.00077904,-0.00002814,0.00085444,0.00086075,0.00024464,-0.00035909,0.00070056,0.00029619,-0.00040253,0.00053025,-0.00047172,0.00137807,0.00017134,-0.00010502,0.00013605,0.00085229,0.00084088,0.00093316,0.00014929,-0.00073308,-0.00044032,-0.00008445,0.00087063,-0.00028059,0.00084181,0.00057117,0.00075310,-0.00065637,-0.00109752,0.00008435,0.00130253,-0.00082242,0.00060842,-0.00013991,0.00038872,-0.01388669,0.00000835,0.00060768,0.00089822,0.00025483,-0.00035110,0.00022988,-0.00005301,-0.00113118,0.00111011,-0.00027454,-0.00084902
-0.00046554,-0.00092375,-0.00124277,0.00182386,0.00083731,0.00159803,-0.00026313,-0.00014812,-0.00078658,-0.00222081,-0.00113153,0.00034952,0.00013032,-0.00158256,-0.00060110,0.00085863,-0.00112487,0.00043739,0.00158433,-0.00005516,-0.00147805,-0.00131487,-0.00104484,-0.00173443,0.00065655,-0.00079106,-0.00044690,-0.00110889,-0.00061117,-0.00026248,0.00045105,0.00167316,0.00061684,-0.00132732,-0.00085495,0.00135752,-0.00004008,-0.00064716,0.00050602,-0.00084477,-0.00004226,-0.00102133,-0.00153662,0.00157349,0.00103615,-0.00112401,-0.00089351,-0.00096583,0.00012635,0.00024791,0.00104985,0.00019136,0.00114728,-0.00132034,0.00071182,-0.00039375,0.00086621,-0.00081760,-0.00059816,-0.00102483,-0.00096504,-0.00113380,0.00087090,0.00074528,0.00204292,0.00119796,0.00079763,0.00058351,-0.00127378,0.00145424,-0.00081409,-0.00028847,-0.00130475,0.00056667,-0.00068587,0.00095357,-0.00212318,0.00159999,0.00031982,-0.00107355,0.00073150,-0.00035034,0.00102494,0.00073531,-0.00152245,0.00008938,0.00046795,-0.00044480,0.00059706,0.00024515,0.00042752,-0.00131393,-0.00083136,-0.00000851,-0.00114948,-0.00030619,-0.00108424,-0.00086926,-0.00091416,-0.00041037,0.00051285,0.00030565,0.00044713,0.00189805,0.00013052,-0.00117029,-0.00150815,-0.00044010,0.00149962,0.00118466,-0.00125800,-0.00090133,0.00009101,-0.00132204,0.00177586,-0.00189206,0.00076795,0.00067483,0.00129173,-0.00077853,-0.00021949,-0.00165861,-0.00101742,0.00046824,0.00098507,-0.00168243,0.00119082,-0.00102476,0.00016769,-0.00119129,-0.00017962,0.00033661,0.00058138,-0.00104035,-0.00051939,-0.00034871,0.00096281,0.00078732,-0.00152004,-0.00029269,0.00043376,0.00080686,-0.00003285,0.00142491,0.00010644,0.00017210,0.00048358,-0.00124995,-0.00126827,-0.00014510,0.00149274,-0.00058706,-0.00059717,0.00131378,-0.00052247,0.00139539,-0.00083053,0.00127690,-0.00008843,0.00005862,-0.00193933,-0.00036067,-0.00039683,-0.00050357,-0.00054589,0.00028912,0.00075973,-0.00128927,0.00098031,-0.00197940,0.00001709,-0.00113115,0.00050339,0.00072655,0.00077542,-0.00108888,0.00110622,-0.00011140,0.00026586,-0.00035872,0.00029968,-0.01449546,0.00089777,-0.00117984,0.00033365,0.00015985,-0.00014475,0.00079988,0.00098263,0.00001111,-0.00055290,0.00127875
0.00051119,0.00038038,0.00043972,-0.00032131,-0.00040958,-0.00101852,-0.00086634,0.00020079,0.00007561,0.00073696,0.00082048,0.00068338,0.00041004,-0.00018765,0.00046922,-0.00085335,0.00122594,-0.00020142,-0.00026233,0.00021897,0.00144977,0.00040290,0.00054211,0.00086647,-0.00109982,0.00037706,0.00107853,0.00019665,0.00067468,0.00086438,0.00115821,-0.00105970,-0.00037290,0.00042524,-0.00012904,-0.00055879,-0.00020958,0.00004666,-0.00066252,0.00030038,0.00014416,0.00049796,0.00072648,-0.00022050,-0.00076573,0.00054661,0.00124736,0.00105144,-0.00016722,-0.00109220,-0.00064516,0.00056765,-0.00076704,0.00073262,-0.00141393,0.00027261,-0.00084542,-0.00000963,0.00083253,0.00134030,0.00079867,0.00121524,-0.00066850,-0.00102063,-0.00105776,-0.00005916,-0.00136446,0.00013944,-0.00001472,-0.00029975,-0.00007596,0.00048274,0.00065917,0.00011248,0.00078313,-0.00133440,0.00094384,-0.00093155,-0.00054818,0.00017382,-0.00121629,-0.00008930,-0.00109885,-0.00010943,0.00092592,0.00023231,-0.00024173,0.00047046,-0.00103631,-0.00019825,0.00019969,0.00088889,0.00059410,-0.00030669,0.00040335,0.00064969,0.00017771,0.00051468,-0.00007740,0.00040301,-0.00126032,-0.00028778,-0.00046964,-0.00111947,0.00043325,0.00070456,0.00058511,0.00002555,-0.00010272,-0.00095191,0.00002287,-0.00101059,0.00047462,-0.00029919,-0.00090062,0.00091969,-0.00060885,-0.00030298,0.00048331,0.00060078,0.00024419,0.00126416,0.00113724,0.00045162,-0.00076334,0.00119736,-0.00110155,0.00031847,-0.00030813,0.00067997,-0.00016320,0.00033132,-0.00011022,-0.00046521,0.00154948,-0.00011251,-0.00035705,-0.00181778,0.00010842,0.00076912,-0.00001337,-0.00082918,0.00019826,-0.00071033,-0.00002907,-0.00032987,0.00033587,0.00085571,0.00110677,0.00042568,-0.00095620,0.00025592,0.00083355,-0.00084425,0.00000459,-0.00074866,0.00060391,-0.00010038,0.00015096,0.00010314,0.00140197,0.00005989,0.00051928,0.00024735,0.00012242,-0.00033969,-0.00041244,0.00056910,-0.00049798,0.00004073,0.00101746,0.00052793,-0.00176508,-0.00035727,-0.00046525,0.00080635,-0.00106210,0.00073379,0.00030384,0.00020610,0.00061109,0.00042681,-0.01408988,0.00050960,-0.00012802,0.00010374,0.00050775,-0.00011916,0.00034779,0.00003280,-0.00002043,-0.00067278
0.00072420,-0.00046526,-0.00054899,0.00091685,0.00016531,-0.00051343,0.00075004,-0.00083483,-0.00062774,-0.00019860,-0.00186038,-0.00081326,-0.00058063,-0.00149790,-0.00100245,0.00139599,-0.00137557,0.00030105,0.00134481,-0.00035012,-0.00029363,-0.00101523,-0.00056894,-0.00092247,0.00044392,-0.00068248,-0.00104034,-0.00112963,0.00002156,-0.00109655,-0.00120089,0.00083182,-0.00042507,-0.00067783,-0.00055420,0.00132431,0.00014915,-0.00078867,0.00027171,-0.00055162,-0.00053372,-0.00089026,-0.00069765,0.00008358,0.00095770,-0.00052264,-0.00038225,-0.00018845,0.00065333,0.00036365,0.00096681,-0.00034415,0.00083946,-0.00092134,0.00022410,-0.00001230,0.00029100,-0.00050682,-0.00054712,-0.00110611,-0.00019169,-0.00076384,0.00111572,0.00019655,0.00094248,0.00079796,0.00096555,0.00149747,0.00019815,0.00065644,-0.00026802,0.00021865,-0.00052830,0.00048361,0.00043849,0.00066974,-0.00083069,0.00090978,-0.00003965,-0.00077808,0.00066229,-0.00072451,0.00021055,0.00116295,-0.00176135,-0.00064557,0.00069066,-0.00061779,-0.00007505,0.00065040,0.00068553,-0.00101604,-0.00098843,0.00063945,-0.00062421,-0.00106909,-0.00067406,-0.00015042,-0.00074250,-0.00042672,0.00040780,0.00017036,0.00009635,0.00041351,0.00006869,-0.00067632,-0.00087356,-0.00094508,0.00012742,0.00134818,-0.00146061,0.00044427,0.00041589,-0.00091773,0.00121252,-0.00137305,0.00099697,0.00094569,0.00049984,-0.00087561,-0.00056663,-0.00097510,-0.00013287,0.00051400,0.00069509,-0.00067006,0.00123670,-0.00037056,0.00073017,-0.00030326,0.00088804,0.00021329,0.00095127,-0.00051244,-0.00019192,-0.00031344,0.00083256,0.00123299,-0.00112570,-0.00069426,0.00023610,0.00040769,-0.00026086,0.00033433,-0.00018404,0.00023386,-0.00005959,-0.00007963,-0.00054158,-0.00002109,0.00131708,-0.00082335,-0.00065065,0.00141465,-0.00102664,0.00077436,-0.00123397,0.00011178,-0.00054260,-0.00027937,0.00028791,-0.00066338,-0.00076348,0.00013618,0.00011033,0.00009768,-0.00006530,-0.00082644,0.00108791,-0.00092102,-0.00076792,-0.00063007,0.00051525,0.00078122,0.00025547,-0.00123683,0.00133578,-0.00053464,0.00075307,-0.00030268,-0.00021850,-0.00037833,0.00033351,-0.01418548,0.00012541,-0.00012873,0.00018506,-0.00064921,0.00093046,-0.00080493,-0.00047923,0.00069330
-0.00049545,0.00003807,-0.00012839,-0.00049249,-0.00036934,0.00097853,0.00020346,0.00050770,0.00024968,-0.00015963,-0.00059869,-0.00008979,0.00084383,-0.00016840,0.00028653,-0.00000249,-0.00028575,-0.00054236,0.00046795,-0.00028889,-0.00057035,0.00030046,-0.00023851,0.00016071,0.00007802,-0.00068018,0.00152224,0.00031230,-0.00036378,-0.00045393,0.00010099,-0.00061763,-0.00032115,-0.00035836,-0.00075175,-0.00089884,-0.00019734,-0.00016664,0.00161204,-0.00103769,-0.00003397,-0.00090254,0.00045709,0.00021240,-0.00008476,0.00034011,0.00046383,0.00032852,0.00022417,0.00026348,-0.00035399,0.00103195,0.00012572,0.00088813,0.00050785,0.00011241,-0.00040547,0.00015827,-0.00052246,-0.00064253,0.00028052,-0.00018099,-0.00072122,-0.00005727,0.00073782,-0.00051131,-0.00010410,0.00004367,0.00059298,0.00054952,0.00028405,-0.00021003,-0.00031587,0.00054963,0.00001763,-0.00036466,0.00078254,0.00026665,-0.00009361,0.00085789,-0.00010514,0.00005188,-0.00004590,0.00004906,0.00033152,0.00042326,-0.00047429,-0.00016362,-0.00052831,0.00040638,0.00073181,-0.00032453,-0.00013688,0.00010716,-0.00041654,0.00014288,-0.00073317,-0.00072864,0.00000249,-0.00032177,-0.00001949,0.00000051,0.00005616,0.00048028,-0.00027250,-0.00059391,-0.00053155,-0.00007914,-0.00017903,0.00069696,-0.00017916,0.00005882,0.00008453,-0.00025722,-0.00023021,0.00014538,-0.00033636,-0.00060122,0.00027419,0.00016288,-0.00045962,-0.00007211,-0.00138411,0.00018937,-0.00000851,0.00051743,-0.00008624,0.00019498,0.00049914,0.00059943,-0.00031465,-0.00028697,0.00013409,-0.00052325,-0.00029274,0.00093585,-0.00022401,-0.00011246,0.00043312,-0.00016733,-0.00023682,-0.00043300,-0.00025973,0.00088194,0.00096587,0.00005662,0.00092248,0.00016339,0.00015284,-0.00059587,-0.00005495,-0.00046581,-0.00014732,-0.00005564,-0.00005789,0.00011916,-0.00001484,-0.00050288,0.00052388,-0.00042683,-0.00082320,0.00028923,0.00082751,0.00023889,0.00068469,0.00008549,0.00027049,-0.00028705,0.00063432,-0.00023786,0.00028289,-0.00094510,0.00059252,-0.00031729,-0.00061548,-0.00009381,0.00049842,-0.00002605,0.00066332,-0.00076375,0.00076713,0.00027663,-0.00008292,-0.00022987,-0.01390801,-0.00002145,-0.00008028,-0.00018741,-0.00029990,0.00008176,-0.00023855,0.00112208
0.00043463,-0.00050659,0.00036883,-0.00052826,-0.00032699,-0.00095356,-0.00026602,0.00060015,0.00040851,0.00080071,0.00036151,0.00029339,-0.00044146,0.00101285,0.00065705,-0.00006818,0.00131931,0.00015018,-0.00028514,-0.00005782,0.00032516,0.00103356,0.00140317,0.00032736,0.00058506,0.00005145,0.00043484,0.00023520,0.00030133,0.00073291,0.00064699,-0.00040802,-0.00054394,0.00041552,0.00001473,-0.00020553,-0.00063293,-0.00009609,-0.00067369,0.00069476,0.00010977,0.00095361,0.00052230,-0.00021004,-0.00039375,0.00075348,0.00009784,0.00066958,-0.00063391,-0.00058468,-0.00002414,0.00044852,-0.00121118,0.00059849,-0.00037306,0.00023395,-0.00077358,0.00195427,0.00036374,0.00095316,0.00053904,0.00076157,-0.00084214,0.00045612,-0.00030167,0.00011639,-0.00074334,-0.00080016,-0.00051507,-0.00011332,0.00062478,0.00047836,0.00071705,0.00005844,-0.00019685,-0.00031858,0.00080599,-0.00061480,-0.00025076,0.00038601,-0.00044918,-0.00020514,-0.00120711,-0.00073703,0.00063013,0.00031690,-0.00032767,0.00005555,-0.00055118,-0.00079795,0.00037102,0.00099588,0.00199789,-0.00076245,0.00098160,0.00008468,0.00007939,0.00080858,-0.00015627,0.00016905,0.00008540,-0.00024990,-0.00091943,-0.00108293,0.00040669,0.00036331,0.00050811,-0.00059533,-0.00142654,-0.00071028,0.00016316,0.00113922,0.00023840,0.00002784,-0.00059231,0.00034282,-0.00074541,-0.00075691,-0.00041807,0.00037498,0.00019432,0.00048482,0.00069648,0.00031002,-0.00036232,0.00080202,-0.00111772,-0.00022679,-0.00073598,0.00036024,-0.00024743,-0.00001253,-0.00068028,0.00052801,0.00006017,0.00061774,-0.00026974,-0.00060133,0.00018878,0.00090576,-0.00014384,-0.00020895,-0.00040614,-0.00019469,-0.00038473,0.00024294,0.00036860,0.00065837,0.00028135,0.00059081,-0.00108529,-0.00026699,0.00032032,-0.00126938,0.00000975,-0.00141053,-0.00014718,-0.00037389,0.00027627,-0.00015611,0.00075390,-0.00008276,0.00081680,-0.00022750,0.00045065,0.00061193,0.00070557,0.00081994,0.00013190,0.00097748,0.00077283,0.00046021,-0.00028549,-0.00001388,0.00000393,0.00067149,-0.00028840,0.00015938,-0.00006737,-0.00070429,-0.00019948,0.00008834,0.00053367,0.00006422,-0.00003670,-0.01386264,-0.00031018,0.00014469,-0.00088082,0.00008514,0.00000209,-0.00043667
0.00065758,0.00062583,-0.00014921,0.00026073,-0.00050864,0.00007691,0.00001920,0.00006163,-0.00008369,-0.00008078,0.00049267,0.00004524,-0.00005734,0.00004429,-0.00003917,0.00016780,-0.00065888,0.00061744,0.00049530,-0.00080672,-0.00026672,0.00063171,0.00024428,-0.00024788,0.00005728,-0.00003291,0.00070059,-0.00015696,-0.00060997,-0.00082710,-0.00107098,0.00034490,0.00056166,0.00015237,0.00012145,-0.00023675,-0.00064710,0.00017250,-0.00029009,-0.00027979,0.00066903,-0.00039535,-0.00032920,0.00096460,0.00053856,-0.00026868,-0.00028023,-0.00013850,0.00025837,-0.00027197,-0.00030179,-0.00003661,-0.00043006,0.00027427,0.00036333,0.00043576,-0.00017799,-0.00091965,0.00034529,-0.00092461,-0.00070248,-0.00014788,-0.00026818,-0.00007274,0.00001343,0.00013137,0.00123515,0.00040607,0.00097408,0.00001384,0.00009928,-0.00104469,0.00003698,0.00006026,0.00005519,0.00031072,-0.00019098,0.00027849,0.00069083,-0.00108652,0.00059928,0.00045493,-0.00040615,0.00034639,0.00022612,-0.00041400,-0.00071355,0.00038404,0.00034970,-0.00046327,-0.00030235,0.00005349,0.00033184,-0.00019605,0.00067570,-0.00051262,-0.00033244,-0.00004117,-0.00040843,0.00101247,-0.00042454,-0.00005227,0.00014737,0.00056992,0.00093109,-0.00019172,-0.00057985,-0.00047274,-0.00005038,0.00081938,-0.00010398,0.00082106,-0.00043738,0.00026026,-0.00007535,-0.00063185,0.00013442,0.00003028,-0.00004693,0.00003711,0.00045478,-0.00001706,0.00056503,-0.00039176,0.00026087,-0.00017442,0.00045299,-0.00022674,-0.00041745,0.00010867,-0.00003039,-0.00055383,0.00004495,0.00081934,0.00002096,0.00008828,-0.00071567,0.00009809,0.00061118,-0.00060228,0.00044529,-0.00032450,0.00019597,-0.00046482,0.00028915,0.00008415,0.00001085,-0.00005619,-0.00040018,-0.00010451,-0.00021913,-0.00049553,-0.00065682,-0.00025540,-0.00005503,-0.00033931,0.00023005,-0.00033377,-0.00047301,-0.00005737,-0.00033086,0.00036129,-0.00000770,0.00014483,0.00023453,0.00085433,-0.00012940,-0.00032323,-0.00024530,0.00059802,-0.00045355,-0.00021921,0.00005269,0.00033542,0.00050989,0.00014196,0.00007141,0.00013427,0.00042467,-0.00021867,0.00024051,0.00061364,0.00062433,0.00006431,-0.00020393,-0.00069381,-0.01375853,-0.00002678,0.00076388,-0.00095778,-0.00047054,0.00024404
0.00048556,0.00063649,0.00009227,-0.00117994,-0.00060684,-0.00023459,0.00001664,-0.00023956,0.00053040,-0.00032564,0.00064559,-0.00000618,-0.00072773,0.00051042,0.00081054,0.00042467,0.00135383,0.00043963,-0.00077943,0.00086287,0.00060295,0.00014490,0.00060056,0.00057791,-0.00067753,0.00066226,0.00088696,0.00121019,0.00103963,0.00039602,-0.00036582,-0.00089830,0.00026875,0.00015702,0.00021344,-0.00066920,0.00050800,0.00149172,-0.00125232,0.00107570,0.00080844,0.00027558,0.00046786,-0.00000886,0.00014512,0.00034813,-0.00019828,0.00070151,-0.00035376,-0.00088348,-0.00077113,0.00013005,-0.00084087,0.00053226,-0.00029688,0.00078537,-0.00164194,0.00078205,0.00017474,0.00077496,0.00066759,0.00077927,0.00021834,-0.00027620,-0.00084065,-0.00027413,-0.00079498,-0.00088580,0.00056557,-0.00202643,0.00000799,0.00069671,0.00056679,-0.00015931,-0.00021009,-0.00043954,0.00055044,-0.00077953,-0.00063886,0.00008370,-0.00037256,0.00042424,-0.00034878,-0.00076268,0.00083485,0.00071248,-0.00108908,0.00043191,-0.00075489,-0.00043675,0.00086210,0.00031332,-0.00017264,-0.00036370,0.00127278,0.00099359,0.00017752,-0.00007665,0.00058075,-0.00025988,-0.00078970,-0.00091460,-0.00011825,-0.00185696,0.00011622,0.00015723,0.00108617,0.00066780,-0.00045429,-0.00030197,0.00016482,-0.00054261,-0.00019027,0.00056344,-0.00033539,0.00019588,-0.00062239,0.00011417,-0.00067681,0.00035796,-0.00050012,0.00088037,0.00111866,-0.00081204,-0.00018900,0.00086728,-0.00030785,0.00096994,-0.00000034,-0.00001879,0.00000522,-0.00003473,0.00036468,0.00100138,0.00080620,0.00080429,-0.00091553,-0.00097491,0.00020862,0.00045055,0.00003616,-0.00027626,-0.00010942,-0.00037449,0.00033886,-0.00090054,0.00115744,0.00120984,0.00037967,0.00003189,-0.00125753,-0.00029001,0.00119383,-0.00081200,-0.00026205,-0.00078136,0.00039892,-0.00069532,0.00016046,-0.00026056,0.00077987,0.00124303,0.00139118,-0.00008189,-0.00001819,0.00008215,0.00002735,0.00048612,-0.00051559,0.00063204,0.00147064,0.00024208,-0.00093141,-0.00018574,-0.00051799,0.00083126,0.00003836,-0.00004510,-0.00030377,0.00028172,0.00054661,0.00035342,-0.00061482,-0.00040372,0.00014410,0.00009075,0.00034794,-0.01429079,-0.00037923,-0.00050509,0.00092301,-0.00064648
0.00051974,-0.00001374,0.00053905,-0.00159984,-0.00073098,-0.00115730,-0.00025113,0.00006436,0.00051588,0.00017607,0.00106364,0.00004030,-0.00097816,0.00059764,0.00083974,-0.00019076,0.00181359,0.00036678,-0.00077685,0.00029368,0.00126012,0.00129607,0.00083844,0.00056692,-0.00104742,0.00107862,-0.00023996,0.00093499,0.00176722,0.00123951,0.00102672,-0.00047763,0.00021936,0.00074555,0.00105105,-0.00052209,-0.00030170,0.00050029,-0.00118024,0.00144990,0.00045677,0.00138312,0.00097856,-0.00062046,-0.00168344,0.00053465,0.00036184,0.00119031,-0.00060174,-0.00079998,-0.00093778,0.00075182,0.00001998,0.00121999,-0.00000557,0.00069500,-0.00110298,0.00198982,0.00056755,0.00085065,0.00051225,0.00140293,-0.00074195,-0.00171628,-0.00174270,-0.00128185,-0.00082324,0.00050416,-0.00042457,-0.00135927,0.00052189,0.00025446,0.00049757,-0.00044051,-0.00028930,-0.00058910,0.00119851,-0.00082909,0.00003276,0.00123563,-0.00128054,0.00070759,-0.00074886,-0.00102228,0.00150075,0.00029028,-0.00058079,-0.00020340,-0.00028491,-0.00042127,-0.00007335,0.00091699,0.00075254,-0.00105035,0.00041772,0.00131155,0.00050579,0.00060566,0.00043434,-0.00018282,-0.00028834,-0.00058262,-0.00054644,-0.00092110,0.00063812,0.00023734,0.00136823,0.00084654,-0.00029414,-0.00137152,0.00117217,-0.00036930,-0.00058467,0.00125210,-0.00060337,0.00099280,-0.00112774,-0.00065629,-0.00050149,0.00167513,0.00032108,0.00080648,-0.00010205,-0.00059215,-0.00055308,0.00128948,-0.00019029,0.00066127,0.00016421,0.00068696,-0.00038962,-0.00064533,-0.00043417,0.00149246,0.00031188,0.00133772,-0.00108254,-0.00030586,0.00050839,0.00018659,-0.00059360,-0.00051330,-0.00056620,-0.00054734,-0.00037679,-0.00013820,0.00009861,0.00088829,0.00053763,0.00024517,-0.00085367,-0.00027132,0.00044658,-0.00166056,0.00019364,-0.00139514,0.00008257,0.00034674,0.00000617,0.00061376,0.00082378,0.00084287,0.00152215,0.00052508,-0.00087664,-0.00002180,-0.00007576,0.00100484,-0.00122618,0.00026584,0.00084962,0.00093946,-0.00076478,-0.00106747,-0.00079768,0.00128655,-0.00032212,0.00002088,0.00033038,-0.00012295,-0.00129463,0.00021987,0.00031697,0.00032906,-0.00035175,-0.00023996,0.00034809,-0.00092359,-0.01408986,0.00006943,0.00008229,-0.00065505
0.00001750,-0.00025548,-0.00101691,0.00086227,0.00022868,0.00023718,-0.00011575,0.00000517,-0.00047870,-0.00050369,-0.00094185,-0.00026897,0.00014575,-0.00101905,-0.00146263,0.00042646,-0.00015281,-0.00038742,0.00016194,0.00047448,-0.00090432,-0.00161379,-0.00055126,-0.00132067,0.00045707,-0.00051864,-0.00051084,-0.00066149,-0.00003309,-0.00095193,-0.00055840,0.00052973,-0.00035941,-0.00028476,-0.00044028,-0.00008978,0.00110034,-0.00080216,0.00042578,-0.00005620,-0.00012422,-0.00169569,-0.00031226,0.00009577,0.00216801,-0.00001701,-0.00003596,-0.00091498,0.00021081,0.00049322,0.00078698,-0.00010916,0.00083291,-0.00078791,0.00065116,-0.00059472,0.00101758,-0.00050248,-0.00056462,-0.00092372,-0.00184359,-0.00143435,0.00157765,0.00068990,0.00009699,0.00035238,0.00139708,0.00125291,0.00033382,-0.00020941,-0.00056563,-0.00023557,-0.00038929,0.00130748,-0.00024435,0.00024808,-0.00181775,0.00101345,0.00002981,-0.00044465,0.00075158,-0.00120445,0.00093998,0.00104175,-0.00061151,0.00007136,0.00083081,-0.00098371,0.00084536,-0.00012331,-0.00025690,-0.00090384,-0.00097692,0.00100848,0.00012441,-0.00104375,-0.00073581,-0.00063567,-0.00004171,-0.00018258,0.00086954,0.00144004,-0.00014595,0.00060970,-0.00023455,-0.00049981,-0.00129060,-0.00015197,0.00028298,0.00092469,-0.00087488,0.00121331,-0.00040900,-0.00037679,0.00076715,-0.00117945,0.00084145,0.00051354,0.00080243,-0.00102394,-0.00106659,-0.00043938,-0.00153953,0.00085121,0.00018076,-0.00091545,0.00127634,0.00011373,0.00009555,-0.00093591,-0.00063380,0.00108721,0.00068653,-0.00051011,-0.00032729,-0.00034040,0.00063663,0.00112848,-0.00083785,-0.00066688,-0.00028627,0.00032138,0.00016577,-0.00039974,0.00059220,0.00084314,0.00012933,-0.00091136,-0.00031959,-0.00011434,0.00080956,-0.00041805,-0.00052592,0.00082520,-0.00100177,0.00124698,-0.00012265,0.00001529,0.00020067,-0.00026297,-0.00054794,-0.00146316,-0.00012137,0.00021796,0.00040782,0.00125207,-0.00044042,-0.00062944,0.00059268,0.00024096,-0.00097351,-0.00100549,0.00154180,0.00195368,0.00027573,-0.00152415,0.00084965,-0.00045206,0.00029241,0.00087157,0.00087676,0.00028875,0.00024413,-0.00115532,0.00051212,0.00055354,-0.00112125,0.00009899,0.00115480,-0.01372180,-0.00002078,0.00116261
-0.00039450,-0.00012118,-0.00089917,0.00047116,0.00043564,0.00024675,0.00043758,-0.00037598,-0.00032133,-0.00041827,-0.00048768,-0.00019932,0.00105267,-0.00047100,0.00005158,0.00089338,-0.00104287,-0.00021455,0.00123731,-0.00052841,-0.00105154,-0.00051842,-0.00046524,-0.00046338,0.00084542,-0.00071844,0.00049073,-0.00084577,-0.00114257,-0.00102716,-0.00138268,0.00046524,-0.00068450,-0.00196817,-0.00153953,0.00079656,0.00017894,-0.00077598,0.00044669,-0.00155070,-0.00009084,-0.00123233,-0.00026125,-0.00004946,0.00133779,-0.00009770,-0.00066995,-0.00132936,0.00072042,0.00113990,0.00130375,-0.00033454,0.00207491,-0.00092317,0.00026840,0.00017834,0.00056830,-0.00061441,-0.00044213,-0.00107499,-0.00072824,-0.00080991,0.00104249,0.00133827,0.00113200,0.00106054,0.00075369,0.00007948,0.00010174,0.00086001,-0.00171293,0.00009092,-0.00015191,0.00061326,-0.00011336,0.00038806,-0.00077908,0.00153414,0.00028318,0.00001616,0.00150225,-0.00017085,0.00071637,0.00044991,-0.00136020,-0.00068383,0.00001708,-0.00079104,0.00161399,-0.00012084,-0.00006553,-0.00005958,-0.00091161,0.00061090,-0.00097457,-0.00078875,-0.00058007,0.00032928,-0.00128269,-0.00012358,0.00143955,0.00006550,-0.00025642,0.00130607,-0.00002998,-0.00016211,-0.00158239,-0.00059510,0.00029212,0.00094715,-0.00048008,-0.00013256,0.00010675,0.00003624,0.00115316,-0.00096413,0.00040542,0.00083553,0.00111585,-0.00086902,-0.00011282,-0.00155379,-0.00096865,0.00123407,0.00113751,-0.00078094,0.00166436,-0.00000786,-0.00100580,-0.00078026,-0.00042015,0.00065955,0.00059474,-0.00024139,-0.00014843,-0.00057832,0.00038782,0.00124722,-0.00067599,-0.00036588,0.00039706,0.00058094,0.00020278,-0.00006380,-0.00047898,-0.00017411,-0.00077177,-0.00016756,-0.00034638,0.00019351,0.00070808,-0.00018335,-0.00042541,0.00047773,0.00021842,0.00204160,-0.00049393,0.00048654,-0.00051322,-0.00031836,-0.00065256,-0.00030268,-0.00045110,-0.00032339,0.00027278,0.00023569,0.00025189,-0.00109665,0.00073204,0.00036989,-0.00021254,-0.00098806,0.00147504,0.00095839,-0.00007096,-0.00142425,0.00041530,-0.00053308,0.00051617,-0.00085545,-0.00074691,-0.00018598,0.00014994,-0.00017560,0.00003983,-0.00081726,-0.00027370,0.00071541,0.00063816,0.00031209,-0.01406911,0.00041158
-0.00035786,0.00078561,0.00094678,-0.00097732,0.00016212,-0.00035014,-0.00031477,0.00060177,0.00143559,0.00077600,0.00130262,0.00048124,-0.00028636,-0.00003575,0.00062802,-0.00217832,0.00083210,-0.00032359,-0.00003057,0.00118423,0.00044916,0.00061487,0.00051409,0.00105314,-0.00044134,0.00066342,0.00083671,0.00115458,0.00071904,0.00105161,0.00096436,-0.00026525,0.00021294,0.00122473,0.00101645,-0.00035698,-0.00123427,0.00078745,-0.00079938,0.00106953,0.00001991,0.00096319,0.00071065,-0.00019379,-0.00169450,0.00046834,0.00048943,0.00156856,0.00008219,0.00020983,-0.00046911,0.00042204,-0.00108286,0.00035729,-0.00097134,0.00018537,-0.00076002,0.00070931,0.00094703,0.00157005,0.00123510,0.00087847,-0.00052817,-0.00135293,-0.00171948,-0.00042264,-0.00044025,-0.00099036,0.00025562,-0.00125290,0.00110698,0.00001580,0.00038278,-0.00127059,-0.00027668,-0.00134085,0.00041467,-0.00177921,-0.00019275,0.00043791,-0.00106199,0.00152377,-0.00049694,-0.00037109,0.00051445,0.00114900,-0.00044774,0.00060136,-0.00095721,-0.00022688,-0.00061767,0.00061810,0.00135185,-0.00091764,0.00044771,0.00114516,0.00193249,0.00058076,0.00030039,-0.00044317,-0.00112027,0.00002739,-0.00029694,-0.00060646,0.00006098,0.00095458,0.00115692,0.00010324,-0.00109646,-0.00170935,0.00123863,-0.00023608,0.00036866,0.00022967,-0.00040548,0.00065094,-0.00115668,-0.00078871,-0.00030697,0.00152064,0.00008511,0.00103008,0.00118695,-0.00096873,-0.00027372,0.00118127,-0.00127477,0.00033330,-0.00023273,0.00140644,0.00024681,-0.00124631,-0.00047581,0.00090940,0.00074550,0.00082352,-0.00092533,-0.00129543,0.00134981,0.00077111,-0.00058965,-0.00106761,-0.00000822,0.00046577,-0.00000614,-0.00031682,-0.00025785,0.00101862,0.00001469,-0.00078425,-0.00104261,0.00136646,0.00104735,-0.00109907,0.00016939,-0.00160393,0.00023234,-0.00021293,0.00034131,0.00048692,0.00052060,0.00062041,-0.00004352,-0.00012591,-0.00060422,-0.00113061,-0.00016645,0.00090839,-0.00071249,0.00025648,0.00115357,0.00127311,-0.00102091,-0.00169452,-0.00148800,0.00136650,-0.00034935,0.00012352,-0.00034508,0.00043099,-0.00052830,0.00029211,-0.00030083,0.00115647,0.00103342,0.00021541,0.00025329,-0.00009638,-0.00033408,0.00007746,0.00011635,-0.01381654
