-0.01420998,0.00007375,-0.00030805,0.00097367,-0.00008275,0.00015477,0.00011038,-0.00021268,-0.00071701,-0.00013771,-0.00119655,0.00009220,-0.00006865,-0.00023953,-0.00031302,0.00034592,-0.00036586,-0.00111111,0.00047441,0.00029810,-0.00028134,-0.00081447,-0.00022626,-0.00058381,0.00141503,-0.00025328,-0.00050530,-0.00064058,-0.00058738,-0.00007533,-0.00159918,0.00044437,-0.00001082,-0.00035669,-0.00094330,0.00080915,0.00081017,-0.00038459,0.00113340,-0.00068597,-0.00018801,-0.00096618,-0.00021364,0.00049520,0.00097641,-0.00122175,-0.00039230,-0.00066335,0.00015374,0.00065131,0.00096641,-0.00032647,0.00079135,-0.00046884,0.00053849,0.00038882,-0.00035442,-0.00033814,-0.00113225,-0.00073601,-0.00048785,-0.00071004,0.00124377,0.00034713,0.00024363,0.00031761,0.00076919,0.00051660,-0.00111694,0.00089165,-0.00068840,-0.00051181,-0.00044923,-0.00037131,0.00071596,-0.00072828,-0.00039374,0.00087005,-0.00076604,0.00019763,0.00079676,-0.00073584,0.00099877,0.00080280,-0.00052581,-0.00018481,0.00043479,0.00004398,-0.00003563,-0.00079502,-0.00057405,-0.00091695,-0.00072460,0.00104636,-0.00101210,-0.00045650,0.00066136,-0.00036350,-0.00062192,-0.00063364,0.00017774,0.00086855,0.00047922,-0.00013676,0.00008268,-0.00128594,-0.00062758,-0.00012208,0.00037762,0.00064058,-0.00064089,0.00020938,-0.00124132,-0.00103914,-0.00028240,0.00001858,0.00035714,0.00041938,0.00063372,-0.00089672,-0.00040688,0.00029699,-0.00121950,-0.00045157,-0.00007907,0.00048735,0.00102605,0.00129860,0.00000000,0.00000000,0.00000000,0.00000000,0.00000000,0.00000000,0.00000000,0.00000000,0.00000000,0.00000000,0.00000000,0.00000000,0.00000000,0.00000000,0.00000000,0.00000000,0.00046558,0.00000000,0.00000000,0.00000000,0.00000000,0.00000000,0.00000000,0.00000000,0.00000000,0.00000000,0.00000000,0.00000000,0.00000000,0.00000000,0.00000000,0.00000000,0.00000000,0.00000000,0.00000000,0.00000000,0.00000000,0.00000000,0.00000000,0.00000000,0.00000000,0.00000000,0.00000000,0.00000000,0.00000000,0.00000000,0.00000000,0.00000000,0.00013630,-0.00031368,0.00072969,-0.00037036,-0.00003418,-0.00034855,0.00072039,0.00019056,-0.00049829,0.00042106,0.00040931,0.00065519,0.00061355,-0.00021846,-0.00078304,-0.00005280
0.00113604,-0.01283172,0.00060671,-0.00093442,0.00021307,-0.00157365,0.00081637,0.00083524,0.00166527,0.00117230,0.00122211,0.00153042,-0.00078631,0.00153923,0.00093118,-0.00153808,0.00146749,0.00195486,-0.00130317,0.00021937,0.00039837,0.00145470,0.00155570,0.00174976,-0.00131189,0.00105934,0.00061734,0.00110478,-0.00074400,0.00064788,0.00120101,-0.00119549,-0.00030105,0.00147396,0.00114289,-0.00178719,-0.00038148,-0.00001654,-0.00139959,0.00174505,0.00061225,0.00102957,0.00170734,-0.00127499,-0.00024973,0.00105745,0.00022001,0.00200518,-0.00098065,-0.00220553,-0.00134678,0.00121514,-0.00148998,0.00101910,-0.00096497,0.00015095,0.00052447,0.00144623,0.00040871,0.00141960,0.00150001,0.00079156,-0.00114976,-0.00123509,-0.00064482,-0.00035590,-0.00055653,-0.00205875,0.00093004,-0.00024551,0.00007255,0.00047046,0.00091890,0.00010970,-0.00120749,0.00051349,0.00125692,-0.00143274,0.00025871,-0.00088450,-0.00126876,0.00102295,-0.00032824,-0.00120511,0.00091274,-0.00082207,-0.00148314,0.00068342,0.00027984,0.00127185,0.00090215,0.00126744,0.00094825,-0.00045483,0.00048711,-0.00040483,-0.00000308,0.00081869,0.00082823,-0.00036909,-0.00080088,-0.00026782,-0.00216876,-0.00084864,-0.00052932,0.00114894,0.00118405,0.00142497,-0.00070191,-0.00090194,0.00140206,0.00043999,0.00021018,0.00046525,-0.00072707,0.00139038,-0.00024273,-0.00095824,-0.00107763,0.00095969,0.00044945,-0.00077204,0.00156698,0.00061511,-0.00065072,0.00061076,-0.00062525,-0.00005557,0.00000000,0.00000000,0.00000000,0.00000000,0.00000000,0.00000000,0.00000000,0.00000000,0.00000000,0.00000000,0.00000000,0.00000000,0.00000000,0.00000000,0.00000000,0.00000000,0.00000000,-0.00100951,0.00000000,0.00000000,0.00000000,0.00000000,0.00000000,0.00000000,0.00000000,0.00000000,0.00000000,0.00000000,0.00000000,0.00000000,0.00000000,0.00000000,0.00000000,0.00000000,0.00000000,0.00000000,0.00000000,0.00000000,0.00000000,0.00000000,0.00000000,0.00000000,0.00000000,0.00000000,0.00000000,0.00000000,0.00000000,0.00000000,-0.00149659,0.00023552,-0.00100094,0.00103816,-0.00121015,0.00082323,-0.00127041,0.00065592,-0.00030500,-0.00126012,-0.00002909,-0.00021556,-0.00150962,0.00136521,0.00130230,-0.00139185
0.00075541,-0.00088575,-0.01115033,-0.00040483,0.00029535,-0.00010015,0.00112180,-0.00021214,0.00151308,0.00010068,0.00164906,0.00067222,-0.00022419,0.00112511,0.00124994,-0.00036835,0.00048673,0.00139754,-0.00117649,-0.00135610,-0.00028698,0.00049997,0.00073492,0.00078150,-0.00127001,0.00155640,0.00031211,0.00028350,-0.00106235,0.00019159,0.00105035,-0.00189343,0.00031395,0.00024184,0.00148085,-0.00149157,0.00004848,-0.00031471,-0.00120476,0.00052140,0.00113383,0.00062209,0.00121497,-0.00080958,-0.00011986,0.00122181,-0.00087243,0.00037531,-0.00049570,-0.00132290,-0.00095381,0.00136321,-0.00068915,-0.00031508,-0.00054833,-0.00061343,0.00086343,0.00097396,0.00069265,-0.00012866,0.00093451,0.00079114,-0.00094194,-0.00009390,0.00025440,-0.00038156,-0.00088514,-0.00112896,0.00075646,-0.00029937,0.00100387,0.00102576,-0.00022779,0.00054002,-0.00173681,0.00050581,0.00049685,-0.00091468,0.00207330,-0.00049871,-0.00031184,0.00103435,-0.00082310,-0.00127832,0.00049112,-0.00201803,-0.00147696,0.00090090,0.00009424,0.00166018,0.00136597,0.00082593,0.00139095,0.00095182,0.00055436,-0.00022167,-0.00156898,-0.00002159,-0.00026940,0.00004106,0.00073041,-0.00011442,-0.00136919,-0.00044260,-0.00024727,-0.00017661,-0.00043965,0.00042572,-0.00087291,-0.00033172,0.00103730,0.00082145,0.00137751,0.00117424,0.00087241,0.00009998,0.00221951,-0.00168677,-0.00086722,0.00089091,0.00007249,-0.00149131,0.00092181,0.00116926,0.00013283,-0.00053010,-0.00001890,-0.00145152,0.00000000,0.00000000,0.00000000,0.00000000,0.00000000,0.00000000,0.00000000,0.00000000,0.00000000,0.00000000,0.00000000,0.00000000,0.00000000,0.00000000,0.00000000,0.00000000,0.00000000,0.00000000,-0.00131317,0.00000000,0.00000000,0.00000000,0.00000000,0.00000000,0.00000000,0.00000000,0.00000000,0.00000000,0.00000000,0.00000000,0.00000000,0.00000000,0.00000000,0.00000000,0.00000000,0.00000000,0.00000000,0.00000000,0.00000000,0.00000000,0.00000000,0.00000000,0.00000000,0.00000000,0.00000000,0.00000000,0.00000000,0.00000000,-0.00122273,0.00020799,-0.00055637,0.00106212,-0.00072987,0.00096015,-0.00158300,0.00133268,0.00064530,-0.00106833,0.00014000,-0.00117739,-0.00195660,0.00105748,0.00111813,-0.00177229
-0.00033738,0.00049138,0.00098549,-0.01142107,-0.00023462,-0.00045319,-0.00053265,0.00017923,-0.00094139,-0.00039274,-0.00023053,0.00037129,0.00038159,-0.00071834,0.00009448,-0.00005339,-0.00054151,-0.00113886,0.00062983,0.00103131,0.00008744,-0.00025822,-0.00038683,0.00017587,0.00011958,-0.00052742,-0.00019867,0.00020135,0.00129162,0.00052543,-0.00107747,0.00105216,0.00109462,-0.00042920,-0.00093228,0.00071860,0.00034605,0.00026935,0.00048490,-0.00052226,-0.00019050,-0.00097481,-0.00136657,0.00021555,-0.00038714,-0.00048401,0.00057108,-0.00002903,0.00042085,0.00057189,0.00055126,-0.00044824,0.00014059,0.00053387,-0.00007931,0.00083424,-0.00217334,0.00048593,-0.00038765,-0.00014268,0.00092911,0.00031460,-0.00005195,-0.00059863,-0.00025528,-0.00020069,0.00010244,0.00029846,-0.00128771,-0.00073907,0.00002112,-0.00039206,0.00033793,-0.00027262,0.00067213,-0.00134201,0.00057833,-0.00005334,-0.00136990,0.00147676,0.00007489,-0.00016171,0.00030768,-0.00017244,-0.00056450,0.00133369,0.00048168,-0.00055624,-0.00065889,-0.00107422,-0.00086112,-0.00025104,-0.00016345,-0.00127395,0.00006150,0.00093987,0.00161635,0.00004638,0.00062058,0.00052524,-0.00034375,-0.00116090,0.00066848,-0.00050478,-0.00039541,0.00038545,0.00194099,-0.00004929,0.00029675,0.00000699,-0.00091658,-0.00060760,-0.00069502,-0.00007896,-0.00096961,-0.00001834,-0.00247898,0.00003051,0.00087107,-0.00004273,-0.00069552,0.00224548,0.00019170,-0.00050676,-0.00024390,0.00094954,-0.00069531,0.00091175,0.00000000,0.00000000,0.00000000,0.00000000,0.00000000,0.00000000,0.00000000,0.00000000,0.00000000,0.00000000,0.00000000,0.00000000,0.00000000,0.00000000,0.00000000,0.00000000,0.00000000,0.00000000,0.00000000,-0.00106861,0.00000000,0.00000000,0.00000000,0.00000000,0.00000000,0.00000000,0.00000000,0.00000000,0.00000000,0.00000000,0.00000000,0.00000000,0.00000000,0.00000000,0.00000000,0.00000000,0.00000000,0.00000000,0.00000000,0.00000000,0.00000000,0.00000000,0.00000000,0.00000000,0.00000000,0.00000000,0.00000000,0.00000000,0.00090212,0.00019184,0.00055169,-0.00097285,0.00015751,-0.00033604,0.00113955,-0.00070518,-0.00064701,0.00046504,0.00088517,0.00033259,0.00037964,-0.00142434,-0.00081797,0.00017071
-0.00084604,0.00037467,-0.00254888,0.00243643,-0.01398573,0.00129520,0.00022280,0.00048390,-0.00260812,-0.00134229,-0.00215303,-0.00079200,0.00106401,-0.00146217,-0.00135856,0.00147584,-0.00254623,-0.00178218,0.00226177,-0.00054569,-0.00148513,-0.00177306,-0.00222255,-0.00206488,0.00155799,-0.00172652,-0.00064073,-0.00114275,0.00043626,-0.00107992,-0.00263102,0.00212865,-0.00108788,-0.00212347,-0.00186337,0.00105688,0.00104856,-0.00108927,0.00179297,-0.00185013,-0.00200929,-0.00240331,-0.00183269,0.00149498,0.00063010,-0.00132655,-0.00118459,-0.00246647,0.00111295,0.00222376,0.00203301,-0.00214065,0.00245379,-0.00204829,0.00188409,-0.00153016,0.00111221,-0.00171016,-0.00109001,-0.00174017,-0.00083582,-0.00163707,0.00134812,0.00184416,0.00179410,0.00099099,0.00171851,0.00224871,-0.00010930,0.00082214,-0.00273904,-0.00062778,-0.00116245,0.00115951,0.00101223,-0.00038535,-0.00072491,0.00137877,-0.00056170,0.00009788,0.00132456,-0.00213950,0.00136240,0.00099906,-0.00197707,-0.00059058,0.00232619,-0.00163361,-0.00019124,-0.00057874,-0.00100804,-0.00101099,-0.00151312,0.00004050,-0.00195062,-0.00130373,-0.00054199,-0.00076901,-0.00153344,0.00000179,0.00177726,0.00106817,0.00117603,0.00074549,-0.00063645,-0.00134366,-0.00122587,-0.00116511,0.00103677,0.00209267,-0.00224410,0.00041675,-0.00160112,-0.00118871,0.00103914,-0.00183326,0.00016227,0.00186489,0.00284750,-0.00124731,-0.00049517,-0.00081686,-0.00242303,-0.00009548,0.00191059,-0.00011803,0.00173789,-0.00005780,0.00000000,0.00000000,0.00000000,0.00000000,0.00000000,0.00000000,0.00000000,0.00000000,0.00000000,0.00000000,0.00000000,0.00000000,0.00000000,0.00000000,0.00000000,0.00000000,0.00000000,0.00000000,0.00000000,0.00000000,-0.00048752,0.00000000,0.00000000,0.00000000,0.00000000,0.00000000,0.00000000,0.00000000,0.00000000,0.00000000,0.00000000,0.00000000,0.00000000,0.00000000,0.00000000,0.00000000,0.00000000,0.00000000,0.00000000,0.00000000,0.00000000,0.00000000,0.00000000,0.00000000,0.00000000,0.00000000,0.00000000,0.00000000,0.00163771,-0.00013301,0.00131843,-0.00176444,0.00271795,-0.00157529,0.00184932,-0.00113673,0.00018067,0.00180652,0.00000535,0.00109468,0.00129562,-0.00116974,-0.00265700,0.00231548
-0.00012043,-0.00041897,-0.00015461,0.00065822,-0.00095522,-0.01544117,-0.00064779,0.00069179,-0.00159930,0.00042698,-0.00031056,-0.00100065,0.00037804,-0.00149207,-0.00171407,0.00069390,-0.00132017,-0.00082359,0.00113809,0.00088863,-0.00088992,-0.00015052,-0.00088941,-0.00024569,0.00149889,-0.00064687,-0.00058603,-0.00055971,0.00097547,0.00034424,-0.00169250,0.00109288,0.00070961,-0.00079967,-0.00074804,0.00036011,0.00077196,0.00047866,0.00052191,-0.00090699,-0.00032664,-0.00130733,-0.00077559,0.00050912,-0.00063280,-0.00067825,-0.00018958,-0.00110194,0.00087405,0.00113967,-0.00003554,-0.00078685,0.00023528,-0.00101717,-0.00021280,0.00109200,-0.00048625,-0.00059815,-0.00116711,-0.00021144,-0.00163947,-0.00016239,0.00047509,-0.00031740,0.00002617,0.00019236,0.00068055,0.00063253,-0.00039093,0.00010945,-0.00023618,-0.00112522,0.00019479,-0.00048071,0.00136573,-0.00117358,0.00008409,0.00075142,-0.00101475,0.00139094,0.00045225,-0.00116727,0.00030709,0.00048158,0.00025853,0.00146141,0.00095368,-0.00097861,-0.00041659,-0.00124321,-0.00138186,0.00002916,-0.00100935,-0.00174851,-0.00064150,0.00064805,0.00160685,0.00039293,-0.00007521,0.00054181,-0.00040641,-0.00075657,0.00080238,0.00006836,-0.00035562,-0.00022913,0.00014050,0.00010876,0.00030574,0.00006366,-0.00129395,-0.00006669,-0.00075274,-0.00014666,-0.00121752,-0.00014288,-0.00251175,0.00069116,0.00073122,-0.00022254,-0.00048313,0.00060999,-0.00044278,-0.00022843,-0.00055816,0.00004078,-0.00037419,0.00106681,0.00000000,0.00000000,0.00000000,0.00000000,0.00000000,0.00000000,0.00000000,0.00000000,0.00000000,0.00000000,0.00000000,0.00000000,0.00000000,0.00000000,0.00000000,0.00000000,0.00000000,0.00000000,0.00000000,0.00000000,0.00000000,0.00126889,0.00000000,0.00000000,0.00000000,0.00000000,0.00000000,0.00000000,0.00000000,0.00000000,0.00000000,0.00000000,0.00000000,0.00000000,0.00000000,0.00000000,0.00000000,0.00000000,0.00000000,0.00000000,0.00000000,0.00000000,0.00000000,0.00000000,0.00000000,0.00000000,0.00000000,0.00000000,0.00095230,-0.00030698,0.00095795,-0.00057479,0.00074413,-0.00014909,0.00075743,-0.00160490,0.00044227,0.00056854,-0.00017012,0.00127330,0.00071315,-0.00095388,-0.00077780,0.00128695
-0.00010828,0.00036288,-0.00127410,0.00150703,0.00033860,0.00090782,-0.01562108,-0.00024177,-0.00224925,-0.00123299,-0.00179214,-0.00039626,0.00050767,-0.00120472,-0.00102235,0.00030980,-0.00183170,-0.00116038,0.00163814,0.00031292,-0.00124865,-0.00063338,-0.00114071,-0.00030938,0.00199751,-0.00136068,-0.00095042,-0.00134374,0.00044950,-0.00088390,-0.00117182,0.00143820,-0.00026329,-0.00101980,-0.00155428,0.00097259,0.00049338,-0.00024866,0.00120172,-0.00128315,-0.00044850,-0.00150282,-0.00130008,0.00002467,0.00185566,-0.00120266,-0.00054834,-0.00069770,0.00082869,0.00128092,0.00186992,-0.00118741,0.00237120,-0.00101847,0.00145880,-0.00053920,-0.00030216,-0.00111769,-0.00131341,-0.00139319,-0.00124264,-0.00160849,0.00088974,0.00166527,0.00100899,0.00160749,0.00098280,0.00093275,-0.00157301,0.00024952,-0.00075793,-0.00113502,-0.00026456,-0.00031643,0.00173686,0.00013444,-0.00101730,0.00159729,-0.00104169,0.00020064,0.00124564,-0.00250108,0.00174754,0.00215980,-0.00104089,0.00111507,0.00217877,-0.00106845,0.00072257,-0.00060014,-0.00143438,-0.00039304,-0.00159916,0.00064390,-0.00146755,-0.00095762,0.00024686,-0.00072838,-0.00108672,0.00032653,0.00011288,0.00058310,0.00000430,0.00132698,-0.00042297,-0.00012830,-0.00090501,-0.00097653,0.00205933,0.00169134,-0.00127248,-0.00027249,-0.00165475,-0.00096102,0.00007191,-0.00111447,-0.00055230,0.00222137,0.00117877,-0.00088081,0.00058564,-0.00032540,-0.00120924,0.00018382,0.00118061,-0.00107529,0.00127279,0.00061840,0.00000000,0.00000000,0.00000000,0.00000000,0.00000000,0.00000000,0.00000000,0.00000000,0.00000000,0.00000000,0.00000000,0.00000000,0.00000000,0.00000000,0.00000000,0.00000000,0.00000000,0.00000000,0.00000000,0.00000000,0.00000000,0.00000000,0.00110699,0.00000000,0.00000000,0.00000000,0.00000000,0.00000000,0.00000000,0.00000000,0.00000000,0.00000000,0.00000000,0.00000000,0.00000000,0.00000000,0.00000000,0.00000000,0.00000000,0.00000000,0.00000000,0.00000000,0.00000000,0.00000000,0.00000000,0.00000000,0.00000000,0.00000000,0.00160121,-0.00089393,0.00112311,-0.00206655,0.00131231,-0.00204010,0.00086540,-0.00070836,0.00035499,0.00114782,-0.00082673,0.00078776,0.00150991,-0.00111174,-0.00107372,0.00152228
-0.00002992,0.00060062,0.00078462,-0.00119698,0.00110060,-0.00013334,0.00028753,-0.01435339,0.00092578,0.00091438,0.00179818,0.00074072,-0.00077540,0.00093930,0.00119467,-0.00109055,0.00183943,0.00041621,-0.00122527,0.00007325,0.00142249,0.00083450,0.00088758,0.00103734,-0.00135938,0.00134296,0.00037703,0.00012908,-0.00032383,0.00017348,0.00102825,-0.00179322,-0.00046616,0.00055288,0.00178157,-0.00070320,0.00002882,0.00026154,-0.00117962,0.00117657,0.00138260,0.00137450,0.00209820,-0.00042638,-0.00010610,0.00041977,0.00008829,0.00039947,-0.00173488,-0.00114636,-0.00069226,0.00135500,-0.00072377,0.00027295,-0.00006887,-0.00032975,0.00019098,0.00047475,0.00188244,0.00082263,0.00099725,0.00146991,-0.00086279,-0.00009658,-0.00107014,-0.00130579,-0.00166934,-0.00072507,0.00067047,-0.00057108,0.00115003,0.00119531,0.00050457,-0.00029261,-0.00077439,-0.00035498,0.00047067,-0.00055993,0.00069685,-0.00049003,-0.00091158,0.00099395,-0.00112191,-0.00129069,0.00153111,-0.00013659,-0.00051945,0.00118728,-0.00020139,0.00131200,0.00086425,0.00080711,0.00111967,0.00083318,0.00114294,0.00029547,-0.00064760,0.00084345,0.00003063,0.00003339,-0.00011801,0.00009098,-0.00082344,-0.00111040,0.00018028,0.00009404,0.00072861,0.00040920,-0.00129122,-0.00082301,0.00115753,0.00004836,0.00072034,0.00055308,0.00103766,0.00124888,0.00056826,-0.00166607,-0.00064088,0.00019790,0.00060024,-0.00012031,0.00076024,0.00058282,-0.00129734,0.00010953,-0.00064567,-0.00047557,0.00000000,0.00000000,0.00000000,0.00000000,0.00000000,0.00000000,0.00000000,0.00000000,0.00000000,0.00000000,0.00000000,0.00000000,0.00000000,0.00000000,0.00000000,0.00000000,0.00000000,0.00000000,0.00000000,0.00000000,0.00000000,0.00000000,0.00000000,0.00145628,0.00000000,0.00000000,0.00000000,0.00000000,0.00000000,0.00000000,0.00000000,0.00000000,0.00000000,0.00000000,0.00000000,0.00000000,0.00000000,0.00000000,0.00000000,0.00000000,0.00000000,0.00000000,0.00000000,0.00000000,0.00000000,0.00000000,0.00000000,0.00000000,-0.00129891,0.00041391,-0.00145631,0.00027373,-0.00046491,0.00139175,-0.00099957,0.00026444,0.00015949,-0.00027570,-0.00031299,-0.00114953,-0.00154851,0.00090621,0.00126229,-0.00067816
0.00056566,-0.00068953,-0.00070100,0.00029994,0.00068805,0.00025000,0.00022083,-0.00145611,-0.01202717,-0.00086475,-0.00046119,0.00002016,-0.00014185,-0.00089271,-0.00041593,0.00041264,-0.00103963,-0.00028092,0.00048071,-0.00093230,-0.00078581,-0.00095481,-0.00041838,-0.00011679,0.00061201,-0.00040093,-0.00117450,-0.00054647,-0.00120575,-0.00125222,-0.00062133,-0.00040626,-0.00051223,-0.00075987,-0.00012268,0.00056578,0.00173994,-0.00107079,0.00032708,-0.00075820,-0.00026781,0.00010117,-0.00017676,-0.00016557,0.00167888,-0.00043622,-0.00013971,-0.00067987,-0.00023858,0.00019650,0.00144607,0.00004755,0.00063732,-0.00031775,0.00063127,-0.00158917,0.00137513,-0.00054303,-0.00010935,-0.00068373,-0.00090533,-0.00060424,0.00062421,0.00071103,0.00172788,0.00097355,0.00118532,0.00102875,0.00079820,0.00079396,-0.00068091,0.00018566,-0.00028563,0.00105754,-0.00036352,0.00098936,-0.00048477,0.00031270,0.00083549,-0.00130077,0.00073291,-0.00060904,0.00093268,-0.00011101,-0.00055612,-0.00037980,-0.00048119,-0.00045598,0.00095432,0.00162679,0.00093009,-0.00133332,-0.00109479,0.00157311,-0.00111704,-0.00120091,-0.00139229,-0.00055007,-0.00115908,-0.00061188,0.00191016,0.00127473,-0.00012283,0.00051819,-0.00089835,-0.00104957,-0.00153742,0.00016358,0.00052401,0.00102055,-0.00104791,0.00042658,-0.00021888,0.00013975,0.00161630,-0.00095441,0.00225140,-0.00005803,0.00012017,-0.00127038,-0.00081355,-0.00072278,-0.00040117,0.00126215,0.00039872,-0.00117999,0.00141495,-0.00112478,0.00000000,0.00000000,0.00000000,0.00000000,0.00000000,0.00000000,0.00000000,0.00000000,0.00000000,0.00000000,0.00000000,0.00000000,0.00000000,0.00000000,0.00000000,0.00000000,0.00000000,0.00000000,0.00000000,0.00000000,0.00000000,0.00000000,0.00000000,0.00000000,-0.00026402,0.00000000,0.00000000,0.00000000,0.00000000,0.00000000,0.00000000,0.00000000,0.00000000,0.00000000,0.00000000,0.00000000,0.00000000,0.00000000,0.00000000,0.00000000,0.00000000,0.00000000,0.00000000,0.00000000,0.00000000,0.00000000,0.00000000,0.00000000,0.00022686,0.00066101,-0.00048447,-0.00011485,-0.00096678,0.00046616,-0.00080681,-0.00000167,0.00059752,-0.00010989,0.00026911,0.00021229,-0.00019010,0.00022332,0.00081922,0.00028227
0.00131297,0.00025446,0.00003568,-0.00180257,0.00058362,0.00065906,0.00119152,0.00006994,0.00156794,-0.01307431,0.00143361,0.00110365,-0.00081388,0.00107369,0.00067946,-0.00164051,0.00148699,0.00110738,-0.00112451,-0.00168825,0.00033252,0.00086021,0.00102062,0.00030705,-0.00111931,0.00094536,0.00101875,0.00021345,-0.00186342,0.00039022,0.00111478,-0.00175076,-0.00107187,0.00094416,0.00048428,-0.00109855,-0.00068962,-0.00094510,-0.00150544,0.00018626,0.00084853,0.00031294,0.00124519,-0.00007538,-0.00061100,0.00121403,0.00022021,0.00121122,-0.00117372,-0.00106893,0.00008215,0.00113017,-0.00031393,-0.00041491,-0.00058029,-0.00026288,0.00140461,0.00075148,0.00094431,-0.00027485,-0.00005584,0.00072432,-0.00137495,-0.00020409,-0.00045940,-0.00097477,-0.00074821,-0.00145194,0.00118416,0.00046417,0.00119215,0.00090112,-0.00047553,-0.00026912,-0.00173602,0.00088391,0.00018777,-0.00091588,0.00165668,-0.00197070,-0.00058322,0.00103965,-0.00094431,-0.00106512,0.00038635,-0.00186826,-0.00156873,0.00119050,0.00062246,0.00134815,0.00138263,0.00029755,0.00134963,0.00144693,0.00007300,-0.00119166,-0.00197199,0.00029910,-0.00081411,0.00014227,0.00079963,0.00016737,-0.00172962,-0.00051150,0.00006006,0.00050057,-0.00048532,0.00045331,-0.00086523,-0.00041548,0.00066978,0.00117493,0.00107789,0.00059656,0.00018182,-0.00019790,0.00200010,-0.00056989,-0.00083090,0.00103483,-0.00010543,-0.00108529,0.00098903,0.00219167,0.00000534,-0.00025863,0.00032575,-0.00115207,0.00000000,0.00000000,0.00000000,0.00000000,0.00000000,0.00000000,0.00000000,0.00000000,0.00000000,0.00000000,0.00000000,0.00000000,0.00000000,0.00000000,0.00000000,0.00000000,0.00000000,0.00000000,0.00000000,0.00000000,0.00000000,0.00000000,0.00000000,0.00000000,0.00000000,-0.00038974,0.00000000,0.00000000,0.00000000,0.00000000,0.00000000,0.00000000,0.00000000,0.00000000,0.00000000,0.00000000,0.00000000,0.00000000,0.00000000,0.00000000,0.00000000,0.00000000,0.00000000,0.00000000,0.00000000,0.00000000,0.00000000,0.00000000,-0.00149576,0.00051056,-0.00120338,0.00127258,-0.00094304,0.00085172,-0.00106053,0.00150770,0.00002416,-0.00098257,0.00025291,-0.00137752,-0.00142931,0.00166652,0.00131444,-0.00143239
-0.00025078,-0.00047301,-0.00097867,0.00047947,0.00017619,0.00128349,0.00066094,-0.00027279,-0.00012125,-0.00097300,-0.01255545,-0.00018545,0.00019380,0.00026119,-0.00031803,0.00083898,-0.00057979,0.00002737,0.00036430,-0.00151685,-0.00000626,-0.00091191,-0.00002145,-0.00014464,0.00052825,0.00058317,-0.00060028,-0.00053599,-0.00086605,-0.00120637,-0.00029302,0.00025428,-0.00085872,-0.00015584,-0.00092242,-0.00010018,0.00068160,-0.00145844,0.00025548,-0.00064116,-0.00024111,-0.00008363,0.00014470,0.00037352,0.00125654,0.00025993,-0.00082060,-0.00026949,-0.00008546,-0.00022947,0.00016506,-0.00044885,0.00091604,-0.00163194,0.00036915,-0.00170124,0.00166887,-0.00022504,-0.00079024,-0.00096793,-0.00110135,-0.00067596,0.00040556,0.00077979,0.00152722,0.00036400,0.00077919,0.00090287,0.00085282,0.00027383,-0.00023022,0.00024139,-0.00029387,0.00107851,0.00000589,0.00121901,-0.00115919,0.00110860,0.00095963,-0.00154608,0.00043423,-0.00042499,0.00012055,0.00008398,-0.00064290,-0.00149897,-0.00009199,-0.00082463,0.00126743,0.00110220,0.00131047,-0.00040073,0.00039255,0.00136236,-0.00144486,-0.00112140,-0.00181991,-0.00068707,-0.00109675,0.00047444,0.00180166,0.00036021,-0.00026889,0.00126252,-0.00032859,-0.00095858,-0.00138129,-0.00009221,0.00017962,0.00058282,0.00003871,0.00156289,0.00084203,0.00000421,0.00188710,-0.00077143,0.00205741,-0.00022615,-0.00001332,-0.00081415,-0.00097831,-0.00198293,-0.00077689,0.00159638,0.00087421,-0.00213833,0.00096399,-0.00124176,0.00000000,0.00000000,0.00000000,0.00000000,0.00000000,0.00000000,0.00000000,0.00000000,0.00000000,0.00000000,0.00000000,0.00000000,0.00000000,0.00000000,0.00000000,0.00000000,0.00000000,0.00000000,0.00000000,0.00000000,0.00000000,0.00000000,0.00000000,0.00000000,0.00000000,0.00000000,-0.00057407,0.00000000,0.00000000,0.00000000,0.00000000,0.00000000,0.00000000,0.00000000,0.00000000,0.00000000,0.00000000,0.00000000,0.00000000,0.00000000,0.00000000,0.00000000,0.00000000,0.00000000,0.00000000,0.00000000,0.00000000,0.00000000,0.00008143,0.00003440,-0.00077283,-0.00014066,-0.00008757,0.00083858,-0.00053559,0.00004357,0.00002597,-0.00032455,0.00032573,-0.00025952,0.00011106,0.00034210,-0.00003403,-0.00026727
0.00088021,0.00043628,-0.00033623,0.00033428,0.00105313,0.00035829,0.00071416,-0.00003905,0.00094225,0.00021665,0.00008727,-0.01405316,-0.00052488,0.00095812,-0.00015344,-0.00050623,-0.00089092,0.00060003,-0.00038145,-0.00101911,-0.00039037,0.00001666,0.00029810,0.00019261,0.00035844,0.00088088,-0.00086354,-0.00069407,-0.00003484,-0.00049965,-0.00035897,-0.00028348,-0.00087898,-0.00016890,0.00020578,-0.00064626,0.00111518,-0.00181652,-0.00038989,0.00007313,0.00041239,0.00138228,0.00068608,-0.00025208,0.00093248,0.00062086,-0.00027142,0.00068768,0.00034888,0.00009255,0.00066600,0.00026597,-0.00083276,-0.00027517,0.00057927,-0.00046372,0.00101481,0.00022750,-0.00031052,-0.00017938,-0.00028670,0.00018671,-0.00053942,0.00014611,-0.00013493,0.00059631,-0.00040626,0.00049587,0.00001542,0.00047872,-0.00027550,0.00061579,-0.00020077,0.00114369,-0.00073890,0.00163322,-0.00044464,-0.00007810,0.00026629,-0.00047989,0.00100989,0.00008938,-0.00036045,-0.00009574,-0.00085157,-0.00105087,-0.00083081,-0.00009428,0.00033965,0.00058582,0.00093668,0.00017490,-0.00035890,0.00060092,-0.00054657,-0.00130122,-0.00062381,0.00013905,-0.00016058,-0.00083766,0.00143091,0.00061594,-0.00039290,0.00007483,-0.00007550,0.00010311,-0.00134677,0.00003015,-0.00021544,-0.00074678,-0.00017372,0.00012625,0.00087173,0.00031696,0.00076032,-0.00047088,0.00135835,-0.00056414,-0.00029866,0.00048221,-0.00027105,-0.00146781,-0.00016099,0.00056141,0.00029097,-0.00074254,0.00063750,-0.00124046,0.00000000,0.00000000,0.00000000,0.00000000,0.00000000,0.00000000,0.00000000,0.00000000,0.00000000,0.00000000,0.00000000,0.00000000,0.00000000,0.00000000,0.00000000,0.00000000,0.00000000,0.00000000,0.00000000,0.00000000,0.00000000,0.00000000,0.00000000,0.00000000,0.00000000,0.00000000,0.00000000,0.00097441,0.00000000,0.00000000,0.00000000,0.00000000,0.00000000,0.00000000,0.00000000,0.00000000,0.00000000,0.00000000,0.00000000,0.00000000,0.00000000,0.00000000,0.00000000,0.00000000,0.00000000,0.00000000,0.00000000,0.00000000,-0.00108817,0.00067270,-0.00058411,0.00024243,-0.00040362,0.00129356,-0.00014784,0.00093316,0.00037152,-0.00037705,0.00047764,0.00008600,-0.00112541,0.00121966,-0.00006632,-0.00040010
-0.00082677,0.00009271,-0.00029484,0.00056036,-0.00005975,0.00059920,0.00006222,-0.00029273,-0.00164772,-0.00098747,-0.00097012,-0.00109703,-0.01447006,-0.00046279,-0.00070187,0.00027020,-0.00087321,-0.00063029,0.00093195,0.00056561,0.00042564,0.00000003,-0.00074182,0.00007623,0.00102716,-0.00058358,0.00018229,-0.00062847,-0.00002894,-0.00008164,-0.00098321,0.00108488,-0.00059291,-0.00006666,-0.00034895,0.00039698,0.00098409,0.00018880,0.00022351,0.00007818,-0.00101442,-0.00055159,-0.00113374,0.00174108,-0.00022816,-0.00098566,0.00032159,-0.00127093,0.00079189,0.00073849,-0.00001580,-0.00086364,-0.00041112,-0.00053589,-0.00005827,-0.00119780,0.00002411,-0.00065698,-0.00109454,-0.00016768,-0.00029124,-0.00052079,0.00086930,-0.00042489,0.00044512,-0.00048037,0.00030019,0.00026584,0.00060720,-0.00002162,-0.00078071,-0.00048715,-0.00054549,0.00042583,0.00122314,0.00076867,-0.00084582,0.00045005,-0.00027204,0.00020101,0.00020694,-0.00014953,-0.00001534,0.00076129,-0.00080302,0.00040223,0.00214787,-0.00059637,-0.00062319,-0.00058609,-0.00060015,-0.00029857,-0.00092793,-0.00117118,0.00015302,0.00018610,0.00035755,-0.00092212,0.00067918,-0.00020061,-0.00020229,0.00075163,0.00123677,0.00114765,0.00005551,-0.00020216,-0.00074370,-0.00027674,-0.00021670,0.00072609,-0.00045468,0.00037221,-0.00069035,-0.00076405,0.00034087,-0.00008562,-0.00060100,0.00031443,0.00053799,-0.00035157,-0.00004821,0.00109185,-0.00083873,-0.00028244,0.00121998,0.00045325,-0.00057415,0.00062729,0.00000000,0.00000000,0.00000000,0.00000000,0.00000000,0.00000000,0.00000000,0.00000000,0.00000000,0.00000000,0.00000000,0.00000000,0.00000000,0.00000000,0.00000000,0.00000000,0.00000000,0.00000000,0.00000000,0.00000000,0.00000000,0.00000000,0.00000000,0.00000000,0.00000000,0.00000000,0.00000000,0.00000000,0.00084556,0.00000000,0.00000000,0.00000000,0.00000000,0.00000000,0.00000000,0.00000000,0.00000000,0.00000000,0.00000000,0.00000000,0.00000000,0.00000000,0.00000000,0.00000000,0.00000000,0.00000000,0.00000000,0.00000000,0.00086765,0.00055591,0.00092657,-0.00091724,0.00078095,-0.00145028,0.00137376,-0.00086028,0.00103161,0.00066824,0.00023609,0.00057914,0.00015922,-0.00118561,-0.00058308,0.00152477
0.00101391,-0.00049454,-0.00171439,0.00054468,0.00100496,0.00076655,0.00085429,-0.00108498,-0.00055456,-0.00120888,-0.00031427,0.00051640,0.00052750,-0.01399860,-0.00122607,0.00041020,-0.00076051,-0.00000630,0.00057811,-0.00035329,-0.00103251,-0.00109840,-0.00010472,-0.00143320,0.00019916,0.00026609,-0.00069246,-0.00099576,-0.00025812,-0.00160294,-0.00119281,0.00062304,-0.00079442,0.00006705,-0.00086292,0.00030772,0.00085748,-0.00097275,-0.00021649,-0.00093584,-0.00016696,-0.00069172,-0.00008429,0.00053883,0.00145913,-0.00045429,0.00014115,0.00008274,-0.00055421,-0.00069378,0.00074872,-0.00070327,0.00065578,-0.00083224,0.00138095,-0.00080864,0.00126122,-0.00138724,-0.00068061,-0.00097108,-0.00118918,-0.00048122,0.00071027,0.00146485,0.00155839,0.00107775,0.00085740,0.00086868,0.00023266,0.00047659,-0.00047110,-0.00115823,-0.00102928,0.00075764,-0.00039701,0.00087631,-0.00113756,0.00096226,0.00102842,-0.00146203,0.00067003,-0.00043101,0.00005816,0.00040274,-0.00145588,-0.00129692,0.00004625,-0.00083917,0.00036380,0.00088765,0.00070075,-0.00020218,-0.00045557,0.00074498,-0.00020307,-0.00163365,-0.00108343,-0.00056815,-0.00052364,-0.00034875,0.00199796,0.00052433,0.00040629,0.00090368,-0.00042278,-0.00083618,-0.00116486,-0.00064284,0.00018403,0.00068657,-0.00055224,0.00084086,0.00075123,-0.00121983,0.00151890,-0.00161192,0.00233279,0.00001751,0.00063318,-0.00081241,-0.00025891,-0.00138050,-0.00107106,0.00164495,0.00103627,-0.00091855,0.00096239,-0.00102324,0.00000000,0.00000000,0.00000000,0.00000000,0.00000000,0.00000000,0.00000000,0.00000000,0.00000000,0.00000000,0.00000000,0.00000000,0.00000000,0.00000000,0.00000000,0.00000000,0.00000000,0.00000000,0.00000000,0.00000000,0.00000000,0.00000000,0.00000000,0.00000000,0.00000000,0.00000000,0.00000000,0.00000000,0.00000000,-0.00016947,0.00000000,0.00000000,0.00000000,0.00000000,0.00000000,0.00000000,0.00000000,0.00000000,0.00000000,0.00000000,0.00000000,0.00000000,0.00000000,0.00000000,0.00000000,0.00000000,0.00000000,0.00000000,0.00056291,-0.00051729,-0.00024568,0.00041316,-0.00008169,-0.00030474,-0.00093160,-0.00040118,0.00034297,0.00071180,-0.00015533,0.00036442,0.00050404,-0.00021301,-0.00036554,-0.00027867
0.00025424,0.00020094,-0.00010348,-0.00046725,0.00058482,-0.00089319,0.00049158,0.00008350,0.00112197,0.00013189,0.00103168,-0.00002081,-0.00069858,0.00006439,-0.01311309,-0.00054790,0.00047295,0.00023519,-0.00088246,-0.00098728,0.00014537,-0.00034952,-0.00019084,-0.00025262,-0.00098667,0.00104201,-0.00063839,0.00015293,-0.00140979,-0.00055031,0.00040185,-0.00079354,-0.00012978,0.00008694,0.00002650,-0.00065592,-0.00043679,-0.00130009,0.00013079,-0.00054857,0.00060726,0.00071242,0.00124605,-0.00072747,0.00032016,0.00108245,0.00094528,0.00007017,-0.00061212,-0.00089738,-0.00096578,0.00031582,0.00012400,0.00024034,0.00037403,-0.00077718,0.00120187,-0.00061913,0.00048522,-0.00074285,-0.00001912,-0.00030503,-0.00031046,-0.00042868,0.00041165,0.00015584,-0.00012699,-0.00043801,0.00071758,0.00013023,0.00110839,0.00049840,0.00000826,0.00047794,-0.00146833,0.00081503,0.00018092,0.00050620,0.00155388,-0.00070147,-0.00055008,-0.00005549,0.00008352,-0.00036981,0.00020243,-0.00211045,-0.00101332,-0.00029280,0.00112844,0.00075723,0.00118770,-0.00008017,0.00126319,0.00125570,0.00037407,-0.00031934,-0.00153396,-0.00023134,-0.00063134,-0.00009339,0.00071224,0.00132680,-0.00033770,-0.00004061,-0.00028267,0.00044370,-0.00040710,-0.00114570,-0.00072814,-0.00078352,0.00041438,0.00077520,0.00127699,-0.00033223,0.00039353,-0.00102936,0.00145824,-0.00019884,-0.00014910,0.00115858,-0.00023013,-0.00111876,0.00033761,0.00070678,-0.00038378,-0.00022795,0.00063160,-0.00035464,0.00000000,0.00000000,0.00000000,0.00000000,0.00000000,0.00000000,0.00000000,0.00000000,0.00000000,0.00000000,0.00000000,0.00000000,0.00000000,0.00000000,0.00000000,0.00000000,0.00000000,0.00000000,0.00000000,0.00000000,0.00000000,0.00000000,0.00000000,0.00000000,0.00000000,0.00000000,0.00000000,0.00000000,0.00000000,0.00000000,0.00121306,0.00000000,0.00000000,0.00000000,0.00000000,0.00000000,0.00000000,0.00000000,0.00000000,0.00000000,0.00000000,0.00000000,0.00000000,0.00000000,0.00000000,0.00000000,0.00000000,0.00000000,-0.00059374,0.00063579,-0.00005573,0.00063244,-0.00078934,0.00108942,0.00004820,0.00107829,0.00044086,0.00020516,-0.00012922,-0.00055045,0.00003275,0.00047680,0.00080715,-0.00046441
-0.00037080,0.00060071,0.00005913,0.00041226,-0.00111365,-0.00032861,-0.00160831,0.00014979,-0.00146752,-0.00086220,0.00003158,-0.00131356,-0.00009564,-0.00137495,-0.00096886,-0.01126238,-0.00001996,-0.00085627,0.00084322,0.00123036,-0.00039208,-0.00124766,-0.00059432,-0.00055706,0.00069409,-0.00153872,0.00016926,-0.00013172,0.00082242,0.00023259,-0.00134375,0.00104802,0.00004095,-0.00111784,-0.00045196,0.00084399,-0.00042895,0.00050754,0.00037551,-0.00102230,-0.00011767,-0.00040485,-0.00083235,0.00018793,-0.00005591,-0.00044439,0.00038145,-0.00102332,0.00121082,0.00083100,0.00064795,-0.00084980,0.00105537,-0.00081742,-0.00023472,0.00097951,-0.00061117,-0.00060592,0.00018714,-0.00070104,-0.00066742,-0.00077692,0.00080905,0.00017308,-0.00025666,-0.00029187,0.00121891,0.00068262,-0.00073970,-0.00099429,-0.00052874,-0.00115738,0.00070953,-0.00045970,0.00116235,-0.00192653,0.00058577,-0.00018553,-0.00143137,0.00130399,-0.00005797,-0.00071746,0.00057140,0.00034866,-0.00055834,0.00078824,0.00120348,-0.00085221,-0.00114239,-0.00211399,-0.00098236,-0.00078670,-0.00027899,-0.00095768,0.00003492,0.00057266,0.00142585,0.00000602,0.00007634,0.00073944,-0.00063489,0.00033968,0.00168707,-0.00014815,-0.00035855,-0.00051052,0.00018594,-0.00049448,0.00045538,0.00042471,-0.00090537,-0.00089661,-0.00107302,-0.00135025,-0.00100372,-0.00049407,-0.00192003,0.00023746,0.00052902,0.00002737,0.00003277,0.00088699,-0.00049385,-0.00101391,0.00025781,0.00125680,-0.00073002,0.00135512,0.00000000,0.00000000,0.00000000,0.00000000,0.00000000,0.00000000,0.00000000,0.00000000,0.00000000,0.00000000,0.00000000,0.00000000,0.00000000,0.00000000,0.00000000,0.00000000,0.00000000,0.00000000,0.00000000,0.00000000,0.00000000,0.00000000,0.00000000,0.00000000,0.00000000,0.00000000,0.00000000,0.00000000,0.00000000,0.00000000,0.00000000,0.00020507,0.00000000,0.00000000,0.00000000,0.00000000,0.00000000,0.00000000,0.00000000,0.00000000,0.00000000,0.00000000,0.00000000,0.00000000,0.00000000,0.00000000,0.00000000,0.00000000,0.00110750,-0.00093334,0.00078037,-0.00185069,0.00082253,-0.00163941,0.00129352,-0.00111539,0.00011452,0.00180036,-0.00005439,0.00077491,0.00132741,-0.00184079,-0.00131203,0.00030244
0.00075280,-0.00138140,-0.00011962,-0.00044205,0.00082334,-0.00002166,0.00054174,-0.00038162,0.00089376,0.00022994,0.00040220,-0.00034526,-0.00055216,0.00068826,0.00028575,0.00061574,-0.01126181,0.00127069,-0.00068986,-0.00209002,-0.00011534,0.00115373,0.00086331,0.00039818,-0.00022150,0.00089507,-0.00020650,0.00031054,-0.00092303,-0.00066495,0.00064670,-0.00095961,-0.00056355,0.00043454,0.00116373,-0.00116778,0.00060132,-0.00103406,-0.00089969,0.00044981,0.00029131,0.00009318,-0.00021034,-0.00057016,0.00033693,0.00102213,-0.00053580,-0.00040391,-0.00069785,-0.00144550,0.00008693,-0.00014625,-0.00030600,-0.00159171,0.00036968,-0.00209050,0.00113435,0.00001784,-0.00038126,-0.00010387,0.00059778,0.00005979,0.00021436,0.00017781,0.00096955,-0.00025644,0.00007960,-0.00056559,0.00091637,0.00113227,0.00032052,0.00108546,-0.00069990,0.00075197,-0.00109939,0.00156570,-0.00055480,0.00017113,0.00206753,-0.00136215,0.00015322,0.00084808,-0.00006597,0.00024390,0.00061434,-0.00063260,-0.00128706,0.00040437,0.00057538,0.00202532,0.00232104,0.00026122,0.00017257,0.00107201,0.00085439,-0.00087723,-0.00138440,0.00001528,-0.00033284,-0.00082737,0.00124508,-0.00012084,-0.00123703,0.00188469,0.00034378,0.00026399,-0.00092627,0.00094952,-0.00074570,0.00048878,0.00026231,0.00085417,0.00122771,0.00036205,0.00172099,-0.00021023,0.00220069,-0.00038665,-0.00087636,0.00021278,-0.00007519,-0.00020530,0.00067561,0.00153786,-0.00016172,-0.00180478,0.00101161,-0.00108925,0.00000000,0.00000000,0.00000000,0.00000000,0.00000000,0.00000000,0.00000000,0.00000000,0.00000000,0.00000000,0.00000000,0.00000000,0.00000000,0.00000000,0.00000000,0.00000000,0.00000000,0.00000000,0.00000000,0.00000000,0.00000000,0.00000000,0.00000000,0.00000000,0.00000000,0.00000000,0.00000000,0.00000000,0.00000000,0.00000000,0.00000000,0.00000000,0.00061172,0.00000000,0.00000000,0.00000000,0.00000000,0.00000000,0.00000000,0.00000000,0.00000000,0.00000000,0.00000000,0.00000000,0.00000000,0.00000000,0.00000000,0.00000000,-0.00109679,0.00063018,-0.00138759,0.00162532,-0.00093697,0.00120545,-0.00090796,0.00071356,-0.00010412,-0.00149243,-0.00031503,0.00005531,-0.00072712,0.00246448,0.00132026,-0.00139333
-0.00044010,-0.00004497,-0.00052564,0.00029217,0.00058146,0.00057422,0.00078077,-0.00086225,-0.00057990,-0.00121705,-0.00053971,-0.00031581,0.00027225,-0.00029321,-0.00062237,0.00111699,-0.00056768,-0.01525366,0.00078733,-0.00070010,-0.00131511,-0.00125046,0.00034003,-0.00055641,0.00102889,0.00058650,-0.00051781,-0.00116817,-0.00105012,-0.00082951,-0.00040239,0.00057476,0.00010615,-0.00003002,-0.00075141,0.00050993,0.00085683,-0.00066141,0.00105907,-0.00132033,-0.00067039,-0.00077787,-0.00029467,-0.00016771,0.00133575,-0.00064158,-0.00074971,-0.00083950,0.00037282,-0.00023803,0.00035529,-0.00024886,0.00075822,-0.00147841,0.00036140,-0.00132093,0.00192024,-0.00152066,-0.00103621,-0.00118133,-0.00099881,-0.00017298,0.00043006,0.00096286,0.00144343,0.00033541,0.00047275,0.00060722,0.00008217,0.00063325,0.00021359,0.00166789,-0.00039501,0.00093310,-0.00012163,0.00104209,-0.00114765,0.00082049,0.00048794,-0.00043498,0.00060808,0.00043668,0.00024010,0.00143911,-0.00084367,-0.00134612,0.00025843,-0.00073305,0.00081222,0.00056645,0.00059662,-0.00070835,-0.00050565,0.00079820,-0.00063028,-0.00038298,-0.00007052,-0.00027011,-0.00094977,-0.00074447,0.00066546,0.00086803,0.00026197,0.00089330,-0.00109870,-0.00047192,-0.00088956,-0.00090883,0.00004383,0.00078766,-0.00059398,0.00036095,0.00034606,-0.00110669,0.00085785,-0.00055248,0.00141860,0.00049877,0.00065193,-0.00126938,-0.00065252,-0.00021976,-0.00082871,0.00158404,0.00076129,-0.00113652,0.00088003,-0.00141198,0.00000000,0.00000000,0.00000000,0.00000000,0.00000000,0.00000000,0.00000000,0.00000000,0.00000000,0.00000000,0.00000000,0.00000000,0.00000000,0.00000000,0.00000000,0.00000000,0.00000000,0.00000000,0.00000000,0.00000000,0.00000000,0.00000000,0.00000000,0.00000000,0.00000000,0.00000000,0.00000000,0.00000000,0.00000000,0.00000000,0.00000000,0.00000000,0.00000000,0.00009809,0.00000000,0.00000000,0.00000000,0.00000000,0.00000000,0.00000000,0.00000000,0.00000000,0.00000000,0.00000000,0.00000000,0.00000000,0.00000000,0.00000000,0.00000265,0.00020547,-0.00004096,-0.00017806,-0.00024970,0.00090745,-0.00017062,0.00051049,0.00007689,0.00016460,0.00002318,0.00007212,-0.00000074,-0.00014917,-0.00022798,-0.00034079
-0.00024183,0.00047998,0.00133088,-0.00092572,-0.00042847,-0.00055442,-0.00002760,0.00049317,0.00030454,0.00121183,0.00096288,0.00043647,-0.00038480,0.00055252,0.00042326,-0.00068140,0.00058934,0.00024820,-0.01168467,0.00096775,0.00057089,0.00007456,0.00067568,0.00152377,0.00015643,0.00044498,-0.00005123,0.00182616,0.00051867,0.00104517,0.00105763,0.00026787,0.00032756,0.00058592,0.00045080,-0.00068038,-0.00066879,0.00114099,-0.00059259,0.00120347,-0.00043842,0.00126427,0.00055672,-0.00010493,-0.00097101,-0.00071145,0.00001093,0.00048287,0.00061296,0.00047513,-0.00098199,0.00027419,-0.00012599,0.00141120,-0.00080781,0.00074302,-0.00177117,0.00128458,0.00059685,0.00144304,0.00007284,0.00129885,0.00056636,-0.00104619,-0.00142088,-0.00066918,-0.00171705,-0.00015540,-0.00018170,-0.00101013,0.00014064,0.00007339,0.00045217,-0.00054372,0.00090805,-0.00109778,0.00076673,-0.00169459,-0.00090632,0.00068921,-0.00061239,0.00002317,-0.00017151,-0.00066929,0.00125318,0.00056991,0.00029665,0.00019244,0.00005148,-0.00140714,-0.00020586,0.00011513,0.00018476,-0.00100326,0.00074316,0.00083434,0.00116721,0.00021823,0.00089970,-0.00021841,-0.00143919,-0.00072018,0.00102978,-0.00042988,0.00050358,0.00051139,0.00078143,0.00025812,-0.00070843,-0.00097344,0.00006558,-0.00051483,-0.00081629,0.00040341,-0.00154874,0.00044826,-0.00149391,-0.00061339,-0.00095134,0.00109303,-0.00008450,0.00152141,0.00101370,-0.00130256,-0.00027045,0.00025825,-0.00122665,0.00040532,0.00000000,0.00000000,0.00000000,0.00000000,0.00000000,0.00000000,0.00000000,0.00000000,0.00000000,0.00000000,0.00000000,0.00000000,0.00000000,0.00000000,0.00000000,0.00000000,0.00000000,0.00000000,0.00000000,0.00000000,0.00000000,0.00000000,0.00000000,0.00000000,0.00000000,0.00000000,0.00000000,0.00000000,0.00000000,0.00000000,0.00000000,0.00000000,0.00000000,0.00000000,0.00089287,0.00000000,0.00000000,0.00000000,0.00000000,0.00000000,0.00000000,0.00000000,0.00000000,0.00000000,0.00000000,0.00000000,0.00000000,0.00000000,-0.00020321,0.00048693,-0.00035792,-0.00014628,-0.00000341,0.00035199,0.00051294,0.00091731,-0.00026553,0.00009255,0.00055794,-0.00014722,-0.00049796,-0.00081737,0.00076332,0.00085349
0.00075754,0.00005266,0.00137789,-0.00192566,0.00065648,-0.00065585,0.00006278,0.00028046,0.00264866,0.00067968,0.00176747,0.00111481,-0.00094839,0.00255440,0.00139370,-0.00152880,0.00171428,0.00243765,-0.00260324,-0.01408298,0.00141000,0.00289897,0.00208221,0.00113898,-0.00208798,0.00200847,0.00101287,0.00184481,-0.00048410,0.00043724,0.00287969,-0.00270932,0.00061285,0.00283153,0.00168255,-0.00166509,-0.00069058,0.00052238,-0.00208599,0.00273527,0.00104356,0.00232473,0.00271558,-0.00128429,-0.00121706,0.00250516,0.00017968,0.00110213,-0.00102309,-0.00158539,-0.00198353,0.00196052,-0.00218734,0.00091860,-0.00153852,-0.00019361,0.00033224,0.00149303,0.00188983,0.00179127,0.00144993,0.00155441,-0.00242464,-0.00129053,-0.00204328,-0.00194329,-0.00249137,-0.00178039,0.00092164,-0.00116981,0.00167307,0.00157694,0.00108979,-0.00018136,-0.00217941,0.00065224,0.00144036,-0.00273295,0.00232134,0.00032556,-0.00164918,0.00207239,-0.00183423,-0.00135587,0.00191129,-0.00122072,-0.00287434,0.00197386,0.00049299,0.00149880,0.00148638,0.00210123,0.00194821,0.00011393,0.00176281,0.00072860,-0.00079919,0.00097821,0.00100506,-0.00037309,-0.00041493,-0.00017092,-0.00202681,-0.00066817,0.00129797,0.00196446,0.00237360,0.00073641,-0.00137914,-0.00243815,0.00179243,0.00091721,0.00162013,0.00187690,0.00029478,0.00241553,0.00117687,-0.00172074,-0.00266677,0.00242199,0.00135156,0.00033258,0.00283094,-0.00129611,-0.00101741,-0.00032132,-0.00112015,-0.00154794,0.00000000,0.00000000,0.00000000,0.00000000,0.00000000,0.00000000,0.00000000,0.00000000,0.00000000,0.00000000,0.00000000,0.00000000,0.00000000,0.00000000,0.00000000,0.00000000,0.00000000,0.00000000,0.00000000,0.00000000,0.00000000,0.00000000,0.00000000,0.00000000,0.00000000,0.00000000,0.00000000,0.00000000,0.00000000,0.00000000,0.00000000,0.00000000,0.00000000,0.00000000,0.00000000,-0.00056386,0.00000000,0.00000000,0.00000000,0.00000000,0.00000000,0.00000000,0.00000000,0.00000000,0.00000000,0.00000000,0.00000000,0.00000000,-0.00228218,0.00139473,-0.00203477,0.00118776,-0.00191758,0.00253959,-0.00226968,0.00245039,-0.00041648,-0.00228693,-0.00023430,-0.00119777,-0.00235674,0.00264036,0.00232723,-0.00119306
0.00002992,-0.00047161,-0.00057793,-0.00082761,0.00177034,-0.00022578,0.00041097,0.00048358,0.00179757,0.00057323,0.00182419,0.00026244,-0.00135062,0.00169377,0.00107479,-0.00087097,0.00120620,0.00097402,-0.00163293,-0.00148032,-0.01027108,0.00163759,0.00029099,0.00106261,-0.00080686,0.00093911,0.00078265,0.00050520,-0.00157989,-0.00066142,0.00132027,-0.00136682,-0.00067399,0.00090494,0.00083089,-0.00162242,-0.00136725,-0.00068135,-0.00067249,0.00124014,0.00018395,0.00213314,0.00174774,-0.00074563,0.00041317,0.00112499,0.00094723,0.00105496,-0.00178567,-0.00167733,-0.00051173,0.00140090,-0.00105984,0.00048355,-0.00086944,-0.00148447,0.00169938,0.00057134,0.00108639,0.00054874,0.00037978,0.00033310,-0.00087341,-0.00034880,-0.00072201,0.00032594,-0.00113758,-0.00095174,0.00108900,-0.00052341,0.00074293,-0.00022204,-0.00048581,0.00097065,-0.00175734,0.00196882,-0.00013000,-0.00070588,0.00106631,-0.00115556,-0.00154180,0.00105093,-0.00124081,-0.00075059,0.00100289,-0.00130745,-0.00156062,0.00040893,0.00052521,0.00179815,0.00155729,0.00159427,0.00100829,0.00154144,0.00075010,-0.00162263,-0.00182585,-0.00010178,0.00031875,-0.00117873,0.00052841,0.00103459,-0.00119698,0.00053259,0.00063352,0.00190715,-0.00016243,0.00047923,0.00032399,-0.00081867,0.00109607,0.00064461,0.00072600,0.00098532,0.00181643,0.00065852,0.00285875,-0.00107164,-0.00151026,0.00049447,0.00067086,-0.00072868,0.00102502,0.00086537,-0.00039395,-0.00090106,0.00038965,-0.00178306,0.00000000,0.00000000,0.00000000,0.00000000,0.00000000,0.00000000,0.00000000,0.00000000,0.00000000,0.00000000,0.00000000,0.00000000,0.00000000,0.00000000,0.00000000,0.00000000,0.00000000,0.00000000,0.00000000,0.00000000,0.00000000,0.00000000,0.00000000,0.00000000,0.00000000,0.00000000,0.00000000,0.00000000,0.00000000,0.00000000,0.00000000,0.00000000,0.00000000,0.00000000,0.00000000,0.00000000,0.00147463,0.00000000,0.00000000,0.00000000,0.00000000,0.00000000,0.00000000,0.00000000,0.00000000,0.00000000,0.00000000,0.00000000,-0.00108800,0.00063872,-0.00137504,0.00094161,-0.00023032,0.00193232,-0.00096800,0.00248251,-0.00063463,-0.00090853,-0.00150200,-0.00117660,-0.00106744,0.00218176,0.00140311,-0.00124487
0.00058370,-0.00034613,-0.00022590,-0.00024971,0.00036587,0.00083923,0.00098094,-0.00029849,0.00046137,-0.00044391,0.00013590,0.00001076,0.00036673,-0.00003115,-0.00074155,-0.00034114,0.00054464,0.00021944,-0.00101378,-0.00055112,-0.00002408,-0.01409348,0.00032029,-0.00043085,-0.00038972,0.00103541,-0.00053024,0.00031894,-0.00134320,-0.00051848,-0.00000086,-0.00095581,-0.00029392,0.00069110,0.00029322,-0.00106323,-0.00007529,-0.00052328,-0.00101513,-0.00021135,0.00028862,0.00025267,0.00003282,-0.00011698,0.00126698,0.00042169,-0.00041495,0.00017500,-0.00028834,-0.00134927,0.00030868,-0.00019869,0.00055651,-0.00038339,-0.00008000,-0.00097132,0.00153591,0.00037113,-0.00039107,-0.00025177,-0.00013203,0.00018180,0.00001986,0.00029783,0.00071629,0.00045602,-0.00014389,0.00047073,0.00061463,0.00056406,0.00043239,0.00028406,-0.00138728,0.00097970,-0.00114453,0.00147217,-0.00048330,-0.00022819,0.00090308,-0.00126256,0.00055689,0.00034061,-0.00006287,0.00006948,0.00107896,-0.00204501,-0.00096437,-0.00014285,0.00139232,0.00074133,0.00122734,0.00018923,0.00073015,0.00080791,0.00028366,-0.00110956,-0.00161378,-0.00002684,-0.00026565,0.00010291,0.00104127,0.00033152,-0.00061679,0.00062601,0.00012471,-0.00064163,-0.00122715,-0.00040432,0.00025065,0.00053250,0.00036892,0.00040221,0.00129422,-0.00010533,0.00058063,-0.00076529,0.00233428,-0.00069096,-0.00005564,0.00036873,-0.00049607,-0.00083386,0.00029196,0.00130015,0.00035822,-0.00122713,0.00076353,-0.00051774,0.00000000,0.00000000,0.00000000,0.00000000,0.00000000,0.00000000,0.00000000,0.00000000,0.00000000,0.00000000,0.00000000,0.00000000,0.00000000,0.00000000,0.00000000,0.00000000,0.00000000,0.00000000,0.00000000,0.00000000,0.00000000,0.00000000,0.00000000,0.00000000,0.00000000,0.00000000,0.00000000,0.00000000,0.00000000,0.00000000,0.00000000,0.00000000,0.00000000,0.00000000,0.00000000,0.00000000,0.00000000,-0.00089894,0.00000000,0.00000000,0.00000000,0.00000000,0.00000000,0.00000000,0.00000000,0.00000000,0.00000000,0.00000000,-0.00111731,-0.00047404,-0.00088789,0.00058819,0.00042803,0.00045359,-0.00071151,0.00014985,0.00066765,0.00000601,0.00055351,-0.00092692,-0.00020141,0.00012247,0.00057700,-0.00104071
0.00034724,-0.00076719,-0.00032604,-0.00032416,0.00061797,-0.00021268,0.00092170,-0.00068990,0.00077886,0.00005918,0.00070092,0.00029857,-0.00112722,0.00126593,0.00006374,0.00032742,0.00059336,0.00143723,-0.00021660,-0.00143503,-0.00078236,0.00038313,-0.01093717,0.00037782,-0.00066526,0.00076373,0.00079608,0.00032475,-0.00221863,0.00016582,0.00054164,-0.00042889,-0.00026962,0.00031158,0.00078242,0.00029844,-0.00066774,-0.00026055,-0.00083779,0.00016653,0.00072431,0.00048179,0.00075181,0.00013316,0.00049839,0.00037194,0.00060906,-0.00005408,-0.00003631,-0.00062976,-0.00033208,0.00108862,-0.00046745,-0.00012326,0.00026192,-0.00114908,0.00079560,0.00070461,-0.00007887,0.00010961,0.00027723,-0.00076731,-0.00010940,-0.00030633,0.00065328,-0.00017278,-0.00022180,-0.00033628,0.00101633,0.00023003,0.00027288,0.00127027,0.00008598,0.00007742,-0.00148945,0.00139289,-0.00093633,0.00034669,0.00107677,-0.00103900,-0.00029828,0.00119734,-0.00102303,-0.00028102,-0.00007741,-0.00173159,-0.00041241,0.00006057,0.00040743,0.00124828,0.00097792,0.00010903,0.00079767,0.00107847,0.00048058,-0.00027615,-0.00127339,-0.00065847,-0.00119547,-0.00035846,0.00181124,0.00004976,-0.00125755,0.00022036,0.00038645,0.00010601,-0.00085310,0.00075956,-0.00089147,-0.00052815,-0.00003212,0.00015591,0.00121252,0.00010545,0.00157799,0.00010153,0.00201479,-0.00022074,0.00010744,0.00003499,-0.00012063,-0.00021874,0.00043462,0.00011808,-0.00053591,-0.00136374,0.00040974,-0.00145021,0.00000000,0.00000000,0.00000000,0.00000000,0.00000000,0.00000000,0.00000000,0.00000000,0.00000000,0.00000000,0.00000000,0.00000000,0.00000000,0.00000000,0.00000000,0.00000000,0.00000000,0.00000000,0.00000000,0.00000000,0.00000000,0.00000000,0.00000000,0.00000000,0.00000000,0.00000000,0.00000000,0.00000000,0.00000000,0.00000000,0.00000000,0.00000000,0.00000000,0.00000000,0.00000000,0.00000000,0.00000000,0.00000000,-0.00088033,0.00000000,0.00000000,0.00000000,0.00000000,0.00000000,0.00000000,0.00000000,0.00000000,0.00000000,-0.00163320,0.00021051,-0.00052357,0.00121329,-0.00057583,0.00099309,-0.00128772,0.00140014,0.00019194,-0.00067642,0.00126832,-0.00039936,-0.00111980,0.00163001,0.00066299,-0.00134565
0.00012677,-0.00031673,-0.00075046,0.00038482,0.00074267,0.00089109,0.00138964,-0.00034085,0.00071429,-0.00077597,0.00059199,-0.00004745,-0.00007920,-0.00017912,-0.00028286,0.00047368,0.00022693,0.00068455,-0.00004711,-0.00183413,-0.00020955,-0.00043277,0.00025498,-0.01290354,-0.00060140,0.00044733,0.00039879,-0.00084888,-0.00142105,-0.00116612,0.00061073,-0.00033987,-0.00064036,0.00050783,0.00074910,-0.00040427,-0.00033929,-0.00044271,0.00055971,0.00012584,-0.00029105,0.00073776,0.00054728,-0.00054911,0.00101720,0.00042886,-0.00109485,-0.00008920,-0.00050514,-0.00107831,0.00031928,0.00039324,0.00030487,-0.00058598,0.00066427,-0.00152976,0.00135580,-0.00000232,-0.00030663,0.00046229,0.00013204,0.00014221,0.00012371,0.00042065,0.00020213,0.00074351,0.00011084,-0.00033931,0.00038152,0.00054126,0.00026162,-0.00021622,-0.00080461,0.00093457,-0.00083319,0.00119647,-0.00114933,0.00103059,0.00094446,-0.00141557,0.00030191,0.00049995,-0.00061353,0.00023010,-0.00035909,-0.00216033,-0.00038721,-0.00020579,0.00075564,0.00109433,0.00085323,-0.00061677,0.00038344,0.00110063,-0.00061289,-0.00117424,-0.00202323,-0.00096722,0.00023346,-0.00041964,0.00010247,0.00090009,-0.00024997,0.00145042,-0.00083265,-0.00029632,-0.00078802,-0.00068993,0.00101636,0.00033462,-0.00018939,0.00072913,0.00100485,-0.00024592,0.00072142,-0.00036494,0.00214715,-0.00011927,-0.00011107,-0.00031544,-0.00084574,-0.00123593,0.00001786,0.00156678,0.00097111,-0.00169257,0.00081310,-0.00126435,0.00000000,0.00000000,0.00000000,0.00000000,0.00000000,0.00000000,0.00000000,0.00000000,0.00000000,0.00000000,0.00000000,0.00000000,0.00000000,0.00000000,0.00000000,0.00000000,0.00000000,0.00000000,0.00000000,0.00000000,0.00000000,0.00000000,0.00000000,0.00000000,0.00000000,0.00000000,0.00000000,0.00000000,0.00000000,0.00000000,0.00000000,0.00000000,0.00000000,0.00000000,0.00000000,0.00000000,0.00000000,0.00000000,0.00000000,-0.00228116,0.00000000,0.00000000,0.00000000,0.00000000,0.00000000,0.00000000,0.00000000,0.00000000,-0.00067960,0.00033616,-0.00014375,0.00063501,-0.00095401,0.00053738,-0.00076816,0.00061068,0.00050818,-0.00064350,-0.00009668,-0.00098656,-0.00097996,0.00039704,0.00048915,-0.00026301
0.00041601,0.00070598,0.00042797,-0.00111808,-0.00228544,-0.00063696,-0.00044765,0.00059431,-0.00003251,0.00109107,0.00048537,0.00053333,0.00008635,-0.00043212,-0.00019830,-0.00064436,0.00065664,0.00067547,0.00049285,0.00133992,0.00099464,-0.00018940,0.00025284,-0.00068649,-0.01203442,-0.00004413,0.00117489,-0.00029019,0.00147700,0.00187399,0.00062703,-0.00049999,0.00006490,-0.00034905,0.00017859,0.00045379,-0.00056067,0.00144976,-0.00043709,0.00012164,0.00069354,-0.00024281,-0.00016093,0.00043241,-0.00127457,-0.00015595,0.00016632,0.00037535,-0.00020703,0.00011320,-0.00066938,-0.00020469,-0.00116769,-0.00001451,-0.00027338,0.00176905,-0.00185745,-0.00002272,0.00040060,0.00031402,0.00062459,0.00114250,-0.00109429,-0.00078315,-0.00039450,-0.00152160,-0.00045586,-0.00021089,-0.00018595,-0.00114336,0.00062718,0.00022842,0.00081303,-0.00051704,0.00009319,-0.00198967,0.00111381,-0.00061742,-0.00128686,0.00150012,-0.00083564,0.00069713,-0.00012403,-0.00076745,-0.00053445,0.00065091,0.00028653,0.00114513,-0.00142348,-0.00091994,-0.00168617,-0.00068010,-0.00040694,-0.00204917,0.00082309,0.00188322,0.00179797,0.00041095,0.00158181,0.00009695,-0.00113658,-0.00110685,0.00061092,-0.00136469,0.00053745,-0.00016221,0.00068987,0.00131999,-0.00065392,-0.00084014,0.00097411,-0.00009230,-0.00100430,0.00044130,-0.00075664,0.00012654,-0.00231545,0.00002213,0.00016960,0.00076897,0.00034882,0.00076076,-0.00035116,-0.00168567,-0.00069197,0.00194672,-0.00077241,0.00216740,0.00000000,0.00000000,0.00000000,0.00000000,0.00000000,0.00000000,0.00000000,0.00000000,0.00000000,0.00000000,0.00000000,0.00000000,0.00000000,0.00000000,0.00000000,0.00000000,0.00000000,0.00000000,0.00000000,0.00000000,0.00000000,0.00000000,0.00000000,0.00000000,0.00000000,0.00000000,0.00000000,0.00000000,0.00000000,0.00000000,0.00000000,0.00000000,0.00000000,0.00000000,0.00000000,0.00000000,0.00000000,0.00000000,0.00000000,0.00000000,-0.00017316,0.00000000,0.00000000,0.00000000,0.00000000,0.00000000,0.00000000,0.00000000,0.00044043,0.00006078,-0.00001301,0.00089066,0.00049763,-0.00062569,0.00035835,-0.00024832,-0.00030401,0.00075009,0.00090589,0.00022687,-0.00075477,-0.00081512,0.00034688,0.00012664
0.00057112,-0.00076869,-0.00092570,0.00103100,0.00138802,0.00092749,0.00078905,0.00011294,-0.00035780,-0.00102332,0.00006952,0.00022414,0.00034033,0.00028967,0.00010128,0.00020680,-0.00007911,0.00082178,0.00018315,-0.00115389,-0.00078267,0.00018431,-0.00051491,-0.00046041,0.00016143,-0.01334171,-0.00007727,-0.00022782,-0.00102900,-0.00107643,0.00055097,0.00066129,0.00014361,0.00057413,0.00053267,-0.00051489,0.00089653,-0.00071261,0.00065058,-0.00083165,0.00032309,0.00009151,0.00038893,-0.00014484,0.00142797,0.00014316,-0.00083772,0.00053549,-0.00017988,-0.00019053,-0.00018254,0.00011216,0.00047702,-0.00116765,0.00055432,-0.00086644,0.00146959,0.00022449,0.00000061,-0.00067134,-0.00005690,-0.00025788,0.00038424,0.00050996,0.00093088,0.00081290,0.00020822,-0.00015465,-0.00008174,0.00073644,-0.00081993,0.00073073,0.00027191,0.00046388,-0.00082046,0.00137996,-0.00082978,0.00004152,0.00164447,-0.00113991,0.00099551,0.00037976,-0.00063070,0.00074246,0.00008618,-0.00060384,-0.00046664,-0.00041769,0.00067671,0.00058558,0.00035244,-0.00024355,-0.00053976,0.00060067,0.00053379,0.00037259,-0.00157789,-0.00093639,-0.00076480,-0.00059488,0.00114925,0.00131522,-0.00061126,0.00023548,0.00021509,-0.00049936,-0.00128495,-0.00089761,0.00083734,0.00067595,0.00006341,-0.00016054,0.00032997,-0.00083850,0.00135062,-0.00028325,0.00175101,0.00078363,0.00027562,-0.00004958,0.00021122,-0.00121868,-0.00016318,0.00157211,0.00008962,-0.00064511,0.00147084,-0.00121838,0.00000000,0.00000000,0.00000000,0.00000000,0.00000000,0.00000000,0.00000000,0.00000000,0.00000000,0.00000000,0.00000000,0.00000000,0.00000000,0.00000000,0.00000000,0.00000000,0.00000000,0.00000000,0.00000000,0.00000000,0.00000000,0.00000000,0.00000000,0.00000000,0.00000000,0.00000000,0.00000000,0.00000000,0.00000000,0.00000000,0.00000000,0.00000000,0.00000000,0.00000000,0.00000000,0.00000000,0.00000000,0.00000000,0.00000000,0.00000000,0.00000000,-0.00113968,0.00000000,0.00000000,0.00000000,0.00000000,0.00000000,0.00000000,-0.00009093,-0.00070500,0.00017919,0.00002354,-0.00085291,0.00067982,-0.00043875,0.00000256,0.00019984,-0.00050442,-0.00018671,0.00026357,-0.00003775,0.00053109,0.00013118,0.00004323
0.00030867,-0.00013017,-0.00040821,-0.00109054,0.00063996,-0.00032193,0.00097628,-0.00075453,0.00084108,0.00084292,0.00106082,0.00027199,-0.00010837,0.00095202,0.00009911,-0.00046816,0.00096408,0.00148849,-0.00115485,-0.00117985,0.00071135,0.00076798,0.00107831,0.00123543,-0.00106120,0.00154633,-0.01294484,0.00066147,-0.00159898,-0.00008881,0.00143030,-0.00119531,-0.00005580,0.00030328,0.00118150,-0.00147747,-0.00072558,-0.00077240,-0.00112683,0.00084452,0.00108063,0.00111073,0.00094209,-0.00068163,-0.00038920,0.00072279,0.00022872,0.00098959,-0.00103150,-0.00147975,-0.00042761,0.00050851,-0.00060162,-0.00022069,-0.00039930,-0.00109625,0.00149310,0.00040506,0.00150817,0.00052083,0.00071895,-0.00014863,-0.00064706,-0.00045166,0.00024414,-0.00075945,-0.00083445,-0.00059761,0.00027408,-0.00000788,0.00037476,0.00073986,0.00006229,0.00023024,-0.00104396,0.00143451,0.00082850,-0.00067254,0.00144533,-0.00031856,-0.00008694,0.00076078,-0.00085528,-0.00088956,0.00075475,-0.00111014,-0.00162696,0.00108114,0.00003265,0.00159011,0.00143636,0.00057939,0.00066945,0.00155102,0.00026440,-0.00037363,-0.00110559,0.00075713,0.00025067,-0.00067511,0.00039743,0.00041643,-0.00133866,-0.00042759,0.00059309,-0.00000422,-0.00045686,0.00039285,0.00024575,-0.00094213,0.00099862,0.00064701,0.00098793,0.00090526,0.00100398,0.00034438,0.00167066,-0.00164141,-0.00130925,0.00095510,0.00030776,-0.00080902,0.00079354,0.00103172,-0.00017935,0.00025604,0.00060011,-0.00069139,0.00000000,0.00000000,0.00000000,0.00000000,0.00000000,0.00000000,0.00000000,0.00000000,0.00000000,0.00000000,0.00000000,0.00000000,0.00000000,0.00000000,0.00000000,0.00000000,0.00000000,0.00000000,0.00000000,0.00000000,0.00000000,0.00000000,0.00000000,0.00000000,0.00000000,0.00000000,0.00000000,0.00000000,0.00000000,0.00000000,0.00000000,0.00000000,0.00000000,0.00000000,0.00000000,0.00000000,0.00000000,0.00000000,0.00000000,0.00000000,0.00000000,0.00000000,0.00100746,0.00000000,0.00000000,0.00000000,0.00000000,0.00000000,-0.00062343,-0.00008266,-0.00118495,0.00098840,-0.00050626,0.00158065,-0.00068245,0.00092701,0.00113327,-0.00054767,0.00044537,-0.00064044,-0.00128896,0.00137207,0.00111790,-0.00111553
0.00034727,0.00002525,-0.00043490,-0.00048244,0.00047701,0.00049540,0.00025656,-0.00080105,0.00104263,-0.00103555,0.00079745,-0.00054406,-0.00103294,0.00037364,0.00007615,-0.00023724,0.00088996,0.00028508,0.00007072,-0.00053186,-0.00070726,0.00052637,0.00009081,-0.00076606,-0.00116979,0.00094768,-0.00024300,-0.01466376,-0.00112058,0.00010241,0.00149810,-0.00098037,-0.00111993,0.00017070,0.00080247,-0.00061324,-0.00007445,-0.00019900,-0.00040049,0.00036940,0.00126180,0.00000872,0.00077843,-0.00050885,0.00068003,0.00040288,-0.00015405,0.00049355,0.00017214,-0.00170998,-0.00024201,0.00028770,-0.00044640,-0.00007653,-0.00015094,0.00011561,0.00121715,0.00014560,0.00097097,-0.00037955,0.00005442,-0.00081283,-0.00048667,-0.00019145,-0.00005521,0.00022813,0.00016784,-0.00017757,0.00004690,0.00015935,0.00035511,0.00053172,0.00000187,0.00066768,-0.00084261,0.00052039,-0.00068726,-0.00017940,0.00168891,-0.00023751,0.00023651,0.00081177,-0.00075413,-0.00151282,-0.00011852,-0.00083699,-0.00049693,0.00004356,-0.00047601,0.00097335,0.00055811,0.00018963,0.00108797,0.00071635,0.00022591,-0.00002524,-0.00021877,-0.00007844,-0.00032608,-0.00119122,0.00052797,0.00062063,0.00010300,-0.00040488,0.00014302,-0.00052157,-0.00083646,0.00032434,-0.00002593,-0.00024567,-0.00028683,0.00036837,0.00103921,0.00052562,0.00049478,-0.00009187,0.00170725,-0.00000823,-0.00028113,0.00010011,-0.00014243,-0.00101449,-0.00017470,0.00111364,0.00066635,-0.00124695,0.00038809,-0.00084415,0.00000000,0.00000000,0.00000000,0.00000000,0.00000000,0.00000000,0.00000000,0.00000000,0.00000000,0.00000000,0.00000000,0.00000000,0.00000000,0.00000000,0.00000000,0.00000000,0.00000000,0.00000000,0.00000000,0.00000000,0.00000000,0.00000000,0.00000000,0.00000000,0.00000000,0.00000000,0.00000000,0.00000000,0.00000000,0.00000000,0.00000000,0.00000000,0.00000000,0.00000000,0.00000000,0.00000000,0.00000000,0.00000000,0.00000000,0.00000000,0.00000000,0.00000000,0.00000000,-0.00008441,0.00000000,0.00000000,0.00000000,0.00000000,-0.00104342,0.00120573,-0.00075042,0.00015515,-0.00074668,0.00119549,-0.00030695,0.00051551,0.00039286,-0.00061664,-0.00044319,-0.00038770,-0.00052900,0.00147924,0.00054842,-0.00076468
0.00007742,-0.00084803,0.00224087,-0.00179579,0.00162822,-0.00115583,0.00123505,0.00013986,0.00202724,0.00105066,0.00239175,0.00236614,-0.00184108,0.00234956,0.00138742,-0.00232883,0.00242196,0.00144020,-0.00214447,-0.00028298,0.00163188,0.00160309,0.00144937,0.00141565,-0.00168168,0.00173358,0.00087322,0.00144247,-0.01472180,0.00117190,0.00199326,-0.00187627,0.00045346,0.00171510,0.00188168,-0.00183171,-0.00111617,0.00146628,-0.00176172,0.00161741,0.00104257,0.00168945,0.00207847,-0.00107342,-0.00109768,0.00131989,0.00068481,0.00244959,-0.00165472,-0.00226426,-0.00237981,0.00175359,-0.00147728,0.00104521,-0.00212575,-0.00015116,-0.00034354,0.00157453,0.00124678,0.00184633,0.00178815,0.00141453,-0.00182763,-0.00180947,-0.00142163,-0.00102443,-0.00205344,-0.00247260,0.00130638,-0.00019830,0.00125677,0.00087186,0.00133494,-0.00016474,-0.00131211,0.00056078,0.00118874,-0.00130604,0.00101769,-0.00089869,-0.00235824,0.00188911,-0.00179764,-0.00158110,0.00176411,-0.00124423,-0.00225075,0.00151341,0.00018964,0.00187638,0.00172810,0.00104981,0.00183174,0.00069195,0.00109630,-0.00051605,-0.00102017,0.00098395,0.00070217,-0.00066663,-0.00057369,0.00040087,-0.00129453,-0.00060736,0.00139277,0.00106735,0.00116661,0.00125128,-0.00120566,-0.00250532,0.00152126,0.00123471,0.00147489,0.00117173,0.00035783,0.00200781,0.00147252,-0.00136867,-0.00144056,0.00134195,0.00042796,0.00123675,0.00133327,0.00132862,-0.00111951,0.00065957,-0.00140192,-0.00179414,0.00000000,0.00000000,0.00000000,0.00000000,0.00000000,0.00000000,0.00000000,0.00000000,0.00000000,0.00000000,0.00000000,0.00000000,0.00000000,0.00000000,0.00000000,0.00000000,0.00000000,0.00000000,0.00000000,0.00000000,0.00000000,0.00000000,0.00000000,0.00000000,0.00000000,0.00000000,0.00000000,0.00000000,0.00000000,0.00000000,0.00000000,0.00000000,0.00000000,0.00000000,0.00000000,0.00000000,0.00000000,0.00000000,0.00000000,0.00000000,0.00000000,0.00000000,0.00000000,0.00000000,0.00042373,0.00000000,0.00000000,0.00000000,-0.00215018,0.00030158,-0.00193649,0.00181129,-0.00125113,0.00211015,-0.00166854,0.00157194,-0.00113783,-0.00148843,-0.00067810,-0.00096969,-0.00089566,0.00206483,0.00125657,-0.00170680
0.00099654,-0.00003464,-0.00015998,-0.00127631,0.00123575,0.00027193,0.00074977,-0.00080281,0.00157721,0.00078867,0.00152873,0.00059322,-0.00035786,0.00094860,0.00066190,-0.00129724,0.00163452,0.00101749,-0.00186883,-0.00105677,0.00039360,0.00099298,0.00125257,0.00032218,-0.00109923,0.00166912,-0.00012588,0.00122677,-0.00127996,-0.01309522,0.00187392,-0.00200816,-0.00002618,0.00053838,0.00125783,-0.00066389,-0.00072903,-0.00024582,-0.00200504,0.00037840,0.00045476,0.00155726,0.00177588,-0.00069693,0.00037132,0.00146370,-0.00081309,0.00225250,-0.00165690,-0.00152470,-0.00135695,0.00116979,-0.00036488,0.00058904,-0.00088167,-0.00073535,0.00179207,0.00039590,0.00144053,0.00067846,0.00052464,0.00117971,-0.00116616,0.00020417,-0.00034517,-0.00031380,-0.00127272,-0.00117369,0.00077702,-0.00080880,0.00018745,0.00035613,0.00027742,-0.00027558,-0.00088301,0.00134247,0.00088581,-0.00047357,0.00145829,-0.00078088,-0.00121923,0.00120458,-0.00027080,-0.00050709,0.00142163,-0.00169897,-0.00121578,0.00072316,0.00056990,0.00093535,0.00217361,0.00082124,0.00142374,0.00141879,0.00034925,-0.00140330,-0.00176458,-0.00008441,-0.00052334,0.00037830,0.00070480,0.00121480,-0.00176197,-0.00121912,0.00011748,0.00097251,0.00009290,0.00082371,-0.00039072,-0.00123510,0.00116975,0.00087171,0.00148954,0.00043351,0.00156340,0.00123418,0.00190997,-0.00057490,-0.00191236,0.00135428,0.00022862,-0.00091029,0.00112553,0.00138592,-0.00070144,-0.00085831,-0.00010092,-0.00106450,0.00000000,0.00000000,0.00000000,0.00000000,0.00000000,0.00000000,0.00000000,0.00000000,0.00000000,0.00000000,0.00000000,0.00000000,0.00000000,0.00000000,0.00000000,0.00000000,0.00000000,0.00000000,0.00000000,0.00000000,0.00000000,0.00000000,0.00000000,0.00000000,0.00000000,0.00000000,0.00000000,0.00000000,0.00000000,0.00000000,0.00000000,0.00000000,0.00000000,0.00000000,0.00000000,0.00000000,0.00000000,0.00000000,0.00000000,0.00000000,0.00000000,0.00000000,0.00000000,0.00000000,0.00000000,-0.00086420,0.00000000,0.00000000,-0.00100648,-0.00002878,-0.00145002,0.00020322,-0.00105324,0.00225008,-0.00139859,0.00109847,-0.00015810,-0.00023077,-0.00079242,-0.00172951,-0.00078336,0.00140593,0.00119921,-0.00167613
-0.00005792,-0.00088060,-0.00147261,0.00007535,0.00059028,0.00064692,0.00097681,-0.00053921,-0.00034783,-0.00109395,0.00003326,-0.00060401,0.00018810,-0.00053780,-0.00029450,-0.00008680,-0.00037494,0.00027746,-0.00023419,-0.00090900,-0.00064807,-0.00094794,-0.00008583,-0.00003542,0.00050298,0.00106489,-0.00007778,0.00090382,-0.00155663,-0.00082526,-0.01105878,0.00007143,-0.00021161,-0.00010900,-0.00039836,-0.00009312,0.00094714,-0.00147214,0.00015132,-0.00030370,0.00063271,-0.00051541,0.00025118,0.00010995,0.00178233,-0.00034437,-0.00013690,-0.00019719,-0.00008794,-0.00046024,0.00034759,-0.00040972,0.00068927,-0.00085495,0.00011934,-0.00081586,0.00165780,0.00016959,0.00048660,-0.00109797,-0.00087186,-0.00030939,-0.00010079,0.00063456,0.00043857,0.00098044,0.00017147,0.00052747,0.00084085,0.00041691,0.00022361,0.00039623,-0.00070531,0.00049361,-0.00050757,0.00126103,-0.00048738,0.00020872,0.00141524,-0.00110906,0.00087276,-0.00003283,-0.00013334,0.00044329,-0.00068034,-0.00202431,0.00007062,-0.00002644,0.00112725,0.00162806,0.00040462,0.00069218,-0.00028124,0.00096617,-0.00061215,-0.00124786,-0.00149425,-0.00040538,-0.00111166,0.00061221,0.00138962,0.00039684,-0.00021309,0.00038336,-0.00096958,-0.00000104,-0.00154827,0.00030659,-0.00031710,0.00047453,0.00020642,0.00011646,0.00091656,-0.00037417,0.00120909,-0.00112068,0.00216265,-0.00013314,0.00001727,-0.00045884,-0.00030933,-0.00077761,-0.00023822,0.00095463,0.00019608,-0.00124160,0.00158924,-0.00051501,0.00000000,0.00000000,0.00000000,0.00000000,0.00000000,0.00000000,0.00000000,0.00000000,0.00000000,0.00000000,0.00000000,0.00000000,0.00000000,0.00000000,0.00000000,0.00000000,0.00000000,0.00000000,0.00000000,0.00000000,0.00000000,0.00000000,0.00000000,0.00000000,0.00000000,0.00000000,0.00000000,0.00000000,0.00000000,0.00000000,0.00000000,0.00000000,0.00000000,0.00000000,0.00000000,0.00000000,0.00000000,0.00000000,0.00000000,0.00000000,0.00000000,0.00000000,0.00000000,0.00000000,0.00000000,0.00000000,0.00228351,0.00000000,-0.00037235,-0.00007094,0.00048983,0.00035907,-0.00001936,0.00069446,-0.00088716,0.00045947,0.00102225,-0.00082635,0.00018251,-0.00045415,0.00009656,0.00082872,-0.00044262,-0.00003390
-0.00044777,0.00090638,0.00117905,-0.00089058,-0.00116866,-0.00102561,-0.00139894,0.00041993,0.00027078,0.00105151,0.00130746,0.00045932,-0.00029370,0.00100563,0.00133551,-0.00087830,0.00098786,0.00061316,-0.00018551,0.00035788,0.00132331,0.00083036,0.00133378,0.00070021,-0.00115632,0.00084676,0.00118725,0.00065839,0.00158651,0.00154568,0.00122183,-0.01266191,0.00056802,0.00048173,0.00131197,0.00024294,-0.00121334,0.00086446,-0.00077138,0.00109248,0.00112928,0.00065022,0.00024404,-0.00037685,-0.00186524,0.00061972,0.00100038,0.00084496,-0.00033424,-0.00018880,-0.00072716,0.00045166,-0.00130454,0.00059672,-0.00097181,0.00209480,-0.00273893,0.00124501,0.00071090,0.00178589,0.00123813,0.00161377,-0.00029655,-0.00059717,-0.00037177,-0.00165331,-0.00051123,-0.00132446,-0.00007083,-0.00092713,0.00074294,0.00061070,0.00036981,-0.00075669,-0.00040872,-0.00125099,0.00137733,-0.00159520,-0.00012933,0.00029245,-0.00087702,0.00118228,-0.00086777,-0.00057506,0.00076537,0.00044863,-0.00035017,0.00115221,-0.00179926,-0.00045800,-0.00063994,0.00043216,0.00162722,-0.00113286,0.00140357,0.00079592,0.00164381,0.00151918,0.00133859,-0.00032592,-0.00118904,-0.00063234,-0.00000990,-0.00195431,0.00116144,0.00052855,0.00117662,0.00054919,-0.00162065,-0.00112017,0.00091001,-0.00161752,-0.00076861,0.00036502,-0.00194084,0.00131532,-0.00249867,-0.00010011,-0.00053908,0.00096673,0.00136189,0.00169282,0.00089555,-0.00112547,-0.00095572,0.00169293,-0.00177276,0.00138776,0.00000000,0.00000000,0.00000000,0.00000000,0.00000000,0.00000000,0.00000000,0.00000000,0.00000000,0.00000000,0.00000000,0.00000000,0.00000000,0.00000000,0.00000000,0.00000000,0.00000000,0.00000000,0.00000000,0.00000000,0.00000000,0.00000000,0.00000000,0.00000000,0.00000000,0.00000000,0.00000000,0.00000000,0.00000000,0.00000000,0.00000000,0.00000000,0.00000000,0.00000000,0.00000000,0.00000000,0.00000000,0.00000000,0.00000000,0.00000000,0.00000000,0.00000000,0.00000000,0.00000000,0.00000000,0.00000000,0.00000000,0.00097540,-0.00057783,0.00026261,0.00030071,0.00057354,-0.00010059,0.00004010,-0.00069061,0.00045929,-0.00088153,-0.00056578,0.00004936,-0.00032980,-0.00051975,-0.00029459,0.00037980,0.00014190
0.00009544,-0.00024470,0.00131790,-0.00073634,0.00006425,-0.00018687,0.00056387,-0.00027787,0.00169071,0.00038821,0.00158859,0.00011243,-0.00112635,0.00125300,0.00150607,-0.00090643,0.00058684,0.00147252,-0.00172531,0.00025612,0.00028519,0.00111340,0.00073779,0.00043723,-0.00186038,0.00176005,0.00069627,0.00051182,0.00015031,0.00144985,0.00214632,-0.00191140,-0.01508161,0.00204016,0.00138696,-0.00069758,-0.00096054,0.00031468,-0.00097968,0.00078681,0.00040102,0.00099662,0.00164957,0.00002877,0.00022313,0.00058957,-0.00003239,0.00035052,-0.00065747,-0.00305621,0.00003596,0.00066933,-0.00124957,0.00106045,-0.00076253,0.00038187,0.00066083,0.00015737,0.00121904,0.00070722,0.00185212,0.00082747,-0.00046721,-0.00094199,-0.00131608,-0.00068025,-0.00051597,-0.00156363,0.00094092,-0.00064644,0.00054940,0.00082272,0.00012446,-0.00018932,-0.00093403,0.00047315,0.00055975,-0.00126328,0.00033412,-0.00129259,-0.00058961,0.00060135,-0.00046421,-0.00198937,0.00092895,-0.00127938,-0.00187282,0.00089318,-0.00002607,0.00038042,0.00110541,0.00017567,0.00138224,0.00087808,0.00140031,-0.00061054,-0.00173095,0.00108956,0.00058412,-0.00057941,-0.00027634,0.00036197,-0.00112201,-0.00069692,0.00040908,0.00107960,0.00042699,0.00056982,-0.00026148,-0.00081005,0.00106752,0.00060640,0.00079370,0.00092006,0.00017248,0.00083420,0.00113595,-0.00133693,-0.00104390,0.00149366,0.00004785,0.00112266,0.00151438,0.00130673,0.00032348,0.00087366,-0.00103159,-0.00011770,0.00000000,0.00000000,0.00000000,0.00000000,0.00000000,0.00000000,0.00000000,0.00000000,0.00000000,0.00000000,0.00000000,0.00000000,0.00000000,0.00000000,0.00000000,0.00000000,0.00000000,0.00000000,0.00000000,0.00000000,0.00000000,0.00000000,0.00000000,0.00000000,0.00000000,0.00000000,0.00000000,0.00000000,0.00000000,0.00000000,0.00000000,0.00000000,0.00000000,0.00000000,0.00000000,0.00000000,0.00000000,0.00000000,0.00000000,0.00000000,0.00000000,0.00000000,0.00000000,0.00000000,0.00000000,0.00000000,0.00000000,0.00000000,-0.00154735,-0.00043690,-0.00057812,0.00017978,-0.00024476,0.00254662,-0.00111803,0.00055398,-0.00009093,-0.00095250,0.00047219,-0.00096921,-0.00109141,0.00100082,0.00081958,-0.00112852
0.00058401,-0.00037919,-0.00143170,0.00073545,0.00049260,0.00063299,0.00190598,-0.00132799,-0.00019365,-0.00063272,0.00020736,-0.00067445,0.00033164,0.00025755,-0.00050469,0.00055380,-0.00091630,0.00023551,0.00017931,-0.00061283,-0.00125571,-0.00032430,-0.00044988,-0.00002509,-0.00017189,0.00083977,-0.00092828,-0.00075973,-0.00132746,-0.00122675,-0.00054993,-0.00054183,0.00045192,-0.01320534,0.00001509,0.00005060,0.00054019,-0.00150497,0.00023120,-0.00077480,-0.00002399,-0.00026843,-0.00057153,0.00037832,0.00083482,-0.00023878,-0.00044303,-0.00009909,-0.00002368,0.00008467,0.00050101,-0.00057891,0.00018039,-0.00038376,0.00068331,-0.00152556,0.00108246,-0.00131621,0.00006095,-0.00084323,-0.00101873,-0.00108750,0.00083920,0.00128234,0.00086676,0.00001294,0.00013435,0.00017679,0.00019859,-0.00015909,-0.00001275,0.00020941,-0.00107512,0.00060483,-0.00101934,0.00115980,-0.00092187,0.00011218,0.00097833,-0.00159825,0.00071779,-0.00046866,-0.00026465,0.00000877,-0.00085176,-0.00088385,-0.00028337,-0.00045875,0.00075585,0.00219318,0.00023472,-0.00019212,-0.00124149,0.00273337,-0.00070406,-0.00097077,-0.00182202,-0.00119719,-0.00032938,-0.00040834,0.00098530,0.00104201,-0.00016593,0.00069612,-0.00013160,-0.00034864,-0.00117638,-0.00025851,-0.00016407,0.00124981,0.00029000,0.00108386,0.00131871,-0.00028494,0.00096260,-0.00038272,0.00255318,0.00053799,-0.00016087,-0.00084359,-0.00017744,-0.00119365,-0.00017893,0.00073793,0.00019682,-0.00088784,0.00207992,-0.00141269,0.00000000,0.00000000,0.00000000,0.00000000,0.00000000,0.00000000,0.00000000,0.00000000,0.00000000,0.00000000,0.00000000,0.00000000,0.00000000,0.00000000,0.00000000,0.00000000,0.00000000,0.00000000,0.00000000,0.00000000,0.00000000,0.00000000,0.00000000,0.00000000,0.00000000,0.00000000,0.00000000,0.00000000,0.00000000,0.00000000,0.00000000,0.00000000,0.00000000,0.00000000,0.00000000,0.00000000,0.00000000,0.00000000,0.00000000,0.00000000,0.00000000,0.00000000,0.00000000,0.00000000,0.00000000,0.00000000,0.00000000,0.00000000,-0.00024172,0.00012127,-0.00114392,-0.00014267,-0.00049154,0.00054762,-0.00010635,0.00054245,0.00035372,-0.00056380,0.00005412,-0.00028589,0.00005648,0.00108399,-0.00053821,0.00041900
0.00041198,0.00002431,-0.00029250,-0.00074611,0.00026839,0.00084429,0.00058617,0.00027210,0.00019748,-0.00103610,-0.00032284,0.00027800,-0.00008301,-0.00018728,-0.00056540,0.00006858,0.00092031,0.00001705,-0.00065450,-0.00104075,-0.00101008,-0.00005159,0.00046946,0.00040148,-0.00058779,0.00095275,-0.00003914,0.00030366,-0.00154484,-0.00057431,0.00018803,-0.00007835,-0.00062902,0.00009650,-0.01188390,-0.00046147,0.00051543,-0.00076871,-0.00062560,-0.00041690,-0.00013167,-0.00083215,0.00026962,-0.00006126,0.00022051,0.00014821,-0.00040074,-0.00002974,-0.00079527,-0.00020200,0.00006762,0.00046638,0.00036649,-0.00080418,-0.00040570,-0.00050445,0.00167950,-0.00107280,0.00038201,-0.00090750,0.00039849,0.00002495,-0.00002844,-0.00000893,-0.00001044,0.00067430,-0.00024070,-0.00010788,0.00020390,0.00017437,-0.00024299,0.00037816,-0.00127232,0.00076335,-0.00117847,0.00105216,0.00007339,0.00026009,0.00147619,-0.00128427,-0.00038244,0.00078368,0.00020042,-0.00000044,-0.00063781,-0.00110448,-0.00076985,0.00029989,0.00073359,0.00144557,0.00091579,0.00058448,0.00043774,0.00079739,-0.00042511,-0.00072738,-0.00128990,-0.00010242,-0.00012643,-0.00073300,0.00138283,0.00085029,-0.00071942,-0.00056924,0.00006675,0.00026831,-0.00103326,0.00009022,0.00120711,0.00075843,-0.00015406,0.00070929,0.00082628,-0.00037539,0.00127676,-0.00023481,0.00158546,-0.00064811,-0.00001130,-0.00060715,0.00045014,-0.00126552,-0.00048917,0.00189296,0.00076354,-0.00059652,0.00043542,-0.00071796,0.00000000,0.00000000,0.00000000,0.00000000,0.00000000,0.00000000,0.00000000,0.00000000,0.00000000,0.00000000,0.00000000,0.00000000,0.00000000,0.00000000,0.00000000,0.00000000,0.00000000,0.00000000,0.00000000,0.00000000,0.00000000,0.00000000,0.00000000,0.00000000,0.00000000,0.00000000,0.00000000,0.00000000,0.00000000,0.00000000,0.00000000,0.00000000,0.00000000,0.00000000,0.00000000,0.00000000,0.00000000,0.00000000,0.00000000,0.00000000,0.00000000,0.00000000,0.00000000,0.00000000,0.00000000,0.00000000,0.00000000,0.00000000,-0.00093687,0.00036772,-0.00136231,0.00026305,0.00000100,0.00074990,-0.00081480,0.00058040,-0.00054089,-0.00078979,0.00019878,-0.00057617,-0.00001427,0.00072838,0.00018336,-0.00051286
-0.00006466,-0.00063663,-0.00023971,0.00016820,-0.00111792,-0.00058338,-0.00045035,0.00028082,-0.00021382,-0.00045606,-0.00040394,0.00015076,-0.00041823,-0.00017860,0.00011270,-0.00097938,-0.00081852,0.00011303,0.00043140,0.00075985,0.00112521,-0.00010856,0.00107625,0.00034680,0.00049224,-0.00086109,-0.00012455,0.00058592,0.00127682,0.00073706,-0.00059436,0.00108639,0.00079542,-0.00013882,-0.00087387,-0.01450011,-0.00022147,0.00107574,-0.00086885,0.00132928,0.00063566,0.00025573,-0.00029435,-0.00009565,-0.00088708,0.00003967,0.00039922,0.00027811,-0.00018852,0.00019405,-0.00075980,0.00047425,-0.00035181,0.00028828,-0.00046447,0.00137068,-0.00089101,-0.00036271,-0.00044216,0.00092109,0.00041410,0.00018340,0.00002758,0.00003102,-0.00058703,-0.00036568,-0.00033387,0.00048672,-0.00029381,-0.00036764,0.00058519,-0.00088332,0.00012248,0.00040119,0.00079757,-0.00104179,0.00087515,-0.00031107,-0.00038981,0.00067860,0.00004206,-0.00090525,-0.00067431,-0.00016260,0.00108523,0.00125460,0.00088660,-0.00042969,-0.00069731,-0.00131888,-0.00052704,0.00059707,0.00015926,-0.00156587,0.00025984,-0.00030195,0.00054706,0.00003114,0.00122220,-0.00048639,-0.00021760,-0.00041554,0.00112501,-0.00039666,0.00046403,0.00009218,0.00177161,0.00014706,0.00000554,-0.00060433,0.00066245,0.00037510,-0.00040654,0.00033396,-0.00070508,-0.00014024,-0.00128970,0.00075612,-0.00031556,-0.00033399,-0.00008633,0.00130503,0.00025728,-0.00077726,-0.00038110,0.00167266,-0.00088827,0.00107186,0.00000000,0.00000000,0.00000000,0.00000000,0.00000000,0.00000000,0.00000000,0.00000000,0.00000000,0.00000000,0.00000000,0.00000000,0.00000000,0.00000000,0.00000000,0.00000000,0.00000000,0.00000000,0.00000000,0.00000000,0.00000000,0.00000000,0.00000000,0.00000000,0.00000000,0.00000000,0.00000000,0.00000000,0.00000000,0.00000000,0.00000000,0.00000000,0.00000000,0.00000000,0.00000000,0.00000000,0.00000000,0.00000000,0.00000000,0.00000000,0.00000000,0.00000000,0.00000000,0.00000000,0.00000000,0.00000000,0.00000000,0.00000000,0.00027923,0.00027081,0.00016231,0.00030857,0.00052423,-0.00018189,0.00051576,0.00024423,-0.00117897,-0.00002928,-0.00003921,0.00009459,0.00047887,-0.00079773,-0.00001764,0.00057775
-0.00046108,0.00154205,-0.00052568,0.00144791,-0.00090429,0.00059867,-0.00080707,0.00114787,-0.00084732,-0.00058615,-0.00112759,-0.00050809,0.00108307,-0.00103743,-0.00095161,0.00044083,-0.00065188,-0.00150126,0.00088789,0.00208033,-0.00140498,-0.00112029,-0.00175195,-0.00178683,0.00111047,-0.00142793,-0.00135813,-0.00069029,0.00120334,-0.00043836,-0.00109348,0.00156406,0.00010261,-0.00123917,-0.00095840,0.00052634,-0.01366900,0.00076040,0.00095009,-0.00052666,-0.00113613,-0.00091738,-0.00097125,0.00045787,0.00025909,-0.00159043,0.00021184,-0.00080369,0.00118494,0.00145300,0.00024991,-0.00097106,0.00059081,0.00017706,0.00034649,0.00054014,-0.00133506,0.00026725,-0.00132257,-0.00057699,-0.00089423,0.00017140,0.00024872,0.00017813,0.00007120,0.00083656,0.00095692,0.00034362,-0.00101789,-0.00074947,-0.00094150,-0.00145342,0.00101430,-0.00071051,0.00140555,-0.00107376,-0.00042701,0.00089266,-0.00240057,0.00065157,0.00045455,-0.00128142,0.00114852,0.00033258,-0.00003865,0.00148647,0.00134021,-0.00125002,-0.00050722,-0.00112229,-0.00104248,-0.00039908,-0.00100199,-0.00111095,-0.00088331,-0.00004319,0.00128058,-0.00207686,-0.00023182,-0.00031264,-0.00044995,0.00019274,0.00149175,0.00021409,-0.00076270,-0.00087764,0.00082966,-0.00023785,0.00063323,0.00096280,-0.00051043,-0.00126678,-0.00194258,-0.00068442,-0.00073348,-0.00055180,-0.00240208,0.00145584,0.00104930,-0.00046109,-0.00032719,0.00078934,-0.00056612,-0.00184617,0.00067977,0.00051524,-0.00073867,0.00082342,0.00000000,0.00000000,0.00000000,0.00000000,0.00000000,0.00000000,0.00000000,0.00000000,0.00000000,0.00000000,0.00000000,0.00000000,0.00000000,0.00000000,0.00000000,0.00000000,0.00000000,0.00000000,0.00000000,0.00000000,0.00000000,0.00000000,0.00000000,0.00000000,0.00000000,0.00000000,0.00000000,0.00000000,0.00000000,0.00000000,0.00000000,0.00000000,0.00000000,0.00000000,0.00000000,0.00000000,0.00000000,0.00000000,0.00000000,0.00000000,0.00000000,0.00000000,0.00000000,0.00000000,0.00000000,0.00000000,0.00000000,0.00000000,0.00105674,0.00013841,0.00063393,-0.00144779,0.00073976,-0.00154034,0.00117303,-0.00161595,-0.00047207,0.00135998,-0.00158876,0.00101856,0.00161088,-0.00151672,-0.00163110,0.00077066
-0.00013983,0.00037396,0.00034776,-0.00169549,-0.00087647,-0.00005998,-0.00008301,0.00100064,0.00155965,0.00053010,0.00182698,-0.00089263,-0.00066530,0.00150001,0.00028375,-0.00119251,0.00134444,0.00153864,-0.00221705,-0.00053212,0.00082278,0.00110052,0.00130068,0.00092652,-0.00128428,0.00156996,0.00013790,0.00067278,-0.00043342,0.00055458,0.00181184,-0.00175672,-0.00044364,0.00023038,0.00159263,-0.00078753,-0.00024489,-0.01472558,-0.00093159,0.00099794,0.00072123,0.00202005,0.00129157,-0.00176334,-0.00033050,0.00188391,0.00044958,0.00144779,-0.00218875,-0.00232463,-0.00057153,0.00144082,-0.00074411,0.00018495,-0.00007904,-0.00007303,0.00017940,0.00093208,0.00213252,0.00079144,0.00140416,0.00133019,-0.00089014,-0.00057743,-0.00144914,-0.00104630,-0.00220453,-0.00198641,0.00076961,-0.00081561,0.00030538,0.00135979,0.00035801,0.00072726,-0.00038832,-0.00026485,0.00072431,-0.00097436,0.00080899,-0.00018698,-0.00108827,0.00122362,-0.00130336,-0.00149247,0.00003375,-0.00076063,-0.00187322,0.00088975,-0.00002354,0.00016530,0.00176481,0.00059593,0.00166157,0.00095470,-0.00025952,-0.00114679,-0.00118287,0.00037624,-0.00000557,-0.00094580,0.00047423,-0.00035420,-0.00123766,-0.00149019,0.00057022,0.00196089,-0.00068928,0.00060609,-0.00102804,-0.00148622,0.00154616,0.00036848,0.00080296,0.00148166,-0.00034218,0.00066511,0.00086941,-0.00146297,-0.00018516,0.00170836,-0.00012230,-0.00080033,0.00149245,0.00071959,-0.00146475,0.00015311,-0.00151486,-0.00041835,0.00000000,0.00000000,0.00000000,0.00000000,0.00000000,0.00000000,0.00000000,0.00000000,0.00000000,0.00000000,0.00000000,0.00000000,0.00000000,0.00000000,0.00000000,0.00000000,0.00000000,0.00000000,0.00000000,0.00000000,0.00000000,0.00000000,0.00000000,0.00000000,0.00000000,0.00000000,0.00000000,0.00000000,0.00000000,0.00000000,0.00000000,0.00000000,0.00000000,0.00000000,0.00000000,0.00000000,0.00000000,0.00000000,0.00000000,0.00000000,0.00000000,0.00000000,0.00000000,0.00000000,0.00000000,0.00000000,0.00000000,0.00000000,-0.00164137,0.00027274,-0.00100700,0.00026581,-0.00010320,0.00236246,-0.00081437,0.00138417,-0.00045535,-0.00120942,0.00006577,-0.00083187,-0.00096537,0.00078414,0.00113234,-0.00143107
0.00027827,0.00019935,0.00049798,0.00007430,-0.00110224,-0.00091694,-0.00095397,0.00015012,-0.00052083,0.00020011,0.00006804,-0.00010456,-0.00038526,-0.00059160,0.00112689,-0.00073887,-0.00035602,0.00012436,0.00023792,0.00103542,0.00050886,-0.00050820,-0.00065077,0.00075322,0.00002733,0.00000339,0.00067162,0.00038093,0.00191030,0.00026403,0.00011296,0.00022175,0.00086573,-0.00025532,-0.00035902,-0.00016583,-0.00032935,0.00139679,-0.01241688,0.00057231,0.00012330,0.00063976,-0.00038327,0.00065920,-0.00045567,-0.00013281,0.00057912,-0.00064090,0.00003123,0.00016943,0.00012281,0.00015921,-0.00027456,0.00019500,0.00056383,0.00132461,-0.00085856,0.00014795,0.00077197,0.00008238,0.00009031,0.00002001,0.00020621,-0.00003708,-0.00035637,-0.00004958,0.00035920,0.00005119,-0.00042372,-0.00098503,-0.00009499,0.00028744,0.00028640,-0.00068605,0.00097807,-0.00156834,0.00079860,0.00056737,-0.00123838,0.00205841,-0.00046870,-0.00055993,0.00007779,0.00045992,0.00010245,0.00129556,0.00004278,0.00086980,-0.00003577,-0.00100166,-0.00043480,0.00040923,-0.00038014,-0.00179171,-0.00018306,0.00130802,0.00184402,0.00029090,0.00097109,0.00080395,-0.00133405,-0.00056589,0.00070554,-0.00131363,0.00046832,0.00035276,0.00086910,-0.00010034,-0.00031547,-0.00005644,-0.00005077,-0.00091409,-0.00173157,0.00041741,-0.00130510,0.00089134,-0.00244237,-0.00054849,0.00032494,0.00013491,0.00060325,0.00129756,0.00062871,-0.00107689,-0.00065415,0.00140245,-0.00135462,0.00174567,0.00000000,0.00000000,0.00000000,0.00000000,0.00000000,0.00000000,0.00000000,0.00000000,0.00000000,0.00000000,0.00000000,0.00000000,0.00000000,0.00000000,0.00000000,0.00000000,0.00000000,0.00000000,0.00000000,0.00000000,0.00000000,0.00000000,0.00000000,0.00000000,0.00000000,0.00000000,0.00000000,0.00000000,0.00000000,0.00000000,0.00000000,0.00000000,0.00000000,0.00000000,0.00000000,0.00000000,0.00000000,0.00000000,0.00000000,0.00000000,0.00000000,0.00000000,0.00000000,0.00000000,0.00000000,0.00000000,0.00000000,0.00000000,0.00050645,0.00030820,0.00013086,-0.00013419,-0.00021304,-0.00086200,0.00027368,-0.00052674,-0.00012079,0.00021324,-0.00027004,-0.00046833,-0.00042668,-0.00123396,-0.00063585,-0.00004430
0.00102602,-0.00076879,-0.00030229,-0.00081954,0.00127704,-0.00033336,0.00099545,-0.00073769,0.00124691,-0.00082901,0.00068647,0.00042606,-0.00024188,0.00098320,-0.00028779,-0.00032670,0.00050236,0.00079110,-0.00055151,-0.00120126,-0.00032532,-0.00001291,0.00045875,0.00038905,-0.00089931,0.00089005,0.00000102,0.00040564,-0.00248831,-0.00029900,0.00065022,-0.00119790,-0.00099156,0.00050632,0.00020766,0.00008896,0.00007602,-0.00092861,-0.00038276,-0.01029287,0.00082846,0.00081629,0.00024037,-0.00024442,0.00075932,0.00082938,-0.00019208,0.00102904,-0.00110172,-0.00079361,-0.00036121,0.00055265,-0.00038082,0.00005206,-0.00030443,-0.00121366,0.00168878,-0.00009572,0.00065087,-0.00008315,0.00028911,-0.00017714,-0.00044325,0.00022342,0.00101842,-0.00039101,-0.00086198,-0.00092883,0.00077782,0.00078889,0.00070489,0.00099474,-0.00042145,0.00033275,-0.00197986,0.00124512,-0.00023548,-0.00076294,0.00143583,-0.00136001,-0.00010455,0.00050671,-0.00044509,-0.00021099,0.00010923,-0.00136505,-0.00086004,0.00000688,0.00126199,0.00127955,0.00099887,0.00087843,0.00038935,0.00110737,-0.00000656,-0.00065093,-0.00147070,-0.00009422,0.00001843,-0.00031120,0.00114261,0.00063454,-0.00156480,0.00054992,0.00008908,0.00019297,-0.00144114,-0.00043910,-0.00066081,-0.00074775,0.00087038,0.00071010,0.00140692,-0.00007774,0.00139287,-0.00020541,0.00178929,-0.00092260,-0.00069843,0.00029370,0.00032017,-0.00079480,0.00074072,0.00171723,0.00002566,-0.00192807,0.00090749,-0.00219254,0.00000000,0.00000000,0.00000000,0.00000000,0.00000000,0.00000000,0.00000000,0.00000000,0.00000000,0.00000000,0.00000000,0.00000000,0.00000000,0.00000000,0.00000000,0.00000000,0.00000000,0.00000000,0.00000000,0.00000000,0.00000000,0.00000000,0.00000000,0.00000000,0.00000000,0.00000000,0.00000000,0.00000000,0.00000000,0.00000000,0.00000000,0.00000000,0.00000000,0.00000000,0.00000000,0.00000000,0.00000000,0.00000000,0.00000000,0.00000000,0.00000000,0.00000000,0.00000000,0.00000000,0.00000000,0.00000000,0.00000000,0.00000000,-0.00088164,0.00034486,-0.00106962,0.00070640,-0.00034083,0.00177081,-0.00112935,0.00136115,0.00006321,-0.00131484,-0.00008520,-0.00044546,-0.00079215,0.00263492,0.00071114,-0.00163719
0.00029345,-0.00071716,0.00002810,-0.00025456,-0.00005702,0.00040342,0.00120314,0.00054008,0.00061827,-0.00017250,0.00070295,0.00067553,-0.00060676,0.00058155,0.00048986,0.00043277,-0.00013534,-0.00001149,-0.00135383,-0.00069322,-0.00051280,0.00014239,0.00042487,-0.00033490,-0.00065085,0.00070774,0.00014928,0.00053941,-0.00094432,-0.00091458,0.00113139,-0.00041691,-0.00042539,0.00061252,-0.00017721,0.00026600,0.00032614,-0.00049563,-0.00018107,0.00047490,-0.01348749,0.00042510,0.00080268,0.00025212,-0.00058127,0.00020958,-0.00064882,0.00011132,0.00006445,-0.00067535,0.00002143,0.00127652,-0.00030679,0.00025795,-0.00008020,-0.00122435,0.00159071,-0.00065884,0.00046817,-0.00002948,0.00045515,-0.00001583,-0.00043474,0.00029315,0.00009584,0.00065106,-0.00035200,0.00038404,0.00026428,0.00058612,0.00052940,0.00073040,-0.00067762,0.00102820,-0.00008587,0.00118514,0.00021943,-0.00025937,0.00086842,-0.00024555,0.00057968,-0.00002499,-0.00011280,0.00002829,0.00034663,-0.00079484,-0.00103149,0.00092701,-0.00007865,0.00045892,0.00028742,0.00029697,0.00058801,0.00137155,-0.00058711,-0.00045382,-0.00067083,0.00044780,-0.00062771,-0.00054142,0.00126340,0.00014899,0.00029372,-0.00006949,0.00000514,0.00029894,-0.00126323,-0.00049908,0.00033738,-0.00009350,0.00054703,0.00078322,0.00078654,0.00022041,-0.00022668,-0.00070446,0.00128422,0.00019951,-0.00073200,0.00047542,0.00027402,-0.00049411,0.00000850,0.00088125,0.00067986,-0.00129073,-0.00002779,-0.00086013,0.00000000,0.00000000,0.00000000,0.00000000,0.00000000,0.00000000,0.00000000,0.00000000,0.00000000,0.00000000,0.00000000,0.00000000,0.00000000,0.00000000,0.00000000,0.00000000,0.00000000,0.00000000,0.00000000,0.00000000,0.00000000,0.00000000,0.00000000,0.00000000,0.00000000,0.00000000,0.00000000,0.00000000,0.00000000,0.00000000,0.00000000,0.00000000,0.00000000,0.00000000,0.00000000,0.00000000,0.00000000,0.00000000,0.00000000,0.00000000,0.00000000,0.00000000,0.00000000,0.00000000,0.00000000,0.00000000,0.00000000,0.00000000,-0.00131239,0.00065228,-0.00037450,0.00133259,-0.00032172,0.00091951,-0.00025989,0.00023828,-0.00006140,-0.00022809,0.00022164,-0.00005254,-0.00028953,0.00095352,0.00077257,-0.00048178
0.00072610,-0.00088548,-0.00008052,-0.00094464,0.00064688,0.00003822,0.00095762,-0.00046094,0.00143316,-0.00117263,0.00080351,0.00127647,0.00010527,0.00058126,0.00005768,0.00017214,0.00004137,0.00107791,-0.00009343,-0.00181623,0.00009968,0.00057793,0.00007384,0.00102760,-0.00056726,0.00120741,-0.00015219,-0.00019859,-0.00106595,-0.00016182,0.00040249,-0.00093390,-0.00111019,0.00074671,-0.00031229,-0.00026722,0.00024836,-0.00009970,-0.00012759,-0.00010524,0.00056935,-0.01003242,-0.00014471,-0.00031810,0.00138220,0.00000565,-0.00126474,0.00109673,0.00014756,-0.00036300,0.00011741,0.00080678,-0.00040110,-0.00034275,0.00004427,-0.00200092,0.00165668,-0.00028121,0.00026312,-0.00063592,0.00051384,0.00016557,-0.00041820,-0.00024205,0.00017118,-0.00023391,-0.00007975,-0.00043650,-0.00019571,0.00035236,0.00076626,0.00075323,-0.00076265,0.00070028,-0.00124823,0.00148432,-0.00041098,-0.00054314,0.00183447,-0.00106448,0.00049629,0.00075154,-0.00074234,0.00008662,-0.00062337,-0.00235108,-0.00093062,-0.00008308,0.00116690,0.00178603,0.00211012,-0.00028948,0.00101433,0.00176259,0.00096533,-0.00160547,-0.00170395,-0.00018939,-0.00206222,0.00006602,0.00035679,0.00092968,-0.00053646,-0.00031926,-0.00000599,0.00058710,-0.00097727,-0.00006282,-0.00027005,-0.00003160,0.00038594,-0.00000117,0.00097815,-0.00014011,0.00066364,0.00008620,0.00259509,-0.00049295,-0.00007997,-0.00004234,0.00023012,-0.00044028,0.00038828,0.00172060,-0.00019219,-0.00211329,0.00056644,-0.00089194,0.00000000,0.00000000,0.00000000,0.00000000,0.00000000,0.00000000,0.00000000,0.00000000,0.00000000,0.00000000,0.00000000,0.00000000,0.00000000,0.00000000,0.00000000,0.00000000,0.00000000,0.00000000,0.00000000,0.00000000,0.00000000,0.00000000,0.00000000,0.00000000,0.00000000,0.00000000,0.00000000,0.00000000,0.00000000,0.00000000,0.00000000,0.00000000,0.00000000,0.00000000,0.00000000,0.00000000,0.00000000,0.00000000,0.00000000,0.00000000,0.00000000,0.00000000,0.00000000,0.00000000,0.00000000,0.00000000,0.00000000,0.00000000,-0.00107751,-0.00044925,-0.00062816,0.00120659,-0.00078399,0.00121916,-0.00090281,0.00070948,-0.00030843,-0.00066345,0.00009429,-0.00010641,-0.00069101,0.00098055,0.00175789,-0.00134037
0.00009533,-0.00100511,0.00008663,-0.00017275,0.00145256,0.00019330,0.00054470,0.00011317,0.00037354,-0.00016187,-0.00010319,0.00059168,0.00032080,0.00016085,0.00057932,0.00089761,-0.00095431,0.00020538,-0.00020607,-0.00059046,-0.00033941,-0.00082329,0.00030140,-0.00008553,0.00014960,0.00064002,-0.00093768,-0.00013219,-0.00132055,-0.00067090,0.00050594,-0.00012639,-0.00028172,-0.00023102,-0.00039733,-0.00004150,0.00054688,-0.00148896,0.00021072,-0.00089574,0.00049482,-0.00060437,-0.01271780,0.00040786,0.00179124,-0.00023498,-0.00057900,-0.00017814,-0.00006075,-0.00021117,-0.00010556,0.00023793,0.00072976,-0.00097241,0.00103289,-0.00123129,0.00104457,-0.00058256,0.00045061,-0.00045588,0.00002496,-0.00117535,0.00029423,0.00090956,0.00094200,0.00048721,-0.00001200,0.00004790,0.00040334,0.00033563,0.00033364,0.00107368,-0.00099929,0.00055437,-0.00130982,0.00106852,-0.00027989,0.00102283,0.00142473,-0.00163152,0.00046635,0.00025805,0.00016616,0.00069618,0.00017099,-0.00171377,-0.00065910,-0.00004907,0.00080804,0.00088392,0.00056700,-0.00053243,-0.00055027,0.00111427,-0.00010943,-0.00055089,-0.00122818,-0.00049332,-0.00086770,-0.00010919,0.00163139,0.00101749,-0.00070077,0.00116835,0.00045452,-0.00059362,-0.00147514,-0.00040100,0.00016572,0.00089283,0.00028576,0.00065364,0.00069616,0.00001129,0.00114004,-0.00084772,0.00156130,-0.00003842,0.00008853,-0.00049380,-0.00093680,-0.00036725,-0.00028205,0.00084295,0.00063404,-0.00075954,0.00206869,-0.00113381,0.00000000,0.00000000,0.00000000,0.00000000,0.00000000,0.00000000,0.00000000,0.00000000,0.00000000,0.00000000,0.00000000,0.00000000,0.00000000,0.00000000,0.00000000,0.00000000,0.00000000,0.00000000,0.00000000,0.00000000,0.00000000,0.00000000,0.00000000,0.00000000,0.00000000,0.00000000,0.00000000,0.00000000,0.00000000,0.00000000,0.00000000,0.00000000,0.00000000,0.00000000,0.00000000,0.00000000,0.00000000,0.00000000,0.00000000,0.00000000,0.00000000,0.00000000,0.00000000,0.00000000,0.00000000,0.00000000,0.00000000,0.00000000,0.00018277,0.00006360,-0.00048501,0.00057370,-0.00085757,0.00027089,-0.00047041,0.00053411,0.00079425,-0.00147524,0.00014412,-0.00071686,-0.00028170,0.00053216,0.00037514,-0.00069930
-0.00005356,-0.00007044,-0.00017550,-0.00016060,-0.00018499,-0.00009524,-0.00050589,0.00051710,-0.00099034,0.00093834,0.00006093,-0.00034497,0.00021715,0.00039983,-0.00053322,-0.00026533,-0.00029282,-0.00090109,0.00021939,-0.00005834,0.00010868,0.00002951,-0.00020338,-0.00032795,0.00054222,-0.00073850,0.00032606,-0.00020873,0.00054620,0.00036562,-0.00041136,0.00081958,0.00062324,-0.00038770,-0.00011726,0.00012027,-0.00069581,-0.00065462,0.00073336,0.00016186,0.00025476,-0.00049513,-0.00014685,-0.01519349,0.00003426,0.00002348,0.00079272,-0.00027028,-0.00062949,0.00049295,0.00069704,-0.00066672,0.00012731,0.00006094,0.00016596,0.00012656,-0.00070491,0.00027848,-0.00063490,0.00033589,0.00044752,-0.00027577,-0.00010155,-0.00004807,-0.00047824,-0.00010682,-0.00020525,0.00084718,-0.00038240,0.00013835,0.00002390,0.00037404,0.00026023,0.00016873,0.00093814,-0.00097007,0.00085638,-0.00044570,-0.00075231,0.00031960,-0.00062433,-0.00070038,0.00027756,-0.00024478,0.00001820,-0.00031833,0.00078073,-0.00034747,0.00045946,0.00011964,-0.00037293,-0.00003325,0.00043022,-0.00035917,-0.00036896,-0.00000197,0.00072584,-0.00013573,0.00015441,-0.00071981,-0.00065927,-0.00038031,0.00058292,-0.00027843,0.00045398,-0.00058051,0.00124387,0.00015189,0.00036405,-0.00055094,0.00008270,-0.00022610,-0.00057647,0.00111195,-0.00105259,0.00039364,-0.00038451,-0.00016588,0.00075538,-0.00023800,0.00111394,0.00064724,-0.00078415,-0.00053045,0.00121424,-0.00049783,0.00033959,0.00069583,0.00000000,0.00000000,0.00000000,0.00000000,0.00000000,0.00000000,0.00000000,0.00000000,0.00000000,0.00000000,0.00000000,0.00000000,0.00000000,0.00000000,0.00000000,0.00000000,0.00000000,0.00000000,0.00000000,0.00000000,0.00000000,0.00000000,0.00000000,0.00000000,0.00000000,0.00000000,0.00000000,0.00000000,0.00000000,0.00000000,0.00000000,0.00000000,0.00000000,0.00000000,0.00000000,0.00000000,0.00000000,0.00000000,0.00000000,0.00000000,0.00000000,0.00000000,0.00000000,0.00000000,0.00000000,0.00000000,0.00000000,0.00000000,0.00046605,0.00010579,-0.00044009,-0.00050464,0.00061925,0.00002978,0.00076189,-0.00053802,-0.00017575,0.00032958,-0.00005543,0.00076874,0.00030537,-0.00094411,-0.00132700,0.00037809
-0.00025556,0.00018385,-0.00094525,0.00178054,-0.00117831,0.00025029,0.00007872,0.00035931,-0.00250621,-0.00138479,-0.00222800,-0.00057134,0.00129045,-0.00214228,-0.00156047,0.00186325,-0.00271926,-0.00205273,0.00253692,0.00101646,-0.00129173,-0.00088925,-0.00153843,-0.00121111,0.00319994,-0.00237256,-0.00124230,-0.00086275,0.00150552,-0.00034741,-0.00172826,0.00284583,0.00089742,-0.00250552,-0.00233691,0.00177631,0.00095780,0.00015449,0.00212561,-0.00131925,-0.00239836,-0.00148129,-0.00195890,0.00154910,-0.01340974,-0.00164079,0.00019004,-0.00207174,0.00165043,0.00237900,0.00155435,-0.00191211,0.00152620,-0.00086591,0.00096348,0.00071372,-0.00103772,-0.00128639,-0.00170073,-0.00026350,-0.00150341,-0.00122653,0.00241720,0.00134268,0.00152577,0.00176296,0.00184801,0.00211664,-0.00220747,0.00118927,-0.00131983,-0.00228234,-0.00019332,-0.00087372,0.00272299,-0.00052065,-0.00034820,0.00114654,-0.00089972,0.00064777,0.00131671,-0.00193239,0.00150190,0.00139504,-0.00162840,0.00145023,0.00215836,-0.00033483,0.00015499,-0.00179203,-0.00181018,-0.00096366,-0.00234439,-0.00090774,-0.00095112,0.00087334,0.00198054,-0.00131981,0.00028904,0.00052699,-0.00101539,-0.00052905,0.00163326,0.00088056,-0.00122160,-0.00106349,-0.00052099,-0.00179010,0.00104621,0.00153487,-0.00130218,-0.00100775,-0.00107367,-0.00123153,0.00035844,-0.00167783,-0.00131447,0.00237803,0.00144688,-0.00095567,0.00001214,0.00003159,-0.00203896,-0.00104611,0.00178045,0.00003123,0.00077794,0.00100498,0.00000000,0.00000000,0.00000000,0.00000000,0.00000000,0.00000000,0.00000000,0.00000000,0.00000000,0.00000000,0.00000000,0.00000000,0.00000000,0.00000000,0.00000000,0.00000000,0.00000000,0.00000000,0.00000000,0.00000000,0.00000000,0.00000000,0.00000000,0.00000000,0.00000000,0.00000000,0.00000000,0.00000000,0.00000000,0.00000000,0.00000000,0.00000000,0.00000000,0.00000000,0.00000000,0.00000000,0.00000000,0.00000000,0.00000000,0.00000000,0.00000000,0.00000000,0.00000000,0.00000000,0.00000000,0.00000000,0.00000000,0.00000000,0.00251061,-0.00027218,0.00207268,-0.00135535,0.00180682,-0.00323121,0.00242047,-0.00191189,0.00042786,0.00153368,0.00036778,0.00233747,0.00176001,-0.00179858,-0.00184173,0.00205999
-0.00038463,-0.00065838,-0.00067184,0.00020011,0.00074752,0.00084109,0.00034525,-0.00066219,-0.00028458,-0.00083993,-0.00007523,-0.00011464,0.00010921,-0.00039003,-0.00006328,0.00132386,-0.00036584,-0.00056263,-0.00042915,-0.00074611,-0.00107558,-0.00086865,-0.00036196,-0.00053760,0.00049511,-0.00011500,-0.00157571,-0.00047783,-0.00166335,-0.00162095,-0.00079839,0.00012407,-0.00089656,-0.00018931,-0.00015703,-0.00015808,0.00024395,-0.00051825,0.00057479,-0.00041095,-0.00023609,-0.00071922,-0.00067600,0.00006662,0.00072363,-0.01200818,-0.00119457,0.00021323,-0.00039113,0.00030280,0.00121436,-0.00037242,0.00061929,-0.00067386,0.00085075,-0.00137268,0.00162349,-0.00085213,-0.00078988,-0.00053428,-0.00080846,-0.00050475,0.00065541,0.00062776,0.00132646,0.00032378,0.00047289,0.00084338,0.00051104,0.00105375,-0.00024277,-0.00017460,-0.00103049,0.00113610,-0.00076262,0.00132360,-0.00063685,0.00022535,0.00112263,-0.00143485,0.00082914,0.00029397,0.00073429,0.00062277,-0.00048141,-0.00082240,0.00012566,0.00084082,0.00044075,0.00096932,0.00008418,-0.00065777,-0.00052353,0.00146252,-0.00124633,-0.00184074,-0.00076698,-0.00105354,-0.00075807,-0.00030467,0.00128204,0.00061700,-0.00052143,0.00032347,0.00000732,-0.00080749,-0.00169312,-0.00087680,0.00118004,0.00040650,-0.00026420,0.00106618,0.00035169,-0.00059912,0.00118457,-0.00145165,0.00161916,0.00016844,-0.00031771,-0.00001085,-0.00015321,-0.00066121,-0.00050395,0.00041815,0.00059269,-0.00136138,0.00078963,-0.00007225,0.00000000,0.00000000,0.00000000,0.00000000,0.00000000,0.00000000,0.00000000,0.00000000,0.00000000,0.00000000,0.00000000,0.00000000,0.00000000,0.00000000,0.00000000,0.00000000,0.00000000,0.00000000,0.00000000,0.00000000,0.00000000,0.00000000,0.00000000,0.00000000,0.00000000,0.00000000,0.00000000,0.00000000,0.00000000,0.00000000,0.00000000,0.00000000,0.00000000,0.00000000,0.00000000,0.00000000,0.00000000,0.00000000,0.00000000,0.00000000,0.00000000,0.00000000,0.00000000,0.00000000,0.00000000,0.00000000,0.00000000,0.00000000,0.00006522,-0.00011806,0.00026440,0.00065873,0.00019347,0.00001978,-0.00009944,0.00025002,0.00022057,-0.00028533,0.00005654,0.00021805,-0.00001789,0.00066555,0.00020203,0.00033465
0.00043545,-0.00026143,0.00030736,-0.00103659,-0.00015658,-0.00073734,0.00019883,-0.00020223,0.00169669,0.00087798,0.00078226,0.00085599,-0.00012411,0.00182915,0.00143045,-0.00061938,0.00105908,0.00084281,-0.00153807,-0.00041012,0.00179761,0.00113665,0.00186819,0.00069656,-0.00128873,0.00043221,0.00061591,0.00116547,0.00021104,-0.00062392,0.00133402,-0.00090843,-0.00046213,0.00127322,0.00081976,-0.00111362,-0.00066466,0.00021918,-0.00108676,0.00118808,0.00022313,0.00102060,0.00064098,-0.00006364,-0.00013544,0.00083839,-0.01387255,0.00097070,-0.00092097,-0.00171859,-0.00149714,0.00077250,-0.00080597,0.00074650,-0.00079184,-0.00046321,0.00024447,0.00132523,0.00095027,0.00062390,0.00124576,0.00071997,-0.00147844,-0.00076819,-0.00106719,-0.00019485,-0.00140396,-0.00204303,0.00030776,-0.00086029,0.00056190,-0.00027181,0.00025463,0.00037340,-0.00113474,0.00049542,0.00098108,-0.00064085,0.00106984,-0.00120841,-0.00110065,0.00067374,-0.00110409,-0.00083747,0.00139238,-0.00059776,-0.00124865,0.00013559,0.00029173,0.00099551,0.00135474,0.00155987,0.00112337,0.00113473,0.00110925,-0.00047215,-0.00041318,0.00066653,0.00077319,-0.00014780,-0.00029370,0.00051777,-0.00120736,0.00062263,0.00096814,0.00130449,0.00036949,0.00042024,-0.00050028,-0.00103939,0.00083948,0.00170964,0.00091142,0.00152490,0.00021861,0.00052710,0.00048601,-0.00115954,-0.00157217,0.00064806,0.00095886,-0.00003528,0.00127729,0.00180686,-0.00129586,0.00007538,-0.00058018,-0.00072903,0.00000000,0.00000000,0.00000000,0.00000000,0.00000000,0.00000000,0.00000000,0.00000000,0.00000000,0.00000000,0.00000000,0.00000000,0.00000000,0.00000000,0.00000000,0.00000000,0.00000000,0.00000000,0.00000000,0.00000000,0.00000000,0.00000000,0.00000000,0.00000000,0.00000000,0.00000000,0.00000000,0.00000000,0.00000000,0.00000000,0.00000000,0.00000000,0.00000000,0.00000000,0.00000000,0.00000000,0.00000000,0.00000000,0.00000000,0.00000000,0.00000000,0.00000000,0.00000000,0.00000000,0.00000000,0.00000000,0.00000000,0.00000000,-0.00097710,0.00006758,-0.00097639,0.00072961,-0.00112988,0.00126435,-0.00050674,0.00122601,0.00055734,-0.00076877,-0.00032747,-0.00101298,-0.00121073,0.00184332,0.00073045,-0.00135044
-0.00003079,-0.00037045,-0.00095026,0.00087366,0.00035072,0.00018707,0.00061062,-0.00138972,-0.00054688,-0.00048655,-0.00084586,0.00084678,-0.00005377,0.00041916,-0.00074822,0.00010354,-0.00077378,-0.00039042,0.00032485,-0.00137436,-0.00040611,-0.00022523,-0.00031654,-0.00079500,0.00038980,0.00107843,-0.00040394,-0.00062642,-0.00045038,0.00001645,-0.00037700,0.00032336,-0.00112580,0.00032688,-0.00034566,0.00007718,0.00080549,-0.00089458,-0.00044165,0.00023779,-0.00052880,0.00053365,0.00027137,0.00001607,0.00081743,0.00062145,-0.00047234,-0.01460110,-0.00000354,0.00006964,0.00034762,0.00008642,0.00074592,-0.00025457,-0.00009002,-0.00109084,0.00134097,-0.00027330,0.00018824,-0.00075170,-0.00020440,-0.00086850,0.00063963,0.00028559,0.00096944,0.00052735,0.00025138,0.00014473,-0.00012772,0.00041728,-0.00086146,0.00123485,-0.00076573,0.00099516,-0.00056385,0.00143115,-0.00062710,0.00079247,0.00038573,-0.00143023,0.00080259,-0.00004001,0.00004132,0.00060309,0.00001110,-0.00151427,-0.00040421,-0.00037909,0.00210476,0.00102234,0.00057544,-0.00068757,-0.00005026,0.00179333,-0.00019667,-0.00110325,-0.00217311,-0.00026658,-0.00041343,0.00000210,0.00135146,0.00020360,-0.00065643,0.00072289,-0.00025449,-0.00028925,-0.00008431,-0.00068250,0.00099565,0.00053318,0.00002738,0.00064207,0.00132623,-0.00072540,0.00126326,0.00007429,0.00200571,-0.00000913,-0.00026256,-0.00011659,-0.00023488,-0.00100617,-0.00037632,0.00194355,0.00003431,-0.00140189,0.00075086,-0.00132072,0.00000000,0.00000000,0.00000000,0.00000000,0.00000000,0.00000000,0.00000000,0.00000000,0.00000000,0.00000000,0.00000000,0.00000000,0.00000000,0.00000000,0.00000000,0.00000000,0.00000000,0.00000000,0.00000000,0.00000000,0.00000000,0.00000000,0.00000000,0.00000000,0.00000000,0.00000000,0.00000000,0.00000000,0.00000000,0.00000000,0.00000000,0.00000000,0.00000000,0.00000000,0.00000000,0.00000000,0.00000000,0.00000000,0.00000000,0.00000000,0.00000000,0.00000000,0.00000000,0.00000000,0.00000000,0.00000000,0.00000000,0.00000000,-0.00002590,-0.00028117,-0.00137361,-0.00019027,-0.00043114,0.00083433,-0.00006344,0.00086381,0.00071927,0.00020377,0.00007397,-0.00047764,0.00004494,0.00038577,-0.00062618,0.00042827
-0.00061646,0.00074291,0.00170794,-0.00099354,-0.00085467,-0.00087199,-0.00060260,-0.00000545,-0.00011215,0.00078981,0.00060055,0.00074412,-0.00043514,-0.00023507,0.00058209,0.00001839,0.00058222,0.00071063,0.00026654,0.00146518,0.00079957,0.00091294,0.00098442,0.00054549,-0.00096355,0.00040721,0.00095705,0.00166913,0.00059139,0.00072306,0.00114716,-0.00040453,0.00113064,0.00039297,0.00009914,-0.00095460,-0.00070847,-0.00013979,-0.00099893,0.00039896,0.00063179,0.00129415,0.00063611,-0.00098031,-0.00146478,0.00002802,0.00073659,0.00051430,-0.01439666,-0.00084556,-0.00101438,0.00069333,-0.00098048,0.00010749,-0.00015157,0.00094629,-0.00157119,-0.00057676,0.00037208,0.00082466,0.00164997,0.00067867,-0.00134695,-0.00101959,-0.00158083,-0.00067271,-0.00137290,-0.00124268,-0.00027316,-0.00142750,0.00063705,-0.00055612,0.00087008,-0.00151278,0.00032569,-0.00183215,0.00089043,-0.00025298,0.00023956,0.00087016,-0.00127237,0.00103717,-0.00019099,0.00051910,0.00100726,0.00178980,-0.00035633,0.00073197,-0.00050073,-0.00055708,-0.00040881,0.00065919,0.00055624,-0.00127104,0.00065329,0.00072047,0.00186143,0.00027774,0.00063881,0.00061536,-0.00067928,-0.00047805,-0.00022190,-0.00076377,-0.00009307,0.00065682,0.00128013,0.00138335,-0.00132428,-0.00059088,0.00071673,-0.00091077,-0.00039380,0.00030788,-0.00115061,0.00084788,-0.00176341,-0.00094621,-0.00108663,0.00094761,0.00016193,0.00154928,0.00169417,-0.00039728,-0.00075709,0.00106886,-0.00165390,0.00072412,0.00000000,0.00000000,0.00000000,0.00000000,0.00000000,0.00000000,0.00000000,0.00000000,0.00000000,0.00000000,0.00000000,0.00000000,0.00000000,0.00000000,0.00000000,0.00000000,0.00000000,0.00000000,0.00000000,0.00000000,0.00000000,0.00000000,0.00000000,0.00000000,0.00000000,0.00000000,0.00000000,0.00000000,0.00000000,0.00000000,0.00000000,0.00000000,0.00000000,0.00000000,0.00000000,0.00000000,0.00000000,0.00000000,0.00000000,0.00000000,0.00000000,0.00000000,0.00000000,0.00000000,0.00000000,0.00000000,0.00000000,0.00000000,-0.00057866,-0.00001471,-0.00043715,-0.00021354,-0.00021307,-0.00028839,-0.00005053,0.00063889,-0.00080627,-0.00039924,0.00045370,-0.00004250,-0.00065294,-0.00056529,0.00072821,0.00030906
0.00001135,0.00011261,0.00092871,-0.00140547,-0.00059194,-0.00082312,-0.00080793,0.00020936,0.00048277,0.00132332,0.00053279,0.00062978,-0.00070124,-0.00011972,0.00051607,-0.00123886,0.00037603,-0.00011851,0.00036430,0.00112175,0.00113194,0.00002536,0.00110911,0.00068674,-0.00059675,0.00016506,0.00050124,0.00027779,0.00120647,0.00108405,0.00032251,-0.00007021,-0.00053041,0.00136307,0.00081022,-0.00118717,-0.00041850,0.00031777,-0.00091479,0.00156981,0.00039187,0.00158207,0.00035681,-0.00051806,-0.00156810,0.00056240,-0.00006574,0.00101623,-0.00067445,-0.01465458,-0.00069491,0.00077667,-0.00124166,0.00083944,-0.00053224,0.00150418,-0.00225432,0.00133087,0.00029638,0.00131924,0.00109855,0.00135784,-0.00008658,-0.00142644,-0.00072181,-0.00089900,-0.00035477,-0.00051933,-0.00001960,-0.00106236,0.00086726,-0.00026033,0.00048677,-0.00004013,0.00063254,-0.00061518,0.00075586,-0.00006112,-0.00003740,0.00166069,-0.00034744,0.00044414,-0.00096324,-0.00032177,0.00076773,0.00093112,0.00008699,0.00143009,-0.00023919,-0.00057976,-0.00036023,0.00018526,0.00052286,-0.00088304,0.00120206,0.00029512,0.00072357,0.00030426,0.00188926,-0.00059506,-0.00121654,-0.00091083,0.00059780,0.00008414,0.00075554,0.00149364,0.00154960,0.00183385,-0.00034861,-0.00082654,0.00177565,-0.00058489,-0.00007328,0.00015026,-0.00138266,0.00133165,-0.00133965,-0.00116482,-0.00088766,0.00016081,0.00063248,0.00121022,0.00144862,-0.00051958,-0.00095966,0.00118066,-0.00200476,0.00062141,0.00000000,0.00000000,0.00000000,0.00000000,0.00000000,0.00000000,0.00000000,0.00000000,0.00000000,0.00000000,0.00000000,0.00000000,0.00000000,0.00000000,0.00000000,0.00000000,0.00000000,0.00000000,0.00000000,0.00000000,0.00000000,0.00000000,0.00000000,0.00000000,0.00000000,0.00000000,0.00000000,0.00000000,0.00000000,0.00000000,0.00000000,0.00000000,0.00000000,0.00000000,0.00000000,0.00000000,0.00000000,0.00000000,0.00000000,0.00000000,0.00000000,0.00000000,0.00000000,0.00000000,0.00000000,0.00000000,0.00000000,0.00000000,0.00001380,0.00047313,-0.00126404,0.00026366,-0.00033921,-0.00019790,-0.00095600,0.00028942,-0.00081123,-0.00061252,-0.00001186,-0.00080361,-0.00057740,0.00039304,0.00035661,0.00001167
-0.00012173,0.00029154,-0.00040931,0.00110059,-0.00015596,-0.00084886,-0.00028793,0.00098132,-0.00070256,0.00083717,-0.00083449,-0.00016900,0.00057041,-0.00109668,-0.00063159,0.00048653,-0.00079210,-0.00087742,0.00074709,0.00118530,-0.00014962,-0.00064171,-0.00062891,-0.00063135,0.00061386,-0.00156135,-0.00020208,-0.00080328,0.00075132,-0.00003107,-0.00083777,0.00117314,0.00135447,-0.00111270,-0.00067230,0.00075701,-0.00026676,0.00090636,0.00096324,-0.00058863,-0.00061159,-0.00073436,-0.00128125,0.00094222,0.00005721,-0.00043679,-0.00055143,-0.00055774,0.00040636,0.00105688,-0.00946137,-0.00047064,-0.00007628,-0.00060407,0.00036831,0.00062227,-0.00084743,-0.00097374,-0.00070682,-0.00071465,-0.00107841,-0.00101701,-0.00040281,0.00070692,-0.00068562,-0.00048730,0.00078791,0.00033053,-0.00064015,-0.00099086,-0.00100741,-0.00100713,0.00062796,-0.00066227,0.00088805,-0.00139093,-0.00043681,0.00104062,-0.00102172,0.00189477,0.00003942,-0.00070882,0.00067405,0.00031546,-0.00069262,0.00126918,0.00062174,-0.00042147,-0.00168983,-0.00115418,-0.00185820,-0.00069272,-0.00044159,-0.00142223,-0.00057272,0.00097122,0.00146535,-0.00058295,-0.00012196,0.00062849,-0.00048726,-0.00011936,0.00100369,-0.00088404,-0.00090367,-0.00027613,-0.00010081,-0.00052665,0.00045351,-0.00013042,-0.00030756,-0.00000415,-0.00072718,0.00023622,-0.00042691,-0.00073768,-0.00170332,0.00026359,0.00078457,-0.00006148,-0.00017424,-0.00020923,-0.00090523,-0.00130052,0.00016202,0.00103319,-0.00052949,0.00075680,0.00000000,0.00000000,0.00000000,0.00000000,0.00000000,0.00000000,0.00000000,0.00000000,0.00000000,0.00000000,0.00000000,0.00000000,0.00000000,0.00000000,0.00000000,0.00000000,0.00000000,0.00000000,0.00000000,0.00000000,0.00000000,0.00000000,0.00000000,0.00000000,0.00000000,0.00000000,0.00000000,0.00000000,0.00000000,0.00000000,0.00000000,0.00000000,0.00000000,0.00000000,0.00000000,0.00000000,0.00000000,0.00000000,0.00000000,0.00000000,0.00000000,0.00000000,0.00000000,0.00000000,0.00000000,0.00000000,0.00000000,0.00000000,0.00135993,-0.00032896,0.00108251,-0.00115316,0.00074129,-0.00190495,0.00128893,-0.00149741,-0.00034458,0.00145078,-0.00055888,0.00103817,0.00106328,-0.00173405,-0.00157456,0.00169953
0.00051320,-0.00038027,0.00030717,0.00018042,0.00046459,0.00070332,0.00034152,-0.00021205,0.00075628,-0.00033732,-0.00050757,-0.00039670,-0.00006898,-0.00023093,-0.00036875,0.00042526,-0.00078167,0.00008037,-0.00051727,-0.00085423,-0.00073147,-0.00076365,0.00045191,0.00001186,-0.00008690,0.00058151,-0.00128433,-0.00076122,-0.00128283,-0.00085300,-0.00013869,-0.00028948,-0.00093412,-0.00016821,0.00004572,0.00024675,-0.00004434,-0.00099653,0.00037864,-0.00047169,0.00075916,0.00041671,0.00041855,-0.00055664,0.00110393,0.00018002,-0.00078076,0.00001099,0.00007287,-0.00033036,0.00079120,-0.01383964,0.00041860,0.00034003,0.00046898,-0.00075131,0.00186118,-0.00113792,-0.00050268,-0.00077517,-0.00052436,-0.00011256,0.00028496,0.00023824,0.00056246,0.00038919,0.00028235,0.00029613,0.00096611,0.00115049,-0.00001545,0.00104997,-0.00071112,0.00025287,-0.00044587,0.00155954,-0.00088641,0.00016171,0.00082804,-0.00109002,0.00082772,0.00041288,-0.00030644,-0.00115841,0.00015854,-0.00162917,-0.00068486,-0.00012414,0.00109099,0.00055889,0.00102883,-0.00021653,-0.00006778,0.00099866,-0.00008997,-0.00069437,-0.00165085,0.00009431,-0.00143682,-0.00049026,0.00117325,0.00007908,0.00000489,0.00006260,-0.00072078,0.00029226,-0.00152478,0.00057319,0.00028192,0.00025150,-0.00037260,0.00022057,0.00097313,-0.00031912,0.00018834,-0.00052312,0.00102036,-0.00045912,0.00027691,-0.00105957,-0.00068221,-0.00025527,-0.00072437,0.00014272,0.00060212,-0.00188520,0.00126882,-0.00090881,0.00000000,0.00000000,0.00000000,0.00000000,0.00000000,0.00000000,0.00000000,0.00000000,0.00000000,0.00000000,0.00000000,0.00000000,0.00000000,0.00000000,0.00000000,0.00000000,0.00000000,0.00000000,0.00000000,0.00000000,0.00000000,0.00000000,0.00000000,0.00000000,0.00000000,0.00000000,0.00000000,0.00000000,0.00000000,0.00000000,0.00000000,0.00000000,0.00000000,0.00000000,0.00000000,0.00000000,0.00000000,0.00000000,0.00000000,0.00000000,0.00000000,0.00000000,0.00000000,0.00000000,0.00000000,0.00000000,0.00000000,0.00000000,-0.00029760,-0.00035423,-0.00037603,0.00083529,-0.00019837,0.00125710,-0.00041310,0.00082810,0.00088509,-0.00034721,0.00031205,-0.00086879,-0.00010056,0.00136588,0.00041402,-0.00092595
-0.00015148,0.00063992,0.00012811,0.00065283,-0.00138313,-0.00039576,-0.00067204,0.00071572,-0.00130585,0.00050740,-0.00109365,-0.00137236,0.00017401,-0.00113130,-0.00047992,0.00082078,-0.00079004,-0.00137184,0.00170072,0.00119762,-0.00011396,0.00006541,-0.00074484,-0.00052359,0.00082497,-0.00110072,0.00012640,-0.00088659,0.00207648,0.00014011,-0.00089584,0.00095132,0.00062417,-0.00120206,-0.00069524,0.00104378,-0.00015633,0.00112683,0.00047549,-0.00082322,-0.00081986,-0.00100063,-0.00112603,0.00015231,-0.00082427,-0.00105174,0.00032110,-0.00066187,0.00139801,0.00148448,0.00017604,-0.00088984,-0.00936912,-0.00034845,-0.00012528,0.00081518,-0.00108289,-0.00102279,-0.00079190,-0.00010752,-0.00042741,-0.00038716,0.00021702,0.00043103,0.00037302,0.00004179,0.00077242,0.00121539,-0.00098254,0.00040378,-0.00098463,-0.00064389,0.00015431,-0.00030309,0.00150385,-0.00173082,0.00082833,0.00003929,-0.00169235,0.00091002,0.00087894,-0.00057483,0.00100633,0.00068959,-0.00035242,0.00196046,0.00124582,-0.00071736,-0.00111125,-0.00185248,-0.00175944,0.00011626,-0.00101472,-0.00182047,-0.00050357,0.00152965,0.00144186,-0.00040287,0.00022287,0.00066079,-0.00037780,-0.00092535,0.00130391,-0.00064478,-0.00103261,-0.00043601,0.00012526,-0.00040730,0.00022012,0.00064561,0.00000844,-0.00055238,-0.00191637,-0.00045995,-0.00120991,-0.00024449,-0.00202396,0.00072804,0.00073703,-0.00042966,-0.00056009,0.00011506,-0.00061991,-0.00146688,0.00080608,0.00072071,-0.00037149,0.00195626,0.00000000,0.00000000,0.00000000,0.00000000,0.00000000,0.00000000,0.00000000,0.00000000,0.00000000,0.00000000,0.00000000,0.00000000,0.00000000,0.00000000,0.00000000,0.00000000,0.00000000,0.00000000,0.00000000,0.00000000,0.00000000,0.00000000,0.00000000,0.00000000,0.00000000,0.00000000,0.00000000,0.00000000,0.00000000,0.00000000,0.00000000,0.00000000,0.00000000,0.00000000,0.00000000,0.00000000,0.00000000,0.00000000,0.00000000,0.00000000,0.00000000,0.00000000,0.00000000,0.00000000,0.00000000,0.00000000,0.00000000,0.00000000,0.00166652,-0.00023217,0.00110531,-0.00055299,0.00050839,-0.00170823,0.00159150,-0.00110396,-0.00009126,0.00059688,-0.00052370,0.00131152,0.00133613,-0.00115274,-0.00077064,0.00167123
-0.00009161,0.00084793,0.00003670,-0.00044513,0.00043269,-0.00032193,-0.00002016,0.00000347,0.00188026,0.00012117,0.00052372,0.00054123,-0.00156417,0.00139296,0.00107494,-0.00140180,0.00104669,0.00046361,-0.00136046,-0.00081632,0.00122842,0.00114966,0.00123729,0.00103500,-0.00163349,0.00059149,-0.00009881,0.00062526,-0.00082385,-0.00006950,0.00099354,-0.00169675,0.00003499,0.00165235,0.00063732,-0.00153375,-0.00091077,-0.00045495,-0.00132127,0.00147683,0.00077424,0.00171585,0.00120987,-0.00110280,-0.00005254,0.00114776,0.00042125,0.00092354,-0.00179280,-0.00122454,-0.00107967,0.00204352,-0.00109156,-0.01416143,-0.00062603,-0.00154094,0.00121980,0.00097233,0.00121672,0.00110350,0.00029425,0.00060391,-0.00157153,-0.00043421,-0.00153492,-0.00096758,-0.00100162,-0.00075006,0.00024676,0.00028368,0.00063083,0.00050793,0.00008307,0.00011643,-0.00093622,0.00096758,0.00057392,-0.00039680,0.00147005,-0.00093148,-0.00107272,0.00144506,-0.00080388,-0.00020642,0.00084752,-0.00093299,-0.00109636,0.00011416,0.00045931,0.00202251,0.00099586,0.00133340,0.00150582,0.00126202,0.00075353,-0.00117162,-0.00090185,0.00028438,0.00043171,0.00016001,-0.00005057,0.00088880,-0.00116349,0.00017069,0.00010214,0.00130546,0.00015195,0.00063221,-0.00003622,-0.00059982,0.00155628,0.00018534,0.00134842,0.00119469,0.00194897,0.00143890,0.00212637,-0.00099818,-0.00108922,0.00002648,0.00064361,-0.00041858,0.00136139,0.00136464,0.00016852,-0.00011100,0.00008446,-0.00163737,0.00000000,0.00000000,0.00000000,0.00000000,0.00000000,0.00000000,0.00000000,0.00000000,0.00000000,0.00000000,0.00000000,0.00000000,0.00000000,0.00000000,0.00000000,0.00000000,0.00000000,0.00000000,0.00000000,0.00000000,0.00000000,0.00000000,0.00000000,0.00000000,0.00000000,0.00000000,0.00000000,0.00000000,0.00000000,0.00000000,0.00000000,0.00000000,0.00000000,0.00000000,0.00000000,0.00000000,0.00000000,0.00000000,0.00000000,0.00000000,0.00000000,0.00000000,0.00000000,0.00000000,0.00000000,0.00000000,0.00000000,0.00000000,-0.00160854,0.00002706,-0.00132007,0.00069566,-0.00096627,0.00142882,-0.00112434,0.00116765,0.00085458,-0.00030045,-0.00021025,-0.00138241,-0.00101731,0.00179776,0.00089430,-0.00161891
-0.00034934,-0.00040767,-0.00017760,0.00121777,-0.00007121,-0.00063995,-0.00023777,0.00020321,-0.00191484,-0.00058681,-0.00173962,0.00021396,0.00054989,-0.00092688,-0.00060557,-0.00005730,-0.00105558,-0.00200627,0.00186863,0.00066491,-0.00064515,-0.00089054,-0.00073864,-0.00009614,0.00157956,-0.00135295,0.00024720,-0.00040266,0.00083900,-0.00031687,-0.00210723,0.00182959,0.00021953,-0.00101841,-0.00223550,0.00104143,-0.00015208,0.00059554,0.00166747,-0.00097830,-0.00068948,-0.00146659,-0.00123191,0.00093445,0.00000512,-0.00063466,0.00013061,-0.00172508,0.00159797,0.00199724,0.00059078,-0.00139141,0.00085368,-0.00000327,-0.01399245,0.00090561,-0.00180533,-0.00182010,-0.00035248,-0.00021441,-0.00035047,-0.00098695,0.00177828,0.00050247,-0.00010053,0.00085037,0.00081294,0.00108049,-0.00001477,0.00051813,-0.00068175,-0.00052302,-0.00004167,-0.00009990,0.00205151,-0.00103933,-0.00030720,-0.00074846,-0.00131551,0.00100466,0.00082032,-0.00168657,0.00116693,-0.00000069,0.00049175,0.00193097,0.00264681,-0.00060947,-0.00086612,-0.00150066,-0.00192633,0.00002044,-0.00117339,-0.00020535,-0.00072698,0.00066556,0.00058638,0.00050682,0.00041642,0.00099003,-0.00054973,-0.00060205,0.00055020,0.00066534,-0.00083538,-0.00010260,0.00082714,-0.00051375,0.00096881,0.00117025,-0.00131497,-0.00141326,-0.00076074,-0.00185448,-0.00035071,-0.00098722,-0.00194398,0.00091350,0.00040731,-0.00107299,-0.00044247,0.00101121,-0.00132458,-0.00128627,0.00099244,-0.00030798,-0.00033799,0.00096398,0.00000000,0.00000000,0.00000000,0.00000000,0.00000000,0.00000000,0.00000000,0.00000000,0.00000000,0.00000000,0.00000000,0.00000000,0.00000000,0.00000000,0.00000000,0.00000000,0.00000000,0.00000000,0.00000000,0.00000000,0.00000000,0.00000000,0.00000000,0.00000000,0.00000000,0.00000000,0.00000000,0.00000000,0.00000000,0.00000000,0.00000000,0.00000000,0.00000000,0.00000000,0.00000000,0.00000000,0.00000000,0.00000000,0.00000000,0.00000000,0.00000000,0.00000000,0.00000000,0.00000000,0.00000000,0.00000000,0.00000000,0.00000000,0.00087572,-0.00030218,0.00103247,-0.00047993,0.00136295,-0.00237145,0.00033673,-0.00176937,0.00034659,0.00118540,0.00048597,0.00088293,0.00249096,-0.00133386,-0.00125394,0.00183147
0.00092109,-0.00052782,0.00257260,-0.00259626,0.00104256,-0.00082129,0.00006492,-0.00058318,0.00253967,0.00224330,0.00205282,0.00219904,-0.00254008,0.00338563,0.00159008,-0.00238502,0.00204415,0.00188684,-0.00261775,-0.00099641,0.00232964,0.00238685,0.00235279,0.00273335,-0.00241561,0.00270325,0.00069236,0.00259963,-0.00030970,0.00111069,0.00289290,-0.00219811,0.00078230,0.00234804,0.00255196,-0.00215553,-0.00136514,0.00009581,-0.00256389,0.00275514,0.00100504,0.00224885,0.00278800,-0.00175298,-0.00050238,0.00242109,0.00103258,0.00267569,-0.00221482,-0.00234037,-0.00274035,0.00276145,-0.00271427,0.00090313,-0.00181430,-0.01462429,0.00075575,0.00191097,0.00183118,0.00288288,0.00231901,0.00221990,-0.00183504,-0.00210770,-0.00209707,-0.00081827,-0.00238390,-0.00223868,0.00118778,-0.00030593,0.00182888,0.00215932,0.00023897,-0.00008845,-0.00274391,0.00182652,0.00065061,-0.00205421,0.00216753,-0.00126961,-0.00145365,0.00193426,-0.00119299,-0.00178623,0.00293052,-0.00036843,-0.00325765,0.00171983,0.00021865,0.00256214,0.00135592,0.00211772,0.00266955,0.00074497,0.00204409,0.00022059,-0.00169324,0.00146574,0.00141837,-0.00048813,-0.00158573,-0.00069203,-0.00293277,-0.00126419,0.00115822,0.00231028,0.00126593,0.00259011,-0.00215315,-0.00187093,0.00270538,0.00071121,0.00198532,0.00190694,0.00007758,0.00264710,0.00060294,-0.00255173,-0.00249192,0.00196521,0.00067324,0.00043777,0.00188981,0.00054830,-0.00182639,0.00061447,-0.00088646,-0.00134129,0.00000000,0.00000000,0.00000000,0.00000000,0.00000000,0.00000000,0.00000000,0.00000000,0.00000000,0.00000000,0.00000000,0.00000000,0.00000000,0.00000000,0.00000000,0.00000000,0.00000000,0.00000000,0.00000000,0.00000000,0.00000000,0.00000000,0.00000000,0.00000000,0.00000000,0.00000000,0.00000000,0.00000000,0.00000000,0.00000000,0.00000000,0.00000000,0.00000000,0.00000000,0.00000000,0.00000000,0.00000000,0.00000000,0.00000000,0.00000000,0.00000000,0.00000000,0.00000000,0.00000000,0.00000000,0.00000000,0.00000000,0.00000000,-0.00227401,0.00065111,-0.00235711,0.00231233,-0.00190652,0.00259761,-0.00270574,0.00247657,0.00005294,-0.00213843,-0.00022190,-0.00161937,-0.00192354,0.00305541,0.00287546,-0.00293517
-0.00109038,-0.00073925,-0.00256465,0.00288585,-0.00037015,0.00205367,-0.00114885,-0.00106955,-0.00338270,-0.00280065,-0.00377220,-0.00210566,0.00291828,-0.00360990,-0.00290670,0.00306828,-0.00364217,-0.00250904,0.00320503,0.00110726,-0.00226059,-0.00239921,-0.00335124,-0.00260809,0.00354787,-0.00335222,-0.00158240,-0.00227357,0.00102026,-0.00175262,-0.00347193,0.00325423,0.00021260,-0.00326256,-0.00331447,0.00323811,0.00167726,-0.00109702,0.00370065,-0.00328879,-0.00247704,-0.00358393,-0.00380088,0.00233822,0.00248937,-0.00309591,-0.00129382,-0.00304620,0.00286730,0.00341202,0.00302698,-0.00278168,0.00319718,-0.00152136,0.00217875,-0.00025048,-0.01361505,-0.00282633,-0.00305917,-0.00302416,-0.00318544,-0.00303543,0.00371201,0.00253029,0.00250108,0.00173179,0.00345868,0.00395030,-0.00193095,0.00240819,-0.00282076,-0.00218211,-0.00225433,0.00058892,0.00320543,-0.00061010,-0.00231120,0.00230919,-0.00094041,0.00097829,0.00289288,-0.00302943,0.00306042,0.00283561,-0.00270166,0.00179424,0.00355210,-0.00251430,-0.00048682,-0.00188330,-0.00315094,-0.00243428,-0.00353263,-0.00071993,-0.00311834,-0.00009197,0.00168716,-0.00243803,-0.00096544,0.00124757,0.00215532,0.00002489,0.00225517,0.00208971,-0.00135248,-0.00345145,-0.00207878,-0.00211584,0.00241492,0.00352051,-0.00265803,-0.00155747,-0.00147007,-0.00249516,-0.00005017,-0.00278551,-0.00136603,0.00331364,0.00338993,-0.00256634,-0.00155953,-0.00065936,-0.00377554,-0.00152858,0.00283404,-0.00198168,0.00265324,0.00191941,0.00000000,0.00000000,0.00000000,0.00000000,0.00000000,0.00000000,0.00000000,0.00000000,0.00000000,0.00000000,0.00000000,0.00000000,0.00000000,0.00000000,0.00000000,0.00000000,0.00000000,0.00000000,0.00000000,0.00000000,0.00000000,0.00000000,0.00000000,0.00000000,0.00000000,0.00000000,0.00000000,0.00000000,0.00000000,0.00000000,0.00000000,0.00000000,0.00000000,0.00000000,0.00000000,0.00000000,0.00000000,0.00000000,0.00000000,0.00000000,0.00000000,0.00000000,0.00000000,0.00000000,0.00000000,0.00000000,0.00000000,0.00000000,0.00266660,-0.00068187,0.00349700,-0.00198712,0.00262007,-0.00409645,0.00239970,-0.00247840,0.00005462,0.00236451,0.00085252,0.00255716,0.00309454,-0.00317821,-0.00333822,0.00369539
0.00045088,-0.00041690,0.00084722,-0.00021833,0.00122249,0.00004153,0.00081295,-0.00059946,0.00130726,-0.00006795,0.00115846,0.00050747,-0.00064213,0.00058733,-0.00020659,-0.00020620,0.00080602,0.00035574,-0.00051248,-0.00116895,0.00011815,0.00098465,0.00116321,0.00081406,-0.00139342,0.00170386,-0.00012407,0.00010351,-0.00133895,-0.00055250,0.00166254,-0.00100192,-0.00099218,0.00037220,0.00009653,-0.00133753,0.00089747,-0.00048978,-0.00097937,-0.00008008,-0.00021064,0.00081583,0.00094388,-0.00012107,0.00061842,0.00034345,0.00031709,0.00085584,-0.00201097,-0.00081543,-0.00128444,0.00001446,-0.00096944,-0.00001990,-0.00132404,-0.00093383,0.00121505,-0.01265198,0.00101464,-0.00028810,0.00048019,0.00002088,0.00001146,0.00007634,-0.00021154,-0.00029212,-0.00067656,-0.00113871,0.00123670,0.00075988,0.00079996,0.00144029,-0.00056459,0.00009093,-0.00124853,0.00144089,-0.00013506,-0.00049113,0.00088301,-0.00119579,0.00014390,0.00097241,-0.00080101,-0.00122010,0.00080549,-0.00132920,-0.00154746,0.00027042,0.00038476,0.00194146,0.00173927,0.00033802,0.00044849,0.00152926,0.00016834,-0.00058981,-0.00212809,0.00078545,-0.00059975,0.00016748,0.00059463,0.00053070,-0.00124499,0.00066556,-0.00037208,-0.00036141,-0.00083142,-0.00032314,0.00042318,-0.00002172,0.00027747,0.00083930,0.00101820,-0.00049392,0.00146140,0.00052616,0.00187232,-0.00058469,-0.00061539,0.00081241,-0.00033041,-0.00087060,0.00076339,0.00111631,0.00016561,-0.00055451,0.00096160,-0.00132347,0.00000000,0.00000000,0.00000000,0.00000000,0.00000000,0.00000000,0.00000000,0.00000000,0.00000000,0.00000000,0.00000000,0.00000000,0.00000000,0.00000000,0.00000000,0.00000000,0.00000000,0.00000000,0.00000000,0.00000000,0.00000000,0.00000000,0.00000000,0.00000000,0.00000000,0.00000000,0.00000000,0.00000000,0.00000000,0.00000000,0.00000000,0.00000000,0.00000000,0.00000000,0.00000000,0.00000000,0.00000000,0.00000000,0.00000000,0.00000000,0.00000000,0.00000000,0.00000000,0.00000000,0.00000000,0.00000000,0.00000000,0.00000000,-0.00065958,0.00039629,0.00000550,0.00078235,-0.00108070,0.00172254,-0.00129258,0.00151176,0.00077870,0.00000636,-0.00077484,-0.00055589,0.00028735,0.00132381,0.00101124,-0.00105220
0.00004225,-0.00153487,-0.00073003,0.00002032,0.00116175,0.00030145,0.00079875,0.00012101,0.00075624,-0.00046323,-0.00088890,-0.00049561,-0.00027148,0.00003026,-0.00035539,0.00110127,-0.00047377,-0.00009052,-0.00042679,-0.00134814,-0.00029917,-0.00086823,-0.00029901,-0.00058208,0.00000600,0.00031965,-0.00018311,0.00007011,-0.00159402,-0.00073740,0.00052535,-0.00039848,-0.00063587,0.00064131,-0.00008987,-0.00045456,-0.00009057,0.00003283,0.00070238,-0.00041665,-0.00000681,-0.00010158,0.00049513,-0.00084566,0.00139486,-0.00016669,-0.00085718,0.00026981,-0.00055500,-0.00048660,0.00044288,-0.00023148,0.00032384,-0.00026136,0.00102240,-0.00192914,0.00219984,-0.00001953,-0.01357663,-0.00044850,-0.00023821,-0.00000708,0.00107883,0.00083483,0.00038712,0.00032592,0.00006644,0.00097705,0.00018537,0.00076000,-0.00079720,0.00043376,-0.00110187,0.00124803,-0.00055936,0.00089978,-0.00089253,0.00065048,0.00121689,-0.00076356,0.00031311,-0.00021768,-0.00040843,0.00035596,-0.00107522,-0.00147640,-0.00094573,-0.00002187,0.00096650,0.00129508,0.00150445,-0.00001341,0.00036204,0.00110125,-0.00010110,-0.00100589,-0.00073914,-0.00036908,-0.00102128,-0.00061183,0.00042682,0.00018835,-0.00078388,0.00142787,0.00059464,-0.00119814,-0.00109197,0.00014804,0.00048353,0.00012784,-0.00041894,0.00078960,0.00041743,-0.00022713,0.00125002,-0.00046363,0.00131781,-0.00014780,0.00009293,-0.00165124,0.00025808,-0.00196859,-0.00082538,0.00029215,0.00058759,-0.00200949,0.00124547,-0.00055097,0.00000000,0.00000000,0.00000000,0.00000000,0.00000000,0.00000000,0.00000000,0.00000000,0.00000000,0.00000000,0.00000000,0.00000000,0.00000000,0.00000000,0.00000000,0.00000000,0.00000000,0.00000000,0.00000000,0.00000000,0.00000000,0.00000000,0.00000000,0.00000000,0.00000000,0.00000000,0.00000000,0.00000000,0.00000000,0.00000000,0.00000000,0.00000000,0.00000000,0.00000000,0.00000000,0.00000000,0.00000000,0.00000000,0.00000000,0.00000000,0.00000000,0.00000000,0.00000000,0.00000000,0.00000000,0.00000000,0.00000000,0.00000000,-0.00006074,0.00025035,-0.00040209,0.00039956,-0.00067119,0.00123430,-0.00080070,0.00023669,-0.00066416,-0.00096254,0.00030861,-0.00028594,-0.00054270,0.00110929,0.00022829,-0.00060406
0.00065813,0.00002149,-0.00005091,-0.00093912,0.00085088,-0.00013453,0.00050003,-0.00035030,0.00148916,-0.00027291,0.00107022,0.00039040,-0.00050201,0.00127105,0.00041725,-0.00081155,0.00075753,0.00111830,-0.00092706,-0.00125603,0.00027328,0.00073248,0.00093409,0.00126049,-0.00130659,0.00134334,0.00064178,-0.00005667,-0.00133188,-0.00004378,0.00055583,-0.00130757,-0.00057140,0.00097141,0.00079150,-0.00063066,-0.00044904,-0.00037384,-0.00120748,0.00046727,0.00081546,0.00099381,0.00118553,-0.00036392,0.00082314,0.00089745,-0.00072134,0.00018849,-0.00124093,-0.00098296,-0.00058968,0.00056566,-0.00087559,0.00053218,-0.00046411,-0.00062355,0.00082373,-0.00011078,0.00084500,-0.01043878,0.00024006,0.00058704,-0.00077221,-0.00005122,0.00055065,-0.00051151,-0.00128316,-0.00116987,0.00118832,0.00016825,0.00110916,0.00090367,0.00003099,0.00077182,-0.00155654,0.00094917,-0.00075128,-0.00077948,0.00162104,-0.00143849,-0.00028068,0.00059352,-0.00136451,-0.00038248,0.00027337,-0.00280741,-0.00115297,0.00005358,0.00130740,0.00174404,0.00168331,0.00136455,0.00090738,0.00157472,0.00044944,-0.00065078,-0.00107699,0.00005645,-0.00042323,-0.00010921,0.00033326,-0.00001144,-0.00151418,0.00032309,0.00005685,0.00029687,-0.00031720,0.00004905,-0.00081596,-0.00033158,0.00027713,0.00047392,0.00112394,-0.00038285,0.00141949,0.00069464,0.00184053,-0.00095600,-0.00097556,0.00030112,0.00036756,-0.00057297,0.00054993,0.00082032,0.00013432,-0.00122757,-0.00007138,-0.00119106,0.00000000,0.00000000,0.00000000,0.00000000,0.00000000,0.00000000,0.00000000,0.00000000,0.00000000,0.00000000,0.00000000,0.00000000,0.00000000,0.00000000,0.00000000,0.00000000,0.00000000,0.00000000,0.00000000,0.00000000,0.00000000,0.00000000,0.00000000,0.00000000,0.00000000,0.00000000,0.00000000,0.00000000,0.00000000,0.00000000,0.00000000,0.00000000,0.00000000,0.00000000,0.00000000,0.00000000,0.00000000,0.00000000,0.00000000,0.00000000,0.00000000,0.00000000,0.00000000,0.00000000,0.00000000,0.00000000,0.00000000,0.00000000,-0.00125472,-0.00000907,-0.00055067,0.00069026,-0.00041042,0.00176119,-0.00087496,0.00110728,-0.00021278,-0.00121468,-0.00056846,-0.00079243,-0.00116061,0.00142874,0.00099011,-0.00115513
0.00043120,0.00003778,-0.00009660,0.00003216,0.00128154,-0.00040572,0.00080131,-0.00005741,0.00078258,-0.00123617,0.00013907,-0.00002154,0.00006968,0.00037665,-0.00020352,-0.00032264,0.00072461,0.00053697,-0.00135684,-0.00150372,-0.00061759,0.00012509,0.00030353,0.00019125,-0.00078999,0.00124694,0.00004444,-0.00001456,-0.00090149,-0.00082101,-0.00004607,-0.00034253,-0.00005676,0.00019453,0.00080262,-0.00052419,0.00000916,-0.00031804,-0.00048993,-0.00006860,0.00051656,0.00049892,0.00074112,0.00017350,0.00069948,0.00011969,-0.00025474,0.00080269,0.00012570,-0.00077952,-0.00060081,-0.00003082,-0.00031743,-0.00087940,0.00046505,-0.00079911,0.00114536,0.00023421,0.00037628,-0.00031409,-0.01288720,0.00040876,-0.00057804,0.00053249,0.00049114,0.00006559,-0.00025345,-0.00054028,0.00075706,-0.00013774,0.00013352,0.00063896,-0.00060390,0.00149307,-0.00138447,0.00104310,-0.00058821,-0.00062766,0.00152976,-0.00162199,-0.00025901,0.00035090,-0.00089044,-0.00027581,-0.00092756,-0.00166337,-0.00106057,0.00106389,0.00038897,0.00097143,0.00108137,-0.00011927,0.00044107,0.00102845,-0.00054855,-0.00021891,-0.00134560,0.00005376,-0.00078634,-0.00031875,0.00115282,0.00021636,-0.00023080,0.00028252,-0.00043785,-0.00050118,0.00002241,0.00017374,-0.00028409,-0.00039732,0.00008329,0.00027661,0.00111159,0.00064975,0.00065398,0.00015995,0.00165584,-0.00043383,-0.00032894,0.00024791,0.00002157,-0.00079573,0.00048114,0.00131504,-0.00022559,-0.00116145,0.00100705,-0.00142511,0.00000000,0.00000000,0.00000000,0.00000000,0.00000000,0.00000000,0.00000000,0.00000000,0.00000000,0.00000000,0.00000000,0.00000000,0.00000000,0.00000000,0.00000000,0.00000000,0.00000000,0.00000000,0.00000000,0.00000000,0.00000000,0.00000000,0.00000000,0.00000000,0.00000000,0.00000000,0.00000000,0.00000000,0.00000000,0.00000000,0.00000000,0.00000000,0.00000000,0.00000000,0.00000000,0.00000000,0.00000000,0.00000000,0.00000000,0.00000000,0.00000000,0.00000000,0.00000000,0.00000000,0.00000000,0.00000000,0.00000000,0.00000000,-0.00043344,0.00072748,-0.00059378,0.00056660,-0.00086558,0.00135328,-0.00072425,0.00151227,0.00063234,-0.00062586,0.00055134,-0.00051397,-0.00138928,0.00052817,0.00063071,-0.00043274
0.00053199,-0.00087680,0.00045835,-0.00051870,0.00115297,-0.00013946,0.00089012,-0.00006577,0.00194181,0.00047042,0.00097313,0.00076405,-0.00151399,0.00120465,0.00044840,-0.00083619,0.00085918,0.00171394,-0.00095475,-0.00172345,0.00008043,0.00110323,-0.00002004,0.00100818,-0.00133278,0.00176476,-0.00026359,-0.00063035,-0.00171452,0.00077809,0.00119240,-0.00092364,-0.00020399,0.00075064,0.00120124,-0.00105514,0.00090229,-0.00025411,-0.00089936,0.00042462,0.00081190,0.00124525,0.00043862,-0.00084521,0.00059325,0.00128121,-0.00075916,0.00078585,-0.00137694,-0.00099056,-0.00103630,0.00132710,-0.00063808,-0.00005605,-0.00044643,-0.00055275,0.00142032,0.00018638,0.00127660,0.00026953,0.00110298,-0.01137296,-0.00030437,-0.00063445,-0.00017682,0.00008672,-0.00066143,-0.00063581,0.00087796,0.00085093,0.00098749,0.00064514,-0.00028512,-0.00044735,-0.00190463,0.00155963,-0.00026042,-0.00061168,0.00146923,-0.00179830,-0.00109040,0.00128734,-0.00138236,-0.00027242,0.00091349,-0.00114294,-0.00137427,0.00048707,0.00078076,0.00123187,0.00176518,0.00098954,0.00151901,0.00153998,0.00011291,-0.00077053,-0.00084199,-0.00036352,0.00031978,-0.00054141,0.00182415,0.00075143,-0.00080524,-0.00030833,-0.00036500,0.00131612,-0.00112162,0.00033732,0.00020083,-0.00036835,0.00114575,0.00038533,0.00085609,0.00024353,0.00179726,0.00018703,0.00313699,-0.00094130,-0.00071937,0.00092889,-0.00025962,-0.00095622,0.00056971,0.00096150,-0.00017040,-0.00008114,0.00008040,-0.00073456,0.00000000,0.00000000,0.00000000,0.00000000,0.00000000,0.00000000,0.00000000,0.00000000,0.00000000,0.00000000,0.00000000,0.00000000,0.00000000,0.00000000,0.00000000,0.00000000,0.00000000,0.00000000,0.00000000,0.00000000,0.00000000,0.00000000,0.00000000,0.00000000,0.00000000,0.00000000,0.00000000,0.00000000,0.00000000,0.00000000,0.00000000,0.00000000,0.00000000,0.00000000,0.00000000,0.00000000,0.00000000,0.00000000,0.00000000,0.00000000,0.00000000,0.00000000,0.00000000,0.00000000,0.00000000,0.00000000,0.00000000,0.00000000,-0.00167917,0.00073278,-0.00106858,0.00080797,-0.00109196,0.00202987,-0.00085581,0.00084368,-0.00039827,-0.00126393,-0.00007350,-0.00104915,-0.00112835,0.00133182,0.00162919,-0.00177908
0.00005441,0.00062006,-0.00005226,0.00001876,-0.00117014,-0.00024425,-0.00135661,0.00054106,-0.00011161,-0.00039637,-0.00060016,-0.00103780,0.00089339,-0.00065716,0.00019382,0.00085238,-0.00007681,-0.00083997,0.00126745,0.00071276,-0.00003673,-0.00033246,-0.00038379,-0.00052543,-0.00006176,-0.00042494,0.00015712,-0.00055462,0.00104707,-0.00006801,-0.00090486,0.00108419,0.00086175,0.00024526,-0.00043840,0.00038732,-0.00034199,0.00105616,0.00048721,-0.00032272,-0.00063415,-0.00074426,-0.00083937,0.00048215,0.00029643,-0.00024565,0.00005645,-0.00007328,0.00005942,0.00057764,-0.00075611,-0.00010017,-0.00039931,-0.00071532,0.00044232,0.00202416,-0.00074778,0.00038507,0.00033516,0.00007715,-0.00065907,0.00016690,-0.01113705,0.00061298,-0.00031595,0.00019609,0.00101448,0.00019204,-0.00059172,-0.00008642,-0.00086056,-0.00101223,0.00020800,-0.00033739,0.00112761,-0.00126799,0.00048242,0.00071530,-0.00139041,0.00142690,0.00013535,-0.00050670,0.00060650,0.00061657,-0.00035287,0.00157364,0.00058917,-0.00074628,-0.00081675,-0.00112949,-0.00071710,0.00047054,-0.00004055,-0.00092567,-0.00039185,0.00028895,0.00161507,-0.00026258,-0.00004194,0.00080049,-0.00085054,-0.00068045,0.00046675,-0.00128338,-0.00026063,-0.00020978,0.00031797,-0.00029429,0.00020299,-0.00047855,-0.00069740,-0.00115922,-0.00098954,0.00063636,-0.00159272,-0.00063651,-0.00112519,0.00053562,0.00047453,0.00045850,-0.00027686,0.00039517,0.00035336,-0.00152857,-0.00049154,0.00139381,-0.00095629,0.00134348,0.00000000,0.00000000,0.00000000,0.00000000,0.00000000,0.00000000,0.00000000,0.00000000,0.00000000,0.00000000,0.00000000,0.00000000,0.00000000,0.00000000,0.00000000,0.00000000,0.00000000,0.00000000,0.00000000,0.00000000,0.00000000,0.00000000,0.00000000,0.00000000,0.00000000,0.00000000,0.00000000,0.00000000,0.00000000,0.00000000,0.00000000,0.00000000,0.00000000,0.00000000,0.00000000,0.00000000,0.00000000,0.00000000,0.00000000,0.00000000,0.00000000,0.00000000,0.00000000,0.00000000,0.00000000,0.00000000,0.00000000,0.00000000,0.00134400,-0.00024814,0.00101099,-0.00025126,0.00044589,-0.00110487,0.00031134,-0.00096533,-0.00119318,0.00044131,-0.00015425,0.00143581,0.00052057,-0.00081591,-0.00091383,0.00125768
-0.00077675,0.00053080,-0.00047114,0.00051926,-0.00060868,-0.00042814,-0.00052926,0.00062351,-0.00153719,-0.00016781,-0.00121483,-0.00073294,0.00058960,-0.00060330,-0.00103409,-0.00000708,-0.00116459,-0.00117802,0.00123056,0.00178777,-0.00012279,-0.00072002,-0.00105381,-0.00037691,0.00154047,-0.00129682,-0.00006463,-0.00022455,0.00105758,0.00053761,-0.00141864,0.00191460,0.00010903,-0.00062768,-0.00118824,0.00128055,0.00027170,0.00084308,0.00100276,-0.00025765,-0.00070599,-0.00142871,-0.00113471,0.00004452,-0.00065926,-0.00108471,0.00041531,-0.00103931,0.00071731,0.00109324,0.00050534,-0.00106698,0.00113087,0.00060214,0.00030448,0.00054472,-0.00107414,-0.00033342,-0.00080780,0.00035459,-0.00041937,-0.00132219,0.00134521,-0.01276897,0.00029328,0.00002680,0.00115572,0.00069555,-0.00004109,-0.00070065,-0.00058619,-0.00067862,-0.00018678,0.00012585,0.00149842,-0.00055744,-0.00065134,0.00102044,-0.00147072,0.00124756,0.00088641,-0.00181185,0.00101513,0.00049004,-0.00015344,0.00166887,0.00202249,0.00022046,-0.00111739,-0.00143373,-0.00109452,-0.00004650,-0.00111548,-0.00071599,-0.00039223,0.00074371,0.00140370,0.00004752,0.00010414,-0.00026606,-0.00132776,0.00008371,0.00079400,0.00060916,-0.00083008,-0.00068250,0.00009641,-0.00057542,0.00054127,0.00046304,-0.00076551,-0.00039323,-0.00144982,-0.00101468,-0.00056289,-0.00004457,-0.00177369,0.00080771,0.00161117,-0.00066390,-0.00026705,0.00120893,-0.00065091,-0.00177481,0.00020503,0.00077920,0.00019276,0.00057596,0.00000000,0.00000000,0.00000000,0.00000000,0.00000000,0.00000000,0.00000000,0.00000000,0.00000000,0.00000000,0.00000000,0.00000000,0.00000000,0.00000000,0.00000000,0.00000000,0.00000000,0.00000000,0.00000000,0.00000000,0.00000000,0.00000000,0.00000000,0.00000000,0.00000000,0.00000000,0.00000000,0.00000000,0.00000000,0.00000000,0.00000000,0.00000000,0.00000000,0.00000000,0.00000000,0.00000000,0.00000000,0.00000000,0.00000000,0.00000000,0.00000000,0.00000000,0.00000000,0.00000000,0.00000000,0.00000000,0.00000000,0.00000000,0.00223389,-0.00064024,0.00184319,-0.00120889,0.00035712,-0.00255473,0.00084071,-0.00126983,-0.00044467,0.00204436,0.00011787,0.00084071,0.00081498,-0.00157636,-0.00120309,0.00120172
-0.00033685,0.00154174,-0.00047363,0.00119468,-0.00106966,0.00038138,-0.00032374,0.00052137,-0.00157120,-0.00056896,-0.00071217,-0.00139625,0.00104152,-0.00075255,-0.00095435,0.00039856,-0.00093778,-0.00105300,0.00108743,0.00085887,-0.00094235,-0.00058215,-0.00063749,-0.00118496,0.00158270,-0.00165052,0.00015960,-0.00045399,0.00132504,-0.00002664,-0.00177106,0.00216058,-0.00050295,-0.00139097,-0.00126834,0.00117122,-0.00014772,-0.00027948,0.00130004,-0.00035056,-0.00166625,-0.00136379,-0.00112201,0.00011461,0.00073028,-0.00059903,0.00014815,-0.00047257,0.00054276,0.00219545,0.00020623,-0.00117472,0.00089912,-0.00039313,0.00028401,-0.00008696,-0.00054632,-0.00088303,-0.00148777,0.00025884,-0.00079513,-0.00091043,0.00059932,0.00037362,-0.01305890,0.00095850,0.00118359,0.00158101,-0.00084472,-0.00117505,-0.00100207,-0.00125113,0.00044681,0.00012677,0.00169144,-0.00069181,-0.00034263,-0.00049077,-0.00132841,0.00037631,-0.00000010,-0.00164410,0.00067949,0.00015564,-0.00071811,0.00092996,0.00164537,-0.00117719,-0.00087476,-0.00185803,-0.00140063,-0.00148658,-0.00121567,-0.00122688,-0.00150439,-0.00008147,0.00173418,-0.00001376,0.00070294,0.00007770,-0.00046884,-0.00025971,0.00143200,0.00011626,-0.00076853,-0.00044268,0.00048669,-0.00004480,0.00105016,0.00087461,-0.00118965,-0.00115179,-0.00091645,-0.00088757,-0.00064387,-0.00109457,-0.00164368,0.00123621,0.00118207,-0.00021276,-0.00016087,0.00070310,-0.00065715,-0.00175401,0.00096070,0.00074762,-0.00031902,0.00117417,0.00000000,0.00000000,0.00000000,0.00000000,0.00000000,0.00000000,0.00000000,0.00000000,0.00000000,0.00000000,0.00000000,0.00000000,0.00000000,0.00000000,0.00000000,0.00000000,0.00000000,0.00000000,0.00000000,0.00000000,0.00000000,0.00000000,0.00000000,0.00000000,0.00000000,0.00000000,0.00000000,0.00000000,0.00000000,0.00000000,0.00000000,0.00000000,0.00000000,0.00000000,0.00000000,0.00000000,0.00000000,0.00000000,0.00000000,0.00000000,0.00000000,0.00000000,0.00000000,0.00000000,0.00000000,0.00000000,0.00000000,0.00000000,0.00174265,-0.00024338,0.00141561,-0.00116339,0.00201936,-0.00180411,0.00106284,-0.00092235,-0.00007918,0.00207990,-0.00064206,0.00060317,0.00109034,-0.00158612,-0.00104850,0.00205913
0.00004241,0.00098391,0.00022080,0.00014870,-0.00147698,0.00013408,0.00035584,-0.00053946,-0.00036864,-0.00078400,-0.00098815,0.00016440,-0.00032761,-0.00018225,-0.00082104,-0.00024610,-0.00031164,-0.00095623,0.00088581,0.00037180,-0.00015862,0.00017575,-0.00008896,0.00026462,-0.00007231,-0.00049633,-0.00007556,0.00017320,0.00111351,0.00035740,-0.00020896,0.00052476,-0.00021176,-0.00097559,-0.00046777,0.00047325,-0.00009020,0.00021432,0.00096727,-0.00040642,0.00011662,-0.00059793,-0.00057564,-0.00007739,-0.00015615,-0.00085708,0.00018886,-0.00021546,0.00064501,0.00062859,-0.00094200,-0.00049267,-0.00021835,-0.00059582,0.00054224,0.00091169,-0.00131848,-0.00035119,-0.00063489,0.00024369,-0.00050652,0.00055282,0.00035350,-0.00047547,0.00029128,-0.01466511,0.00035293,0.00065317,-0.00023921,-0.00054855,0.00033711,-0.00070518,-0.00027761,-0.00101174,0.00110249,-0.00111780,0.00080627,0.00053939,-0.00066512,0.00019227,0.00015222,-0.00099131,0.00027745,0.00051451,0.00026793,0.00199231,0.00074239,-0.00062938,-0.00107102,-0.00194139,-0.00079952,-0.00077419,0.00009590,-0.00122694,-0.00011216,0.00021768,0.00102150,-0.00002879,-0.00005894,0.00037577,-0.00090449,-0.00064855,0.00029641,-0.00069187,0.00060251,0.00017778,0.00125842,0.00049206,0.00053851,0.00016933,0.00070504,-0.00036023,-0.00094519,0.00094719,-0.00095270,-0.00035034,-0.00112428,0.00059624,0.00045216,-0.00017492,0.00034754,0.00063485,-0.00069857,-0.00071926,0.00020924,0.00119650,-0.00063192,0.00077052,0.00000000,0.00000000,0.00000000,0.00000000,0.00000000,0.00000000,0.00000000,0.00000000,0.00000000,0.00000000,0.00000000,0.00000000,0.00000000,0.00000000,0.00000000,0.00000000,0.00000000,0.00000000,0.00000000,0.00000000,0.00000000,0.00000000,0.00000000,0.00000000,0.00000000,0.00000000,0.00000000,0.00000000,0.00000000,0.00000000,0.00000000,0.00000000,0.00000000,0.00000000,0.00000000,0.00000000,0.00000000,0.00000000,0.00000000,0.00000000,0.00000000,0.00000000,0.00000000,0.00000000,0.00000000,0.00000000,0.00000000,0.00000000,0.00044371,-0.00024980,0.00032953,-0.00074030,0.00042938,-0.00107184,0.00078012,-0.00034216,-0.00077647,0.00131543,-0.00019430,0.00065045,0.00016448,-0.00123673,-0.00087028,0.00091009
-0.00058895,0.00118701,0.00078600,-0.00029682,-0.00086559,-0.00098043,-0.00117542,0.00032518,0.00009808,0.00097070,-0.00002601,-0.00014647,-0.00003739,-0.00021851,0.00059649,0.00054862,0.00045829,-0.00086640,-0.00029516,0.00106450,0.00068291,-0.00004656,0.00027575,0.00018921,-0.00013117,-0.00053550,0.00017927,0.00059830,0.00157759,0.00090902,-0.00045678,0.00080751,0.00127718,-0.00018235,-0.00033684,-0.00019161,-0.00000105,-0.00017973,0.00028981,-0.00031572,-0.00006314,0.00058105,-0.00069349,0.00012179,-0.00156351,-0.00040731,0.00032736,-0.00017177,0.00001217,0.00087992,-0.00002264,0.00013956,-0.00033869,0.00093969,-0.00119744,0.00105207,-0.00139231,0.00028200,-0.00014413,0.00028393,0.00025277,0.00065354,0.00080261,-0.00059412,-0.00061627,-0.00006422,-0.01069685,-0.00027412,-0.00008102,-0.00065671,-0.00053720,-0.00012489,0.00071315,-0.00108952,0.00066606,-0.00120811,0.00064662,0.00004036,-0.00092138,0.00110257,-0.00021203,-0.00008677,0.00036426,0.00077350,0.00070668,0.00149291,0.00025241,0.00060193,-0.00064835,-0.00036944,-0.00096659,0.00036769,-0.00035696,-0.00129992,0.00022689,0.00088970,0.00113993,0.00052301,0.00097471,0.00012002,-0.00132149,-0.00070540,0.00079497,-0.00027384,0.00038790,0.00045296,0.00181754,0.00061211,-0.00013773,-0.00047203,-0.00024476,-0.00060388,-0.00065783,-0.00030113,-0.00108954,-0.00008473,-0.00230152,0.00025444,-0.00038033,0.00082845,0.00018206,0.00103586,0.00012103,-0.00185791,-0.00047235,0.00082607,-0.00090885,0.00092670,0.00000000,0.00000000,0.00000000,0.00000000,0.00000000,0.00000000,0.00000000,0.00000000,0.00000000,0.00000000,0.00000000,0.00000000,0.00000000,0.00000000,0.00000000,0.00000000,0.00000000,0.00000000,0.00000000,0.00000000,0.00000000,0.00000000,0.00000000,0.00000000,0.00000000,0.00000000,0.00000000,0.00000000,0.00000000,0.00000000,0.00000000,0.00000000,0.00000000,0.00000000,0.00000000,0.00000000,0.00000000,0.00000000,0.00000000,0.00000000,0.00000000,0.00000000,0.00000000,0.00000000,0.00000000,0.00000000,0.00000000,0.00000000,0.00118062,0.00027766,0.00102291,-0.00039356,-0.00051527,-0.00093153,-0.00041372,-0.00062345,-0.00005890,-0.00033113,0.00077754,0.00013843,0.00034385,-0.00045002,-0.00056998,0.00097343
-0.00041467,0.00010986,0.00059102,-0.00001867,-0.00074715,-0.00076829,-0.00090398,0.00109200,-0.00045247,0.00021055,0.00004935,0.00011175,-0.00071760,-0.00029586,-0.00002078,-0.00059905,0.00001744,-0.00054363,0.00090678,0.00186214,-0.00000714,0.00069662,0.00018875,-0.00025765,0.00088561,-0.00086412,0.00097413,0.00043247,0.00103717,0.00129227,0.00006222,0.00040489,0.00009037,-0.00077589,-0.00021009,0.00072943,-0.00186917,0.00034033,0.00038007,-0.00009684,0.00021365,-0.00003973,-0.00019815,0.00093329,-0.00077288,-0.00037125,-0.00048281,-0.00054669,-0.00000063,0.00086165,-0.00091937,-0.00003250,0.00034934,0.00122356,-0.00048602,0.00162200,-0.00155926,-0.00013676,0.00037001,0.00034370,0.00008484,0.00045367,-0.00012310,-0.00072802,-0.00020545,0.00008331,-0.00035775,-0.01333708,-0.00147885,-0.00103209,0.00004573,-0.00089730,0.00004237,-0.00055096,0.00079453,-0.00136653,-0.00009467,0.00013252,-0.00182459,0.00175558,-0.00079430,-0.00064263,0.00007107,-0.00038894,0.00023946,0.00160584,0.00095896,0.00024608,-0.00098035,-0.00047573,-0.00104816,0.00060543,-0.00030047,-0.00167642,0.00014352,0.00099322,0.00135736,0.00004222,0.00085241,0.00044554,-0.00218840,-0.00088872,0.00038423,-0.00044416,-0.00032016,0.00082158,0.00109921,-0.00037530,-0.00038409,-0.00025994,0.00051107,-0.00075690,-0.00098688,-0.00023408,-0.00144073,0.00024279,-0.00214805,0.00035930,-0.00008912,0.00049353,0.00058913,0.00092745,0.00038172,-0.00059312,-0.00050977,0.00186932,-0.00097804,0.00112080,0.00000000,0.00000000,0.00000000,0.00000000,0.00000000,0.00000000,0.00000000,0.00000000,0.00000000,0.00000000,0.00000000,0.00000000,0.00000000,0.00000000,0.00000000,0.00000000,0.00000000,0.00000000,0.00000000,0.00000000,0.00000000,0.00000000,0.00000000,0.00000000,0.00000000,0.00000000,0.00000000,0.00000000,0.00000000,0.00000000,0.00000000,0.00000000,0.00000000,0.00000000,0.00000000,0.00000000,0.00000000,0.00000000,0.00000000,0.00000000,0.00000000,0.00000000,0.00000000,0.00000000,0.00000000,0.00000000,0.00000000,0.00000000,0.00070235,-0.00073979,0.00078461,-0.00035353,0.00119712,-0.00121942,0.00158823,-0.00035715,-0.00017553,0.00113144,-0.00030003,0.00034664,0.00174984,-0.00052500,-0.00109005,0.00058260
-0.00082672,0.00086386,-0.00085033,0.00066323,-0.00069260,0.00063865,-0.00079673,0.00058119,-0.00117564,-0.00057887,-0.00073399,-0.00125989,0.00119459,-0.00130717,-0.00078350,0.00099171,-0.00052695,-0.00108867,0.00093438,0.00103472,-0.00122547,-0.00118407,-0.00122587,-0.00143335,0.00082373,-0.00138441,-0.00164643,-0.00168642,0.00063443,-0.00019972,-0.00075120,0.00152298,-0.00028669,-0.00220841,-0.00128688,0.00130327,-0.00003173,-0.00020275,0.00167986,-0.00207099,-0.00125842,-0.00186129,-0.00070959,0.00043394,0.00006826,-0.00105533,-0.00037657,-0.00103879,0.00077121,0.00136314,0.00123714,-0.00072749,0.00129746,-0.00089528,0.00192026,0.00057599,-0.00035702,-0.00092191,-0.00113186,-0.00132809,-0.00104872,-0.00111706,0.00094378,0.00183210,0.00030346,0.00106742,0.00140107,0.00003755,-0.01292423,0.00026961,-0.00089691,0.00016602,-0.00027989,0.00010679,0.00090460,-0.00065017,-0.00026950,0.00154175,-0.00157792,0.00119241,0.00013287,-0.00134859,0.00192934,0.00124467,-0.00218359,0.00039706,0.00119781,-0.00103223,-0.00060889,-0.00124721,-0.00113159,-0.00159465,-0.00109332,0.00073185,-0.00156507,-0.00039387,0.00071125,-0.00050297,-0.00093398,-0.00035877,0.00002655,0.00042690,0.00109571,0.00021362,-0.00086768,-0.00142240,-0.00095399,-0.00101894,0.00083321,0.00049273,-0.00144399,-0.00035379,-0.00080529,-0.00052348,0.00050609,-0.00138145,-0.00038693,0.00118047,0.00169835,-0.00099265,-0.00044629,-0.00167143,-0.00133103,0.00034464,0.00056611,-0.00091978,0.00091237,0.00077948,0.00000000,0.00000000,0.00000000,0.00000000,0.00000000,0.00000000,0.00000000,0.00000000,0.00000000,0.00000000,0.00000000,0.00000000,0.00000000,0.00000000,0.00000000,0.00000000,0.00000000,0.00000000,0.00000000,0.00000000,0.00000000,0.00000000,0.00000000,0.00000000,0.00000000,0.00000000,0.00000000,0.00000000,0.00000000,0.00000000,0.00000000,0.00000000,0.00000000,0.00000000,0.00000000,0.00000000,0.00000000,0.00000000,0.00000000,0.00000000,0.00000000,0.00000000,0.00000000,0.00000000,0.00000000,0.00000000,0.00000000,0.00000000,0.00087211,-0.00084100,0.00111868,-0.00155029,0.00124531,-0.00185270,0.00186713,-0.00123913,0.00095919,0.00076487,-0.00004981,0.00078885,0.00080528,-0.00116765,-0.00105512,0.00163597
0.00013072,0.00102507,-0.00137469,0.00122570,-0.00057166,0.00100710,-0.00075626,0.00012815,-0.00290983,-0.00063827,-0.00225630,-0.00118020,0.00054147,-0.00191991,-0.00134497,0.00107437,-0.00147548,-0.00170344,0.00155800,0.00083824,-0.00168408,-0.00109038,-0.00227964,-0.00116955,0.00207231,-0.00230012,-0.00092662,-0.00145421,0.00198133,-0.00116542,-0.00258539,0.00239979,-0.00022223,-0.00256197,-0.00180445,0.00182478,0.00047672,0.00045320,0.00142316,-0.00186695,-0.00150299,-0.00195875,-0.00230467,0.00114308,0.00145364,-0.00124035,-0.00083172,-0.00228299,0.00139235,0.00202047,0.00095336,-0.00154995,0.00243456,-0.00011812,0.00153674,0.00086348,-0.00023657,-0.00129784,-0.00172083,-0.00121937,-0.00196942,-0.00089613,0.00176311,0.00059363,0.00018679,0.00074808,0.00168859,0.00155378,-0.00056045,-0.01283592,-0.00193443,-0.00155682,0.00030064,-0.00072531,0.00263474,-0.00093724,-0.00081516,0.00166439,-0.00152622,0.00098600,0.00095337,-0.00216646,0.00187177,0.00138245,-0.00204861,0.00236284,0.00282636,-0.00192992,0.00029289,-0.00178884,-0.00185153,-0.00136326,-0.00169004,-0.00089485,-0.00150438,-0.00019067,0.00044216,-0.00076243,-0.00036720,0.00030306,-0.00007755,0.00005844,0.00194274,0.00075770,-0.00133547,-0.00197489,-0.00069573,-0.00152456,0.00062079,0.00117663,-0.00232859,-0.00072947,-0.00081617,-0.00065319,-0.00049969,-0.00098819,-0.00249032,0.00161047,0.00217181,-0.00154304,0.00014220,0.00017222,-0.00146317,-0.00133944,0.00127482,0.00038507,0.00097409,0.00005052,0.00000000,0.00000000,0.00000000,0.00000000,0.00000000,0.00000000,0.00000000,0.00000000,0.00000000,0.00000000,0.00000000,0.00000000,0.00000000,0.00000000,0.00000000,0.00000000,0.00000000,0.00000000,0.00000000,0.00000000,0.00000000,0.00000000,0.00000000,0.00000000,0.00000000,0.00000000,0.00000000,0.00000000,0.00000000,0.00000000,0.00000000,0.00000000,0.00000000,0.00000000,0.00000000,0.00000000,0.00000000,0.00000000,0.00000000,0.00000000,0.00000000,0.00000000,0.00000000,0.00000000,0.00000000,0.00000000,0.00000000,0.00000000,0.00265103,-0.00158373,0.00164021,-0.00132178,0.00132727,-0.00236427,0.00234865,-0.00189416,0.00059013,0.00173523,-0.00071373,0.00046466,0.00120211,-0.00303694,-0.00216339,0.00194220
-0.00007929,-0.00095565,-0.00073926,0.00019138,-0.00069229,0.00060957,0.00130278,-0.00041284,0.00003155,0.00019478,0.00010289,-0.00025216,-0.00015469,-0.00003102,0.00086333,0.00010208,-0.00016891,0.00088754,-0.00045417,-0.00115521,0.00004479,0.00039097,0.00001617,0.00032416,-0.00047077,-0.00011902,-0.00042443,-0.00002527,-0.00133621,-0.00111365,0.00047073,-0.00083503,-0.00073256,0.00019189,-0.00019228,0.00050324,0.00075908,-0.00082671,-0.00012906,-0.00029165,0.00042607,0.00044213,0.00093226,0.00007383,0.00068653,0.00031266,-0.00029953,-0.00026428,-0.00022220,-0.00020173,-0.00044900,-0.00000585,-0.00061212,-0.00002560,0.00031061,-0.00078130,0.00061811,0.00011323,-0.00065468,-0.00021841,0.00003628,0.00036412,-0.00045379,0.00050005,0.00040465,0.00128401,-0.00020626,0.00012574,0.00058994,-0.00006467,-0.01381497,0.00028751,0.00000509,-0.00015293,-0.00032395,0.00068065,-0.00045884,0.00061497,0.00058070,-0.00046409,0.00047697,0.00044518,-0.00052254,0.00023158,-0.00026948,-0.00098447,-0.00036566,-0.00005531,0.00113836,0.00148184,0.00065453,0.00000992,0.00052538,0.00098352,0.00008304,-0.00092857,-0.00049118,-0.00089991,-0.00063085,0.00027582,0.00071069,0.00064364,-0.00019053,0.00050045,-0.00021569,-0.00056001,-0.00069971,-0.00029699,0.00045940,0.00015737,0.00119196,0.00020676,0.00064819,0.00043459,0.00084013,-0.00031264,0.00063043,-0.00011521,-0.00093794,-0.00055825,0.00042745,-0.00144973,-0.00008852,0.00044483,0.00023764,-0.00042056,0.00088568,-0.00056164,0.00000000,0.00000000,0.00000000,0.00000000,0.00000000,0.00000000,0.00000000,0.00000000,0.00000000,0.00000000,0.00000000,0.00000000,0.00000000,0.00000000,0.00000000,0.00000000,0.00000000,0.00000000,0.00000000,0.00000000,0.00000000,0.00000000,0.00000000,0.00000000,0.00000000,0.00000000,0.00000000,0.00000000,0.00000000,0.00000000,0.00000000,0.00000000,0.00000000,0.00000000,0.00000000,0.00000000,0.00000000,0.00000000,0.00000000,0.00000000,0.00000000,0.00000000,0.00000000,0.00000000,0.00000000,0.00000000,0.00000000,0.00000000,0.00022290,-0.00023095,-0.00012142,-0.00013405,-0.00089560,0.00023334,-0.00146483,0.00046753,0.00081931,0.00027881,0.00054971,-0.00028439,-0.00050716,0.00092010,-0.00070087,-0.00034658
-0.00105219,-0.00008869,-0.00198694,0.00131104,0.00112589,0.00046777,0.00005774,-0.00049199,-0.00089974,-0.00098198,-0.00104477,-0.00021954,0.00043895,-0.00198589,-0.00101887,0.00094107,-0.00115138,0.00026625,0.00118406,-0.00066591,-0.00155801,-0.00062012,-0.00069172,-0.00127898,0.00113505,-0.00064693,-0.00028688,-0.00006795,-0.00057806,-0.00138841,-0.00160261,0.00102424,-0.00005492,-0.00087370,-0.00091833,0.00009903,0.00043737,0.00039616,0.00130966,-0.00111138,-0.00050294,-0.00096776,-0.00109924,0.00199868,-0.00032622,-0.00055989,-0.00137240,0.00003445,0.00043056,0.00096863,0.00093355,-0.00026871,0.00156757,-0.00099561,0.00119606,-0.00101658,0.00089457,-0.00061339,-0.00094780,-0.00123176,-0.00116628,-0.00111591,0.00051039,0.00091874,0.00098227,0.00104451,0.00133622,0.00110510,0.00075771,0.00078351,-0.00105379,-0.01501640,-0.00107042,0.00110733,0.00039927,0.00053165,-0.00191403,0.00087531,0.00116510,0.00008319,0.00115883,-0.00070106,-0.00070326,0.00061918,-0.00040168,-0.00042978,0.00173285,-0.00075737,0.00001806,0.00051751,0.00008170,-0.00081485,-0.00113110,0.00000973,-0.00089684,-0.00028695,-0.00054553,-0.00043851,0.00063610,-0.00019415,0.00130644,0.00138488,0.00023457,0.00133787,0.00019720,-0.00144070,-0.00123159,-0.00071352,0.00029753,0.00085693,-0.00092162,0.00044952,-0.00001387,-0.00089801,0.00117386,-0.00055210,0.00097374,0.00143409,0.00019351,-0.00070981,0.00018264,-0.00107457,-0.00080925,-0.00031879,0.00118327,-0.00073999,0.00048490,-0.00031176,0.00000000,0.00000000,0.00000000,0.00000000,0.00000000,0.00000000,0.00000000,0.00000000,0.00000000,0.00000000,0.00000000,0.00000000,0.00000000,0.00000000,0.00000000,0.00000000,0.00000000,0.00000000,0.00000000,0.00000000,0.00000000,0.00000000,0.00000000,0.00000000,0.00000000,0.00000000,0.00000000,0.00000000,0.00000000,0.00000000,0.00000000,0.00000000,0.00000000,0.00000000,0.00000000,0.00000000,0.00000000,0.00000000,0.00000000,0.00000000,0.00000000,0.00000000,0.00000000,0.00000000,0.00000000,0.00000000,0.00000000,0.00000000,0.00068097,-0.00065145,0.00117440,-0.00159674,0.00130196,-0.00116229,0.00076956,0.00006319,-0.00007077,0.00083586,-0.00125459,0.00161472,0.00106263,-0.00070396,-0.00083834,0.00148346
-0.00010898,0.00040848,0.00057622,-0.00108615,0.00092542,-0.00002496,0.00056665,-0.00034115,0.00210464,-0.00029639,0.00176885,0.00069869,-0.00037057,0.00105504,0.00117303,-0.00012678,0.00131361,0.00117148,-0.00164348,-0.00008833,0.00001075,0.00034741,0.00130910,0.00048621,-0.00140461,0.00186902,0.00074201,0.00084999,-0.00007695,0.00043333,0.00172859,-0.00154333,-0.00077123,0.00070793,0.00037453,-0.00130789,0.00026030,-0.00001641,-0.00100135,0.00082424,0.00033753,0.00124562,0.00106850,-0.00049661,0.00031897,0.00085213,-0.00009811,0.00104699,-0.00069147,-0.00144115,-0.00089601,0.00092894,-0.00061719,0.00030261,0.00021542,-0.00082451,0.00041711,0.00021237,0.00070790,0.00076518,0.00071669,0.00084083,-0.00120952,-0.00038033,-0.00035789,-0.00090688,-0.00141507,-0.00201433,0.00013490,0.00056236,0.00114593,0.00057830,-0.01368992,0.00003548,-0.00176185,-0.00001468,0.00013035,-0.00015974,0.00051741,-0.00069631,-0.00086530,0.00109063,-0.00108728,-0.00107956,0.00109161,-0.00082320,-0.00173414,0.00027630,0.00008898,0.00174908,0.00204451,0.00015062,0.00136978,0.00119397,0.00099834,-0.00029100,-0.00101640,-0.00086598,0.00064957,-0.00053649,0.00073235,-0.00052794,-0.00116602,-0.00076154,-0.00024337,0.00037398,0.00014190,0.00026793,-0.00063506,-0.00081885,0.00125917,0.00034795,0.00096850,0.00045589,-0.00013574,0.00024119,0.00144123,-0.00122756,-0.00107971,0.00058050,-0.00002204,-0.00039112,0.00164090,0.00047138,-0.00073972,-0.00038595,-0.00091346,-0.00044244,0.00000000,0.00000000,0.00000000,0.00000000,0.00000000,0.00000000,0.00000000,0.00000000,0.00000000,0.00000000,0.00000000,0.00000000,0.00000000,0.00000000,0.00000000,0.00000000,0.00000000,0.00000000,0.00000000,0.00000000,0.00000000,0.00000000,0.00000000,0.00000000,0.00000000,0.00000000,0.00000000,0.00000000,0.00000000,0.00000000,0.00000000,0.00000000,0.00000000,0.00000000,0.00000000,0.00000000,0.00000000,0.00000000,0.00000000,0.00000000,0.00000000,0.00000000,0.00000000,0.00000000,0.00000000,0.00000000,0.00000000,0.00000000,-0.00107736,0.00007797,-0.00078875,0.00139067,-0.00126471,0.00060297,-0.00097142,0.00099133,-0.00024597,-0.00093456,0.00038157,-0.00117045,-0.00120415,0.00121485,0.00162807,-0.00188243
-0.00069455,-0.00045356,-0.00028986,0.00168012,-0.00019465,-0.00015385,-0.00110120,-0.00004515,-0.00132095,-0.00205631,-0.00147246,-0.00057569,0.00091553,-0.00165990,-0.00096960,0.00125115,-0.00124405,-0.00118119,0.00152209,0.00073135,-0.00100907,-0.00088158,-0.00139625,-0.00103799,0.00162537,-0.00199532,-0.00059330,-0.00106524,0.00128560,-0.00068704,-0.00194721,0.00178780,0.00032075,-0.00135726,-0.00105093,0.00188049,0.00029748,0.00084905,0.00177132,-0.00185854,-0.00035163,-0.00140554,-0.00176898,0.00080118,-0.00020700,-0.00128987,0.00005758,-0.00121370,0.00097646,0.00200482,0.00105677,-0.00202041,0.00124395,-0.00095012,0.00109512,0.00059118,-0.00092131,-0.00126318,-0.00110023,-0.00052093,-0.00014386,-0.00153638,0.00116699,0.00107871,0.00091428,-0.00046908,0.00082334,0.00169368,-0.00063153,-0.00007220,-0.00139916,0.00001283,0.00008696,-0.01094796,0.00152250,-0.00035052,-0.00118481,0.00102487,-0.00084313,0.00066485,0.00170247,-0.00104041,0.00103500,0.00113368,-0.00122179,0.00087664,0.00183130,-0.00062836,0.00023938,-0.00039370,-0.00180195,-0.00096698,-0.00214586,-0.00041687,-0.00106836,0.00086114,0.00075197,-0.00065189,-0.00056177,0.00076673,-0.00038880,-0.00090589,-0.00022330,0.00065759,-0.00058582,-0.00074773,-0.00057973,-0.00106177,0.00141366,0.00146868,-0.00073838,-0.00031550,-0.00047791,-0.00065468,-0.00029960,-0.00093719,-0.00059946,0.00068545,0.00176651,-0.00090430,-0.00039995,0.00064411,-0.00124917,-0.00123036,0.00079971,-0.00006633,0.00076310,0.00006277,0.00000000,0.00000000,0.00000000,0.00000000,0.00000000,0.00000000,0.00000000,0.00000000,0.00000000,0.00000000,0.00000000,0.00000000,0.00000000,0.00000000,0.00000000,0.00000000,0.00000000,0.00000000,0.00000000,0.00000000,0.00000000,0.00000000,0.00000000,0.00000000,0.00000000,0.00000000,0.00000000,0.00000000,0.00000000,0.00000000,0.00000000,0.00000000,0.00000000,0.00000000,0.00000000,0.00000000,0.00000000,0.00000000,0.00000000,0.00000000,0.00000000,0.00000000,0.00000000,0.00000000,0.00000000,0.00000000,0.00000000,0.00000000,0.00195189,-0.00101850,0.00082406,-0.00059507,0.00067260,-0.00185565,0.00204461,-0.00122646,0.00072651,0.00098512,0.00021928,0.00128623,0.00144419,-0.00095317,-0.00119212,0.00062401
0.00022918,0.00045786,0.00134434,-0.00199829,-0.00115410,-0.00171819,-0.00019826,0.00055284,0.00202845,0.00063106,0.00269339,0.00148029,-0.00120025,0.00141691,0.00037669,-0.00181694,0.00311949,0.00139487,-0.00098468,0.00059189,0.00152259,0.00169356,0.00089411,0.00178252,-0.00256022,0.00158345,0.00155894,0.00189960,0.00084737,0.00238487,0.00192521,-0.00212693,0.00108571,0.00129381,0.00094333,-0.00103440,-0.00121830,0.00177723,-0.00166566,0.00159970,0.00141374,0.00214794,0.00139802,-0.00083071,-0.00110562,0.00117297,0.00042679,0.00164908,-0.00131950,-0.00155038,-0.00138535,0.00213871,-0.00171108,0.00207608,-0.00156779,0.00183110,-0.00144666,0.00174453,0.00223066,0.00150271,0.00148689,0.00189197,-0.00135631,-0.00145237,-0.00242769,-0.00158039,-0.00210714,-0.00223171,-0.00030226,-0.00135099,0.00172952,0.00054526,0.00062790,-0.00033210,-0.01312513,-0.00141002,0.00109647,-0.00089212,-0.00036973,0.00046212,-0.00268705,0.00089246,-0.00125253,-0.00102041,0.00205244,0.00046463,-0.00195517,0.00129873,-0.00136004,-0.00042639,0.00067072,0.00148689,0.00147641,0.00044144,0.00194948,0.00110232,0.00043078,0.00072740,0.00136950,-0.00037823,-0.00184238,-0.00178629,-0.00087432,-0.00139320,0.00068744,0.00178337,0.00145312,0.00144575,-0.00116240,-0.00239594,0.00121253,0.00012515,-0.00033430,0.00149341,-0.00034267,0.00140999,-0.00112339,-0.00154461,-0.00120744,0.00198668,0.00066811,0.00206825,0.00109604,0.00041937,-0.00140484,0.00129162,-0.00206160,0.00031987,0.00000000,0.00000000,0.00000000,0.00000000,0.00000000,0.00000000,0.00000000,0.00000000,0.00000000,0.00000000,0.00000000,0.00000000,0.00000000,0.00000000,0.00000000,0.00000000,0.00000000,0.00000000,0.00000000,0.00000000,0.00000000,0.00000000,0.00000000,0.00000000,0.00000000,0.00000000,0.00000000,0.00000000,0.00000000,0.00000000,0.00000000,0.00000000,0.00000000,0.00000000,0.00000000,0.00000000,0.00000000,0.00000000,0.00000000,0.00000000,0.00000000,0.00000000,0.00000000,0.00000000,0.00000000,0.00000000,0.00000000,0.00000000,-0.00118744,0.00012081,-0.00133738,-0.00034072,-0.00130943,0.00063608,-0.00019686,0.00080299,-0.00030420,-0.00059416,-0.00039887,-0.00154690,-0.00175625,0.00051044,0.00125316,-0.00129383
-0.00089077,0.00042004,-0.00299228,0.00285500,-0.00160148,0.00178874,-0.00059976,-0.00040085,-0.00416948,-0.00295476,-0.00316936,-0.00190283,0.00282724,-0.00354814,-0.00271846,0.00256599,-0.00323684,-0.00316925,0.00327616,0.00094096,-0.00255389,-0.00222068,-0.00286726,-0.00296303,0.00318325,-0.00320475,-0.00176763,-0.00269906,0.00051128,-0.00155780,-0.00349542,0.00374449,-0.00092151,-0.00322735,-0.00270406,0.00276873,0.00167437,-0.00065126,0.00283074,-0.00370851,-0.00203001,-0.00336332,-0.00345077,0.00148601,0.00189893,-0.00272250,-0.00124888,-0.00281219,0.00198767,0.00339718,0.00236290,-0.00268318,0.00310744,-0.00219422,0.00280063,-0.00009860,-0.00012908,-0.00264288,-0.00355027,-0.00278295,-0.00256357,-0.00227049,0.00293523,0.00286295,0.00198713,0.00182174,0.00318287,0.00325942,-0.00110401,0.00107500,-0.00270602,-0.00217358,-0.00163267,0.00104345,0.00283706,-0.01272964,-0.00154210,0.00260412,-0.00261848,0.00121659,0.00245623,-0.00317854,0.00262119,0.00241418,-0.00337677,0.00152815,0.00358359,-0.00290233,0.00060229,-0.00243983,-0.00193345,-0.00325506,-0.00299942,-0.00037922,-0.00304759,-0.00042791,0.00102034,-0.00258005,-0.00091779,0.00070758,0.00144314,0.00172548,0.00195713,0.00106919,-0.00147271,-0.00185640,-0.00141186,-0.00208078,0.00226749,0.00269152,-0.00271600,-0.00102922,-0.00161293,-0.00241336,-0.00012510,-0.00243923,-0.00130250,0.00296370,0.00284935,-0.00283932,-0.00043336,-0.00157384,-0.00320247,-0.00069439,0.00277480,-0.00099773,0.00212822,0.00212288,0.00000000,0.00000000,0.00000000,0.00000000,0.00000000,0.00000000,0.00000000,0.00000000,0.00000000,0.00000000,0.00000000,0.00000000,0.00000000,0.00000000,0.00000000,0.00000000,0.00000000,0.00000000,0.00000000,0.00000000,0.00000000,0.00000000,0.00000000,0.00000000,0.00000000,0.00000000,0.00000000,0.00000000,0.00000000,0.00000000,0.00000000,0.00000000,0.00000000,0.00000000,0.00000000,0.00000000,0.00000000,0.00000000,0.00000000,0.00000000,0.00000000,0.00000000,0.00000000,0.00000000,0.00000000,0.00000000,0.00000000,0.00000000,0.00307927,-0.00164138,0.00294053,-0.00208858,0.00264578,-0.00339353,0.00245881,-0.00232122,0.00070690,0.00217517,-0.00044830,0.00234916,0.00324771,-0.00289378,-0.00333817,0.00290085
0.00076991,-0.00037833,0.00046102,-0.00047790,0.00149004,-0.00030410,0.00055638,0.00005229,0.00212827,0.00018121,0.00116463,0.00057040,-0.00111515,0.00121871,0.00126073,-0.00009885,0.00100173,0.00173565,-0.00128083,-0.00124629,0.00072806,0.00072871,0.00103839,0.00057358,-0.00116241,0.00158512,0.00103185,0.00010793,-0.00142374,0.00054991,0.00169310,-0.00142795,-0.00003201,0.00131446,0.00162959,-0.00115842,-0.00051316,-0.00031908,-0.00093742,0.00145340,0.00201378,0.00118229,0.00112770,0.00013143,0.00020248,0.00131355,-0.00012256,0.00123646,-0.00127173,-0.00144752,-0.00125670,0.00123883,-0.00049730,0.00081678,-0.00096342,-0.00110224,0.00098364,0.00108397,0.00098277,0.00032424,0.00057689,0.00058636,-0.00073596,-0.00112892,-0.00072963,-0.00111304,-0.00119586,-0.00174704,0.00125886,0.00021138,0.00105086,0.00049054,-0.00045630,-0.00004687,-0.00180449,0.00127032,-0.01361006,-0.00074426,0.00070546,-0.00148075,-0.00043807,0.00178944,-0.00101123,-0.00062952,0.00057338,-0.00230388,-0.00185770,0.00148745,0.00063997,0.00230884,0.00146468,0.00077975,0.00184745,0.00066296,0.00101304,0.00007994,-0.00123295,0.00029539,-0.00026971,-0.00051298,0.00049750,0.00019045,-0.00110939,0.00042451,0.00127075,0.00086095,-0.00024419,0.00083637,-0.00148738,-0.00085822,0.00103228,0.00028189,0.00142663,0.00076991,0.00072716,0.00139080,0.00181003,-0.00127949,-0.00159787,0.00133911,0.00002375,-0.00051382,0.00111092,0.00061615,-0.00016449,-0.00070095,0.00010499,-0.00117021,0.00000000,0.00000000,0.00000000,0.00000000,0.00000000,0.00000000,0.00000000,0.00000000,0.00000000,0.00000000,0.00000000,0.00000000,0.00000000,0.00000000,0.00000000,0.00000000,0.00000000,0.00000000,0.00000000,0.00000000,0.00000000,0.00000000,0.00000000,0.00000000,0.00000000,0.00000000,0.00000000,0.00000000,0.00000000,0.00000000,0.00000000,0.00000000,0.00000000,0.00000000,0.00000000,0.00000000,0.00000000,0.00000000,0.00000000,0.00000000,0.00000000,0.00000000,0.00000000,0.00000000,0.00000000,0.00000000,0.00000000,0.00000000,-0.00181948,0.00065682,-0.00141903,0.00133521,-0.00180768,0.00137784,-0.00193241,0.00145848,0.00087693,-0.00125660,0.00052416,-0.00078154,-0.00142105,0.00131315,0.00195517,-0.00228913
-0.00003854,0.00053130,0.00001669,0.00073201,-0.00115091,0.00038950,-0.00121869,0.00044943,-0.00118379,-0.00036899,-0.00060255,-0.00115026,0.00058106,-0.00119943,-0.00011616,0.00030132,-0.00064104,-0.00098347,0.00071131,0.00045171,-0.00045511,-0.00099094,-0.00028801,0.00003808,0.00120126,-0.00172684,-0.00029378,-0.00031759,0.00196363,0.00019638,-0.00146939,0.00119798,0.00059378,-0.00104154,-0.00037375,0.00066279,-0.00021216,0.00059210,0.00163643,-0.00074960,-0.00120934,-0.00102051,-0.00076444,0.00016891,-0.00048002,-0.00131040,0.00024657,-0.00064662,0.00131522,0.00164562,0.00091906,-0.00128523,0.00029249,0.00030117,-0.00067594,0.00080485,-0.00182091,-0.00036691,-0.00068711,-0.00040024,-0.00091900,-0.00029952,0.00068626,0.00031687,-0.00149226,0.00069755,0.00111591,0.00118239,-0.00044204,-0.00016519,-0.00022261,-0.00099249,0.00076164,-0.00044813,0.00160260,-0.00140501,0.00037056,-0.00995028,-0.00114868,0.00115206,0.00044997,-0.00078595,0.00099142,-0.00006848,-0.00048393,0.00185984,0.00106541,-0.00106903,-0.00144118,-0.00157021,-0.00134614,-0.00105687,-0.00155322,-0.00145392,-0.00080194,0.00074979,0.00167676,-0.00063586,0.00003007,0.00026399,-0.00060317,-0.00100414,0.00103453,0.00035829,-0.00010142,-0.00033957,-0.00011052,-0.00044204,0.00039153,0.00047319,-0.00085951,-0.00088356,-0.00169196,-0.00112290,-0.00090902,-0.00012281,-0.00149840,0.00060407,0.00077877,-0.00030044,-0.00042254,0.00087785,-0.00080142,-0.00165881,0.00026247,0.00088861,0.00024321,0.00097898,0.00000000,0.00000000,0.00000000,0.00000000,0.00000000,0.00000000,0.00000000,0.00000000,0.00000000,0.00000000,0.00000000,0.00000000,0.00000000,0.00000000,0.00000000,0.00000000,0.00000000,0.00000000,0.00000000,0.00000000,0.00000000,0.00000000,0.00000000,0.00000000,0.00000000,0.00000000,0.00000000,0.00000000,0.00000000,0.00000000,0.00000000,0.00000000,0.00000000,0.00000000,0.00000000,0.00000000,0.00000000,0.00000000,0.00000000,0.00000000,0.00000000,0.00000000,0.00000000,0.00000000,0.00000000,0.00000000,0.00000000,0.00000000,0.00131774,-0.00027006,0.00110874,-0.00085758,0.00080635,-0.00105982,0.00120092,-0.00119404,0.00018092,0.00091465,-0.00010752,0.00135748,0.00128645,-0.00169806,-0.00098375,0.00155481
-0.00007533,-0.00010453,-0.00162092,0.00136015,-0.00016285,0.00100471,-0.00002356,-0.00039364,-0.00224711,-0.00127131,-0.00190600,-0.00166848,0.00083602,-0.00154032,-0.00086188,0.00095586,-0.00109429,-0.00150552,0.00127450,0.00058352,-0.00223794,-0.00155938,-0.00167753,-0.00178771,0.00113004,-0.00124497,-0.00056817,-0.00022660,-0.00002165,-0.00146595,-0.00245319,0.00203317,-0.00071392,-0.00223238,-0.00112973,0.00119268,0.00027882,-0.00063841,0.00162739,-0.00160114,-0.00132149,-0.00116782,-0.00122369,0.00056289,0.00156358,-0.00098336,-0.00087752,-0.00120069,0.00193679,0.00219759,0.00147078,-0.00124507,0.00161140,-0.00008836,0.00123475,-0.00138332,0.00215687,-0.00214682,-0.00146044,-0.00109715,-0.00156328,-0.00145837,0.00130153,0.00087068,0.00100569,0.00153130,0.00197436,0.00165067,-0.00083649,0.00126304,-0.00189324,-0.00088816,-0.00135560,0.00150444,0.00148056,0.00018953,-0.00193476,0.00161215,-0.01424814,0.00072299,0.00132324,-0.00161669,0.00070722,0.00143550,-0.00170014,0.00035213,0.00227015,-0.00172744,0.00039894,-0.00032873,-0.00110953,-0.00061808,-0.00121250,-0.00054639,-0.00194512,-0.00123752,-0.00030346,-0.00006527,-0.00002042,-0.00061847,0.00100425,0.00100113,0.00066007,0.00156257,0.00013843,-0.00099443,0.00013397,-0.00033805,0.00190239,0.00206017,-0.00211184,0.00015093,-0.00051524,-0.00086388,0.00041971,-0.00198853,0.00032692,0.00153262,0.00217915,-0.00239960,-0.00082099,-0.00156411,-0.00125256,-0.00038705,0.00144616,-0.00144935,0.00182211,0.00008307,0.00000000,0.00000000,0.00000000,0.00000000,0.00000000,0.00000000,0.00000000,0.00000000,0.00000000,0.00000000,0.00000000,0.00000000,0.00000000,0.00000000,0.00000000,0.00000000,0.00000000,0.00000000,0.00000000,0.00000000,0.00000000,0.00000000,0.00000000,0.00000000,0.00000000,0.00000000,0.00000000,0.00000000,0.00000000,0.00000000,0.00000000,0.00000000,0.00000000,0.00000000,0.00000000,0.00000000,0.00000000,0.00000000,0.00000000,0.00000000,0.00000000,0.00000000,0.00000000,0.00000000,0.00000000,0.00000000,0.00000000,0.00000000,0.00175314,-0.00026992,0.00089836,-0.00156315,0.00118987,-0.00126183,0.00098336,-0.00091443,0.00051330,0.00133788,-0.00054651,0.00093879,0.00178520,-0.00130711,-0.00179747,0.00182681
0.00012797,0.00009562,0.00291788,-0.00229115,0.00088871,-0.00122740,-0.00036528,0.00027979,0.00340735,0.00167313,0.00297333,0.00227808,-0.00194838,0.00261219,0.00283030,-0.00195726,0.00291051,0.00284158,-0.00301227,0.00053171,0.00297449,0.00203527,0.00277713,0.00213938,-0.00290193,0.00279415,0.00258631,0.00257962,-0.00041890,0.00233658,0.00326935,-0.00362445,-0.00000071,0.00304188,0.00254165,-0.00299729,-0.00303293,0.00071356,-0.00221883,0.00352935,0.00263840,0.00345652,0.00267101,-0.00175575,-0.00237511,0.00232063,0.00059880,0.00179191,-0.00245732,-0.00239736,-0.00152073,0.00267561,-0.00340779,0.00140894,-0.00249643,0.00035785,-0.00024614,0.00275711,0.00332601,0.00264269,0.00232803,0.00229566,-0.00266543,-0.00199316,-0.00314145,-0.00218182,-0.00287127,-0.00210538,0.00192245,-0.00145429,0.00263991,0.00264085,0.00146080,-0.00058996,-0.00322545,0.00067887,0.00149730,-0.00306490,0.00250623,-0.01496296,-0.00259252,0.00323273,-0.00236405,-0.00231000,0.00359589,-0.00086059,-0.00360942,0.00240865,0.00007970,0.00290099,0.00172040,0.00267504,0.00259601,-0.00007406,0.00263665,0.00082896,0.00003214,0.00251933,0.00127785,-0.00082906,-0.00148294,-0.00050924,-0.00197845,-0.00121566,0.00169229,0.00271691,0.00195838,0.00254374,-0.00136764,-0.00259693,0.00271781,0.00036837,0.00187762,0.00199977,-0.00107053,0.00270407,0.00000005,-0.00266479,-0.00248020,0.00297043,0.00123038,0.00054715,0.00318596,-0.00007213,-0.00188850,0.00192453,-0.00319343,-0.00130908,0.00000000,0.00000000,0.00000000,0.00000000,0.00000000,0.00000000,0.00000000,0.00000000,0.00000000,0.00000000,0.00000000,0.00000000,0.00000000,0.00000000,0.00000000,0.00000000,0.00000000,0.00000000,0.00000000,0.00000000,0.00000000,0.00000000,0.00000000,0.00000000,0.00000000,0.00000000,0.00000000,0.00000000,0.00000000,0.00000000,0.00000000,0.00000000,0.00000000,0.00000000,0.00000000,0.00000000,0.00000000,0.00000000,0.00000000,0.00000000,0.00000000,0.00000000,0.00000000,0.00000000,0.00000000,0.00000000,0.00000000,0.00000000,-0.00274410,0.00076056,-0.00291596,0.00162766,-0.00266848,0.00300413,-0.00313849,0.00150132,0.00018276,-0.00237940,-0.00099994,-0.00239509,-0.00261157,0.00269410,0.00318402,-0.00325299
-0.00032950,0.00094152,0.00009134,0.00049136,-0.00104636,-0.00011199,-0.00102667,0.00107183,-0.00061964,0.00046939,-0.00065917,0.00031492,0.00028939,-0.00114208,-0.00071204,0.00016396,-0.00083533,-0.00087489,0.00060051,0.00173475,-0.00049181,-0.00030880,-0.00086298,-0.00001477,0.00050585,-0.00083950,0.00026875,-0.00000767,0.00085747,0.00021476,-0.00020781,0.00146637,0.00092785,-0.00045225,-0.00082252,0.00114170,-0.00009823,0.00085517,0.00062669,-0.00016643,-0.00018260,-0.00054310,-0.00094325,-0.00042251,-0.00051848,-0.00029291,0.00029011,-0.00016656,0.00050846,0.00159506,-0.00001911,-0.00035408,0.00083368,0.00040214,0.00019530,0.00189979,-0.00146139,0.00013219,-0.00056666,-0.00032188,-0.00057868,-0.00094080,0.00026022,0.00087321,-0.00102822,0.00043993,0.00045879,0.00035444,-0.00128929,-0.00111919,-0.00060172,-0.00091858,0.00091730,-0.00040793,0.00073158,-0.00117893,0.00063617,0.00024112,-0.00118050,0.00139329,-0.01006757,-0.00081275,0.00093973,0.00072029,-0.00032006,0.00164310,0.00134081,-0.00110257,-0.00036342,-0.00186586,-0.00142234,-0.00088941,-0.00060897,-0.00150686,-0.00013751,0.00056254,0.00128426,-0.00054592,-0.00021180,-0.00040398,-0.00089122,-0.00010500,0.00092408,-0.00120268,-0.00032810,0.00009654,0.00009348,-0.00049878,0.00066527,0.00021530,-0.00069115,-0.00107572,-0.00121154,-0.00005223,-0.00166479,-0.00030535,-0.00186457,0.00082248,0.00099894,-0.00067413,-0.00019644,-0.00070878,-0.00065332,-0.00134989,0.00017217,0.00176311,-0.00073942,0.00030997,0.00000000,0.00000000,0.00000000,0.00000000,0.00000000,0.00000000,0.00000000,0.00000000,0.00000000,0.00000000,0.00000000,0.00000000,0.00000000,0.00000000,0.00000000,0.00000000,0.00000000,0.00000000,0.00000000,0.00000000,0.00000000,0.00000000,0.00000000,0.00000000,0.00000000,0.00000000,0.00000000,0.00000000,0.00000000,0.00000000,0.00000000,0.00000000,0.00000000,0.00000000,0.00000000,0.00000000,0.00000000,0.00000000,0.00000000,0.00000000,0.00000000,0.00000000,0.00000000,0.00000000,0.00000000,0.00000000,0.00000000,0.00000000,0.00172973,-0.00050696,0.00101691,-0.00121712,0.00107948,-0.00116938,0.00137435,-0.00163334,-0.00029080,0.00158815,-0.00084646,0.00083983,0.00110613,-0.00172980,-0.00108529,0.00069544
0.00031961,-0.00106163,-0.00043950,0.00042774,0.00057670,0.00002880,-0.00001622,0.00009457,-0.00038951,-0.00098453,-0.00072045,-0.00052033,0.00077490,-0.00021932,-0.00097674,0.00083615,-0.00060957,0.00065790,-0.00037801,-0.00077023,-0.00054043,-0.00045671,0.00020419,-0.00024362,0.00058762,0.00058858,-0.00132724,-0.00042603,-0.00011201,-0.00094688,-0.00029751,0.00005993,-0.00087523,-0.00051106,0.00021178,-0.00069185,0.00034587,-0.00145868,0.00013416,-0.00111620,-0.00132045,-0.00023941,0.00042900,0.00006755,0.00155423,0.00047088,-0.00112223,-0.00055746,0.00039459,-0.00019736,0.00097392,-0.00016078,0.00078944,0.00002312,0.00059403,-0.00143624,0.00184698,-0.00062085,-0.00038118,-0.00189298,-0.00067795,-0.00037256,0.00073079,-0.00014892,0.00024568,0.00014426,0.00036006,-0.00003283,0.00027924,0.00033334,-0.00014284,0.00015222,-0.00100917,0.00075588,-0.00106521,0.00075739,-0.00052101,0.00110278,0.00106485,-0.00081417,0.00042895,-0.01362494,0.00008934,0.00022291,-0.00081938,-0.00116378,-0.00002583,0.00045654,0.00071345,0.00135361,0.00008649,0.00023293,-0.00031630,0.00132166,-0.00129084,-0.00126317,-0.00177422,-0.00064397,-0.00147706,-0.00015025,0.00101544,0.00093061,-0.00042043,0.00041823,-0.00007606,-0.00096654,-0.00206557,0.00003023,0.00007124,0.00049136,-0.00048010,0.00042791,0.00093939,-0.00078453,0.00126727,-0.00058191,0.00126257,-0.00012927,0.00036021,-0.00067530,-0.00041178,-0.00058468,-0.00038355,0.00119460,-0.00000050,-0.00225937,0.00073858,-0.00080694,0.00000000,0.00000000,0.00000000,0.00000000,0.00000000,0.00000000,0.00000000,0.00000000,0.00000000,0.00000000,0.00000000,0.00000000,0.00000000,0.00000000,0.00000000,0.00000000,0.00000000,0.00000000,0.00000000,0.00000000,0.00000000,0.00000000,0.00000000,0.00000000,0.00000000,0.00000000,0.00000000,0.00000000,0.00000000,0.00000000,0.00000000,0.00000000,0.00000000,0.00000000,0.00000000,0.00000000,0.00000000,0.00000000,0.00000000,0.00000000,0.00000000,0.00000000,0.00000000,0.00000000,0.00000000,0.00000000,0.00000000,0.00000000,0.00039414,-0.00014766,0.00000212,0.00030201,-0.00014021,0.00089140,-0.00048845,0.00012035,0.00001087,-0.00099425,0.00054131,-0.00062739,0.00009534,0.00001651,0.00083260,0.00037137
0.00072008,0.00093292,0.00072647,-0.00098273,-0.00043846,-0.00069856,0.00016319,0.00046251,0.00047703,0.00069531,0.00038881,0.00003338,-0.00032211,-0.00018532,0.00104227,-0.00100595,0.00046560,-0.00016557,0.00008270,0.00068536,0.00068026,0.00059224,-0.00025273,-0.00016437,-0.00022925,-0.00043759,0.00037808,0.00017619,0.00045145,0.00157278,0.00022343,-0.00018329,0.00096071,0.00002174,0.00055124,-0.00095323,-0.00018754,0.00058469,-0.00035147,0.00132663,0.00038485,-0.00014289,0.00011177,-0.00012233,-0.00129724,0.00082478,-0.00002794,0.00017760,0.00012788,-0.00041622,-0.00096826,0.00003109,-0.00074877,0.00093180,-0.00029519,0.00143464,-0.00072557,0.00051887,0.00019779,0.00022493,0.00022130,0.00048415,-0.00003491,-0.00038008,-0.00106405,-0.00085266,-0.00018844,-0.00081205,0.00062562,-0.00014874,0.00001713,-0.00128406,0.00046691,-0.00063929,0.00007029,-0.00054784,0.00044538,-0.00099866,-0.00114817,0.00032651,-0.00003054,0.00016730,-0.01356012,-0.00122244,0.00082474,0.00119568,0.00071261,0.00052954,-0.00124683,-0.00059487,-0.00063147,0.00093847,0.00095647,-0.00148187,0.00077922,0.00024941,0.00083456,0.00070104,0.00113037,-0.00004291,-0.00180075,-0.00089802,0.00041791,0.00013581,0.00008617,0.00048266,0.00055335,-0.00000093,-0.00018882,-0.00006447,-0.00000763,0.00060353,-0.00023979,0.00108729,-0.00062290,0.00040700,-0.00037034,-0.00079929,-0.00000382,0.00086715,-0.00017969,0.00138487,0.00090274,-0.00179112,-0.00060629,0.00114216,-0.00105215,0.00135850,0.00000000,0.00000000,0.00000000,0.00000000,0.00000000,0.00000000,0.00000000,0.00000000,0.00000000,0.00000000,0.00000000,0.00000000,0.00000000,0.00000000,0.00000000,0.00000000,0.00000000,0.00000000,0.00000000,0.00000000,0.00000000,0.00000000,0.00000000,0.00000000,0.00000000,0.00000000,0.00000000,0.00000000,0.00000000,0.00000000,0.00000000,0.00000000,0.00000000,0.00000000,0.00000000,0.00000000,0.00000000,0.00000000,0.00000000,0.00000000,0.00000000,0.00000000,0.00000000,0.00000000,0.00000000,0.00000000,0.00000000,0.00000000,-0.00048321,-0.00017614,0.00041226,-0.00030566,-0.00013267,-0.00025505,-0.00018298,-0.00064093,-0.00008169,-0.00042762,-0.00031521,0.00005082,-0.00038466,-0.00024022,-0.00003544,0.00017487
-0.00017488,0.00050049,-0.00064226,0.00006391,-0.00082668,-0.00025745,0.00024822,-0.00026233,-0.00094499,0.00001664,-0.00063828,-0.00017199,-0.00021044,-0.00052715,0.00023628,0.00016486,0.00026118,0.00022478,0.00017349,0.00115117,-0.00031430,0.00023411,-0.00028981,-0.00000481,0.00047143,-0.00003999,0.00006881,-0.00124820,0.00065896,0.00082161,-0.00007145,0.00090727,-0.00089468,-0.00059057,-0.00000101,0.00035015,-0.00092610,0.00003258,0.00095804,0.00006742,-0.00027060,-0.00010015,0.00018876,-0.00011628,-0.00096116,-0.00035773,0.00015511,0.00017910,0.00133065,0.00096567,-0.00005163,-0.00164657,0.00051731,0.00099605,-0.00101195,0.00097424,-0.00110028,-0.00081223,-0.00033348,0.00047887,-0.00020271,0.00047767,0.00054927,-0.00013783,-0.00147492,0.00019369,0.00087496,-0.00014267,0.00013763,-0.00028091,0.00024040,-0.00064054,0.00010055,-0.00033528,0.00150864,-0.00093740,0.00017778,-0.00040280,-0.00116013,0.00121176,0.00026157,-0.00056109,-0.00046184,-0.01266306,0.00007017,0.00251170,0.00126255,0.00014832,-0.00083612,-0.00117898,-0.00077700,-0.00087837,-0.00026323,-0.00058841,-0.00003861,0.00141849,0.00108476,-0.00042827,-0.00066571,0.00004112,-0.00104133,-0.00064413,0.00084732,-0.00113931,-0.00036059,0.00077560,0.00106044,-0.00025093,0.00013591,0.00032592,-0.00064219,-0.00053489,-0.00140097,0.00077796,-0.00113693,0.00077048,-0.00226734,0.00016425,0.00106880,0.00078081,0.00023619,0.00039895,-0.00033367,-0.00058962,0.00018046,0.00095686,-0.00023483,0.00121403,0.00000000,0.00000000,0.00000000,0.00000000,0.00000000,0.00000000,0.00000000,0.00000000,0.00000000,0.00000000,0.00000000,0.00000000,0.00000000,0.00000000,0.00000000,0.00000000,0.00000000,0.00000000,0.00000000,0.00000000,0.00000000,0.00000000,0.00000000,0.00000000,0.00000000,0.00000000,0.00000000,0.00000000,0.00000000,0.00000000,0.00000000,0.00000000,0.00000000,0.00000000,0.00000000,0.00000000,0.00000000,0.00000000,0.00000000,0.00000000,0.00000000,0.00000000,0.00000000,0.00000000,0.00000000,0.00000000,0.00000000,0.00000000,0.00043065,-0.00010300,0.00078011,-0.00045112,0.00061967,-0.00120139,0.00108273,-0.00007035,-0.00024793,0.00089441,-0.00016305,0.00033494,-0.00004311,-0.00068307,-0.00033886,0.00122101
0.00058841,-0.00148180,0.00046486,-0.00083136,0.00153336,0.00093082,0.00080012,-0.00037096,0.00124009,0.00032023,0.00078196,0.00003646,-0.00106398,0.00089231,0.00086955,-0.00032377,0.00092527,0.00147351,-0.00079078,-0.00208104,0.00056223,0.00177771,0.00082100,0.00051592,-0.00112440,0.00158924,0.00065634,0.00075946,-0.00116187,0.00027339,0.00061722,-0.00134396,-0.00015296,0.00108790,0.00039310,-0.00058249,0.00104573,-0.00105538,-0.00082475,0.00057653,0.00110728,0.00057646,0.00128474,-0.00047339,-0.00012065,0.00111569,-0.00075265,0.00062188,-0.00061762,-0.00149226,0.00032872,0.00108635,-0.00078420,-0.00031265,0.00022301,-0.00080868,0.00129577,0.00091319,-0.00005793,0.00041282,-0.00030796,0.00076575,-0.00064725,-0.00010289,-0.00002500,-0.00015364,-0.00070943,-0.00072904,0.00055664,-0.00005869,0.00062696,0.00133619,-0.00051807,0.00060500,-0.00155302,0.00143050,0.00003982,-0.00029142,0.00182481,-0.00108822,0.00004523,0.00121275,-0.00053798,-0.00003553,-0.00895400,-0.00169085,-0.00159038,0.00120057,0.00120361,0.00167291,0.00158948,0.00060903,0.00027395,0.00130098,0.00090621,-0.00145076,-0.00151106,-0.00022985,0.00027674,-0.00009061,0.00103473,0.00097627,-0.00110262,0.00074992,0.00107217,0.00075439,-0.00076485,0.00091989,-0.00050642,-0.00058927,0.00061382,0.00124313,0.00162162,0.00043083,0.00011646,-0.00006416,0.00264211,-0.00110815,-0.00130348,0.00043383,-0.00024650,-0.00055858,0.00141165,0.00068273,-0.00095567,-0.00127304,0.00098092,-0.00201452,0.00000000,0.00000000,0.00000000,0.00000000,0.00000000,0.00000000,0.00000000,0.00000000,0.00000000,0.00000000,0.00000000,0.00000000,0.00000000,0.00000000,0.00000000,0.00000000,0.00000000,0.00000000,0.00000000,0.00000000,0.00000000,0.00000000,0.00000000,0.00000000,0.00000000,0.00000000,0.00000000,0.00000000,0.00000000,0.00000000,0.00000000,0.00000000,0.00000000,0.00000000,0.00000000,0.00000000,0.00000000,0.00000000,0.00000000,0.00000000,0.00000000,0.00000000,0.00000000,0.00000000,0.00000000,0.00000000,0.00000000,0.00000000,-0.00119072,0.00036939,-0.00086947,0.00108548,-0.00108320,0.00125156,-0.00169841,0.00112574,0.00043661,-0.00160673,0.00100247,-0.00080004,-0.00141562,0.00213035,0.00149979,-0.00182981
0.00073113,-0.00039284,0.00181574,-0.00262885,-0.00035791,-0.00138803,0.00131806,0.00092476,0.00307688,0.00173461,0.00281726,0.00163367,-0.00136109,0.00268685,0.00160573,-0.00298877,0.00282221,0.00257473,-0.00269619,-0.00123082,0.00198384,0.00186887,0.00194864,0.00175713,-0.00251578,0.00298452,0.00237014,0.00256980,-0.00167937,0.00180642,0.00298966,-0.00286695,-0.00028778,0.00274797,0.00277638,-0.00224330,-0.00183687,0.00105171,-0.00238699,0.00315845,0.00214171,0.00248886,0.00297016,-0.00199734,-0.00197302,0.00230160,0.00034675,0.00255742,-0.00179651,-0.00305309,-0.00231619,0.00213275,-0.00259746,0.00176200,-0.00159495,0.00079764,0.00023626,0.00254417,0.00231602,0.00121265,0.00235228,0.00269545,-0.00225609,-0.00140342,-0.00275097,-0.00111005,-0.00244218,-0.00296366,0.00113580,-0.00093076,0.00216810,0.00148563,0.00169923,-0.00018579,-0.00234249,0.00034043,0.00158681,-0.00258824,0.00116287,-0.00071416,-0.00207754,0.00221440,-0.00214581,-0.00127920,0.00247055,-0.01426262,-0.00267409,0.00229986,-0.00020187,0.00109323,0.00255335,0.00148398,0.00312529,0.00049332,0.00196376,-0.00048298,-0.00035180,0.00155649,0.00145950,0.00019643,-0.00067920,-0.00069641,-0.00193121,-0.00148766,0.00153882,0.00257594,0.00182192,0.00152126,-0.00209659,-0.00241413,0.00178652,0.00117140,0.00180931,0.00162965,-0.00072593,0.00185437,0.00030971,-0.00230202,-0.00283645,0.00221755,0.00094311,0.00102961,0.00264390,0.00145347,-0.00206826,0.00088581,-0.00202290,-0.00082358,0.00000000,0.00000000,0.00000000,0.00000000,0.00000000,0.00000000,0.00000000,0.00000000,0.00000000,0.00000000,0.00000000,0.00000000,0.00000000,0.00000000,0.00000000,0.00000000,0.00000000,0.00000000,0.00000000,0.00000000,0.00000000,0.00000000,0.00000000,0.00000000,0.00000000,0.00000000,0.00000000,0.00000000,0.00000000,0.00000000,0.00000000,0.00000000,0.00000000,0.00000000,0.00000000,0.00000000,0.00000000,0.00000000,0.00000000,0.00000000,0.00000000,0.00000000,0.00000000,0.00000000,0.00000000,0.00000000,0.00000000,0.00000000,-0.00231496,0.00046493,-0.00184722,0.00181517,-0.00130106,0.00285680,-0.00196217,0.00165135,0.00020965,-0.00181472,0.00067482,-0.00185681,-0.00273254,0.00286192,0.00190767,-0.00279288
-0.00065476,0.00085603,0.00119752,-0.00095388,-0.00116787,-0.00095346,-0.00040125,0.00138334,-0.00027503,0.00033974,0.00042387,-0.00013133,0.00057661,0.00054719,0.00058943,-0.00101687,0.00011883,0.00048240,0.00009279,0.00086922,0.00120255,0.00037057,0.00086568,0.00086219,-0.00004176,-0.00001353,0.00004209,0.00104500,0.00108540,0.00146091,0.00093550,-0.00039439,0.00032032,0.00057569,0.00048176,-0.00014670,-0.00057554,0.00129074,-0.00105873,0.00143942,0.00011193,0.00085951,0.00011299,-0.00008744,-0.00244345,0.00035410,0.00037781,-0.00000176,-0.00009608,0.00004615,-0.00043470,0.00028764,-0.00137663,0.00132757,-0.00033487,0.00098784,-0.00220154,0.00084566,-0.00021996,0.00149724,0.00045151,0.00142484,-0.00080283,-0.00114375,-0.00124000,-0.00102753,-0.00096327,-0.00068577,-0.00038337,-0.00062233,0.00035807,0.00061155,0.00080847,-0.00054163,0.00099819,-0.00127157,0.00088874,-0.00102317,-0.00096838,0.00029284,-0.00004675,0.00089483,0.00044841,-0.00027155,0.00058525,0.00108630,-0.01229992,0.00084672,-0.00040793,-0.00096095,-0.00001041,-0.00007005,0.00070868,-0.00168720,0.00064891,0.00042725,0.00112595,0.00090803,0.00154550,0.00097564,-0.00187660,-0.00107141,0.00024851,-0.00053247,0.00021552,0.00060319,0.00182049,0.00033455,-0.00101751,-0.00114836,0.00116943,-0.00083416,-0.00090696,0.00060574,-0.00120031,0.00091672,-0.00194884,-0.00001994,-0.00125442,0.00059678,-0.00005441,0.00131442,0.00127564,-0.00156475,-0.00020756,0.00119934,-0.00109473,0.00041034,0.00000000,0.00000000,0.00000000,0.00000000,0.00000000,0.00000000,0.00000000,0.00000000,0.00000000,0.00000000,0.00000000,0.00000000,0.00000000,0.00000000,0.00000000,0.00000000,0.00000000,0.00000000,0.00000000,0.00000000,0.00000000,0.00000000,0.00000000,0.00000000,0.00000000,0.00000000,0.00000000,0.00000000,0.00000000,0.00000000,0.00000000,0.00000000,0.00000000,0.00000000,0.00000000,0.00000000,0.00000000,0.00000000,0.00000000,0.00000000,0.00000000,0.00000000,0.00000000,0.00000000,0.00000000,0.00000000,0.00000000,0.00000000,-0.00011888,0.00095791,-0.00010509,0.00007390,0.00029324,-0.00005252,0.00012260,0.00035257,-0.00079015,-0.00019982,-0.00054569,-0.00005883,-0.00022877,-0.00026925,-0.00080452,0.00022896
0.00072139,-0.00021126,-0.00058766,-0.00083792,0.00044005,-0.00018029,0.00126353,-0.00027789,0.00084472,0.00003727,0.00011862,0.00040266,-0.00057510,0.00066430,0.00002162,-0.00022744,0.00025828,0.00064609,-0.00075750,-0.00080845,-0.00035946,0.00026250,-0.00025787,-0.00000453,-0.00050099,0.00090799,0.00007819,0.00016706,-0.00125400,-0.00028702,0.00065100,-0.00057585,-0.00032800,0.00004054,0.00093590,-0.00099497,-0.00009420,-0.00047696,-0.00019130,-0.00024019,0.00102709,-0.00023554,0.00018145,-0.00030183,0.00172678,0.00169098,-0.00093466,0.00034159,-0.00041752,-0.00014814,0.00010460,0.00016213,-0.00017409,-0.00025484,0.00029904,-0.00164120,0.00145975,-0.00027131,0.00096279,-0.00082087,0.00095576,-0.00038798,-0.00034545,0.00086474,0.00017488,-0.00020897,0.00018152,0.00000491,0.00073160,0.00009557,0.00034835,0.00091803,-0.00100754,0.00112406,-0.00074651,0.00148317,-0.00032495,-0.00026315,0.00127978,-0.00142241,-0.00017008,0.00106395,-0.00034851,0.00007856,0.00040991,-0.00147751,-0.00095512,-0.01309703,0.00070703,0.00107921,0.00131657,0.00014827,0.00056437,0.00143628,0.00025158,-0.00118956,-0.00121836,0.00014063,-0.00007883,-0.00071111,0.00136896,0.00084208,-0.00048066,0.00057239,-0.00061192,0.00055025,-0.00068798,0.00065133,0.00018527,0.00048571,0.00065151,0.00066033,0.00085838,0.00057843,0.00052231,-0.00013887,0.00079215,-0.00029582,-0.00005820,-0.00018828,0.00014967,-0.00054590,0.00006585,0.00054729,0.00116012,-0.00104307,0.00070898,-0.00127014,0.00000000,0.00000000,0.00000000,0.00000000,0.00000000,0.00000000,0.00000000,0.00000000,0.00000000,0.00000000,0.00000000,0.00000000,0.00000000,0.00000000,0.00000000,0.00000000,0.00000000,0.00000000,0.00000000,0.00000000,0.00000000,0.00000000,0.00000000,0.00000000,0.00000000,0.00000000,0.00000000,0.00000000,0.00000000,0.00000000,0.00000000,0.00000000,0.00000000,0.00000000,0.00000000,0.00000000,0.00000000,0.00000000,0.00000000,0.00000000,0.00000000,0.00000000,0.00000000,0.00000000,0.00000000,0.00000000,0.00000000,0.00000000,-0.00083794,-0.00011300,-0.00018167,0.00096588,-0.00044566,0.00109810,-0.00087163,0.00039648,0.00076331,-0.00080831,-0.00024136,-0.00073916,-0.00069718,0.00078753,0.00007088,-0.00111554
-0.00077419,0.00044921,-0.00083133,0.00129616,-0.00054154,0.00064154,-0.00019515,0.00005687,-0.00140638,-0.00115571,-0.00090205,-0.00091765,0.00021987,-0.00216077,-0.00045865,0.00061505,-0.00155557,-0.00104098,0.00183371,0.00076422,-0.00147506,-0.00062839,-0.00135149,-0.00160861,0.00150773,-0.00138633,-0.00154522,-0.00211838,0.00056747,-0.00060790,-0.00123336,0.00109702,-0.00008184,-0.00111181,-0.00119258,0.00127118,0.00080240,0.00007982,0.00182263,-0.00108483,-0.00117452,-0.00126560,-0.00131820,0.00131574,0.00078916,-0.00120510,0.00013797,-0.00018404,0.00139868,0.00180238,-0.00019452,-0.00067974,0.00135377,-0.00034532,0.00079810,0.00017574,-0.00090775,-0.00135285,-0.00123553,-0.00034131,-0.00159397,-0.00097165,0.00117848,0.00043679,0.00021681,0.00035755,0.00168395,0.00147457,-0.00113786,0.00059306,-0.00047061,-0.00098494,-0.00027695,0.00020958,0.00101732,-0.00037338,-0.00044860,0.00031044,-0.00071393,0.00126086,0.00122966,-0.00132165,0.00047816,0.00094075,-0.00103975,0.00019245,0.00160101,-0.00094359,-0.01480584,-0.00029699,-0.00082218,-0.00051662,-0.00172708,-0.00073081,-0.00171538,0.00013928,0.00035261,-0.00088672,-0.00086746,0.00026821,0.00048234,-0.00070210,0.00086325,-0.00036235,-0.00047896,-0.00146261,-0.00024133,-0.00039559,0.00047741,0.00066359,-0.00118735,-0.00075266,-0.00149457,-0.00106854,-0.00015833,-0.00069220,-0.00062901,0.00061981,0.00110757,-0.00033576,-0.00073530,0.00060577,-0.00143002,-0.00097126,0.00136695,-0.00018833,0.00097020,0.00078642,0.00000000,0.00000000,0.00000000,0.00000000,0.00000000,0.00000000,0.00000000,0.00000000,0.00000000,0.00000000,0.00000000,0.00000000,0.00000000,0.00000000,0.00000000,0.00000000,0.00000000,0.00000000,0.00000000,0.00000000,0.00000000,0.00000000,0.00000000,0.00000000,0.00000000,0.00000000,0.00000000,0.00000000,0.00000000,0.00000000,0.00000000,0.00000000,0.00000000,0.00000000,0.00000000,0.00000000,0.00000000,0.00000000,0.00000000,0.00000000,0.00000000,0.00000000,0.00000000,0.00000000,0.00000000,0.00000000,0.00000000,0.00000000,0.00186943,-0.00000544,0.00132074,-0.00086836,0.00092124,-0.00201024,0.00075461,-0.00146817,-0.00019239,0.00065125,0.00027253,0.00040560,0.00155779,-0.00118651,-0.00107037,0.00112346
-0.00073510,-0.00033313,-0.00188363,0.00284949,0.00096270,0.00111363,0.00078643,-0.00039339,-0.00192688,-0.00174538,-0.00340351,-0.00154622,0.00117007,-0.00205535,-0.00181949,0.00197020,-0.00310723,-0.00175545,0.00251533,-0.00116981,-0.00197113,-0.00218359,-0.00227950,-0.00205508,0.00276455,-0.00264358,-0.00128395,-0.00138139,-0.00004509,-0.00268255,-0.00200923,0.00288544,-0.00069355,-0.00134759,-0.00162878,0.00146154,0.00248869,-0.00202755,0.00271485,-0.00323373,-0.00137286,-0.00261568,-0.00327402,0.00247711,0.00191285,-0.00162139,-0.00092400,-0.00225040,0.00193655,0.00235344,0.00263379,-0.00262835,0.00257131,-0.00142615,0.00169703,-0.00138788,0.00185555,-0.00206934,-0.00250054,-0.00234224,-0.00241144,-0.00278164,0.00255604,0.00211072,0.00237624,0.00149568,0.00339010,0.00341657,0.00023168,0.00173014,-0.00115289,-0.00067490,-0.00077070,0.00155741,0.00159722,0.00094759,-0.00191519,0.00189668,0.00044012,0.00021148,0.00167421,-0.00216996,0.00180909,0.00216066,-0.00291612,-0.00036591,0.00298653,-0.00175953,0.00164680,-0.01513557,-0.00177206,-0.00207838,-0.00244447,-0.00004030,-0.00155189,-0.00077092,-0.00068233,-0.00117074,0.00003971,0.00010238,0.00163684,0.00129914,0.00116532,0.00212226,-0.00066526,-0.00238965,-0.00251745,-0.00171823,0.00150571,0.00209075,-0.00184118,-0.00042757,-0.00101286,-0.00209685,0.00098643,-0.00274043,-0.00064115,0.00296994,0.00221614,-0.00260888,-0.00124914,-0.00152459,-0.00268185,0.00018945,0.00120226,-0.00123866,0.00198334,0.00018891,0.00000000,0.00000000,0.00000000,0.00000000,0.00000000,0.00000000,0.00000000,0.00000000,0.00000000,0.00000000,0.00000000,0.00000000,0.00000000,0.00000000,0.00000000,0.00000000,0.00000000,0.00000000,0.00000000,0.00000000,0.00000000,0.00000000,0.00000000,0.00000000,0.00000000,0.00000000,0.00000000,0.00000000,0.00000000,0.00000000,0.00000000,0.00000000,0.00000000,0.00000000,0.00000000,0.00000000,0.00000000,0.00000000,0.00000000,0.00000000,0.00000000,0.00000000,0.00000000,0.00000000,0.00000000,0.00000000,0.00000000,0.00000000,0.00150600,0.00030347,0.00210475,-0.00174885,0.00181912,-0.00271033,0.00200252,-0.00066475,0.00064552,0.00092009,0.00027669,0.00163225,0.00208732,-0.00164757,-0.00215726,0.00250428
-0.00032534,-0.00052448,-0.00186011,0.00165145,0.00015544,0.00042925,-0.00046191,-0.00001907,-0.00093884,-0.00175221,-0.00047960,-0.00034080,0.00071438,-0.00125674,-0.00069971,0.00169058,-0.00033122,-0.00035045,0.00122217,-0.00051427,-0.00098155,-0.00146771,-0.00112995,-0.00177135,0.00016325,-0.00128110,-0.00126125,-0.00114441,-0.00075299,-0.00094139,-0.00193652,0.00061229,-0.00000988,-0.00171109,-0.00123594,0.00161118,0.00115620,-0.00045405,0.00179027,-0.00230645,-0.00062571,-0.00110913,-0.00144831,0.00064758,0.00102702,-0.00100620,0.00008879,-0.00125473,0.00056055,0.00079979,0.00054734,-0.00078567,0.00146659,-0.00075375,0.00081930,-0.00153340,0.00070596,-0.00089433,-0.00018541,-0.00132324,-0.00102597,-0.00057004,0.00104256,0.00178481,0.00124880,0.00110251,0.00164142,0.00130878,0.00016382,0.00110506,-0.00062830,0.00058334,0.00009117,0.00001756,0.00060574,0.00030101,-0.00041865,0.00086280,0.00057666,-0.00041841,0.00128605,-0.00141387,0.00054140,0.00116912,-0.00136828,0.00000302,0.00153556,-0.00054613,0.00058543,-0.00033202,-0.01570729,-0.00082947,-0.00124194,0.00060233,-0.00075687,-0.00057735,0.00035725,-0.00030119,-0.00005898,0.00106558,0.00063395,0.00134664,0.00003872,0.00032810,-0.00034490,-0.00090695,-0.00077526,0.00028228,0.00025436,0.00141956,-0.00131258,0.00058746,-0.00037497,-0.00071151,0.00057597,-0.00143789,0.00074618,0.00091301,0.00075420,-0.00020023,0.00019823,-0.00134671,-0.00158588,0.00073068,0.00073172,-0.00029704,0.00070821,-0.00076991,0.00000000,0.00000000,0.00000000,0.00000000,0.00000000,0.00000000,0.00000000,0.00000000,0.00000000,0.00000000,0.00000000,0.00000000,0.00000000,0.00000000,0.00000000,0.00000000,0.00000000,0.00000000,0.00000000,0.00000000,0.00000000,0.00000000,0.00000000,0.00000000,0.00000000,0.00000000,0.00000000,0.00000000,0.00000000,0.00000000,0.00000000,0.00000000,0.00000000,0.00000000,0.00000000,0.00000000,0.00000000,0.00000000,0.00000000,0.00000000,0.00000000,0.00000000,0.00000000,0.00000000,0.00000000,0.00000000,0.00000000,0.00000000,0.00063196,-0.00073840,0.00027361,-0.00020089,0.00040531,-0.00042921,0.00061242,0.00039135,0.00058570,0.00085648,-0.00021872,0.00110258,0.00061847,-0.00046661,-0.00075803,0.00002824
0.00044013,-0.00054971,0.00056281,-0.00058006,0.00063638,0.00076876,0.00135053,-0.00081357,-0.00000876,-0.00068041,0.00035314,0.00037713,-0.00017187,0.00090363,0.00019378,0.00017078,-0.00028808,0.00025629,-0.00011758,-0.00070913,-0.00009578,0.00057664,0.00038263,-0.00041596,-0.00074430,0.00062136,-0.00005415,0.00050657,-0.00149949,-0.00028099,0.00118225,-0.00081665,-0.00049727,0.00037174,0.00074097,-0.00026996,0.00061642,-0.00060332,-0.00014862,0.00054430,0.00056896,0.00041666,0.00025283,-0.00012201,0.00044926,0.00012178,-0.00029432,-0.00053947,-0.00042594,-0.00069755,0.00048995,0.00038187,0.00032911,0.00015960,0.00048004,-0.00134830,0.00110728,0.00014198,0.00022095,0.00047458,-0.00012102,0.00024026,0.00076662,0.00028378,-0.00030517,-0.00067458,-0.00005843,0.00008018,0.00044407,0.00073403,0.00018235,0.00005309,-0.00109194,0.00062867,-0.00074122,0.00056722,-0.00051228,-0.00068317,0.00067859,-0.00063251,-0.00047510,0.00112504,-0.00004086,-0.00075441,-0.00015376,-0.00169587,-0.00116813,0.00041251,0.00110061,0.00076950,0.00099129,-0.01402771,0.00022752,0.00054781,0.00014131,-0.00072290,-0.00062244,-0.00031432,-0.00068260,-0.00032130,0.00067162,-0.00007176,-0.00082616,-0.00009660,-0.00028944,-0.00021635,-0.00043767,0.00103832,-0.00041061,-0.00005322,0.00026199,0.00076814,0.00023450,-0.00031061,0.00085214,0.00039965,0.00166740,0.00001973,-0.00113645,0.00022008,-0.00042190,-0.00062062,0.00033356,0.00176520,-0.00014395,-0.00073890,0.00086982,-0.00093399,0.00000000,0.00000000,0.00000000,0.00000000,0.00000000,0.00000000,0.00000000,0.00000000,0.00000000,0.00000000,0.00000000,0.00000000,0.00000000,0.00000000,0.00000000,0.00000000,0.00000000,0.00000000,0.00000000,0.00000000,0.00000000,0.00000000,0.00000000,0.00000000,0.00000000,0.00000000,0.00000000,0.00000000,0.00000000,0.00000000,0.00000000,0.00000000,0.00000000,0.00000000,0.00000000,0.00000000,0.00000000,0.00000000,0.00000000,0.00000000,0.00000000,0.00000000,0.00000000,0.00000000,0.00000000,0.00000000,0.00000000,0.00000000,-0.00068769,0.00155668,-0.00093295,0.00068328,-0.00053081,0.00085517,-0.00053047,0.00056336,0.00036482,-0.00059890,0.00094366,0.00033559,-0.00054090,0.00074565,0.00095773,-0.00115548
0.00026254,-0.00111266,0.00009358,-0.00017455,0.00110395,0.00019752,0.00087643,-0.00050290,0.00070647,0.00025704,0.00091057,-0.00003136,-0.00076428,0.00093611,0.00080124,-0.00011400,0.00026095,0.00080461,-0.00102340,-0.00108077,0.00036977,0.00081863,0.00096390,0.00076207,-0.00102978,0.00081147,-0.00072049,0.00057150,-0.00143647,-0.00060600,0.00074008,-0.00068321,-0.00032025,0.00004379,0.00040721,-0.00023961,-0.00001643,-0.00074441,-0.00079490,0.00031400,0.00094409,0.00110783,0.00022674,-0.00011650,0.00038720,0.00075225,0.00001584,0.00051994,-0.00057426,-0.00117905,0.00004805,0.00082814,-0.00027418,0.00027086,-0.00031317,-0.00084448,0.00161676,-0.00002812,0.00062212,0.00006859,0.00055975,0.00071577,-0.00009104,0.00039746,0.00048565,0.00044521,-0.00078575,-0.00049895,0.00042072,0.00057757,0.00065023,0.00074624,-0.00039308,0.00022840,-0.00089717,0.00155616,0.00019075,-0.00074471,0.00215364,-0.00166216,-0.00015171,0.00077126,0.00006333,-0.00030522,0.00029394,-0.00092566,-0.00076741,0.00055814,0.00044255,0.00206505,0.00138077,0.00055861,-0.01000193,0.00073260,-0.00000987,-0.00122704,-0.00189239,0.00023993,-0.00054212,-0.00047697,0.00068329,0.00046981,-0.00134988,-0.00005476,0.00034913,0.00094827,-0.00098975,-0.00030299,0.00057571,0.00009520,-0.00004811,0.00100129,0.00170315,0.00061817,0.00173661,0.00026532,0.00191034,-0.00047723,-0.00032467,0.00025489,0.00064864,-0.00070939,0.00027908,0.00101633,0.00042321,-0.00118997,0.00028080,-0.00163537,0.00000000,0.00000000,0.00000000,0.00000000,0.00000000,0.00000000,0.00000000,0.00000000,0.00000000,0.00000000,0.00000000,0.00000000,0.00000000,0.00000000,0.00000000,0.00000000,0.00000000,0.00000000,0.00000000,0.00000000,0.00000000,0.00000000,0.00000000,0.00000000,0.00000000,0.00000000,0.00000000,0.00000000,0.00000000,0.00000000,0.00000000,0.00000000,0.00000000,0.00000000,0.00000000,0.00000000,0.00000000,0.00000000,0.00000000,0.00000000,0.00000000,0.00000000,0.00000000,0.00000000,0.00000000,0.00000000,0.00000000,0.00000000,-0.00137995,0.00015883,-0.00074193,0.00067246,-0.00097619,0.00136515,-0.00158594,0.00054599,0.00021505,0.00045636,0.00053105,-0.00084933,-0.00084452,0.00190269,0.00072453,-0.00091311
0.00002219,0.00025585,-0.00227316,0.00216731,-0.00234008,0.00154408,-0.00022848,0.00013134,-0.00298374,-0.00189103,-0.00250431,-0.00202694,0.00180965,-0.00316603,-0.00281315,0.00204976,-0.00289750,-0.00279024,0.00281392,0.00044016,-0.00281362,-0.00290965,-0.00271576,-0.00322853,0.00262870,-0.00349431,-0.00165695,-0.00231702,0.00009176,-0.00200949,-0.00339220,0.00335683,-0.00070296,-0.00231445,-0.00266305,0.00289563,0.00164921,-0.00016117,0.00227811,-0.00368531,-0.00190707,-0.00296400,-0.00326311,0.00163760,0.00174463,-0.00205477,-0.00041642,-0.00219159,0.00227520,0.00326371,0.00166753,-0.00325749,0.00281166,-0.00217740,0.00279424,-0.00039496,0.00057219,-0.00249690,-0.00244694,-0.00223687,-0.00284963,-0.00222490,0.00281959,0.00300785,0.00227573,0.00114539,0.00282379,0.00216415,-0.00087851,0.00089503,-0.00235368,-0.00215868,-0.00080138,0.00076163,0.00323807,-0.00145276,-0.00174404,0.00263195,-0.00288807,0.00107070,0.00210077,-0.00264838,0.00183726,0.00206039,-0.00305280,0.00090560,0.00321381,-0.00229263,-0.00046363,-0.00297474,-0.00179880,-0.00313496,-0.00264961,-0.01481412,-0.00206498,-0.00061131,0.00029754,-0.00204300,-0.00150627,-0.00003420,0.00073388,0.00101353,0.00257934,0.00102578,-0.00129437,-0.00328421,-0.00222115,-0.00152442,0.00141392,0.00198274,-0.00273504,-0.00040641,-0.00221878,-0.00177463,-0.00026383,-0.00311109,-0.00132575,0.00227373,0.00303898,-0.00261532,-0.00130429,-0.00145640,-0.00300601,-0.00119604,0.00216598,-0.00086878,0.00167563,0.00197095,0.00000000,0.00000000,0.00000000,0.00000000,0.00000000,0.00000000,0.00000000,0.00000000,0.00000000,0.00000000,0.00000000,0.00000000,0.00000000,0.00000000,0.00000000,0.00000000,0.00000000,0.00000000,0.00000000,0.00000000,0.00000000,0.00000000,0.00000000,0.00000000,0.00000000,0.00000000,0.00000000,0.00000000,0.00000000,0.00000000,0.00000000,0.00000000,0.00000000,0.00000000,0.00000000,0.00000000,0.00000000,0.00000000,0.00000000,0.00000000,0.00000000,0.00000000,0.00000000,0.00000000,0.00000000,0.00000000,0.00000000,0.00000000,0.00239486,-0.00112032,0.00347096,-0.00189315,0.00275135,-0.00337565,0.00296657,-0.00185057,0.00027906,0.00197922,0.00016781,0.00219286,0.00218405,-0.00309905,-0.00284732,0.00250856
0.00004767,-0.00085664,-0.00020321,-0.00056756,0.00065404,0.00017955,0.00121694,-0.00051540,0.00084754,-0.00032079,0.00033957,0.00011559,-0.00049223,0.00153137,0.00078653,-0.00002255,0.00062518,0.00110756,-0.00076421,-0.00148954,0.00065288,0.00092474,0.00059319,0.00057539,-0.00042264,0.00197342,0.00015878,0.00095909,-0.00202356,-0.00091369,0.00094872,-0.00130723,-0.00013171,0.00023390,0.00053093,-0.00112755,0.00012412,-0.00137367,-0.00143316,0.00055026,0.00042725,0.00123066,0.00087729,-0.00063655,0.00017724,0.00034981,0.00000082,0.00060497,-0.00122320,-0.00050520,-0.00019224,0.00083495,-0.00023616,-0.00011876,-0.00070095,-0.00144044,0.00096093,0.00011454,0.00082124,0.00005197,0.00013581,-0.00004190,-0.00070258,0.00025874,-0.00037742,0.00025148,-0.00083792,-0.00070625,0.00093164,0.00011195,0.00077592,0.00068835,-0.00012985,0.00057798,-0.00088874,0.00137756,0.00023408,-0.00065166,0.00168021,-0.00148094,-0.00025684,0.00025464,-0.00036476,-0.00023644,0.00105919,-0.00197302,-0.00118988,0.00063034,0.00057425,0.00179253,0.00146950,0.00076448,0.00056689,0.00188301,-0.01004271,-0.00167005,-0.00115078,0.00009963,-0.00063080,-0.00043547,0.00063162,0.00082878,-0.00083372,0.00021453,-0.00034427,0.00021622,-0.00122801,-0.00016725,-0.00017410,-0.00001252,0.00129463,0.00101233,0.00126822,0.00090489,0.00092582,-0.00002428,0.00214252,-0.00033816,-0.00104640,-0.00046711,0.00027123,-0.00097434,0.00010040,0.00130604,0.00004172,-0.00075539,0.00099189,-0.00102426,0.00000000,0.00000000,0.00000000,0.00000000,0.00000000,0.00000000,0.00000000,0.00000000,0.00000000,0.00000000,0.00000000,0.00000000,0.00000000,0.00000000,0.00000000,0.00000000,0.00000000,0.00000000,0.00000000,0.00000000,0.00000000,0.00000000,0.00000000,0.00000000,0.00000000,0.00000000,0.00000000,0.00000000,0.00000000,0.00000000,0.00000000,0.00000000,0.00000000,0.00000000,0.00000000,0.00000000,0.00000000,0.00000000,0.00000000,0.00000000,0.00000000,0.00000000,0.00000000,0.00000000,0.00000000,0.00000000,0.00000000,0.00000000,-0.00100357,0.00094552,-0.00122352,0.00140816,-0.00057187,0.00086596,-0.00143389,0.00111386,-0.00023563,-0.00060938,0.00056331,-0.00062787,-0.00065357,0.00177063,0.00072018,-0.00156584
0.00030418,-0.00066386,0.00162701,-0.00176921,0.00101200,-0.00060262,0.00026150,-0.00046578,0.00206362,0.00070040,0.00115885,0.00118989,-0.00128216,0.00148110,0.00174517,-0.00204830,0.00131123,0.00150222,-0.00143931,-0.00024214,0.00158937,0.00133497,0.00187676,0.00212963,-0.00134975,0.00268337,0.00069524,0.00225345,-0.00007644,0.00029723,0.00151402,-0.00255313,0.00005008,0.00149162,0.00137677,-0.00205887,-0.00100061,-0.00067108,-0.00192540,0.00220181,0.00075374,0.00181614,0.00211820,-0.00123913,-0.00011253,0.00109246,0.00028985,0.00161594,-0.00182017,-0.00215084,-0.00057384,0.00214230,-0.00132413,0.00085593,-0.00144574,-0.00061280,-0.00035662,0.00149016,0.00151691,0.00120366,0.00210375,0.00048399,-0.00157014,-0.00105776,-0.00152153,-0.00022153,-0.00172140,-0.00164902,0.00031632,-0.00076031,0.00067551,0.00114005,0.00042444,0.00024135,-0.00130980,0.00181270,0.00069799,-0.00063514,0.00184209,-0.00093080,-0.00122257,0.00111147,-0.00197867,-0.00035872,0.00178022,-0.00119641,-0.00184567,0.00078124,0.00024267,0.00219155,0.00127011,0.00175934,0.00108933,0.00124177,0.00084019,-0.01358422,-0.00143903,0.00026096,0.00070272,-0.00038257,-0.00039512,0.00032717,-0.00123306,-0.00023324,0.00113167,0.00206844,0.00098419,0.00052763,-0.00061357,-0.00102012,0.00162344,0.00081683,0.00111133,0.00036849,0.00022855,0.00146792,0.00241711,-0.00142000,-0.00163299,0.00090841,0.00149793,0.00056820,0.00180244,-0.00015578,-0.00105103,-0.00038318,-0.00070393,-0.00183902,0.00000000,0.00000000,0.00000000,0.00000000,0.00000000,0.00000000,0.00000000,0.00000000,0.00000000,0.00000000,0.00000000,0.00000000,0.00000000,0.00000000,0.00000000,0.00000000,0.00000000,0.00000000,0.00000000,0.00000000,0.00000000,0.00000000,0.00000000,0.00000000,0.00000000,0.00000000,0.00000000,0.00000000,0.00000000,0.00000000,0.00000000,0.00000000,0.00000000,0.00000000,0.00000000,0.00000000,0.00000000,0.00000000,0.00000000,0.00000000,0.00000000,0.00000000,0.00000000,0.00000000,0.00000000,0.00000000,0.00000000,0.00000000,-0.00179216,0.00085186,-0.00152882,0.00083523,-0.00112434,0.00182616,-0.00213621,0.00103624,-0.00033024,-0.00184991,-0.00062992,-0.00106782,-0.00027057,0.00206991,0.00132995,-0.00129824
0.00056541,0.00062378,0.00299354,-0.00271734,0.00040591,-0.00185181,0.00058471,0.00021361,0.00344152,0.00163114,0.00301902,0.00266360,-0.00235027,0.00329746,0.00284271,-0.00214820,0.00348437,0.00358980,-0.00303752,-0.00042359,0.00226917,0.00212689,0.00276235,0.00209531,-0.00318100,0.00276923,0.00205734,0.00236928,-0.00029723,0.00299068,0.00316342,-0.00318458,-0.00016713,0.00258482,0.00298844,-0.00291149,-0.00162049,0.00057056,-0.00228954,0.00315089,0.00212118,0.00329767,0.00275872,-0.00157163,-0.00139506,0.00240270,0.00147538,0.00152468,-0.00192018,-0.00358441,-0.00255223,0.00247514,-0.00366165,0.00178719,-0.00293392,0.00112370,-0.00085699,0.00222687,0.00362745,0.00258435,0.00278068,0.00324526,-0.00268506,-0.00200120,-0.00144270,-0.00198065,-0.00331800,-0.00345766,0.00169909,-0.00179477,0.00288188,0.00309771,0.00165528,-0.00185554,-0.00292107,-0.00018569,0.00146282,-0.00228290,0.00153644,0.00049749,-0.00211830,0.00245211,-0.00271753,-0.00225414,0.00246259,-0.00059482,-0.00372430,0.00295807,-0.00069157,0.00176612,0.00261148,0.00238486,0.00274628,-0.00036510,0.00326624,0.00120083,-0.01471968,0.00186812,0.00146608,-0.00001256,-0.00138409,-0.00178220,-0.00279520,-0.00235884,0.00192339,0.00188654,0.00216814,0.00200112,-0.00231763,-0.00366205,0.00204548,-0.00033939,0.00099454,0.00119051,-0.00067494,0.00222940,-0.00011930,-0.00401979,-0.00300414,0.00303076,0.00036215,0.00211470,0.00372833,0.00043188,-0.00242913,0.00125931,-0.00289563,-0.00080070,0.00000000,0.00000000,0.00000000,0.00000000,0.00000000,0.00000000,0.00000000,0.00000000,0.00000000,0.00000000,0.00000000,0.00000000,0.00000000,0.00000000,0.00000000,0.00000000,0.00000000,0.00000000,0.00000000,0.00000000,0.00000000,0.00000000,0.00000000,0.00000000,0.00000000,0.00000000,0.00000000,0.00000000,0.00000000,0.00000000,0.00000000,0.00000000,0.00000000,0.00000000,0.00000000,0.00000000,0.00000000,0.00000000,0.00000000,0.00000000,0.00000000,0.00000000,0.00000000,0.00000000,0.00000000,0.00000000,0.00000000,0.00000000,-0.00281697,0.00043928,-0.00245119,0.00235949,-0.00276912,0.00314042,-0.00226067,0.00180405,-0.00102346,-0.00272521,0.00053328,-0.00265928,-0.00312804,0.00272436,0.00337908,-0.00243398
0.00056451,-0.00014514,-0.00052127,-0.00068419,0.00075265,0.00096528,0.00071214,0.00055004,0.00126726,-0.00020327,0.00054902,0.00023220,-0.00092879,0.00083779,0.00019218,-0.00008038,0.00065618,0.00107346,-0.00132874,-0.00079041,-0.00031131,0.00011170,0.00005749,-0.00032975,-0.00128025,0.00048531,0.00009446,0.00014253,-0.00097325,-0.00044789,0.00083169,-0.00066356,0.00000479,0.00017595,0.00105684,-0.00084476,-0.00150546,-0.00076985,-0.00070840,0.00036096,0.00067793,0.00101364,0.00079761,-0.00055210,-0.00017940,0.00002296,-0.00028924,0.00104489,-0.00125365,-0.00130959,-0.00032262,0.00133342,-0.00078911,0.00002150,0.00051833,-0.00070202,0.00066589,0.00127078,0.00053293,0.00015804,0.00049183,-0.00026738,-0.00099335,-0.00012500,0.00034453,0.00027714,-0.00022680,-0.00072694,0.00099901,0.00025510,-0.00040689,0.00007881,-0.00132087,0.00048860,-0.00146770,0.00050954,-0.00046923,-0.00073049,0.00158462,-0.00012328,-0.00090656,0.00114173,-0.00042523,-0.00072816,-0.00028648,-0.00157928,-0.00130245,0.00034648,0.00040251,0.00119510,0.00121281,0.00026772,0.00094481,0.00064195,0.00006923,-0.00104113,-0.00064903,-0.01524733,0.00027688,0.00057373,0.00033173,0.00070043,-0.00095704,0.00010041,0.00020226,0.00024683,-0.00060767,0.00037286,-0.00019539,-0.00032813,0.00009909,0.00016989,-0.00025424,-0.00012730,0.00005459,0.00008259,0.00157628,-0.00021785,-0.00106039,0.00071339,0.00036435,-0.00101298,0.00044491,0.00062026,-0.00053247,-0.00058789,0.00037151,-0.00039197,0.00000000,0.00000000,0.00000000,0.00000000,0.00000000,0.00000000,0.00000000,0.00000000,0.00000000,0.00000000,0.00000000,0.00000000,0.00000000,0.00000000,0.00000000,0.00000000,0.00000000,0.00000000,0.00000000,0.00000000,0.00000000,0.00000000,0.00000000,0.00000000,0.00000000,0.00000000,0.00000000,0.00000000,0.00000000,0.00000000,0.00000000,0.00000000,0.00000000,0.00000000,0.00000000,0.00000000,0.00000000,0.00000000,0.00000000,0.00000000,0.00000000,0.00000000,0.00000000,0.00000000,0.00000000,0.00000000,0.00000000,0.00000000,-0.00099583,0.00056849,-0.00088222,0.00054460,-0.00070555,0.00149195,-0.00090026,0.00077230,-0.00079247,-0.00015605,0.00016881,-0.00068498,-0.00100558,0.00099464,0.00136747,-0.00113919
-0.00004166,0.00034824,0.00037755,-0.00086563,-0.00009163,-0.00012444,0.00007614,0.00032136,0.00161031,-0.00034494,0.00099662,0.00049239,-0.00061176,0.00171534,0.00037974,-0.00108095,0.00137333,0.00122832,-0.00133813,-0.00038212,0.00101917,0.00122339,0.00055029,0.00132443,-0.00066332,0.00102636,0.00070671,0.00034342,-0.00137492,-0.00087257,0.00142115,-0.00130667,-0.00047566,0.00181707,0.00140327,-0.00085412,-0.00097837,-0.00019248,-0.00071600,0.00163771,0.00007184,0.00043341,0.00128153,-0.00074652,0.00011204,0.00077287,-0.00000363,0.00104675,-0.00117582,-0.00121532,-0.00075162,0.00080441,-0.00136384,0.00075051,-0.00016327,-0.00055391,0.00145813,0.00057974,0.00070354,0.00015419,0.00015970,0.00124342,-0.00128861,-0.00095781,-0.00052395,-0.00096803,-0.00107330,-0.00120251,0.00016598,-0.00076284,0.00057311,0.00142380,0.00069154,0.00081850,-0.00126952,0.00124642,0.00044801,-0.00099403,0.00164370,-0.00085200,-0.00170821,0.00072885,-0.00099816,-0.00095825,0.00078811,-0.00114399,-0.00092796,0.00110436,-0.00003463,0.00250236,0.00206009,0.00064552,0.00074778,0.00058282,0.00033937,-0.00096279,-0.00082398,0.00087704,-0.01414033,-0.00088678,0.00131832,0.00033033,-0.00065551,-0.00062239,0.00087635,0.00054091,0.00005208,0.00027673,0.00000456,-0.00027292,0.00142886,0.00041263,0.00100434,0.00155060,0.00057197,0.00092063,0.00177435,-0.00140539,-0.00057905,0.00081429,0.00000411,-0.00056006,0.00063080,0.00065065,-0.00110328,0.00013372,-0.00051690,-0.00128475,0.00000000,0.00000000,0.00000000,0.00000000,0.00000000,0.00000000,0.00000000,0.00000000,0.00000000,0.00000000,0.00000000,0.00000000,0.00000000,0.00000000,0.00000000,0.00000000,0.00000000,0.00000000,0.00000000,0.00000000,0.00000000,0.00000000,0.00000000,0.00000000,0.00000000,0.00000000,0.00000000,0.00000000,0.00000000,0.00000000,0.00000000,0.00000000,0.00000000,0.00000000,0.00000000,0.00000000,0.00000000,0.00000000,0.00000000,0.00000000,0.00000000,0.00000000,0.00000000,0.00000000,0.00000000,0.00000000,0.00000000,0.00000000,-0.00144831,0.00086230,-0.00083864,0.00022119,-0.00065888,0.00203875,-0.00161202,0.00127758,-0.00013792,-0.00097495,-0.00047760,-0.00121439,-0.00164705,0.00196227,0.00118890,-0.00146200
-0.00101215,0.00051465,0.00066216,-0.00054831,0.00001810,0.00005413,0.00019770,-0.00002918,0.00012127,0.00117302,0.00165402,-0.00057606,-0.00069564,0.00065920,0.00062669,-0.00000204,-0.00028898,-0.00043979,-0.00090706,-0.00036253,0.00014885,0.00091600,0.00014267,0.00014923,-0.00083108,-0.00008534,0.00011926,-0.00037045,-0.00013951,0.00108267,0.00115909,-0.00095930,-0.00025179,0.00014659,0.00044156,-0.00115925,-0.00041985,-0.00024385,-0.00038258,0.00033586,-0.00028999,0.00055811,0.00043817,-0.00030623,-0.00072157,0.00054861,0.00046804,0.00020895,0.00027598,-0.00085158,-0.00074048,0.00009534,-0.00060851,0.00088242,-0.00025589,0.00000503,-0.00014017,0.00096937,0.00036113,0.00082815,0.00047576,0.00074393,-0.00027007,-0.00131486,-0.00010219,-0.00011472,-0.00115133,-0.00050832,0.00005811,-0.00035630,0.00071501,0.00017179,0.00002662,0.00032737,-0.00061638,0.00041179,0.00047572,-0.00112188,-0.00001469,-0.00032214,-0.00116979,0.00081723,-0.00059047,-0.00072060,0.00017843,0.00064302,-0.00033515,0.00013342,-0.00043421,0.00036136,0.00104855,0.00054806,0.00048028,-0.00102588,0.00121160,-0.00018850,-0.00057026,0.00129393,-0.00030531,-0.01412722,0.00016911,-0.00008349,-0.00056963,-0.00006579,-0.00036664,0.00028791,0.00049849,0.00033932,-0.00017827,-0.00072592,0.00074609,0.00021804,0.00039078,0.00048356,-0.00039392,0.00038122,-0.00024076,-0.00049611,-0.00066537,0.00109305,0.00060257,0.00038042,-0.00034903,0.00035081,-0.00078696,-0.00025897,-0.00112934,0.00003101,0.00000000,0.00000000,0.00000000,0.00000000,0.00000000,0.00000000,0.00000000,0.00000000,0.00000000,0.00000000,0.00000000,0.00000000,0.00000000,0.00000000,0.00000000,0.00000000,0.00000000,0.00000000,0.00000000,0.00000000,0.00000000,0.00000000,0.00000000,0.00000000,0.00000000,0.00000000,0.00000000,0.00000000,0.00000000,0.00000000,0.00000000,0.00000000,0.00000000,0.00000000,0.00000000,0.00000000,0.00000000,0.00000000,0.00000000,0.00000000,0.00000000,0.00000000,0.00000000,0.00000000,0.00000000,0.00000000,0.00000000,0.00000000,0.00075417,0.00098467,-0.00076324,0.00070086,0.00045884,0.00039004,0.00020322,0.00067217,-0.00026343,-0.00010794,0.00069958,-0.00046801,-0.00033816,0.00033297,0.00070781,-0.00055584
-0.00068642,0.00035156,-0.00117564,0.00183639,-0.00089269,0.00062939,-0.00094075,0.00065724,-0.00187507,-0.00091794,-0.00156661,-0.00109865,0.00068007,-0.00171282,-0.00117531,0.00195565,-0.00177652,-0.00170659,0.00161186,0.00097065,-0.00119242,-0.00177746,-0.00110829,-0.00255591,0.00125062,-0.00196728,-0.00116519,-0.00140635,0.00148479,-0.00023758,-0.00224711,0.00181480,0.00018712,-0.00175542,-0.00169317,0.00249625,0.00150060,0.00011993,0.00155083,-0.00191100,-0.00085125,-0.00253995,-0.00183106,0.00163536,-0.00011673,-0.00185904,-0.00024633,-0.00174876,0.00192917,0.00235899,0.00147024,-0.00149015,0.00134934,-0.00133868,0.00144857,0.00001404,0.00034060,-0.00171632,-0.00204807,-0.00194935,-0.00184695,-0.00025695,0.00121036,0.00056434,0.00172367,0.00091140,0.00185055,0.00139098,-0.00089263,0.00055832,-0.00128038,-0.00065302,-0.00009868,-0.00019871,0.00176594,-0.00085009,-0.00140368,0.00139072,-0.00111182,0.00094553,0.00180508,-0.00167322,0.00102663,0.00158739,-0.00192036,0.00159502,0.00187832,-0.00074770,-0.00066861,-0.00164754,-0.00240751,-0.00184071,-0.00207991,-0.00221034,-0.00111181,0.00140762,0.00137640,-0.00080492,-0.00003322,0.00055866,-0.01288446,-0.00029278,0.00200810,0.00102960,-0.00024974,-0.00170618,-0.00101371,-0.00045181,0.00052132,0.00094299,-0.00200780,-0.00135714,-0.00209625,-0.00080775,-0.00116057,-0.00089036,-0.00290213,0.00184889,0.00218895,-0.00104494,0.00001751,0.00055908,-0.00176463,-0.00095003,0.00066923,-0.00049630,0.00020466,0.00145849,0.00000000,0.00000000,0.00000000,0.00000000,0.00000000,0.00000000,0.00000000,0.00000000,0.00000000,0.00000000,0.00000000,0.00000000,0.00000000,0.00000000,0.00000000,0.00000000,0.00000000,0.00000000,0.00000000,0.00000000,0.00000000,0.00000000,0.00000000,0.00000000,0.00000000,0.00000000,0.00000000,0.00000000,0.00000000,0.00000000,0.00000000,0.00000000,0.00000000,0.00000000,0.00000000,0.00000000,0.00000000,0.00000000,0.00000000,0.00000000,0.00000000,0.00000000,0.00000000,0.00000000,0.00000000,0.00000000,0.00000000,0.00000000,0.00254155,0.00006208,0.00239727,-0.00132767,0.00102398,-0.00226904,0.00115766,-0.00160174,0.00001032,0.00208083,0.00019813,0.00164287,0.00192801,-0.00222232,-0.00090438,0.00185566
-0.00055793,-0.00003992,-0.00234825,0.00204478,-0.00116115,0.00108085,-0.00018130,-0.00002511,-0.00220205,-0.00171171,-0.00254378,-0.00126807,0.00191677,-0.00252770,-0.00093289,0.00243064,-0.00253401,-0.00191460,0.00258040,0.00061495,-0.00195622,-0.00230116,-0.00221186,-0.00213728,0.00209799,-0.00175845,-0.00043229,-0.00157449,0.00106199,-0.00044699,-0.00276826,0.00286143,-0.00007800,-0.00231433,-0.00165579,0.00241469,0.00129652,-0.00117640,0.00223459,-0.00243341,-0.00148874,-0.00222249,-0.00251474,0.00152818,0.00064106,-0.00211742,-0.00018483,-0.00252243,0.00235020,0.00264125,0.00170912,-0.00257786,0.00239726,-0.00114439,0.00151489,-0.00030805,-0.00076821,-0.00155146,-0.00258749,-0.00233120,-0.00167917,-0.00108545,0.00165401,0.00208748,0.00132969,0.00066372,0.00216325,0.00182492,-0.00043359,0.00059975,-0.00125377,-0.00038126,-0.00142919,-0.00042532,0.00151097,-0.00027965,-0.00085643,0.00118880,-0.00134156,0.00106790,0.00202717,-0.00212385,0.00169938,0.00147973,-0.00182260,0.00060720,0.00239509,-0.00150936,-0.00113882,-0.00158402,-0.00189800,-0.00197812,-0.00199969,-0.00097323,-0.00147492,0.00088783,0.00054817,-0.00089661,-0.00113758,0.00033114,0.00092719,-0.01382218,0.00205301,0.00058481,-0.00126590,-0.00165526,-0.00079602,-0.00040231,0.00036223,0.00179490,-0.00301852,-0.00134840,-0.00135271,-0.00117530,-0.00035749,-0.00120862,-0.00094728,0.00191487,0.00241953,-0.00176019,-0.00135750,-0.00093413,-0.00240075,-0.00079266,0.00096788,-0.00004958,0.00112611,0.00108517,0.00000000,0.00000000,0.00000000,0.00000000,0.00000000,0.00000000,0.00000000,0.00000000,0.00000000,0.00000000,0.00000000,0.00000000,0.00000000,0.00000000,0.00000000,0.00000000,0.00000000,0.00000000,0.00000000,0.00000000,0.00000000,0.00000000,0.00000000,0.00000000,0.00000000,0.00000000,0.00000000,0.00000000,0.00000000,0.00000000,0.00000000,0.00000000,0.00000000,0.00000000,0.00000000,0.00000000,0.00000000,0.00000000,0.00000000,0.00000000,0.00000000,0.00000000,0.00000000,0.00000000,0.00000000,0.00000000,0.00000000,0.00000000,0.00257320,-0.00052622,0.00170268,-0.00092218,0.00179117,-0.00262757,0.00236153,-0.00200284,0.00060802,0.00203832,0.00076602,0.00151315,0.00183593,-0.00198713,-0.00258980,0.00280586
-0.00042348,-0.00014756,0.00010944,-0.00076003,-0.00084140,-0.00073249,-0.00121606,0.00040638,0.00020809,0.00007931,0.00073345,0.00013751,-0.00022365,0.00062246,0.00066902,0.00041693,0.00060455,0.00038436,-0.00004199,0.00008591,0.00076379,0.00062748,0.00019950,0.00072064,-0.00037136,-0.00001567,0.00056919,0.00144709,0.00051178,0.00031692,0.00133707,-0.00015974,-0.00060803,0.00022237,0.00008829,0.00042387,-0.00073224,0.00029916,0.00012569,0.00021706,0.00112145,0.00057653,0.00013978,0.00046646,-0.00060797,0.00011237,-0.00002287,-0.00043620,-0.00042414,0.00059457,-0.00060303,0.00036519,-0.00048964,0.00025329,-0.00060621,0.00017696,-0.00128921,0.00060155,0.00009562,0.00032456,0.00113426,0.00108590,-0.00123150,-0.00111955,-0.00072360,-0.00092728,-0.00024107,-0.00096982,0.00014106,-0.00026788,0.00025778,-0.00000081,0.00066104,-0.00137092,0.00004524,-0.00139818,0.00095111,-0.00040164,-0.00068506,0.00077043,-0.00084128,0.00048024,-0.00032884,-0.00029728,0.00068400,0.00037513,-0.00015795,0.00068242,-0.00106379,-0.00089288,-0.00049241,-0.00024892,-0.00027698,-0.00031050,0.00098889,0.00066852,-0.00014531,0.00012051,0.00041402,-0.00051578,-0.00044322,-0.00016963,-0.01410028,-0.00046874,0.00041459,0.00106453,0.00049595,0.00041189,-0.00067649,0.00007553,-0.00021189,-0.00126324,-0.00021121,0.00021165,-0.00089981,0.00065388,-0.00107618,-0.00056149,-0.00037421,0.00128236,0.00011303,0.00030735,0.00078853,0.00030539,-0.00011632,0.00117795,-0.00193066,0.00050939,0.00000000,0.00000000,0.00000000,0.00000000,0.00000000,0.00000000,0.00000000,0.00000000,0.00000000,0.00000000,0.00000000,0.00000000,0.00000000,0.00000000,0.00000000,0.00000000,0.00000000,0.00000000,0.00000000,0.00000000,0.00000000,0.00000000,0.00000000,0.00000000,0.00000000,0.00000000,0.00000000,0.00000000,0.00000000,0.00000000,0.00000000,0.00000000,0.00000000,0.00000000,0.00000000,0.00000000,0.00000000,0.00000000,0.00000000,0.00000000,0.00000000,0.00000000,0.00000000,0.00000000,0.00000000,0.00000000,0.00000000,0.00000000,0.00006509,-0.00012221,0.00058404,0.00040777,0.00068675,-0.00004534,0.00029876,-0.00003234,0.00010745,0.00008961,0.00047101,-0.00033951,-0.00055069,-0.00048931,-0.00025799,-0.00061284
-0.00100099,0.00022825,-0.00022880,0.00082788,-0.00104804,0.00026111,-0.00016777,0.00005859,-0.00162232,-0.00081993,-0.00083809,-0.00085525,0.00125019,-0.00157597,-0.00092241,0.00160458,-0.00064323,-0.00129371,0.00118519,0.00112185,-0.00105132,-0.00056415,-0.00164836,-0.00047377,0.00129270,-0.00213133,0.00002004,-0.00119975,0.00125319,-0.00078577,-0.00134646,0.00136369,0.00026970,-0.00145188,-0.00169103,0.00108824,0.00052635,-0.00022666,0.00081970,-0.00074027,-0.00131212,-0.00154957,-0.00096453,0.00017520,0.00036719,-0.00112761,0.00130326,-0.00145721,0.00119658,0.00217614,0.00031027,-0.00135218,0.00087669,-0.00017152,0.00118807,0.00034983,-0.00052483,0.00007844,-0.00060734,-0.00028036,-0.00096610,-0.00105433,0.00014397,0.00117313,0.00037630,0.00031706,0.00080649,0.00115294,-0.00065324,-0.00001384,-0.00059854,-0.00051465,0.00008970,-0.00027950,0.00190122,-0.00145278,-0.00002651,0.00111162,-0.00157984,0.00144830,0.00024477,-0.00128285,0.00215550,-0.00000138,-0.00089909,0.00132613,0.00128874,-0.00053650,-0.00135824,-0.00136087,-0.00164919,-0.00138267,-0.00123722,-0.00116002,-0.00072712,0.00035664,0.00081023,-0.00029072,-0.00109388,0.00057189,-0.00013817,-0.00088103,0.00101712,-0.01334549,-0.00055015,-0.00016869,-0.00059042,-0.00010826,0.00110184,0.00043228,-0.00105403,-0.00172118,-0.00124761,-0.00072035,-0.00079674,-0.00111961,-0.00058074,0.00117770,0.00097044,-0.00147709,-0.00048705,-0.00004163,-0.00118730,-0.00195527,0.00019962,0.00041393,-0.00012942,0.00073944,0.00000000,0.00000000,0.00000000,0.00000000,0.00000000,0.00000000,0.00000000,0.00000000,0.00000000,0.00000000,0.00000000,0.00000000,0.00000000,0.00000000,0.00000000,0.00000000,0.00000000,0.00000000,0.00000000,0.00000000,0.00000000,0.00000000,0.00000000,0.00000000,0.00000000,0.00000000,0.00000000,0.00000000,0.00000000,0.00000000,0.00000000,0.00000000,0.00000000,0.00000000,0.00000000,0.00000000,0.00000000,0.00000000,0.00000000,0.00000000,0.00000000,0.00000000,0.00000000,0.00000000,0.00000000,0.00000000,0.00000000,0.00000000,0.00115904,-0.00016615,0.00101497,-0.00049282,0.00119197,-0.00091257,0.00069258,-0.00137029,0.00015737,0.00052676,0.00022211,0.00050259,0.00133507,-0.00160554,-0.00018870,0.00138200
0.00041547,-0.00057304,-0.00034657,-0.00081176,0.00017242,-0.00018659,0.00039769,-0.00012889,0.00026369,-0.00001690,0.00101832,-0.00026903,0.00008687,0.00080880,0.00037411,-0.00011556,0.00092072,-0.00027828,-0.00069549,-0.00030364,-0.00012489,0.00035940,0.00010847,-0.00064011,-0.00096204,0.00161104,0.00031619,-0.00023559,-0.00037559,0.00037750,0.00025632,-0.00047527,-0.00009883,0.00035523,0.00098002,0.00014938,-0.00056319,0.00006563,-0.00014782,-0.00013118,0.00011528,0.00097108,0.00115268,-0.00018562,-0.00015237,0.00074818,0.00046757,0.00050655,-0.00130786,-0.00060658,-0.00088876,-0.00009668,-0.00073127,-0.00077117,-0.00020789,-0.00001080,0.00139469,-0.00061790,0.00150973,-0.00017056,-0.00010515,-0.00003868,-0.00094784,-0.00028578,-0.00027032,0.00089075,-0.00041514,-0.00093026,0.00011875,-0.00106919,0.00070582,0.00131612,-0.00043940,0.00005510,-0.00085107,0.00046551,0.00060630,0.00007568,0.00133389,-0.00030380,-0.00048277,0.00066004,-0.00059906,-0.00086147,0.00002606,-0.00075283,-0.00154263,-0.00012154,-0.00002090,0.00092921,0.00075753,-0.00050303,0.00085957,0.00089432,-0.00053810,-0.00000989,-0.00071673,0.00037000,-0.00028038,-0.00090165,0.00042459,-0.00011169,-0.00056085,-0.00089352,-0.01414659,0.00003098,-0.00116126,0.00018243,-0.00046834,-0.00046459,0.00035410,-0.00003044,0.00053281,0.00047932,0.00068907,0.00068773,0.00011525,-0.00036561,-0.00034678,0.00033819,-0.00065567,-0.00095260,0.00142990,-0.00018922,-0.00063931,-0.00051769,-0.00033620,-0.00061537,0.00000000,0.00000000,0.00000000,0.00000000,0.00000000,0.00000000,0.00000000,0.00000000,0.00000000,0.00000000,0.00000000,0.00000000,0.00000000,0.00000000,0.00000000,0.00000000,0.00000000,0.00000000,0.00000000,0.00000000,0.00000000,0.00000000,0.00000000,0.00000000,0.00000000,0.00000000,0.00000000,0.00000000,0.00000000,0.00000000,0.00000000,0.00000000,0.00000000,0.00000000,0.00000000,0.00000000,0.00000000,0.00000000,0.00000000,0.00000000,0.00000000,0.00000000,0.00000000,0.00000000,0.00000000,0.00000000,0.00000000,0.00000000,0.00012502,0.00023702,-0.00010982,0.00029295,0.00039875,0.00131208,0.00013230,0.00087498,0.00010862,-0.00010544,0.00088418,-0.00063399,-0.00061146,0.00041394,0.00052359,-0.00107583
-0.00057165,-0.00068024,-0.00027634,-0.00011399,0.00111709,0.00053908,0.00096418,-0.00130683,0.00075788,-0.00067910,0.00003366,0.00044879,-0.00028944,0.00030494,0.00030358,0.00049632,0.00044461,0.00045231,-0.00103519,-0.00049201,0.00056114,-0.00021598,0.00012402,-0.00011137,-0.00091561,0.00056881,-0.00104143,-0.00075910,-0.00144592,-0.00019409,0.00088325,-0.00078292,-0.00008016,0.00093153,0.00063514,-0.00026771,0.00004981,0.00073986,-0.00021161,-0.00035504,0.00028249,0.00104239,0.00010472,-0.00090944,0.00107140,-0.00016717,-0.00029659,0.00018826,-0.00043404,-0.00020406,0.00041354,0.00055625,0.00018851,-0.00056861,0.00029267,-0.00076601,0.00041244,-0.00110550,-0.00076890,-0.00082070,-0.00035500,0.00094983,0.00011271,0.00013534,0.00015335,0.00048188,-0.00009984,0.00010127,0.00041454,-0.00042961,-0.00050060,-0.00023703,-0.00077870,0.00075128,-0.00071803,0.00233311,-0.00113180,0.00029029,0.00123891,-0.00102968,0.00063593,0.00042523,0.00005681,0.00042742,0.00011383,-0.00098990,-0.00096151,0.00040293,0.00077536,0.00058150,0.00111987,-0.00040006,0.00111355,0.00086174,-0.00043147,-0.00072187,-0.00146988,-0.00021303,-0.00075399,0.00005489,0.00073836,0.00131636,-0.00012939,0.00113458,-0.00050367,-0.01538050,-0.00013731,-0.00024622,-0.00047003,-0.00032113,0.00025835,0.00008719,0.00128369,-0.00021051,0.00042796,-0.00060487,0.00157179,0.00008667,-0.00053085,-0.00063583,0.00028888,-0.00034514,-0.00047630,0.00100364,0.00042618,-0.00116009,0.00121007,-0.00135197,0.00000000,0.00000000,0.00000000,0.00000000,0.00000000,0.00000000,0.00000000,0.00000000,0.00000000,0.00000000,0.00000000,0.00000000,0.00000000,0.00000000,0.00000000,0.00000000,0.00000000,0.00000000,0.00000000,0.00000000,0.00000000,0.00000000,0.00000000,0.00000000,0.00000000,0.00000000,0.00000000,0.00000000,0.00000000,0.00000000,0.00000000,0.00000000,0.00000000,0.00000000,0.00000000,0.00000000,0.00000000,0.00000000,0.00000000,0.00000000,0.00000000,0.00000000,0.00000000,0.00000000,0.00000000,0.00000000,0.00000000,0.00000000,-0.00025408,-0.00040983,-0.00050219,0.00058997,-0.00166587,0.00164080,-0.00066651,0.00017861,0.00014824,-0.00066918,-0.00015881,-0.00079956,-0.00071700,0.00090845,0.00048007,-0.00083885
0.00067819,-0.00016823,0.00114357,-0.00129052,0.00142324,-0.00091183,0.00100094,-0.00001340,0.00207000,0.00106158,0.00234076,0.00078725,-0.00243132,0.00254565,0.00153926,-0.00170627,0.00193827,0.00230694,-0.00226560,-0.00042254,0.00125698,0.00148077,0.00169821,0.00183683,-0.00193355,0.00204346,0.00060165,0.00123357,-0.00233548,0.00093375,0.00206890,-0.00267323,-0.00031684,0.00171388,0.00187771,-0.00162020,-0.00067370,-0.00059172,-0.00197103,0.00139178,0.00094109,0.00201588,0.00225332,-0.00067929,-0.00139524,0.00162984,0.00018186,0.00259371,-0.00197593,-0.00247903,-0.00204440,0.00207220,-0.00201308,0.00120217,-0.00110236,-0.00065098,0.00059866,0.00130088,0.00207165,0.00163702,0.00195093,0.00100819,-0.00191945,-0.00132688,-0.00114093,-0.00084780,-0.00164378,-0.00240870,0.00102372,-0.00088594,0.00147351,0.00137738,0.00075125,0.00004158,-0.00216705,0.00155205,0.00129154,-0.00168585,0.00258567,-0.00129295,-0.00189261,0.00153973,-0.00178025,-0.00138080,0.00137128,-0.00195370,-0.00191322,0.00177624,0.00093777,0.00183928,0.00248129,0.00119814,0.00179017,0.00149479,0.00075336,-0.00079640,-0.00161967,0.00098223,0.00036268,-0.00064377,0.00002853,0.00064064,-0.00210563,-0.00104103,0.00055476,0.00254133,-0.01145711,0.00085340,-0.00098774,-0.00150410,0.00292298,0.00091943,0.00148919,0.00157309,0.00085985,0.00131238,0.00187541,-0.00178387,-0.00187571,0.00225561,0.00042847,-0.00021259,0.00184749,0.00198017,-0.00161895,-0.00028918,-0.00176029,-0.00139699,0.00000000,0.00000000,0.00000000,0.00000000,0.00000000,0.00000000,0.00000000,0.00000000,0.00000000,0.00000000,0.00000000,0.00000000,0.00000000,0.00000000,0.00000000,0.00000000,0.00000000,0.00000000,0.00000000,0.00000000,0.00000000,0.00000000,0.00000000,0.00000000,0.00000000,0.00000000,0.00000000,0.00000000,0.00000000,0.00000000,0.00000000,0.00000000,0.00000000,0.00000000,0.00000000,0.00000000,0.00000000,0.00000000,0.00000000,0.00000000,0.00000000,0.00000000,0.00000000,0.00000000,0.00000000,0.00000000,0.00000000,0.00000000,-0.00215724,0.00025280,-0.00147799,0.00187591,-0.00136169,0.00248888,-0.00181731,0.00154571,-0.00023135,-0.00118401,-0.00022167,-0.00175689,-0.00198090,0.00223718,0.00179154,-0.00259696
0.00055807,0.00008040,-0.00018208,0.00006028,0.00064866,0.00077026,0.00082287,-0.00038430,0.00117439,-0.00036006,0.00001271,0.00012055,-0.00057461,-0.00006065,-0.00081271,0.00016524,0.00084384,-0.00043431,-0.00056178,-0.00089021,-0.00011946,-0.00051477,0.00048575,-0.00053314,0.00020872,-0.00031506,-0.00061831,0.00008879,-0.00049637,-0.00022803,0.00028202,-0.00035297,-0.00039534,0.00041091,0.00022322,-0.00022904,0.00052728,-0.00070375,-0.00036840,-0.00028371,-0.00081307,-0.00013432,0.00026178,0.00032107,0.00013377,-0.00038937,-0.00023796,-0.00007323,0.00035477,0.00046232,0.00040559,0.00112635,0.00025941,0.00006936,0.00036419,0.00043357,0.00120899,-0.00057758,0.00016833,-0.00072948,0.00006243,-0.00018093,0.00038213,-0.00012950,0.00069755,0.00092402,0.00060945,-0.00030251,0.00042766,0.00014735,-0.00012852,0.00024406,-0.00051425,0.00016214,-0.00048557,0.00116718,-0.00096195,0.00055575,0.00112913,-0.00042649,0.00025129,0.00054807,-0.00009083,-0.00000593,0.00060507,-0.00089072,-0.00053517,0.00052965,0.00105304,0.00007521,0.00100728,0.00126662,-0.00048349,0.00162969,-0.00028685,-0.00051219,-0.00100217,-0.00012360,-0.00070644,-0.00035698,0.00037936,0.00118014,-0.00052405,0.00081790,-0.00032917,0.00017999,-0.00132347,-0.01439855,0.00002544,0.00005081,-0.00002549,0.00047504,0.00116546,-0.00077276,0.00045755,-0.00015187,0.00159989,-0.00008045,-0.00120079,0.00057401,-0.00031859,-0.00036064,0.00016325,0.00072649,-0.00011662,-0.00107892,0.00163577,-0.00157236,0.00000000,0.00000000,0.00000000,0.00000000,0.00000000,0.00000000,0.00000000,0.00000000,0.00000000,0.00000000,0.00000000,0.00000000,0.00000000,0.00000000,0.00000000,0.00000000,0.00000000,0.00000000,0.00000000,0.00000000,0.00000000,0.00000000,0.00000000,0.00000000,0.00000000,0.00000000,0.00000000,0.00000000,0.00000000,0.00000000,0.00000000,0.00000000,0.00000000,0.00000000,0.00000000,0.00000000,0.00000000,0.00000000,0.00000000,0.00000000,0.00000000,0.00000000,0.00000000,0.00000000,0.00000000,0.00000000,0.00000000,0.00000000,-0.00064588,-0.00042553,-0.00043903,-0.00029395,-0.00013384,0.00137227,-0.00041993,-0.00008470,0.00029237,-0.00124240,-0.00035593,-0.00038978,0.00001787,0.00044996,0.00023414,-0.00023516
0.00021614,0.00026220,0.00089527,0.00038583,-0.00054292,-0.00024962,0.00041758,0.00015891,0.00024400,0.00013304,-0.00001092,-0.00059261,-0.00033597,-0.00064067,-0.00029374,-0.00027288,0.00008075,-0.00023400,-0.00013108,0.00119581,0.00047917,-0.00024378,-0.00015454,0.00064616,0.00014090,0.00014657,0.00128400,-0.00031393,0.00047605,0.00076397,-0.00038874,-0.00018034,0.00068972,-0.00063517,0.00074122,0.00022158,-0.00130509,-0.00023323,0.00042517,0.00024734,0.00031821,0.00052645,0.00060606,-0.00012622,-0.00033533,-0.00000302,0.00038143,0.00071305,-0.00065306,0.00030217,-0.00017461,-0.00008840,-0.00034714,0.00051666,0.00023861,0.00024251,-0.00081972,0.00124425,0.00028288,-0.00020891,0.00032289,0.00114865,-0.00033133,0.00003454,-0.00105517,-0.00044918,-0.00039997,-0.00073444,-0.00010920,-0.00125384,0.00077830,-0.00068495,0.00048999,0.00021501,0.00028712,-0.00135358,0.00008881,-0.00043254,-0.00069068,0.00131095,-0.00043583,-0.00062522,-0.00011345,-0.00004697,0.00014292,0.00027286,-0.00047384,0.00056055,-0.00043571,-0.00087589,-0.00081840,-0.00014246,0.00079349,-0.00116605,0.00058893,0.00087143,0.00122267,-0.00007175,0.00062560,0.00037230,-0.00076823,-0.00122826,0.00015659,-0.00014264,0.00009929,-0.00013334,0.00102999,-0.00018257,-0.01580794,-0.00026120,0.00019409,-0.00097712,-0.00106350,0.00031754,-0.00077134,0.00101792,-0.00102891,0.00049034,0.00006521,0.00139300,0.00055432,0.00056817,0.00031876,-0.00016563,-0.00118431,0.00090479,-0.00050229,0.00038306,0.00000000,0.00000000,0.00000000,0.00000000,0.00000000,0.00000000,0.00000000,0.00000000,0.00000000,0.00000000,0.00000000,0.00000000,0.00000000,0.00000000,0.00000000,0.00000000,0.00000000,0.00000000,0.00000000,0.00000000,0.00000000,0.00000000,0.00000000,0.00000000,0.00000000,0.00000000,0.00000000,0.00000000,0.00000000,0.00000000,0.00000000,0.00000000,0.00000000,0.00000000,0.00000000,0.00000000,0.00000000,0.00000000,0.00000000,0.00000000,0.00000000,0.00000000,0.00000000,0.00000000,0.00000000,0.00000000,0.00000000,0.00000000,0.00020743,-0.00029688,0.00037645,0.00009342,0.00024169,0.00067445,0.00067126,-0.00036328,0.00019082,-0.00080771,-0.00009140,0.00004904,0.00035530,-0.00059679,-0.00030930,-0.00046400
-0.00042112,0.00178734,0.00028845,0.00067304,-0.00102140,-0.00056103,-0.00122322,0.00092916,-0.00089565,0.00048794,-0.00059325,-0.00149236,0.00043891,-0.00100574,-0.00056303,0.00031712,0.00018172,-0.00072055,0.00078299,0.00174973,-0.00024677,0.00021746,-0.00093332,-0.00000873,0.00042250,-0.00104521,-0.00067655,-0.00034366,0.00078257,0.00026486,-0.00081244,0.00103324,0.00094174,-0.00040925,-0.00014893,0.00022583,0.00018885,0.00068766,0.00068664,-0.00066547,-0.00089059,-0.00041398,-0.00046431,-0.00036109,-0.00097740,-0.00090549,0.00035747,-0.00073303,0.00090507,0.00116662,-0.00005215,-0.00075214,0.00029879,0.00052778,0.00042260,0.00203539,-0.00125560,0.00032327,-0.00100132,0.00009700,-0.00041250,0.00017819,-0.00038123,-0.00044187,-0.00050379,0.00009726,0.00029916,0.00057071,-0.00131786,-0.00165984,-0.00084228,-0.00121623,0.00082191,-0.00026050,0.00097781,-0.00175788,0.00043256,0.00017942,-0.00205665,0.00237198,-0.00002188,-0.00108898,0.00103209,0.00060960,-0.00038024,0.00230646,0.00103759,-0.00028371,-0.00138299,-0.00267807,-0.00150103,-0.00036150,-0.00041072,-0.00180927,0.00000618,0.00108434,0.00121749,0.00026497,0.00092630,0.00027527,-0.00207701,-0.00099527,0.00173750,-0.00109978,-0.00027180,-0.00060375,0.00149675,-0.00056953,0.00060338,-0.00947351,-0.00033740,-0.00119353,-0.00114068,0.00008368,-0.00155314,-0.00028783,-0.00278578,0.00091224,0.00014469,-0.00022671,-0.00001985,0.00059513,-0.00002746,-0.00154287,0.00038644,0.00190033,-0.00099588,0.00134128,0.00000000,0.00000000,0.00000000,0.00000000,0.00000000,0.00000000,0.00000000,0.00000000,0.00000000,0.00000000,0.00000000,0.00000000,0.00000000,0.00000000,0.00000000,0.00000000,0.00000000,0.00000000,0.00000000,0.00000000,0.00000000,0.00000000,0.00000000,0.00000000,0.00000000,0.00000000,0.00000000,0.00000000,0.00000000,0.00000000,0.00000000,0.00000000,0.00000000,0.00000000,0.00000000,0.00000000,0.00000000,0.00000000,0.00000000,0.00000000,0.00000000,0.00000000,0.00000000,0.00000000,0.00000000,0.00000000,0.00000000,0.00000000,0.00153635,-0.00096586,0.00099721,-0.00128376,0.00109891,-0.00099750,0.00117109,-0.00108391,0.00009873,0.00192694,0.00000590,0.00041050,0.00070958,-0.00133108,-0.00147594,0.00106486
0.00053462,-0.00022037,-0.00028272,-0.00086484,0.00050410,-0.00039740,0.00071811,0.00005679,-0.00012573,-0.00095253,0.00145950,-0.00013058,0.00007987,0.00041364,-0.00006992,-0.00012879,-0.00012537,0.00068376,-0.00124626,-0.00091645,-0.00056345,-0.00007559,-0.00016542,-0.00064945,-0.00037906,0.00057323,-0.00009390,-0.00088378,-0.00153355,-0.00038956,0.00109777,-0.00057305,-0.00068089,0.00099794,0.00014386,-0.00019168,0.00116447,-0.00023160,-0.00034636,0.00003649,0.00056014,0.00029639,0.00110627,0.00017448,0.00089065,0.00055606,-0.00076105,0.00056805,-0.00069230,0.00014875,0.00002099,-0.00005465,0.00085565,0.00004345,0.00004616,-0.00009989,0.00164045,-0.00081977,0.00019417,-0.00108867,-0.00028478,0.00025039,-0.00039550,0.00063079,0.00030751,0.00147536,-0.00057493,0.00038139,0.00009826,0.00034914,0.00120534,0.00035465,0.00005158,0.00067456,-0.00149427,0.00100190,-0.00067724,0.00019824,0.00026874,-0.00090207,-0.00021662,0.00022289,-0.00081574,-0.00022901,-0.00070777,-0.00175393,-0.00052379,0.00049041,0.00054889,0.00150293,0.00092789,-0.00033653,-0.00045519,0.00113049,0.00071596,-0.00033005,-0.00183682,-0.00088121,0.00001471,0.00004015,0.00040892,-0.00064227,-0.00101868,0.00037929,-0.00012307,-0.00015078,0.00024082,-0.00026154,-0.00021876,-0.00001096,-0.01290987,0.00039617,0.00106447,0.00040233,0.00088007,0.00030819,0.00110898,-0.00052615,-0.00028599,0.00042020,-0.00086290,-0.00074644,0.00024999,0.00103521,-0.00011114,-0.00134280,0.00002687,-0.00081373,0.00000000,0.00000000,0.00000000,0.00000000,0.00000000,0.00000000,0.00000000,0.00000000,0.00000000,0.00000000,0.00000000,0.00000000,0.00000000,0.00000000,0.00000000,0.00000000,0.00000000,0.00000000,0.00000000,0.00000000,0.00000000,0.00000000,0.00000000,0.00000000,0.00000000,0.00000000,0.00000000,0.00000000,0.00000000,0.00000000,0.00000000,0.00000000,0.00000000,0.00000000,0.00000000,0.00000000,0.00000000,0.00000000,0.00000000,0.00000000,0.00000000,0.00000000,0.00000000,0.00000000,0.00000000,0.00000000,0.00000000,0.00000000,-0.00009940,-0.00044269,-0.00040818,0.00050155,-0.00052662,0.00150974,-0.00079016,0.00001781,-0.00030409,-0.00057846,0.00021446,-0.00130982,-0.00063973,0.00081637,0.00094667,-0.00040194
-0.00009393,0.00021798,-0.00159158,0.00170150,0.00000406,0.00180135,-0.00006047,0.00044899,-0.00227370,-0.00107587,-0.00107895,-0.00203145,0.00122239,-0.00140057,-0.00153839,0.00132998,-0.00218844,-0.00124850,0.00122665,0.00048012,-0.00158652,-0.00191256,-0.00178735,-0.00161277,0.00207148,-0.00235090,-0.00090634,-0.00155397,0.00013080,-0.00145533,-0.00234559,0.00112526,-0.00015433,-0.00134734,-0.00160636,0.00197861,0.00024843,-0.00071317,0.00160283,-0.00184829,-0.00082473,-0.00268803,-0.00166210,0.00075398,0.00069094,-0.00111704,0.00052245,-0.00101100,0.00114464,0.00163957,0.00213662,-0.00195363,0.00172452,-0.00150573,0.00086733,-0.00073642,0.00004403,-0.00161720,-0.00172850,-0.00169868,-0.00206856,-0.00190457,0.00075092,0.00140845,0.00083614,0.00120451,0.00189933,0.00206189,-0.00039329,0.00086077,-0.00157831,-0.00043661,-0.00073840,0.00061480,0.00184482,-0.00037252,-0.00174230,0.00125788,-0.00061178,0.00016149,0.00135575,-0.00156682,0.00193856,0.00170801,-0.00177998,0.00083486,0.00145193,-0.00211671,-0.00002772,-0.00126463,-0.00079975,-0.00086743,-0.00151307,-0.00028753,-0.00132147,-0.00036933,-0.00020701,-0.00138529,-0.00130238,-0.00012326,0.00088498,-0.00031555,0.00028448,0.00043969,-0.00083541,-0.00196571,-0.00109465,-0.00038515,0.00103010,0.00187941,-0.00136329,-0.01356842,-0.00121918,-0.00124273,-0.00145034,-0.00133792,-0.00026556,0.00104211,0.00207590,-0.00130325,-0.00039007,-0.00125786,-0.00213169,-0.00050938,0.00085362,-0.00082121,0.00105677,0.00056224,0.00000000,0.00000000,0.00000000,0.00000000,0.00000000,0.00000000,0.00000000,0.00000000,0.00000000,0.00000000,0.00000000,0.00000000,0.00000000,0.00000000,0.00000000,0.00000000,0.00000000,0.00000000,0.00000000,0.00000000,0.00000000,0.00000000,0.00000000,0.00000000,0.00000000,0.00000000,0.00000000,0.00000000,0.00000000,0.00000000,0.00000000,0.00000000,0.00000000,0.00000000,0.00000000,0.00000000,0.00000000,0.00000000,0.00000000,0.00000000,0.00000000,0.00000000,0.00000000,0.00000000,0.00000000,0.00000000,0.00000000,0.00000000,0.00165453,-0.00040668,0.00102290,-0.00073652,0.00133818,-0.00219312,0.00038336,-0.00090785,-0.00014347,0.00157588,-0.00004116,0.00085008,0.00167590,-0.00047885,-0.00214673,0.00200314
-0.00062682,-0.00019878,-0.00097418,0.00141758,-0.00159184,0.00051270,-0.00110075,0.00063523,-0.00187657,-0.00125794,-0.00062117,-0.00063483,0.00001314,-0.00083381,-0.00043813,0.00098424,-0.00098127,0.00002433,0.00067021,-0.00067889,-0.00194735,-0.00082160,-0.00072951,-0.00161230,0.00082397,-0.00114791,-0.00009945,-0.00002843,-0.00080992,-0.00068593,-0.00091071,0.00102789,-0.00006812,-0.00029074,-0.00043535,0.00088906,-0.00035283,-0.00124636,0.00074051,-0.00168939,-0.00003725,-0.00189505,-0.00103521,0.00037579,0.00052900,-0.00115244,-0.00043682,-0.00024553,0.00054910,0.00125196,0.00087664,-0.00073878,0.00064541,-0.00105015,0.00139922,-0.00019215,0.00101305,-0.00070923,-0.00117037,-0.00150537,-0.00089212,-0.00081662,0.00048163,0.00035881,0.00164054,0.00027903,0.00195801,0.00109485,0.00065838,0.00100350,-0.00026367,0.00015441,-0.00025037,0.00112462,-0.00025546,0.00005999,-0.00037788,-0.00035430,0.00027713,0.00064694,0.00054410,-0.00036879,0.00073763,0.00013545,-0.00102579,-0.00072877,0.00086540,-0.00096242,-0.00091174,-0.00051189,-0.00061432,-0.00162945,-0.00033502,-0.00067831,-0.00124362,-0.00007141,-0.00026534,-0.00122483,-0.00093603,-0.00060254,0.00122843,0.00071433,0.00078422,0.00031258,0.00024280,-0.00103601,-0.00196966,0.00078311,-0.00060898,0.00136265,-0.00063564,-0.00032288,-0.01497488,-0.00023672,0.00029510,-0.00167318,0.00063942,-0.00000331,0.00112359,0.00011739,0.00033451,-0.00045528,-0.00139492,-0.00051730,0.00057716,-0.00100262,0.00092281,0.00086898,0.00000000,0.00000000,0.00000000,0.00000000,0.00000000,0.00000000,0.00000000,0.00000000,0.00000000,0.00000000,0.00000000,0.00000000,0.00000000,0.00000000,0.00000000,0.00000000,0.00000000,0.00000000,0.00000000,0.00000000,0.00000000,0.00000000,0.00000000,0.00000000,0.00000000,0.00000000,0.00000000,0.00000000,0.00000000,0.00000000,0.00000000,0.00000000,0.00000000,0.00000000,0.00000000,0.00000000,0.00000000,0.00000000,0.00000000,0.00000000,0.00000000,0.00000000,0.00000000,0.00000000,0.00000000,0.00000000,0.00000000,0.00000000,0.00083621,0.00041455,0.00096824,-0.00094195,-0.00039711,-0.00077433,0.00057088,-0.00001624,0.00059392,0.00033884,-0.00031273,0.00057908,-0.00026513,-0.00105698,-0.00019753,0.00078069
-0.00015759,-0.00080590,-0.00013818,0.00010690,0.00089468,0.00024481,0.00068483,-0.00085214,0.00095846,-0.00030016,0.00069487,0.00038477,-0.00029071,0.00000975,-0.00058423,-0.00091665,0.00038943,-0.00013503,-0.00056546,-0.00081170,0.00033121,0.00001971,0.00067746,-0.00026250,-0.00045325,0.00044336,0.00012369,0.00016651,-0.00117909,-0.00102550,0.00030386,-0.00108545,-0.00061043,0.00031858,-0.00021205,-0.00044252,0.00037537,-0.00053407,0.00034668,-0.00052978,0.00031154,-0.00026952,0.00102871,0.00091440,0.00028614,0.00056455,0.00034635,0.00018675,-0.00088306,-0.00070960,0.00047246,-0.00015203,-0.00013948,0.00047795,-0.00070679,-0.00132921,0.00133404,-0.00106263,0.00041686,-0.00106667,0.00047023,-0.00026748,0.00078120,-0.00023838,0.00012357,0.00096891,-0.00023347,-0.00068606,0.00059814,0.00143993,0.00030007,0.00057905,-0.00075191,0.00092909,-0.00109226,0.00098753,-0.00048980,-0.00064163,0.00106637,-0.00085072,-0.00010909,0.00015841,0.00008224,0.00069530,0.00012132,-0.00197444,-0.00051373,0.00048515,0.00026111,0.00068697,0.00105407,-0.00065348,0.00091520,0.00096527,0.00036943,-0.00158648,-0.00223140,-0.00105465,0.00068803,-0.00085275,0.00139392,0.00093100,-0.00071637,0.00037161,0.00010732,0.00001487,-0.00055779,-0.00054625,0.00065133,0.00017265,0.00035684,0.00052871,0.00108110,-0.01478924,0.00064235,-0.00022360,0.00082710,-0.00074499,0.00006025,-0.00066677,-0.00025998,-0.00057632,0.00037207,0.00044547,-0.00052011,-0.00104808,0.00124750,-0.00097202,0.00000000,0.00000000,0.00000000,0.00000000,0.00000000,0.00000000,0.00000000,0.00000000,0.00000000,0.00000000,0.00000000,0.00000000,0.00000000,0.00000000,0.00000000,0.00000000,0.00000000,0.00000000,0.00000000,0.00000000,0.00000000,0.00000000,0.00000000,0.00000000,0.00000000,0.00000000,0.00000000,0.00000000,0.00000000,0.00000000,0.00000000,0.00000000,0.00000000,0.00000000,0.00000000,0.00000000,0.00000000,0.00000000,0.00000000,0.00000000,0.00000000,0.00000000,0.00000000,0.00000000,0.00000000,0.00000000,0.00000000,0.00000000,-0.00066377,0.00029388,-0.00035069,0.00033675,-0.00028877,0.00047073,-0.00041068,0.00077704,0.00061307,-0.00065811,0.00005303,-0.00048276,-0.00004179,0.00135670,0.00081183,-0.00061325
-0.00101025,-0.00074859,-0.00193637,0.00252531,-0.00048902,0.00137978,-0.00103427,0.00008834,-0.00238404,-0.00258220,-0.00218096,-0.00156846,0.00199561,-0.00236283,-0.00256200,0.00229706,-0.00222096,-0.00227013,0.00226676,0.00063206,-0.00174231,-0.00243138,-0.00196286,-0.00277343,0.00312748,-0.00209877,-0.00154472,-0.00198073,0.00102680,-0.00121533,-0.00305282,0.00244888,-0.00011760,-0.00222434,-0.00189472,0.00184354,0.00183001,-0.00059622,0.00238989,-0.00203838,-0.00242449,-0.00282472,-0.00248450,0.00097901,0.00164332,-0.00196469,-0.00090507,-0.00227115,0.00225573,0.00213521,0.00243423,-0.00272346,0.00234441,-0.00040225,0.00152821,-0.00053777,-0.00072561,-0.00158447,-0.00208584,-0.00156468,-0.00227599,-0.00154835,0.00196051,0.00143583,0.00209707,0.00133149,0.00239219,0.00258350,-0.00036520,0.00127150,-0.00206097,-0.00174486,-0.00175371,0.00071532,0.00278022,-0.00050585,-0.00162006,0.00217690,-0.00107270,-0.00030131,0.00181027,-0.00209068,0.00192920,0.00128687,-0.00287215,0.00081478,0.00298776,-0.00273182,0.00011823,-0.00205500,-0.00188616,-0.00157107,-0.00258072,-0.00161917,-0.00242110,-0.00066074,0.00132991,-0.00187461,-0.00092110,0.00008816,0.00077589,-0.00013114,0.00178550,0.00147826,-0.00068988,-0.00259518,-0.00060731,-0.00162642,0.00151995,0.00236174,-0.00201320,-0.00147677,-0.00127848,-0.00206676,-0.01374642,-0.00216644,-0.00071165,0.00177728,0.00202524,-0.00137358,-0.00078890,-0.00097491,-0.00252816,-0.00035712,0.00132478,-0.00075575,0.00123844,0.00122671,0.00000000,0.00000000,0.00000000,0.00000000,0.00000000,0.00000000,0.00000000,0.00000000,0.00000000,0.00000000,0.00000000,0.00000000,0.00000000,0.00000000,0.00000000,0.00000000,0.00000000,0.00000000,0.00000000,0.00000000,0.00000000,0.00000000,0.00000000,0.00000000,0.00000000,0.00000000,0.00000000,0.00000000,0.00000000,0.00000000,0.00000000,0.00000000,0.00000000,0.00000000,0.00000000,0.00000000,0.00000000,0.00000000,0.00000000,0.00000000,0.00000000,0.00000000,0.00000000,0.00000000,0.00000000,0.00000000,0.00000000,0.00000000,0.00210291,-0.00051364,0.00214294,-0.00119794,0.00199913,-0.00258719,0.00146792,-0.00133914,0.00049420,0.00183583,0.00070058,0.00224687,0.00200595,-0.00233629,-0.00203552,0.00296094
0.00096077,-0.00024547,-0.00012281,-0.00083433,0.00148005,0.00009289,0.00088620,-0.00039441,0.00149001,-0.00025679,0.00124785,0.00050943,-0.00030375,0.00056391,-0.00028519,-0.00082953,0.00100054,0.00099906,-0.00162776,-0.00050669,0.00042301,0.00035403,0.00116073,0.00076579,-0.00121853,0.00149557,-0.00017172,0.00041859,-0.00116692,0.00032192,0.00097759,-0.00125267,-0.00078918,0.00110452,0.00075861,-0.00134795,-0.00071446,-0.00086946,-0.00098866,0.00062055,-0.00017436,0.00137886,0.00119427,-0.00012985,-0.00013045,0.00059678,0.00004442,0.00128800,-0.00165993,-0.00106667,-0.00112288,0.00105111,-0.00026795,0.00059065,-0.00028908,-0.00035658,0.00114060,0.00095575,0.00105941,0.00037469,0.00089759,0.00036504,-0.00091423,0.00017399,-0.00087847,0.00015884,-0.00130095,-0.00105757,0.00043075,0.00021312,0.00085249,0.00143431,-0.00041783,0.00001589,-0.00181533,0.00164926,0.00010663,-0.00023095,0.00142924,-0.00157951,-0.00070877,0.00138418,-0.00086904,-0.00001997,0.00051297,-0.00220791,-0.00124169,0.00069730,0.00120927,0.00172085,0.00124892,0.00078812,0.00083867,0.00127024,0.00009997,-0.00073285,-0.00218109,-0.00014500,-0.00017814,-0.00012422,0.00093298,0.00136225,-0.00131627,-0.00004475,0.00060489,0.00067672,-0.00058133,0.00011797,-0.00025182,-0.00113908,0.00131145,0.00071965,0.00089651,0.00045604,0.00140826,-0.01108251,0.00209856,-0.00119171,-0.00086795,0.00066984,0.00017795,-0.00084444,0.00119865,0.00121845,-0.00012561,-0.00097524,0.00010216,-0.00173972,0.00000000,0.00000000,0.00000000,0.00000000,0.00000000,0.00000000,0.00000000,0.00000000,0.00000000,0.00000000,0.00000000,0.00000000,0.00000000,0.00000000,0.00000000,0.00000000,0.00000000,0.00000000,0.00000000,0.00000000,0.00000000,0.00000000,0.00000000,0.00000000,0.00000000,0.00000000,0.00000000,0.00000000,0.00000000,0.00000000,0.00000000,0.00000000,0.00000000,0.00000000,0.00000000,0.00000000,0.00000000,0.00000000,0.00000000,0.00000000,0.00000000,0.00000000,0.00000000,0.00000000,0.00000000,0.00000000,0.00000000,0.00000000,-0.00136555,0.00029375,-0.00120177,0.00098938,-0.00096963,0.00097040,-0.00099604,0.00056663,0.00005927,-0.00157294,-0.00011476,-0.00150345,-0.00067564,0.00112843,0.00124980,-0.00184219
-0.00023490,-0.00011302,-0.00254615,0.00302439,-0.00161078,0.00107058,-0.00071330,0.00010591,-0.00349103,-0.00236383,-0.00318622,-0.00292885,0.00227969,-0.00297532,-0.00255700,0.00308464,-0.00356430,-0.00287384,0.00358089,0.00104677,-0.00275656,-0.00271105,-0.00310615,-0.00314158,0.00353171,-0.00336849,-0.00244546,-0.00261244,0.00098655,-0.00214914,-0.00353121,0.00342629,-0.00016071,-0.00322018,-0.00304433,0.00283778,0.00165736,-0.00069746,0.00262611,-0.00363699,-0.00241069,-0.00360074,-0.00379678,0.00201604,0.00264916,-0.00301338,-0.00145775,-0.00287020,0.00253779,0.00358060,0.00295251,-0.00399702,0.00338759,-0.00174447,0.00266819,-0.00124876,0.00046208,-0.00315025,-0.00393312,-0.00303245,-0.00296162,-0.00228399,0.00338944,0.00258747,0.00278566,0.00233868,0.00336802,0.00343817,-0.00110168,0.00057923,-0.00291477,-0.00189503,-0.00097881,0.00149231,0.00286237,-0.00105505,-0.00224513,0.00351581,-0.00210415,0.00043617,0.00293227,-0.00342518,0.00305091,0.00250758,-0.00300177,0.00014445,0.00364602,-0.00372688,0.00030562,-0.00358461,-0.00226996,-0.00295741,-0.00321251,-0.00052168,-0.00286770,0.00001404,0.00100898,-0.00191653,-0.00132721,0.00001301,0.00065143,0.00150932,0.00243177,0.00269650,-0.00244450,-0.00343437,-0.00220836,-0.00190573,0.00284211,0.00333456,-0.00348243,-0.00098368,-0.00164202,-0.00310932,0.00051888,-0.00215412,-0.01290809,0.00330113,0.00404990,-0.00359886,-0.00012617,-0.00220106,-0.00360453,-0.00099682,0.00224191,-0.00105678,0.00226764,0.00136943,0.00000000,0.00000000,0.00000000,0.00000000,0.00000000,0.00000000,0.00000000,0.00000000,0.00000000,0.00000000,0.00000000,0.00000000,0.00000000,0.00000000,0.00000000,0.00000000,0.00000000,0.00000000,0.00000000,0.00000000,0.00000000,0.00000000,0.00000000,0.00000000,0.00000000,0.00000000,0.00000000,0.00000000,0.00000000,0.00000000,0.00000000,0.00000000,0.00000000,0.00000000,0.00000000,0.00000000,0.00000000,0.00000000,0.00000000,0.00000000,0.00000000,0.00000000,0.00000000,0.00000000,0.00000000,0.00000000,0.00000000,0.00000000,0.00280607,-0.00101259,0.00264218,-0.00341585,0.00208539,-0.00337903,0.00324488,-0.00219149,0.00010293,0.00282321,-0.00094077,0.00225864,0.00265677,-0.00352332,-0.00300524,0.00377040
0.00000957,0.00106082,-0.00020415,-0.00077748,-0.00116951,-0.00018947,-0.00034758,-0.00020663,-0.00024663,0.00126143,0.00001559,-0.00030889,-0.00036632,-0.00040801,0.00032353,-0.00144618,0.00071630,-0.00024430,0.00018135,0.00155914,0.00020106,-0.00030960,0.00030773,0.00026661,0.00052297,0.00035666,-0.00069391,0.00060289,0.00133583,0.00072480,-0.00019320,0.00092975,0.00014931,0.00051246,-0.00055491,0.00038106,-0.00035725,0.00030323,-0.00093155,0.00014991,0.00075959,0.00041217,-0.00031997,-0.00084463,-0.00015215,0.00023282,0.00011066,-0.00005752,0.00028579,-0.00001008,-0.00064618,-0.00032967,-0.00089608,0.00021937,-0.00076975,0.00089320,-0.00119053,0.00079341,-0.00006864,0.00064103,0.00031757,0.00047626,-0.00036949,-0.00095793,-0.00024633,-0.00036926,0.00014786,0.00003289,-0.00021095,-0.00130081,-0.00030043,-0.00043934,0.00008972,-0.00087864,0.00043491,-0.00097645,0.00098599,-0.00093594,-0.00101630,0.00127927,-0.00027882,-0.00030167,-0.00037235,-0.00061222,0.00010788,0.00132114,0.00046954,-0.00007480,-0.00106923,-0.00075483,-0.00064311,0.00061352,0.00016683,-0.00210925,0.00043219,0.00030943,-0.00054804,0.00092470,0.00051685,0.00004014,-0.00085638,-0.00086807,0.00005483,-0.00035932,0.00013084,0.00047040,0.00124935,0.00007554,0.00045701,-0.00040730,-0.00003438,-0.00082489,-0.00085970,0.00019526,-0.00187773,-0.00003335,-0.00134956,-0.01152817,-0.00005948,-0.00039808,-0.00030496,0.00026232,0.00027283,-0.00046217,-0.00039156,0.00152137,-0.00083987,0.00081224,0.00000000,0.00000000,0.00000000,0.00000000,0.00000000,0.00000000,0.00000000,0.00000000,0.00000000,0.00000000,0.00000000,0.00000000,0.00000000,0.00000000,0.00000000,0.00000000,0.00000000,0.00000000,0.00000000,0.00000000,0.00000000,0.00000000,0.00000000,0.00000000,0.00000000,0.00000000,0.00000000,0.00000000,0.00000000,0.00000000,0.00000000,0.00000000,0.00000000,0.00000000,0.00000000,0.00000000,0.00000000,0.00000000,0.00000000,0.00000000,0.00000000,0.00000000,0.00000000,0.00000000,0.00000000,0.00000000,0.00000000,0.00000000,0.00014628,0.00080151,-0.00102778,-0.00083206,0.00085893,-0.00119074,0.00075733,-0.00066540,-0.00078940,0.00055302,-0.00018952,0.00075683,0.00021287,-0.00073361,-0.00038368,0.00041260
-0.00099382,0.00082850,0.00064135,0.00051890,0.00010324,-0.00066500,-0.00095385,0.00133279,-0.00043178,0.00077020,-0.00035652,-0.00026027,-0.00030773,0.00004248,0.00029473,-0.00063891,-0.00014334,-0.00029817,0.00000006,0.00063003,0.00040095,0.00057028,0.00078267,0.00033282,0.00051772,-0.00044343,-0.00023382,0.00070149,0.00181823,-0.00014004,-0.00033018,0.00031294,0.00036720,-0.00036504,0.00020845,-0.00016248,-0.00046286,0.00162231,0.00014870,0.00029855,-0.00031731,0.00041679,-0.00036630,0.00057104,-0.00187804,-0.00086520,0.00003972,-0.00067251,-0.00012378,0.00034057,-0.00020556,0.00045008,-0.00055301,0.00058230,-0.00131929,0.00075748,-0.00134737,0.00059613,0.00011112,0.00069497,0.00077528,0.00074492,-0.00040705,-0.00017283,-0.00062812,-0.00033753,-0.00045051,-0.00055888,0.00003314,-0.00043133,-0.00055480,-0.00093906,0.00055809,-0.00050395,0.00142976,-0.00143412,0.00048351,-0.00020793,-0.00027275,0.00142683,-0.00010975,-0.00002132,0.00016826,0.00059705,0.00021407,0.00115987,-0.00008241,0.00068141,-0.00102898,-0.00099312,-0.00151290,-0.00037902,0.00027956,-0.00171255,0.00039918,0.00133369,0.00130591,0.00033129,0.00124365,0.00002198,-0.00117258,-0.00085124,-0.00000136,-0.00042989,0.00015117,0.00015306,0.00091301,-0.00042487,-0.00060166,-0.00064091,-0.00024600,-0.00070032,-0.00076841,0.00020026,-0.00155921,0.00049287,-0.00114881,0.00016515,-0.01358506,0.00017683,-0.00013747,0.00127815,0.00010962,-0.00154651,0.00016481,0.00127558,-0.00172043,0.00143328,0.00000000,0.00000000,0.00000000,0.00000000,0.00000000,0.00000000,0.00000000,0.00000000,0.00000000,0.00000000,0.00000000,0.00000000,0.00000000,0.00000000,0.00000000,0.00000000,0.00000000,0.00000000,0.00000000,0.00000000,0.00000000,0.00000000,0.00000000,0.00000000,0.00000000,0.00000000,0.00000000,0.00000000,0.00000000,0.00000000,0.00000000,0.00000000,0.00000000,0.00000000,0.00000000,0.00000000,0.00000000,0.00000000,0.00000000,0.00000000,0.00000000,0.00000000,0.00000000,0.00000000,0.00000000,0.00000000,0.00000000,0.00000000,0.00009278,0.00031474,0.00057585,0.00036856,0.00088558,-0.00069390,0.00157108,-0.00087093,-0.00036926,0.00087567,0.00036583,0.00017644,0.00067994,-0.00033428,0.00004570,0.00071698
0.00061095,-0.00013415,-0.00020507,-0.00070002,0.00080134,0.00057558,0.00144553,-0.00088226,0.00059314,0.00009794,0.00075748,0.00076783,-0.00001550,0.00101971,0.00100609,0.00006562,0.00072662,0.00043182,-0.00084173,-0.00115213,-0.00019458,0.00087790,0.00034454,0.00046114,-0.00122182,0.00170182,0.00037883,0.00033338,-0.00196951,0.00022167,0.00129737,-0.00133932,-0.00034298,0.00059444,0.00018510,-0.00104602,-0.00004289,-0.00067055,-0.00076708,0.00040696,0.00112142,0.00038232,0.00059125,-0.00033596,0.00063984,0.00147471,-0.00050758,0.00097305,-0.00092143,-0.00165949,-0.00002712,0.00025057,-0.00029718,-0.00057339,-0.00027753,-0.00099565,0.00197267,0.00083394,-0.00016472,-0.00024495,0.00033497,0.00060436,0.00004301,0.00019140,0.00009325,0.00005453,-0.00040087,-0.00060124,0.00071464,-0.00032096,0.00028866,0.00135007,-0.00048944,0.00108408,-0.00093220,0.00100788,0.00035676,-0.00025027,0.00092171,-0.00119448,-0.00059327,0.00102061,-0.00052307,0.00017997,0.00036790,-0.00213825,-0.00141635,0.00008986,0.00169711,0.00125061,0.00204950,0.00094181,0.00096480,0.00104771,-0.00037102,-0.00095696,-0.00136766,0.00033149,-0.00054919,-0.00047267,0.00074044,0.00021272,-0.00068102,-0.00077544,0.00003551,-0.00030898,0.00016635,0.00121706,0.00068591,-0.00064396,0.00106143,0.00111976,0.00202973,0.00011199,0.00165011,0.00010903,0.00137781,-0.00095799,-0.00079384,-0.01046496,0.00012917,-0.00072294,0.00049387,0.00119898,-0.00018015,-0.00081648,-0.00016282,-0.00192971,0.00000000,0.00000000,0.00000000,0.00000000,0.00000000,0.00000000,0.00000000,0.00000000,0.00000000,0.00000000,0.00000000,0.00000000,0.00000000,0.00000000,0.00000000,0.00000000,0.00000000,0.00000000,0.00000000,0.00000000,0.00000000,0.00000000,0.00000000,0.00000000,0.00000000,0.00000000,0.00000000,0.00000000,0.00000000,0.00000000,0.00000000,0.00000000,0.00000000,0.00000000,0.00000000,0.00000000,0.00000000,0.00000000,0.00000000,0.00000000,0.00000000,0.00000000,0.00000000,0.00000000,0.00000000,0.00000000,0.00000000,0.00000000,-0.00120106,0.00063500,-0.00078458,0.00114658,-0.00057275,0.00137900,-0.00112696,0.00116840,0.00029809,-0.00100712,0.00025083,-0.00083754,-0.00053128,0.00124032,0.00064319,-0.00117088
0.00002090,-0.00004458,-0.00024760,-0.00045570,0.00034665,0.00014136,0.00121514,-0.00044041,0.00000985,-0.00061674,-0.00076185,-0.00014515,-0.00010596,0.00032866,0.00002080,-0.00005382,0.00028867,-0.00044207,-0.00069229,-0.00003097,0.00010931,-0.00028634,0.00038400,-0.00060215,0.00014093,0.00048620,-0.00033812,-0.00011253,-0.00080024,-0.00102513,0.00025571,0.00048825,-0.00053495,0.00031833,0.00062397,-0.00041265,-0.00033056,-0.00086303,0.00023347,0.00050888,0.00016989,0.00043521,-0.00046921,0.00042441,0.00102329,0.00047295,-0.00006159,0.00054828,-0.00039956,-0.00006870,-0.00031983,0.00014238,-0.00032059,-0.00025071,0.00017132,-0.00145979,0.00049135,-0.00000300,0.00006153,0.00027402,0.00000642,-0.00027942,-0.00048092,-0.00030988,-0.00008953,0.00100616,0.00003460,0.00020610,-0.00002477,0.00056166,0.00004810,0.00003636,-0.00058699,0.00065821,-0.00079657,0.00103599,-0.00009631,-0.00007800,0.00021293,-0.00085742,-0.00075548,0.00025149,-0.00052674,0.00027303,-0.00016460,-0.00019247,-0.00041267,0.00003515,0.00008504,0.00032458,0.00113803,0.00026476,0.00068145,0.00045892,-0.00039381,-0.00010109,-0.00124879,0.00023817,-0.00047847,0.00001807,0.00116297,0.00011687,-0.00069998,0.00035786,-0.00097080,0.00078748,-0.00030205,-0.00005406,0.00106910,0.00010137,-0.00035880,0.00070312,0.00137260,0.00011070,0.00115640,-0.00022021,0.00172081,-0.00048206,-0.00041486,-0.00024219,-0.01481324,-0.00116641,0.00048069,0.00109433,-0.00017067,-0.00076658,0.00052542,-0.00125094,0.00000000,0.00000000,0.00000000,0.00000000,0.00000000,0.00000000,0.00000000,0.00000000,0.00000000,0.00000000,0.00000000,0.00000000,0.00000000,0.00000000,0.00000000,0.00000000,0.00000000,0.00000000,0.00000000,0.00000000,0.00000000,0.00000000,0.00000000,0.00000000,0.00000000,0.00000000,0.00000000,0.00000000,0.00000000,0.00000000,0.00000000,0.00000000,0.00000000,0.00000000,0.00000000,0.00000000,0.00000000,0.00000000,0.00000000,0.00000000,0.00000000,0.00000000,0.00000000,0.00000000,0.00000000,0.00000000,0.00000000,0.00000000,0.00025391,0.00028902,-0.00093271,0.00014026,0.00029577,0.00081881,-0.00036806,0.00014731,-0.00029793,-0.00025265,0.00013520,-0.00030684,0.00005484,-0.00034163,-0.00004205,-0.00040890
0.00064645,-0.00018944,0.00012458,-0.00080831,0.00001781,-0.00029524,0.00094084,0.00000732,0.00305758,0.00102430,0.00160898,0.00003586,-0.00019706,0.00179516,0.00096069,-0.00101315,0.00236917,0.00226128,-0.00217529,-0.00137550,0.00089979,0.00118073,0.00189649,0.00105868,-0.00210108,0.00191771,0.00021899,0.00083097,-0.00084920,0.00069454,0.00281763,-0.00209139,0.00031819,0.00155191,0.00156381,-0.00136448,-0.00020986,-0.00032777,-0.00135941,0.00141493,0.00095440,0.00214918,0.00249070,-0.00070640,-0.00107370,0.00182170,0.00034106,0.00160569,-0.00136796,-0.00242732,-0.00186896,0.00213799,-0.00177015,0.00069612,-0.00057100,-0.00024232,0.00075802,0.00073846,0.00098261,0.00085387,0.00152481,0.00084081,-0.00149081,-0.00044961,-0.00064725,-0.00094778,-0.00238643,-0.00214973,-0.00002752,-0.00112802,0.00060806,0.00062840,0.00063731,0.00014982,-0.00149185,-0.00041948,0.00063391,-0.00124747,0.00035248,-0.00112463,-0.00257774,0.00175662,-0.00110745,-0.00176284,0.00061534,-0.00147667,-0.00218884,0.00141649,0.00083205,0.00117056,0.00161442,0.00033312,0.00228527,0.00091816,0.00101237,-0.00038951,-0.00092420,0.00007822,0.00017779,0.00008137,0.00044568,0.00031854,-0.00161930,-0.00096498,0.00063666,0.00120255,0.00048909,0.00081007,-0.00086974,-0.00191996,0.00149349,0.00018761,0.00138213,0.00162920,-0.00005948,0.00075602,-0.00001277,-0.00154093,-0.00128458,0.00173720,-0.00026811,-0.01371604,0.00145144,0.00097718,-0.00100276,0.00079272,-0.00131433,-0.00061017,0.00000000,0.00000000,0.00000000,0.00000000,0.00000000,0.00000000,0.00000000,0.00000000,0.00000000,0.00000000,0.00000000,0.00000000,0.00000000,0.00000000,0.00000000,0.00000000,0.00000000,0.00000000,0.00000000,0.00000000,0.00000000,0.00000000,0.00000000,0.00000000,0.00000000,0.00000000,0.00000000,0.00000000,0.00000000,0.00000000,0.00000000,0.00000000,0.00000000,0.00000000,0.00000000,0.00000000,0.00000000,0.00000000,0.00000000,0.00000000,0.00000000,0.00000000,0.00000000,0.00000000,0.00000000,0.00000000,0.00000000,0.00000000,-0.00188149,0.00049941,-0.00193585,0.00028082,-0.00027602,0.00125237,-0.00066450,0.00084070,0.00001057,-0.00080090,0.00027440,-0.00151626,-0.00202096,0.00157400,0.00120925,-0.00161868
-0.00003687,-0.00091622,0.00004441,0.00008971,0.00154237,-0.00005977,0.00129290,-0.00089831,0.00096045,-0.00040643,0.00019672,0.00043850,-0.00000441,0.00051070,0.00054727,0.00051847,0.00022749,0.00075928,-0.00079512,-0.00047560,-0.00010551,0.00005306,0.00049692,0.00046468,-0.00085237,0.00102305,-0.00030348,-0.00064543,-0.00232334,-0.00079258,0.00086982,-0.00106816,-0.00022382,0.00059517,-0.00002679,-0.00036526,0.00072978,-0.00004586,0.00004367,0.00021837,-0.00005320,0.00039781,0.00078426,-0.00062355,0.00078616,0.00061552,-0.00027210,0.00049139,0.00012144,-0.00063964,-0.00060916,0.00012411,0.00003445,0.00005222,0.00014361,-0.00264959,0.00115501,-0.00007916,-0.00002572,-0.00023318,0.00005408,-0.00039873,0.00019435,0.00085581,0.00085679,-0.00022580,-0.00030089,0.00020253,0.00092901,0.00075749,0.00033466,0.00115767,-0.00003679,0.00048443,-0.00191520,0.00142008,-0.00070408,0.00008648,0.00229450,-0.00122093,0.00011143,0.00061614,-0.00005925,-0.00031843,0.00066439,-0.00199689,-0.00049479,0.00015170,0.00098914,0.00195119,0.00102419,0.00026841,0.00015656,0.00135856,-0.00000482,-0.00054495,-0.00169012,-0.00032987,-0.00093021,-0.00133472,0.00102366,0.00030036,-0.00109935,0.00111882,0.00084177,-0.00026793,-0.00073834,0.00009979,-0.00050558,0.00058230,0.00047664,0.00051065,0.00093351,0.00033933,0.00124977,0.00043589,0.00136210,-0.00023085,-0.00042056,-0.00033359,0.00034177,-0.00108424,-0.00942759,0.00081533,0.00006980,-0.00174614,0.00096840,-0.00143251,0.00000000,0.00000000,0.00000000,0.00000000,0.00000000,0.00000000,0.00000000,0.00000000,0.00000000,0.00000000,0.00000000,0.00000000,0.00000000,0.00000000,0.00000000,0.00000000,0.00000000,0.00000000,0.00000000,0.00000000,0.00000000,0.00000000,0.00000000,0.00000000,0.00000000,0.00000000,0.00000000,0.00000000,0.00000000,0.00000000,0.00000000,0.00000000,0.00000000,0.00000000,0.00000000,0.00000000,0.00000000,0.00000000,0.00000000,0.00000000,0.00000000,0.00000000,0.00000000,0.00000000,0.00000000,0.00000000,0.00000000,0.00000000,-0.00135463,0.00013004,-0.00038437,0.00054628,-0.00116296,0.00134477,-0.00098056,0.00101472,-0.00085984,-0.00122222,0.00020317,-0.00059538,-0.00153673,0.00116286,0.00079753,-0.00077828
-0.00088088,-0.00099483,-0.00139082,0.00269026,0.00023751,0.00161958,-0.00005179,-0.00028909,-0.00217853,-0.00141441,-0.00225764,-0.00173914,0.00205875,-0.00197023,-0.00182349,0.00197818,-0.00222261,-0.00142518,0.00203285,-0.00108380,-0.00240319,-0.00192362,-0.00248617,-0.00163477,0.00247305,-0.00182724,-0.00128839,-0.00187116,0.00131664,-0.00151007,-0.00278209,0.00285449,0.00063467,-0.00236294,-0.00160567,0.00206111,0.00096351,-0.00026237,0.00237052,-0.00203597,-0.00187517,-0.00201866,-0.00272242,0.00118436,0.00162448,-0.00214420,0.00032119,-0.00166572,0.00245368,0.00238281,0.00161910,-0.00308336,0.00224975,-0.00095751,0.00154927,-0.00074025,-0.00046397,-0.00218888,-0.00281179,-0.00212912,-0.00195355,-0.00228730,0.00163962,0.00121532,0.00128588,0.00144522,0.00223213,0.00271287,-0.00043267,0.00115189,-0.00183966,-0.00086941,-0.00158646,-0.00002087,0.00260933,-0.00013791,-0.00200304,0.00176674,-0.00115587,0.00022506,0.00208375,-0.00174846,0.00128851,0.00209443,-0.00230040,0.00111847,0.00214827,-0.00228790,0.00001491,-0.00040682,-0.00163593,-0.00110192,-0.00264328,-0.00086714,-0.00210629,-0.00030616,0.00084885,-0.00184322,-0.00139891,0.00108982,0.00153123,0.00001317,0.00145599,0.00099386,-0.00204067,-0.00141569,-0.00126874,-0.00159627,0.00144997,0.00228607,-0.00202850,-0.00058708,-0.00177133,-0.00235596,0.00098835,-0.00198007,-0.00060762,0.00217173,0.00223018,-0.00246922,-0.00074085,-0.00003190,-0.00274119,-0.01283320,0.00193617,-0.00228741,0.00229701,0.00038403,0.00000000,0.00000000,0.00000000,0.00000000,0.00000000,0.00000000,0.00000000,0.00000000,0.00000000,0.00000000,0.00000000,0.00000000,0.00000000,0.00000000,0.00000000,0.00000000,0.00000000,0.00000000,0.00000000,0.00000000,0.00000000,0.00000000,0.00000000,0.00000000,0.00000000,0.00000000,0.00000000,0.00000000,0.00000000,0.00000000,0.00000000,0.00000000,0.00000000,0.00000000,0.00000000,0.00000000,0.00000000,0.00000000,0.00000000,0.00000000,0.00000000,0.00000000,0.00000000,0.00000000,0.00000000,0.00000000,0.00000000,0.00000000,0.00214254,-0.00144177,0.00186096,-0.00103143,0.00043214,-0.00283463,0.00207019,-0.00130259,0.00024056,0.00079606,0.00056736,0.00108111,0.00197410,-0.00203608,-0.00170868,0.00159203
-0.00051168,0.00049378,0.00059928,0.00068439,-0.00107629,-0.00061250,-0.00061942,-0.00055881,-0.00059204,0.00070586,-0.00080717,-0.00005678,0.00053042,-0.00052923,-0.00109832,-0.00060626,-0.00021053,-0.00015969,0.00158796,0.00113023,-0.00007383,-0.00015191,-0.00074071,0.00023803,0.00053862,-0.00114282,0.00053083,0.00009275,0.00143629,0.00015079,-0.00104215,0.00079637,0.00116647,-0.00030061,0.00003264,0.00069612,0.00048479,-0.00020180,0.00074221,-0.00026186,0.00019521,-0.00072121,-0.00043604,0.00114969,0.00006271,-0.00106353,-0.00052555,-0.00090097,0.00077432,0.00052110,0.00012424,-0.00021912,0.00052927,0.00065604,0.00032981,0.00073467,-0.00049309,0.00070017,-0.00046268,0.00056161,-0.00064423,0.00006457,-0.00006580,-0.00036243,0.00030083,-0.00019240,0.00086365,0.00018863,-0.00092916,-0.00021961,-0.00038635,-0.00086511,0.00009741,-0.00014192,0.00105983,-0.00073734,0.00076730,-0.00022703,-0.00168520,0.00101623,0.00021593,-0.00099605,0.00085773,0.00062314,-0.00040922,0.00170679,0.00113143,0.00047518,-0.00030624,-0.00180562,-0.00127080,-0.00057084,0.00019009,-0.00165507,0.00001665,0.00056096,0.00170655,-0.00030517,-0.00020612,-0.00012488,-0.00112834,-0.00134263,0.00078790,-0.00052144,-0.00047129,0.00020919,0.00077910,-0.00031946,-0.00070912,0.00017914,-0.00049278,-0.00093918,-0.00111434,-0.00078152,-0.00101564,-0.00013421,-0.00196909,0.00055895,0.00061950,-0.00027013,-0.00065520,0.00068319,-0.00041597,-0.00056220,-0.01509128,0.00135363,-0.00002660,0.00051877,0.00000000,0.00000000,0.00000000,0.00000000,0.00000000,0.00000000,0.00000000,0.00000000,0.00000000,0.00000000,0.00000000,0.00000000,0.00000000,0.00000000,0.00000000,0.00000000,0.00000000,0.00000000,0.00000000,0.00000000,0.00000000,0.00000000,0.00000000,0.00000000,0.00000000,0.00000000,0.00000000,0.00000000,0.00000000,0.00000000,0.00000000,0.00000000,0.00000000,0.00000000,0.00000000,0.00000000,0.00000000,0.00000000,0.00000000,0.00000000,0.00000000,0.00000000,0.00000000,0.00000000,0.00000000,0.00000000,0.00000000,0.00000000,0.00048512,-0.00003025,0.00076324,-0.00061630,0.00099531,-0.00093199,0.00090614,-0.00072250,-0.00036204,0.00121379,0.00093104,0.00111253,0.00134091,-0.00101062,-0.00031679,0.00114907
0.00102533,-0.00089833,0.00151380,-0.00209939,0.00218157,-0.00127685,0.00080846,-0.00115052,0.00290292,0.00193344,0.00167050,0.00226219,-0.00126929,0.00277838,0.00239435,-0.00168902,0.00198635,0.00227471,-0.00282902,-0.00221359,0.00187236,0.00170490,0.00206614,0.00159413,-0.00234229,0.00298098,0.00206661,0.00149916,-0.00093585,0.00101188,0.00294847,-0.00263880,0.00076730,0.00267935,0.00252178,-0.00162717,-0.00106620,-0.00006889,-0.00196504,0.00194189,0.00181931,0.00201791,0.00218874,-0.00197254,-0.00112793,0.00213981,0.00042144,0.00169601,-0.00220273,-0.00275145,-0.00114512,0.00176036,-0.00229028,0.00134153,-0.00218985,-0.00015419,0.00010698,0.00199449,0.00156605,0.00145782,0.00188801,0.00225165,-0.00119185,-0.00168479,-0.00128117,-0.00088758,-0.00236685,-0.00209816,0.00144036,0.00037616,0.00213335,0.00199133,0.00006707,-0.00022767,-0.00242011,0.00139554,0.00083653,-0.00172672,0.00150554,-0.00126936,-0.00109393,0.00181413,-0.00156278,-0.00147321,0.00187527,-0.00227989,-0.00274997,0.00197238,0.00036480,0.00298932,0.00290390,0.00206990,0.00213318,0.00113041,0.00197042,-0.00018014,-0.00112011,0.00138132,0.00071784,-0.00029684,-0.00031605,-0.00035665,-0.00204283,-0.00001353,0.00108707,0.00191668,0.00049700,0.00119417,-0.00173893,-0.00179176,0.00252208,0.00098900,0.00101944,0.00114310,0.00081064,0.00156560,0.00205842,-0.00215895,-0.00251288,0.00148257,0.00013173,0.00087468,0.00193262,0.00014423,-0.00164730,-0.01243806,-0.00085303,-0.00197647,0.00000000,0.00000000,0.00000000,0.00000000,0.00000000,0.00000000,0.00000000,0.00000000,0.00000000,0.00000000,0.00000000,0.00000000,0.00000000,0.00000000,0.00000000,0.00000000,0.00000000,0.00000000,0.00000000,0.00000000,0.00000000,0.00000000,0.00000000,0.00000000,0.00000000,0.00000000,0.00000000,0.00000000,0.00000000,0.00000000,0.00000000,0.00000000,0.00000000,0.00000000,0.00000000,0.00000000,0.00000000,0.00000000,0.00000000,0.00000000,0.00000000,0.00000000,0.00000000,0.00000000,0.00000000,0.00000000,0.00000000,0.00000000,-0.00174567,0.00170039,-0.00202875,0.00246037,-0.00180000,0.00250400,-0.00225948,0.00206694,0.00080980,-0.00241512,0.00056285,-0.00169222,-0.00228289,0.00272848,0.00214761,-0.00278022
-0.00079085,0.00078202,-0.00093921,0.00175813,-0.00069725,0.00045751,-0.00103127,0.00044282,-0.00223843,-0.00062931,-0.00215485,-0.00116589,0.00086743,-0.00218834,-0.00099135,0.00130212,-0.00157699,-0.00190782,0.00212726,0.00159155,-0.00090540,-0.00114798,-0.00209204,-0.00203216,0.00211267,-0.00214493,-0.00037261,-0.00126963,0.00142623,-0.00021540,-0.00167914,0.00239884,-0.00028099,-0.00179041,-0.00166062,0.00105876,0.00007062,0.00003207,0.00171783,-0.00141121,-0.00207321,-0.00185837,-0.00147808,0.00147122,0.00025240,-0.00206345,-0.00005435,-0.00208684,0.00116693,0.00193824,0.00105506,-0.00152181,0.00181149,-0.00054886,0.00075038,0.00070962,-0.00099998,-0.00092202,-0.00190516,-0.00098953,-0.00094748,-0.00126946,0.00120761,0.00114829,0.00040820,0.00060283,0.00165484,0.00181071,-0.00112119,0.00054353,-0.00141072,-0.00240505,-0.00078847,-0.00020055,0.00235748,-0.00159989,-0.00077419,0.00214599,-0.00172115,0.00075681,0.00099343,-0.00244391,0.00139300,0.00149116,-0.00114109,0.00221243,0.00268231,-0.00152413,-0.00055303,-0.00286079,-0.00218631,-0.00112189,-0.00190587,-0.00153760,-0.00101295,-0.00007120,0.00102892,-0.00102917,-0.00051158,0.00041273,-0.00088116,0.00012378,0.00104393,0.00035670,-0.00070851,-0.00127589,-0.00127695,0.00012463,0.00125681,0.00125760,-0.00209676,-0.00116700,-0.00157620,-0.00049563,-0.00112882,-0.00075318,-0.00280638,0.00199148,0.00141060,-0.00157325,-0.00051738,0.00006673,-0.00190426,-0.00114541,0.00183107,0.00009705,-0.01055560,0.00185642,0.00000000,0.00000000,0.00000000,0.00000000,0.00000000,0.00000000,0.00000000,0.00000000,0.00000000,0.00000000,0.00000000,0.00000000,0.00000000,0.00000000,0.00000000,0.00000000,0.00000000,0.00000000,0.00000000,0.00000000,0.00000000,0.00000000,0.00000000,0.00000000,0.00000000,0.00000000,0.00000000,0.00000000,0.00000000,0.00000000,0.00000000,0.00000000,0.00000000,0.00000000,0.00000000,0.00000000,0.00000000,0.00000000,0.00000000,0.00000000,0.00000000,0.00000000,0.00000000,0.00000000,0.00000000,0.00000000,0.00000000,0.00000000,0.00224150,-0.00065239,0.00255775,-0.00150069,0.00220493,-0.00280932,0.00243391,-0.00222812,-0.00010178,0.00173991,0.00009395,0.00183338,0.00286825,-0.00251728,-0.00201853,0.00206787
0.00102421,0.00029842,0.00072719,-0.00184683,0.00031830,-0.00126703,0.00043927,0.00001169,0.00198592,0.00180967,0.00162944,0.00082887,-0.00082951,0.00192212,0.00203789,-0.00182981,0.00243185,0.00099878,-0.00190832,-0.00097744,0.00257167,0.00227072,0.00127584,0.00179594,-0.00171991,0.00132039,0.00185288,0.00141149,-0.00043966,0.00133591,0.00254860,-0.00218350,0.00086441,0.00197967,0.00221735,-0.00140772,-0.00153166,0.00091318,-0.00196875,0.00180338,0.00090678,0.00277604,0.00190306,-0.00049486,-0.00115308,0.00250742,0.00077330,0.00126088,-0.00178427,-0.00192583,-0.00188492,0.00233637,-0.00187628,0.00103851,-0.00205611,0.00040139,0.00038607,0.00180443,0.00219257,0.00209269,0.00132868,0.00210155,-0.00145724,-0.00213926,-0.00113113,-0.00096515,-0.00209889,-0.00236837,0.00068180,-0.00187096,0.00104850,0.00104715,0.00068123,-0.00073652,-0.00171723,0.00140964,0.00114854,-0.00215147,0.00165781,-0.00038740,-0.00273186,0.00183013,-0.00079333,-0.00090679,0.00163004,0.00018046,-0.00237882,0.00130982,0.00016787,0.00192694,0.00056968,0.00151158,0.00138229,0.00039765,0.00260826,0.00019378,-0.00062775,0.00151559,0.00107252,-0.00001812,-0.00089545,-0.00094560,-0.00152520,-0.00083192,0.00065558,0.00178351,0.00186252,0.00045376,-0.00182193,-0.00219294,0.00151317,0.00072757,0.00183590,0.00104944,0.00031339,0.00133313,0.00069143,-0.00146949,-0.00200409,0.00109936,0.00024147,0.00039194,0.00235895,0.00024844,-0.00196221,0.00018549,-0.00104829,-0.01362405,0.00000000,0.00000000,0.00000000,0.00000000,0.00000000,0.00000000,0.00000000,0.00000000,0.00000000,0.00000000,0.00000000,0.00000000,0.00000000,0.00000000,0.00000000,0.00000000,0.00000000,0.00000000,0.00000000,0.00000000,0.00000000,0.00000000,0.00000000,0.00000000,0.00000000,0.00000000,0.00000000,0.00000000,0.00000000,0.00000000,0.00000000,0.00000000,0.00000000,0.00000000,0.00000000,0.00000000,0.00000000,0.00000000,0.00000000,0.00000000,0.00000000,0.00000000,0.00000000,0.00000000,0.00000000,0.00000000,0.00000000,0.00000000,-0.00104059,0.00034594,-0.00208632,0.00114254,-0.00178707,0.00172508,-0.00199290,0.00164307,-0.00001682,-0.00102420,0.00009318,-0.00092175,-0.00161061,0.00216612,0.00174594,-0.00196120
-0.00033404,0.00030703,0.00049758,0.00003599,-0.00002500,0.00105034,-0.00021039,0.00005749,-0.00054853,-0.00035184,-0.00103577,0.00069662,0.00048695,-0.00036642,-0.00066708,0.00018125,-0.00074989,-0.00018631,0.00089637,0.00036770,-0.00028023,-0.00083835,0.00007548,-0.00004967,0.00069592,0.00050597,0.00043539,0.00060587,-0.00033903,0.00086715,-0.00054057,-0.00032427,0.00152663,-0.00049734,-0.00005730,0.00110648,-0.00016256,0.00062306,0.00060374,0.00026341,-0.00017404,-0.00082772,-0.00125640,0.00038700,0.00029724,-0.00105926,-0.00004205,0.00035614,0.00013884,0.00057473,0.00120821,-0.00023850,0.00069626,0.00017534,0.00019886,0.00161462,-0.00150205,0.00080656,0.00075770,-0.00034074,0.00019974,-0.00059622,0.00121380,0.00022188,0.00038426,-0.00008149,0.00018963,0.00003794,0.00003008,-0.00050754,0.00029126,-0.00111204,0.00055913,-0.00163206,0.00091548,-0.00099737,0.00019941,-0.00000127,-0.00075889,-0.00044941,0.00098365,-0.00093072,0.00013687,-0.00048248,0.00035068,0.00069074,0.00003515,0.00055200,-0.00034240,-0.00082209,-0.00107810,0.00024039,0.00021256,0.00112808,-0.00003600,0.00020686,0.00104836,-0.00000763,-0.00038272,0.00122942,-0.00129331,-0.00019097,-0.00002256,-0.00023198,0.00001732,-0.00036854,0.00138844,-0.00143458,-0.00121204,0.00089595,-0.00027257,-0.00025253,-0.00030464,-0.00003969,-0.00090872,-0.00027820,-0.00043555,0.00062592,-0.00008669,0.00012990,-0.00052189,0.00079254,-0.00041949,-0.00033045,-0.00043616,0.00001825,0.00128322,0.00065652,-0.01382573,0.00021414,-0.00080740,-0.00002410,0.00051083,-0.00097999,-0.00098686,-0.00033405,-0.00088003,-0.00132220,-0.00000152,-0.00115061,0.00067358,-0.00089491,0.00045537,0.00017195,-0.00037434,0.00054734,0.00032655,-0.00153215,0.00007208,0.00070445,-0.00031181,-0.00099082,-0.00075670,-0.00036640,-0.00019181,-0.00115596,0.00093832,0.00115208,-0.00080955,0.00026588,-0.00027810,-0.00017875,-0.00089324,0.00052728,0.00096760,0.00003093,0.00057483,0.00110472,0.00134349,-0.00075789,-0.00090886,0.00050070,-0.00008585,-0.00000412,-0.00012330,-0.00083320,0.00035202,0.00013264,0.00075374,-0.00053891,-0.00040196,-0.00078244,0.00022277,-0.00066174,0.00053177,-0.00015259,0.00042341,-0.00012044,0.00054992,-0.00035526,-0.00087273,0.00045144
0.00093156,-0.00005625,0.00046146,-0.00103210,-0.00057810,0.00023853,0.00109365,-0.00005076,0.00100062,0.00015583,0.00028516,0.00087614,-0.00045879,0.00149726,0.00035413,-0.00104001,0.00027138,0.00058840,-0.00081061,0.00012198,0.00054938,0.00102356,0.00079067,0.00102967,-0.00054029,0.00173723,0.00078617,0.00072796,-0.00041543,-0.00027441,0.00145667,-0.00085847,-0.00043687,0.00016996,0.00088933,-0.00034211,0.00016218,-0.00144218,-0.00114330,0.00043711,0.00108720,0.00055037,0.00075629,0.00003082,0.00031617,0.00009560,-0.00017480,0.00100686,-0.00014366,-0.00162386,-0.00046960,0.00041314,-0.00114132,-0.00090763,-0.00036965,-0.00091919,0.00086295,-0.00033588,0.00077050,0.00025125,0.00008682,0.00042103,-0.00056727,0.00023817,-0.00026383,-0.00097177,-0.00058666,-0.00089009,-0.00011018,0.00006034,0.00090918,0.00060544,-0.00053820,0.00033551,-0.00086533,0.00116939,0.00100503,-0.00052331,0.00152642,-0.00100124,-0.00074010,0.00132893,-0.00094627,0.00000776,0.00045927,-0.00153776,-0.00100259,0.00028476,0.00017411,0.00017016,0.00174049,0.00061645,0.00039687,0.00037148,0.00019495,-0.00072666,-0.00115477,0.00029603,-0.00058499,-0.00009889,0.00049808,0.00009076,-0.00104715,0.00018133,0.00014159,0.00053174,-0.00090351,0.00014313,0.00016447,0.00002354,0.00103298,0.00043738,0.00159259,0.00047734,0.00005436,-0.00043250,0.00128572,-0.00079397,-0.00026221,0.00002996,-0.00063235,-0.00025952,0.00041601,0.00047976,-0.00077972,-0.00072726,0.00025729,-0.00125816,0.00060854,-0.01279046,0.00085251,-0.00165523,-0.00117108,0.00009073,0.00039377,0.00010687,0.00066689,0.00194074,0.00019187,0.00088323,-0.00122675,0.00051613,-0.00121216,0.00040618,0.00024297,-0.00025148,-0.00101704,0.00050252,-0.00118223,-0.00076494,0.00040437,0.00033623,0.00083700,0.00050228,-0.00013313,0.00070294,-0.00149970,-0.00091355,0.00142240,-0.00059327,0.00088550,-0.00033930,-0.00121741,0.00009349,0.00099773,-0.00106748,-0.00128592,-0.00161759,-0.00060692,0.00055370,0.00006126,-0.00081311,0.00157532,-0.00040314,0.00112873,-0.00019705,-0.00049670,0.00038163,-0.00056765,0.00035856,-0.00008370,0.00122292,-0.00143041,0.00123097,0.00009623,-0.00126937,0.00082512,-0.00068313,-0.00079412,0.00151457,0.00058938,-0.00081322
0.00015261,0.00112209,-0.00023249,0.00051144,0.00039765,-0.00005604,0.00051983,0.00043625,0.00030392,-0.00063644,-0.00161410,-0.00058138,0.00023915,0.00079914,0.00036720,-0.00021335,0.00021766,0.00070415,-0.00115899,0.00056034,-0.00048378,-0.00038000,0.00061581,0.00011857,-0.00017398,0.00086695,0.00041156,0.00062300,-0.00012115,-0.00086404,0.00041098,-0.00059142,0.00036641,-0.00037452,-0.00013304,-0.00133689,0.00010278,-0.00167572,-0.00105105,0.00048946,0.00040630,0.00047143,0.00026596,-0.00013869,0.00005389,0.00029051,-0.00003554,0.00088993,-0.00091256,-0.00039458,-0.00059042,-0.00045459,0.00002724,0.00007556,0.00031983,-0.00009775,-0.00057427,0.00041324,0.00032756,0.00062281,-0.00000714,0.00018654,-0.00041649,0.00066034,0.00017686,0.00023625,-0.00071817,-0.00123665,0.00067358,-0.00098714,-0.00075372,-0.00013463,0.00114316,-0.00058862,-0.00041544,-0.00122292,0.00092449,0.00020957,-0.00013717,0.00021320,-0.00037350,0.00000693,-0.00045695,-0.00119971,0.00111657,-0.00001929,-0.00165131,0.00029703,-0.00104997,0.00025467,0.00009968,0.00103195,0.00071399,0.00047287,0.00082790,0.00000408,-0.00019226,-0.00022149,-0.00017010,0.00023528,-0.00028494,0.00026448,0.00001590,-0.00024653,0.00053801,-0.00071449,0.00033564,0.00114815,0.00029064,-0.00059227,0.00085657,0.00060053,0.00065475,0.00146273,0.00044237,-0.00000173,-0.00043662,-0.00029976,0.00060538,0.00024199,-0.00019566,0.00062594,-0.00011215,-0.00008135,-0.00010964,-0.00023087,-0.00099279,0.00026709,-0.00015208,-0.00037929,-0.01423670,-0.00060791,-0.00005272,-0.00045352,0.00022116,-0.00003175,0.00045198,0.00133065,0.00066239,0.00027142,0.00007957,0.00022097,-0.00040520,0.00073218,0.00083270,0.00010224,-0.00061585,0.00070787,-0.00088503,-0.00010829,0.00022777,-0.00055915,-0.00000881,0.00017427,-0.00027511,0.00022505,-0.00058769,-0.00031911,0.00031224,-0.00037085,-0.00060743,-0.00063538,-0.00090337,-0.00031635,0.00067751,-0.00106329,-0.00035888,-0.00102196,-0.00047840,-0.00001299,-0.00065269,-0.00064200,0.00077374,-0.00015564,0.00026626,-0.00014763,0.00000322,-0.00004414,-0.00047481,0.00065029,-0.00059240,0.00043814,0.00007097,0.00085121,-0.00118619,0.00024347,-0.00036393,-0.00124451,-0.00081838,0.00036654,-0.00018889,-0.00065578
-0.00019646,0.00082467,-0.00002780,-0.00039812,-0.00061797,0.00052901,-0.00065090,0.00025316,-0.00009227,-0.00023389,-0.00061562,0.00047377,0.00004859,-0.00033667,-0.00034685,0.00049056,-0.00014415,-0.00046531,-0.00022228,-0.00095935,-0.00059780,-0.00002132,0.00002875,-0.00054490,0.00064480,-0.00057586,0.00035438,-0.00072741,-0.00014412,0.00027533,0.00001977,0.00068481,-0.00077502,0.00020728,-0.00026687,0.00069222,0.00015972,0.00005680,-0.00010259,0.00065552,0.00013776,-0.00107538,-0.00014656,-0.00019135,-0.00054482,-0.00016342,0.00030499,-0.00024243,-0.00027706,0.00062808,-0.00029953,-0.00011982,0.00020929,-0.00040676,-0.00033413,0.00022746,-0.00138166,-0.00055647,-0.00021103,-0.00088654,-0.00036278,-0.00097442,0.00023953,-0.00081128,-0.00037247,-0.00061157,0.00046135,0.00019641,-0.00061361,0.00010231,-0.00003475,0.00008871,0.00046525,-0.00004569,0.00059665,-0.00136731,0.00032142,-0.00009406,-0.00003634,-0.00006255,-0.00064783,-0.00124755,0.00033952,0.00058006,-0.00054434,0.00015586,0.00035643,-0.00010550,0.00027522,-0.00144340,-0.00045874,-0.00038229,0.00044406,-0.00051450,-0.00008260,-0.00032577,0.00064213,-0.00035474,0.00020064,0.00005647,0.00017057,0.00044604,0.00067412,0.00000845,-0.00003415,0.00043313,0.00022844,0.00025811,0.00024549,0.00072204,0.00000201,-0.00099487,-0.00070426,0.00033865,-0.00123514,0.00054643,-0.00015007,-0.00026259,-0.00076878,-0.00003643,0.00010584,0.00124195,-0.00021873,-0.00095221,0.00061058,0.00117816,-0.00000188,0.00073261,-0.00088171,-0.00035462,-0.00000143,-0.01392336,0.00010656,0.00019918,0.00054598,0.00028531,-0.00045684,-0.00193511,0.00044064,0.00041736,0.00120760,-0.00159981,0.00038159,-0.00040425,-0.00038704,0.00023624,-0.00022868,0.00068907,0.00150745,-0.00026584,-0.00050060,0.00035127,0.00028607,0.00019772,0.00103712,-0.00110130,0.00075456,0.00081714,-0.00012380,0.00064588,0.00093430,0.00058614,0.00066927,-0.00016282,-0.00045468,-0.00031938,0.00054330,0.00148157,0.00052805,0.00072990,0.00014133,0.00137155,-0.00152306,-0.00158819,-0.00023021,0.00080894,0.00047723,-0.00066887,-0.00014157,0.00030347,0.00017119,-0.00060284,0.00105006,-0.00063173,-0.00150281,0.00024747,-0.00071303,0.00010782,-0.00016097,0.00014862,0.00047707,-0.00031750
0.00030300,0.00001787,0.00003185,0.00010643,-0.00093360,-0.00024311,-0.00136894,0.00001700,-0.00041707,0.00013224,-0.00077665,-0.00009424,-0.00009529,0.00020983,-0.00044977,-0.00025818,-0.00012713,0.00003421,0.00082248,0.00097721,0.00053050,-0.00044960,-0.00056352,-0.00042168,0.00020310,-0.00133048,-0.00076184,-0.00064512,0.00060947,-0.00010679,-0.00083732,0.00084196,-0.00054821,-0.00117798,-0.00083760,0.00015801,-0.00032708,0.00006238,0.00041130,0.00041136,-0.00025912,-0.00006332,0.00003916,-0.00006569,0.00015876,0.00020565,0.00069451,0.00050434,0.00023673,0.00015072,0.00082444,-0.00047035,0.00028332,-0.00024624,0.00022137,0.00023710,-0.00075887,-0.00028843,-0.00062148,-0.00065844,-0.00070367,-0.00007531,0.00031402,-0.00059809,-0.00032247,-0.00025110,0.00044368,0.00025531,-0.00003018,-0.00065828,-0.00000107,-0.00020631,0.00008951,-0.00003356,0.00051626,-0.00050635,0.00069635,0.00094098,-0.00055784,0.00063827,0.00028038,-0.00035264,0.00099908,0.00056093,-0.00014704,0.00119334,0.00096776,-0.00083157,-0.00047712,-0.00142072,-0.00148002,0.00000457,-0.00106685,-0.00044748,-0.00020704,0.00003674,0.00057634,-0.00031931,0.00105674,0.00019281,-0.00053697,0.00057484,0.00008965,-0.00020459,0.00005700,-0.00009092,-0.00025778,0.00016867,0.00030702,0.00098467,-0.00005677,-0.00082222,-0.00049626,-0.00105194,0.00121420,-0.00000475,0.00007876,0.00101968,0.00031378,0.00059559,0.00079920,-0.00001479,-0.00066836,0.00009717,0.00019918,0.00145876,0.00049374,-0.00044737,-0.00141173,0.00047999,0.00017721,0.00087669,-0.01329984,0.00002819,-0.00008737,0.00089725,0.00034123,-0.00263315,0.00008869,0.00019386,-0.00051013,-0.00070667,0.00105354,-0.00158841,-0.00057891,-0.00035641,0.00118122,-0.00012866,0.00132513,0.00107137,-0.00083712,-0.00059702,0.00020219,-0.00007429,0.00006564,-0.00077075,0.00050221,0.00106594,-0.00018880,0.00007592,-0.00020879,0.00069580,0.00048887,0.00022008,-0.00111000,0.00120711,0.00063421,0.00140843,-0.00070014,0.00011253,0.00032920,0.00050449,-0.00105365,-0.00049869,-0.00105529,0.00037526,0.00076280,-0.00094981,0.00089790,-0.00056504,0.00111129,-0.00080079,0.00011788,-0.00093959,-0.00058654,0.00053173,-0.00070068,0.00155511,0.00047004,0.00015564,-0.00088571,0.00066319
0.00065344,0.00039309,0.00018971,-0.00189509,-0.00002593,-0.00024286,0.00094787,0.00008928,0.00164036,0.00068298,0.00163418,0.00053259,-0.00050628,0.00124130,0.00074631,-0.00071152,0.00092632,0.00028375,-0.00171993,-0.00042835,-0.00005494,0.00096987,0.00108085,0.00138424,-0.00163304,0.00189375,0.00012892,0.00072870,-0.00092593,0.00042892,0.00141136,-0.00236223,-0.00148242,0.00144617,0.00168926,-0.00109497,-0.00119096,-0.00109819,-0.00078149,0.00097624,0.00127384,0.00117752,0.00196408,-0.00121319,-0.00023684,0.00053445,0.00033782,0.00139219,-0.00201412,-0.00130353,-0.00090610,0.00139497,-0.00075828,0.00008558,-0.00013867,-0.00021433,0.00129646,0.00086937,0.00128046,0.00097912,0.00084248,0.00051440,-0.00159235,-0.00109828,-0.00111857,-0.00177032,-0.00117593,-0.00162891,0.00069783,-0.00029863,0.00161543,0.00018572,0.00044516,0.00065611,-0.00072325,-0.00002563,0.00066985,-0.00115364,0.00171311,-0.00118488,-0.00171448,0.00195378,-0.00110330,-0.00058200,0.00214292,-0.00051745,-0.00205418,0.00055850,0.00099891,0.00188300,0.00224102,0.00157143,0.00058329,0.00061944,0.00101940,-0.00078048,-0.00197108,0.00047540,-0.00102189,-0.00097284,-0.00031920,0.00035811,-0.00124200,-0.00041033,0.00026541,0.00113072,0.00036315,0.00124781,-0.00014007,-0.00092086,0.00100192,-0.00021440,0.00087331,0.00013708,-0.00037683,0.00138900,0.00133294,-0.00168642,-0.00116271,0.00098981,0.00058695,-0.00037120,0.00057421,0.00041834,-0.00108920,0.00007222,-0.00129435,-0.00044087,0.00102048,-0.00008153,0.00125313,-0.00181379,-0.00135856,-0.01025029,0.00109672,0.00143044,0.00022957,0.00322003,0.00001026,0.00170976,-0.00194761,0.00084045,-0.00164403,0.00085343,0.00025364,-0.00172422,-0.00092617,0.00087445,-0.00133548,-0.00223251,-0.00032667,0.00110478,0.00166870,0.00005455,0.00022926,0.00050485,-0.00149766,-0.00129897,0.00165266,0.00075071,0.00051119,0.00000794,-0.00168374,-0.00158969,0.00125056,-0.00121630,-0.00188770,-0.00218354,-0.00129435,-0.00010792,0.00074453,-0.00088913,0.00188460,-0.00120112,0.00092740,0.00038719,-0.00202732,0.00075748,-0.00166822,0.00074022,-0.00071912,0.00184502,-0.00203241,0.00198309,-0.00027366,-0.00099349,-0.00002625,-0.00060733,-0.00121477,0.00237511,0.00179178,-0.00189142
0.00061280,-0.00010578,-0.00035628,-0.00116785,-0.00058677,0.00073932,0.00011631,-0.00037471,0.00039057,-0.00081617,0.00076449,0.00071710,-0.00008434,0.00131732,0.00034449,0.00013393,0.00032172,0.00018768,-0.00064386,-0.00015094,-0.00009094,-0.00010508,0.00011546,0.00121742,-0.00013661,0.00130470,0.00000524,-0.00049922,-0.00063406,-0.00067512,0.00045781,-0.00115130,-0.00047843,0.00028038,0.00058858,-0.00050189,-0.00027647,-0.00008917,-0.00093760,0.00001819,0.00081835,-0.00001007,0.00038429,-0.00018189,0.00028949,0.00049571,-0.00087101,0.00000566,0.00032842,-0.00117981,-0.00048549,0.00032988,-0.00068841,0.00029879,0.00123039,-0.00111191,0.00127458,0.00114470,0.00056689,-0.00056142,0.00019988,0.00039189,-0.00066848,0.00041598,0.00008633,0.00026711,-0.00014396,-0.00023772,-0.00004646,0.00019976,0.00011716,0.00036773,0.00043792,0.00066135,-0.00070827,0.00086017,0.00028140,-0.00012562,0.00011090,-0.00110063,-0.00040455,-0.00056882,-0.00135440,-0.00032791,0.00026552,-0.00055369,-0.00063975,0.00031998,0.00039806,0.00090346,0.00062328,0.00027810,0.00088118,0.00087379,0.00023965,-0.00079758,-0.00042039,-0.00105110,-0.00072419,-0.00070319,-0.00020763,-0.00019789,-0.00125971,-0.00065936,0.00007819,0.00071152,0.00041360,-0.00049774,-0.00030978,-0.00014672,-0.00087246,0.00036924,0.00016150,0.00041947,-0.00035886,-0.00038553,0.00114277,-0.00060143,-0.00072514,0.00057346,-0.00002784,-0.00013077,0.00063282,0.00114864,-0.00041396,-0.00024037,0.00016822,0.00018386,0.00029928,-0.00073057,0.00061133,-0.00011477,0.00014610,-0.00011832,-0.01365811,0.00003915,0.00121039,0.00143996,-0.00077895,0.00018418,-0.00123191,0.00121759,-0.00052851,0.00074959,0.00041543,-0.00080743,0.00000373,0.00063417,-0.00103540,-0.00141463,0.00036464,0.00053094,0.00016141,0.00019185,-0.00126835,0.00083700,-0.00113424,-0.00074439,0.00056244,-0.00079529,-0.00027529,-0.00023434,-0.00100121,0.00038390,0.00061108,-0.00054043,-0.00157914,-0.00091693,-0.00032636,-0.00104095,-0.00042183,-0.00064110,0.00203929,0.00006452,0.00105129,-0.00003889,-0.00060011,-0.00048478,-0.00146948,0.00060731,-0.00073859,0.00066463,0.00020069,0.00043181,0.00055564,-0.00117153,-0.00005994,-0.00064174,-0.00075844,0.00088813,0.00022242,-0.00094431
0.00036280,-0.00027891,0.00017923,-0.00045482,0.00093570,0.00079726,-0.00009839,-0.00002107,0.00103021,-0.00057047,0.00023571,0.00046961,-0.00023158,-0.00009704,0.00043931,-0.00111109,-0.00033370,0.00080142,-0.00064559,-0.00019263,0.00054060,0.00031250,0.00074927,0.00034196,-0.00041663,0.00095618,0.00050230,0.00031706,-0.00025624,-0.00095479,0.00085622,-0.00121525,0.00052966,0.00002256,0.00100243,-0.00069961,0.00027760,-0.00085825,-0.00064740,0.00141895,0.00014228,0.00080156,0.00111085,0.00001220,-0.00022580,0.00049236,0.00016399,-0.00009686,-0.00100941,-0.00112448,0.00030154,0.00063550,-0.00050816,-0.00045686,0.00040261,-0.00011926,0.00060335,0.00073255,0.00070552,0.00068218,-0.00021125,0.00062737,-0.00101877,-0.00045737,-0.00024760,-0.00043576,-0.00084253,-0.00093741,-0.00025551,-0.00041121,0.00045985,0.00039739,0.00035201,0.00095590,-0.00138852,0.00067092,-0.00052459,-0.00031386,0.00151506,-0.00109005,-0.00089563,0.00023154,-0.00078968,-0.00052899,-0.00042082,-0.00012887,-0.00122057,0.00016512,0.00048965,0.00133463,0.00055873,0.00063032,0.00079529,0.00004726,0.00050078,-0.00156425,-0.00061877,-0.00011204,-0.00076211,0.00027651,0.00007277,-0.00059677,0.00012469,-0.00011006,0.00031571,0.00047004,0.00017815,0.00018302,-0.00013986,-0.00018050,0.00007117,0.00046355,0.00166622,0.00090197,-0.00012100,0.00070432,0.00013457,-0.00010306,-0.00046829,0.00077175,0.00056614,0.00070358,0.00128208,-0.00073058,-0.00074790,-0.00039468,0.00033867,-0.00196675,0.00075066,-0.00051548,0.00001323,0.00000741,-0.00023137,0.00100628,0.00061299,-0.01404908,0.00108066,0.00182038,-0.00063356,0.00002737,-0.00104819,0.00065358,-0.00072792,-0.00061379,0.00111165,-0.00048153,-0.00097246,0.00118209,-0.00091479,-0.00034000,0.00033345,-0.00032902,0.00051024,-0.00002730,-0.00039804,0.00055720,-0.00158216,-0.00163998,0.00049143,-0.00008099,-0.00013000,-0.00049343,-0.00129405,-0.00086060,0.00136298,-0.00130400,-0.00025837,-0.00095281,-0.00013830,-0.00039334,0.00040601,-0.00048909,0.00067535,-0.00048927,0.00122277,0.00024664,-0.00055004,0.00029939,-0.00062969,0.00100229,-0.00059081,0.00215759,-0.00151337,0.00108138,0.00079357,-0.00054938,0.00100878,-0.00026244,0.00041443,0.00107052,0.00130047,-0.00053681
0.00028284,0.00018402,-0.00022892,0.00063357,0.00038275,0.00044111,-0.00072295,-0.00091805,-0.00111865,-0.00120754,-0.00193729,-0.00050439,0.00056897,-0.00121785,-0.00069621,0.00102328,-0.00083294,-0.00117644,0.00137047,0.00012567,0.00012102,-0.00136616,-0.00147361,-0.00039696,0.00234670,-0.00091462,-0.00137123,-0.00029168,0.00100748,-0.00060483,-0.00129995,0.00187586,0.00053794,-0.00061703,-0.00142324,0.00167305,-0.00000254,0.00019594,0.00086957,-0.00123499,-0.00069501,-0.00115360,-0.00160280,0.00055546,-0.00029077,-0.00066778,-0.00020908,-0.00171595,0.00053211,0.00158341,0.00104475,-0.00095221,0.00221779,0.00012268,0.00059106,-0.00074614,0.00033714,-0.00039634,-0.00093857,-0.00068669,-0.00025599,-0.00180186,0.00090148,-0.00071590,0.00013922,0.00069457,0.00138457,0.00117986,-0.00022886,0.00081040,-0.00033886,-0.00061922,-0.00088370,0.00020735,0.00093741,-0.00008475,-0.00096098,0.00180206,-0.00029270,0.00055614,0.00141678,-0.00170638,0.00049437,0.00116376,-0.00097419,0.00075810,0.00206462,-0.00116721,0.00009984,-0.00031678,-0.00175573,-0.00099632,-0.00143261,-0.00057944,-0.00095664,-0.00017679,0.00118429,-0.00094787,-0.00010714,0.00052448,-0.00062178,0.00075785,0.00176368,0.00056907,-0.00049506,-0.00107107,0.00003412,-0.00063417,0.00104633,0.00159919,-0.00136184,-0.00065143,-0.00222286,-0.00153633,-0.00041205,-0.00103312,-0.00239016,0.00161083,0.00151335,-0.00084297,-0.00023479,0.00118817,-0.00187770,-0.00090618,0.00063137,-0.00029449,0.00046508,0.00060042,-0.00091035,-0.00006197,-0.00036797,0.00207240,0.00211287,-0.00040113,-0.00079583,-0.00054045,-0.01531662,-0.00148415,0.00007814,-0.00157221,0.00152917,-0.00036739,0.00212972,-0.00012311,-0.00014543,0.00091654,0.00166409,-0.00161584,-0.00001108,0.00137856,-0.00024728,-0.00198569,-0.00166841,0.00091713,-0.00057935,0.00021798,0.00082538,0.00175203,-0.00177359,0.00000085,-0.00141685,-0.00005768,0.00014625,0.00078558,-0.00085336,0.00109507,0.00131879,0.00196221,0.00135524,-0.00085701,-0.00194400,-0.00062265,-0.00144715,0.00026987,-0.00149904,-0.00042345,0.00163838,-0.00000220,0.00077442,-0.00197801,0.00148125,-0.00147531,0.00086303,-0.00108270,-0.00118117,0.00077764,-0.00029106,0.00134296,0.00162400,-0.00163217,-0.00143909,0.00035168
-0.00027860,-0.00024245,-0.00253821,0.00221737,-0.00125840,0.00153959,-0.00086439,-0.00023693,-0.00228460,-0.00238400,-0.00242392,-0.00109646,0.00112593,-0.00267093,-0.00203955,0.00176278,-0.00222289,-0.00168615,0.00191000,0.00041566,-0.00155258,-0.00304849,-0.00317984,-0.00193235,0.00249831,-0.00292279,-0.00106232,-0.00109981,-0.00036945,-0.00121937,-0.00380079,0.00323351,-0.00000637,-0.00174437,-0.00195847,0.00215983,0.00134013,0.00004555,0.00221424,-0.00220904,-0.00121018,-0.00296119,-0.00219642,0.00140951,0.00095637,-0.00188175,-0.00069163,-0.00216953,0.00360754,0.00229610,0.00154426,-0.00182451,0.00223076,-0.00093829,0.00097202,-0.00039270,-0.00055219,-0.00243443,-0.00193386,-0.00134329,-0.00215499,-0.00183539,0.00178643,0.00141384,0.00151841,0.00109584,0.00207973,0.00201358,-0.00026592,0.00108420,-0.00192110,-0.00227318,0.00018573,0.00036953,0.00263957,-0.00055685,-0.00086122,0.00208716,-0.00123594,0.00057377,0.00180379,-0.00203906,0.00158067,0.00197969,-0.00247422,0.00095427,0.00330748,-0.00260581,-0.00007671,-0.00208541,-0.00252445,-0.00179981,-0.00247558,-0.00138737,-0.00149935,-0.00033349,0.00144638,-0.00173352,0.00004255,0.00084886,-0.00061676,0.00043239,0.00137781,0.00164959,-0.00102660,-0.00193007,-0.00100923,-0.00090853,0.00170683,0.00178396,-0.00171055,-0.00058849,-0.00191633,-0.00257111,-0.00014309,-0.00224291,-0.00124124,0.00180282,0.00271060,-0.00178405,-0.00146795,0.00002662,-0.00199232,-0.00065499,0.00224204,-0.00051133,0.00212404,0.00126288,-0.00080825,-0.00175038,-0.00157738,0.00301291,0.00237271,-0.00214374,-0.00271469,-0.00232205,0.00142922,-0.01320148,-0.00153940,-0.00179530,0.00239930,0.00006863,0.00254785,-0.00012720,-0.00086197,0.00171914,0.00243462,-0.00241342,0.00010988,0.00286618,0.00085624,-0.00352924,-0.00268271,0.00134238,-0.00101581,0.00184392,0.00071508,0.00304164,-0.00325272,0.00007472,-0.00167694,-0.00137173,-0.00051219,0.00195650,-0.00194397,0.00307769,0.00337674,0.00133959,0.00306877,-0.00097478,-0.00212115,-0.00183488,-0.00009012,0.00246388,-0.00077387,-0.00142519,0.00299208,-0.00105367,0.00284771,-0.00203800,0.00152234,-0.00278172,0.00194023,-0.00204090,0.00071902,0.00187142,0.00023426,0.00220546,0.00320507,-0.00286059,-0.00257046,0.00265203
0.00010209,-0.00045290,0.00076879,-0.00076601,0.00003954,0.00056942,0.00097314,0.00057103,0.00157518,0.00079805,0.00041612,0.00063486,-0.00055564,0.00068486,-0.00015192,-0.00085124,0.00082580,0.00160532,-0.00033417,-0.00103099,0.00033824,0.00118411,0.00110029,0.00084485,-0.00140065,0.00123207,-0.00058657,0.00050416,0.00036914,0.00012463,0.00074006,-0.00063608,0.00070409,-0.00011895,0.00110767,-0.00107812,0.00004506,-0.00047138,-0.00051738,0.00097370,0.00033048,0.00122870,0.00173382,-0.00039499,0.00040268,0.00104868,-0.00013273,0.00026862,-0.00045578,-0.00140287,-0.00075551,0.00066879,-0.00068386,0.00051649,-0.00073218,-0.00016129,0.00021151,0.00099798,0.00176384,0.00046505,0.00124560,-0.00041472,-0.00037477,-0.00037751,-0.00031208,-0.00006166,-0.00073055,-0.00054004,-0.00004199,0.00017391,-0.00005805,0.00007948,-0.00046209,0.00028935,-0.00135653,0.00027197,0.00028199,0.00002059,0.00146787,-0.00100059,-0.00115479,0.00055964,-0.00100918,0.00001464,0.00024484,-0.00057727,-0.00028243,0.00073678,0.00029457,0.00114093,0.00062233,-0.00008492,0.00023242,0.00118890,0.00017804,-0.00054521,-0.00047682,0.00023266,0.00004671,0.00026363,-0.00158644,-0.00022166,-0.00017108,0.00007178,-0.00018771,0.00040083,-0.00009772,0.00034821,-0.00047085,-0.00087489,0.00069849,0.00090077,0.00157364,-0.00031738,0.00055138,0.00046681,0.00149533,-0.00162122,-0.00113272,0.00040601,-0.00013679,-0.00019152,0.00132610,0.00057146,-0.00114114,-0.00012727,-0.00118556,-0.00103292,0.00029811,0.00030428,0.00146679,-0.00111816,-0.00147370,0.00000432,0.00109523,0.00037351,0.00058021,0.00168942,-0.01557339,0.00071072,-0.00088323,0.00085056,-0.00152172,0.00047544,0.00094464,-0.00053653,-0.00085766,0.00032031,-0.00089295,-0.00059484,0.00049464,0.00083665,0.00104381,0.00048064,0.00030177,0.00038055,-0.00120499,-0.00046015,0.00130678,0.00023828,0.00045326,0.00011407,-0.00083183,-0.00056112,0.00136661,-0.00053443,-0.00152430,-0.00041611,-0.00100972,0.00020360,0.00047352,-0.00036170,0.00103478,-0.00049197,0.00109913,-0.00023095,-0.00077456,0.00018749,-0.00104387,0.00037803,-0.00151082,0.00132621,-0.00119588,0.00067836,0.00058705,-0.00033001,0.00131839,-0.00099057,-0.00114095,0.00115796,0.00139092,-0.00015699
0.00133122,-0.00082507,0.00007932,0.00014413,0.00054001,0.00045714,0.00050888,0.00123673,0.00096467,-0.00012590,0.00026043,0.00132445,-0.00018228,0.00071789,0.00103252,-0.00003978,0.00027805,0.00090953,-0.00086134,0.00034501,0.00037032,0.00110789,0.00026486,0.00078026,-0.00119189,0.00148213,0.00059479,0.00058992,-0.00072588,0.00068541,0.00098952,-0.00024724,-0.00095103,0.00014995,0.00052882,-0.00026674,0.00011590,0.00063312,-0.00104906,0.00012662,0.00043958,0.00078983,0.00130268,0.00059365,-0.00002630,0.00006366,-0.00000592,0.00037230,-0.00089104,-0.00136166,0.00020299,0.00045496,-0.00018175,0.00039728,-0.00050872,-0.00030916,0.00115797,0.00025225,0.00101431,0.00021783,0.00098752,0.00092507,0.00031564,-0.00042459,0.00031219,-0.00117296,-0.00048620,-0.00074264,0.00040605,-0.00065208,0.00141058,0.00029622,0.00051055,-0.00038193,-0.00050773,0.00002776,0.00070103,-0.00103546,0.00015027,-0.00018577,-0.00138574,-0.00017501,-0.00009762,-0.00065170,0.00037201,-0.00113956,-0.00065034,-0.00023253,0.00143608,0.00073226,0.00061807,0.00027760,-0.00017937,0.00046985,0.00059320,-0.00085803,-0.00121956,0.00065986,-0.00012896,0.00025344,0.00001066,-0.00063560,-0.00012399,-0.00025198,-0.00057978,0.00078277,-0.00043152,-0.00016438,-0.00044678,-0.00015343,-0.00012670,0.00060733,0.00034963,-0.00105683,0.00031156,0.00077065,0.00081798,-0.00038695,0.00011516,0.00066212,-0.00024050,-0.00043308,0.00100713,0.00061746,-0.00032506,-0.00050045,-0.00010855,0.00013548,0.00004639,0.00118734,0.00010056,-0.00028407,-0.00035109,0.00010270,-0.00001613,0.00035768,0.00088965,0.00271906,-0.00062108,-0.01153419,0.00003898,0.00069445,-0.00088973,-0.00032952,0.00049619,-0.00081746,-0.00091431,-0.00041187,-0.00087871,-0.00042705,0.00024058,0.00062459,0.00087651,0.00018298,0.00023094,0.00075530,-0.00081015,-0.00011403,0.00126166,0.00038454,0.00003696,-0.00027401,-0.00050343,-0.00137523,0.00101958,-0.00065937,-0.00034086,-0.00163238,-0.00015893,-0.00108643,-0.00028232,-0.00086561,0.00098900,-0.00037542,0.00042557,0.00026520,0.00024549,-0.00018995,-0.00085162,0.00100520,-0.00087891,0.00137750,-0.00048424,-0.00020240,0.00030460,-0.00077363,-0.00005195,-0.00011433,-0.00133859,0.00054928,0.00024966,-0.00025354
-0.00013801,0.00129024,0.00054390,0.00003791,-0.00133761,-0.00047109,-0.00038214,0.00037601,0.00002830,-0.00008350,-0.00125764,-0.00055971,0.00139282,-0.00024992,-0.00014570,0.00064437,-0.00047157,-0.00027034,-0.00002022,0.00034838,-0.00012626,-0.00056192,-0.00095089,-0.00123329,0.00013733,-0.00017517,-0.00022570,0.00052629,-0.00023870,0.00001769,0.00028371,0.00093953,-0.00067995,-0.00098736,-0.00095706,0.00064075,-0.00019356,0.00039173,-0.00042172,0.00009313,-0.00023579,-0.00148041,-0.00073809,-0.00004940,0.00047750,-0.00080406,0.00014863,-0.00094400,0.00029533,0.00037411,0.00069587,-0.00125308,0.00022777,0.00007975,-0.00034568,0.00044602,-0.00115293,0.00050313,-0.00115876,-0.00058509,-0.00057439,-0.00100394,-0.00005836,0.00048303,-0.00059895,0.00000393,0.00043045,0.00052723,-0.00040084,-0.00006477,0.00016844,-0.00008773,0.00016770,0.00056686,0.00088399,-0.00137267,-0.00044720,0.00008189,-0.00036393,-0.00025891,0.00052742,-0.00058688,0.00073478,-0.00055368,-0.00109808,0.00061684,0.00042759,0.00061915,0.00012299,-0.00035340,-0.00138718,-0.00047553,-0.00019096,-0.00087873,-0.00068024,-0.00003183,0.00118724,0.00064378,-0.00043232,-0.00022231,0.00018385,-0.00023011,0.00070604,-0.00009946,0.00087113,0.00086614,0.00092982,-0.00019005,-0.00007389,0.00037681,-0.00106495,-0.00073924,-0.00103678,-0.00001500,-0.00067398,0.00049089,-0.00062823,0.00024273,0.00064143,-0.00010894,-0.00071607,0.00082859,-0.00009463,-0.00018163,0.00084050,0.00034909,-0.00009390,0.00091257,-0.00072505,0.00100282,-0.00026649,0.00128276,-0.00012757,0.00001403,-0.00046954,-0.00038993,-0.00109539,-0.00262383,0.00098413,0.00068628,-0.01151879,-0.00105926,0.00089503,-0.00063680,-0.00000103,0.00008287,0.00081953,-0.00044436,0.00082221,0.00062001,-0.00028585,-0.00002392,0.00043311,-0.00073399,0.00073221,-0.00128284,0.00131941,-0.00006379,0.00018885,-0.00024486,0.00059512,0.00094846,0.00111166,0.00031018,-0.00019780,-0.00008434,0.00015179,0.00111355,0.00067117,0.00074685,0.00049857,0.00156958,-0.00195929,-0.00078473,-0.00063315,0.00025024,0.00086744,-0.00056641,0.00041697,-0.00006804,0.00097470,-0.00013971,0.00018268,-0.00081175,-0.00123885,-0.00004383,-0.00097742,-0.00027219,0.00081372,-0.00060486,-0.00060767,0.00102887
-0.00015488,-0.00015659,-0.00040324,0.00056221,-0.00046192,-0.00036557,-0.00061809,-0.00034241,-0.00173749,-0.00071663,-0.00038068,-0.00044640,0.00098608,-0.00105391,-0.00055299,0.00060028,-0.00096040,-0.00166200,0.00215604,0.00098907,-0.00117858,-0.00171530,-0.00153232,-0.00038996,0.00098189,-0.00173910,-0.00107963,0.00013616,0.00123943,-0.00005073,-0.00099747,0.00170424,-0.00009199,-0.00116468,-0.00067676,0.00034281,-0.00003112,-0.00002361,0.00118229,-0.00125280,-0.00003218,-0.00151304,-0.00122051,0.00061856,0.00019645,-0.00096729,0.00037342,-0.00226841,0.00107821,0.00201389,0.00090874,-0.00101206,0.00082269,-0.00130282,0.00028176,0.00041363,0.00019551,-0.00122182,-0.00125517,-0.00087958,-0.00123935,0.00019691,0.00088892,0.00177166,0.00024800,0.00083114,0.00195906,0.00095162,-0.00102409,0.00034812,-0.00017527,-0.00064085,-0.00064628,0.00117133,0.00182421,-0.00099887,-0.00042256,0.00104855,-0.00150473,-0.00005776,0.00129683,-0.00135215,0.00065628,0.00113486,-0.00119895,0.00021666,0.00103474,-0.00187492,-0.00028619,-0.00118850,-0.00073370,-0.00120662,-0.00106080,-0.00098674,-0.00145195,0.00046497,0.00075716,-0.00071522,-0.00035058,0.00055421,-0.00014663,0.00032863,0.00082598,0.00058456,-0.00209487,-0.00058297,-0.00056407,0.00091775,0.00159213,0.00178212,-0.00129400,-0.00114976,-0.00006135,-0.00105286,0.00003702,-0.00013437,-0.00128361,0.00056511,0.00113089,-0.00048183,-0.00029738,-0.00009590,-0.00062061,-0.00013848,0.00048000,0.00015811,0.00072838,0.00078764,-0.00185979,0.00004258,-0.00117397,0.00116575,0.00136235,-0.00088979,-0.00075714,-0.00155530,-0.00063475,-0.00126476,-0.00031735,-0.00135395,0.00181509,-0.01323619,0.00154078,-0.00010281,-0.00041800,0.00096679,-0.00030414,-0.00081799,0.00006735,0.00054790,0.00038213,-0.00247809,-0.00097652,0.00130266,-0.00038312,0.00042128,0.00046561,0.00112873,-0.00165676,-0.00012879,-0.00007246,0.00092837,0.00063637,0.00087659,-0.00074141,0.00239414,0.00159514,0.00047615,0.00104769,-0.00009405,-0.00121746,0.00027831,-0.00161189,0.00124855,-0.00059552,-0.00070412,0.00284675,-0.00068732,0.00107379,-0.00153513,0.00116604,-0.00222575,0.00150285,-0.00136988,-0.00055108,0.00098220,-0.00049784,0.00098467,0.00136887,-0.00221502,-0.00182151,0.00237730
0.00025363,0.00115009,-0.00006345,0.00022617,-0.00000859,0.00065221,-0.00012922,0.00045266,-0.00082445,-0.00019180,-0.00085581,0.00023283,-0.00026081,-0.00053953,-0.00032849,0.00034635,-0.00048735,0.00019556,-0.00037991,0.00018942,-0.00094875,0.00027225,-0.00085357,0.00026314,-0.00003003,-0.00068886,0.00079352,-0.00057415,-0.00020176,-0.00073228,-0.00012758,-0.00003050,0.00059919,-0.00056477,-0.00022384,0.00064302,0.00064810,-0.00038929,0.00039591,0.00006128,-0.00087202,0.00021932,-0.00057993,-0.00042913,-0.00058705,0.00017258,-0.00025514,-0.00075743,-0.00039548,0.00044847,-0.00004263,0.00070568,-0.00011909,0.00062055,-0.00047415,-0.00020030,0.00045906,0.00026045,0.00031600,-0.00000122,-0.00124058,0.00032240,-0.00035391,0.00058049,-0.00037894,0.00006081,0.00077252,0.00034870,0.00053636,-0.00051472,-0.00013864,-0.00005330,0.00025723,-0.00006506,0.00110015,0.00082480,0.00026792,0.00061978,0.00017419,0.00000451,0.00033008,-0.00003557,0.00020601,0.00034046,-0.00076645,0.00008122,0.00160855,-0.00076135,-0.00012782,0.00046370,-0.00085204,-0.00024586,-0.00059239,0.00118689,0.00094558,0.00036849,0.00096659,0.00025212,-0.00051802,0.00050615,-0.00085287,-0.00077179,0.00006733,0.00087589,0.00026265,0.00035026,-0.00043480,0.00012175,-0.00185011,0.00021036,-0.00020673,0.00015880,0.00050186,0.00126284,0.00008908,-0.00030377,-0.00014575,0.00009184,-0.00034290,0.00021105,-0.00000844,-0.00030646,-0.00067105,0.00056417,0.00019477,0.00076713,-0.00019299,-0.00019020,-0.00025641,0.00057166,-0.00029968,-0.00049464,0.00043959,0.00078710,0.00053837,0.00007410,0.00011252,-0.00134056,-0.00004596,0.00008245,-0.00028045,-0.00126405,-0.01512208,-0.00021087,-0.00006758,0.00021654,0.00090903,0.00028376,0.00090611,-0.00048551,-0.00020911,0.00038572,-0.00036661,-0.00045101,0.00070327,-0.00125123,-0.00008792,-0.00041361,-0.00012830,-0.00023164,-0.00003748,0.00107468,0.00007700,0.00039615,0.00034770,0.00008924,0.00040971,0.00101108,-0.00032899,0.00050721,0.00018690,0.00007800,-0.00101278,0.00019786,-0.00050791,0.00067516,0.00042111,-0.00026170,-0.00050172,-0.00003774,0.00106312,0.00016071,-0.00013400,0.00013917,-0.00063662,0.00032457,-0.00028875,-0.00015545,-0.00023274,0.00009183,-0.00120979,-0.00015100
0.00053412,0.00059266,-0.00000999,-0.00012245,-0.00107932,-0.00033682,0.00063581,0.00101066,-0.00038477,0.00007452,-0.00004801,-0.00037496,0.00045234,-0.00011057,-0.00053305,-0.00076522,-0.00042085,-0.00022096,0.00000473,0.00069085,-0.00063830,-0.00119937,-0.00116222,-0.00155030,0.00075946,-0.00080775,0.00020705,0.00035300,0.00049128,0.00064857,-0.00062338,0.00018749,0.00027212,-0.00177923,-0.00027239,0.00006659,-0.00036979,0.00044035,0.00027254,-0.00050789,0.00046356,0.00031529,-0.00059243,0.00008687,-0.00009895,-0.00095258,-0.00099825,-0.00042374,0.00073825,0.00137326,0.00044857,-0.00015943,0.00112752,-0.00032133,0.00052319,0.00115312,-0.00015352,-0.00037186,0.00040792,-0.00008210,-0.00051764,-0.00077739,-0.00009675,0.00067236,0.00041357,0.00107223,0.00089352,-0.00076450,-0.00092182,-0.00029140,-0.00043211,-0.00007717,0.00065789,-0.00066030,-0.00003534,-0.00160522,-0.00048039,0.00045476,-0.00047947,0.00143652,0.00116809,-0.00035235,0.00019532,-0.00032525,-0.00079199,0.00066647,0.00031586,0.00019900,-0.00023040,-0.00123452,-0.00091665,-0.00130646,-0.00063319,0.00018769,-0.00118598,0.00068599,-0.00045171,-0.00057709,0.00071219,0.00027506,-0.00039085,-0.00011033,0.00037011,-0.00092781,0.00011848,-0.00085289,0.00011076,0.00028479,0.00011875,-0.00058042,-0.00027994,-0.00042162,-0.00029450,0.00038284,-0.00013387,-0.00044560,-0.00118239,0.00053836,-0.00000230,-0.00004279,-0.00028343,0.00011098,-0.00035325,-0.00081736,0.00076541,0.00110040,0.00012387,0.00053185,-0.00029830,0.00014424,-0.00034580,0.00058555,-0.00049934,-0.00072448,-0.00010018,-0.00131974,-0.00032026,-0.00139156,0.00047984,-0.00071516,0.00108500,-0.00007169,0.00054325,-0.01481340,-0.00106818,0.00060988,-0.00041721,-0.00095828,0.00036390,0.00056348,-0.00012136,-0.00134224,0.00030328,-0.00030716,0.00000616,0.00088197,0.00047090,0.00023203,-0.00073932,0.00013749,-0.00031447,-0.00012787,0.00028401,0.00013752,-0.00138199,0.00046615,0.00035253,0.00081994,0.00031317,0.00059906,-0.00077335,0.00115529,0.00016691,0.00113706,-0.00118104,0.00035353,0.00028273,-0.00046378,0.00080043,-0.00095097,0.00015243,-0.00057139,0.00104329,-0.00022228,-0.00019828,0.00153426,0.00038595,-0.00043260,0.00065030,-0.00111236,-0.00152119,0.00033895
0.00095248,-0.00015242,0.00049940,-0.00022230,0.00007162,-0.00051837,-0.00032943,0.00047759,0.00042008,-0.00010821,0.00128584,0.00017521,0.00061242,0.00028514,0.00072023,-0.00116215,0.00053774,0.00119828,-0.00014675,0.00101297,0.00042542,-0.00068644,0.00016595,-0.00043161,-0.00093669,-0.00035538,0.00066711,0.00062471,0.00024244,0.00012497,0.00107938,-0.00152844,0.00028653,-0.00037357,0.00063140,0.00006983,-0.00017119,-0.00019555,-0.00084137,0.00068003,0.00018779,-0.00018675,-0.00067431,-0.00014386,-0.00019627,0.00050625,0.00026931,0.00093659,-0.00045086,-0.00085601,-0.00097162,-0.00034568,-0.00110388,0.00073097,0.00078073,0.00086472,-0.00005404,0.00000600,0.00143122,0.00005809,0.00116118,0.00067469,-0.00032339,-0.00031274,-0.00041996,-0.00076551,-0.00098204,0.00023274,0.00017371,-0.00133406,0.00097157,0.00007457,0.00033329,-0.00111597,-0.00076558,-0.00082362,0.00053828,-0.00047008,0.00076067,0.00032608,-0.00054071,0.00082286,-0.00007943,-0.00018886,0.00044560,-0.00003815,-0.00125652,0.00058027,-0.00012166,0.00024822,0.00069741,-0.00000065,0.00101718,0.00040791,0.00049740,-0.00019729,-0.00002951,0.00085309,-0.00066103,0.00027542,0.00029641,-0.00017355,-0.00069803,-0.00068728,0.00086544,-0.00020975,-0.00003909,0.00037501,-0.00029903,-0.00058624,-0.00013510,0.00005543,0.00004448,0.00022999,-0.00080753,0.00049766,-0.00081864,-0.00085192,0.00013532,0.00079536,0.00012988,-0.00044484,0.00052381,-0.00131058,-0.00084924,0.00077453,-0.00089326,0.00076258,-0.00031329,0.00008738,0.00113960,0.00027766,-0.00063931,-0.00057312,0.00007325,-0.00013891,0.00010248,0.00064078,0.00002027,0.00039205,0.00028549,0.00003233,0.00014084,-0.00076424,-0.01548137,-0.00005827,0.00009153,0.00051901,-0.00046169,-0.00058210,-0.00070384,0.00016413,0.00044999,0.00089547,0.00030395,0.00057510,0.00025744,-0.00064736,0.00002102,0.00056491,0.00003947,0.00011162,-0.00105703,-0.00058045,-0.00003404,0.00004528,-0.00007050,-0.00081835,0.00000193,0.00095447,0.00041807,0.00005758,-0.00012151,-0.00025010,0.00010875,0.00104957,-0.00031208,-0.00010456,0.00058160,-0.00002096,0.00004514,0.00029029,0.00065983,-0.00046412,0.00114572,-0.00034671,0.00073566,0.00062500,-0.00076686,0.00013670,0.00034968,-0.00040885
0.00035165,0.00016334,-0.00053655,-0.00078344,0.00046054,0.00032389,-0.00138369,-0.00026242,0.00070136,-0.00119401,0.00029892,-0.00088359,0.00060665,-0.00092290,-0.00123366,-0.00050171,-0.00110539,0.00039554,0.00028829,-0.00047866,-0.00023073,-0.00013514,-0.00113407,0.00003205,0.00081858,-0.00152808,-0.00044328,0.00003377,-0.00005125,0.00027189,-0.00057967,0.00049509,0.00045391,-0.00080727,-0.00126662,0.00018370,-0.00075302,0.00007533,0.00041623,-0.00000371,-0.00048115,-0.00104096,-0.00068849,-0.00068159,-0.00036828,-0.00054923,-0.00072393,-0.00043446,0.00011531,-0.00038124,0.00058549,0.00009844,-0.00024218,-0.00018517,0.00054267,-0.00000619,0.00005902,-0.00000754,0.00039715,0.00071833,-0.00080682,-0.00061243,0.00013180,-0.00001498,0.00016469,-0.00006265,-0.00063236,0.00017385,-0.00046708,0.00033675,-0.00036285,0.00026943,-0.00108889,-0.00000489,-0.00030360,-0.00028545,0.00078876,0.00030751,0.00018634,-0.00036779,-0.00069596,-0.00018164,0.00023823,0.00082175,0.00002968,0.00011395,0.00094633,-0.00061656,-0.00043157,-0.00023776,-0.00074085,-0.00026958,-0.00029280,-0.00039581,-0.00022716,-0.00027357,0.00041106,-0.00056605,0.00016170,-0.00028775,0.00039261,0.00033996,-0.00080357,0.00006550,0.00003160,0.00013365,0.00053899,-0.00037417,-0.00016499,0.00062474,-0.00062502,0.00030179,0.00011818,0.00088470,-0.00046238,-0.00091203,0.00042258,-0.00080049,0.00052214,0.00006186,0.00007992,0.00061550,0.00013583,-0.00075218,-0.00024631,0.00026761,0.00035465,-0.00020686,0.00009438,0.00057083,0.00004997,0.00085617,0.00019260,-0.00020309,0.00004275,0.00020735,-0.00003334,-0.00185605,0.00062150,0.00000700,0.00000705,0.00038184,0.00001520,0.00044739,0.00001720,-0.01460862,0.00039836,-0.00071290,0.00109622,0.00031413,-0.00055042,-0.00033236,-0.00006788,0.00054971,0.00015437,-0.00117089,-0.00014908,0.00034702,-0.00067153,-0.00021556,0.00057459,0.00013804,0.00047650,0.00036408,-0.00115463,0.00060579,-0.00002280,0.00088359,0.00012317,0.00043657,-0.00016693,0.00005096,-0.00072665,-0.00097805,-0.00055541,0.00099769,0.00108095,0.00030682,-0.00041076,0.00085530,-0.00016193,-0.00025525,0.00062838,0.00037628,-0.00014832,0.00029014,-0.00010051,0.00046550,0.00026421,-0.00019641,-0.00100609,0.00062616
0.00035219,0.00055450,0.00065156,0.00007902,-0.00000317,-0.00050509,0.00016225,0.00050009,0.00025306,0.00050772,0.00042246,0.00052594,-0.00046383,0.00028212,0.00016879,0.00028420,0.00080405,0.00025576,0.00011986,-0.00003970,0.00001140,-0.00009526,-0.00014928,0.00101902,-0.00024619,0.00159985,-0.00014464,0.00049073,-0.00070436,0.00063462,0.00093629,-0.00061506,-0.00031410,0.00085775,0.00090588,-0.00045596,0.00028143,-0.00021525,0.00067268,-0.00047606,-0.00015430,0.00011664,-0.00057739,-0.00018285,0.00074572,0.00036454,0.00039973,0.00079147,-0.00004263,-0.00053493,-0.00012503,0.00033820,-0.00038718,-0.00079120,0.00089589,0.00037742,0.00005727,-0.00048648,0.00035846,0.00101450,-0.00015443,0.00004254,0.00017781,-0.00071807,-0.00073809,0.00094297,-0.00031262,-0.00079553,0.00030434,0.00066019,0.00045381,0.00037193,0.00033009,-0.00027164,-0.00004355,-0.00015776,0.00013563,-0.00040785,-0.00020245,-0.00030769,0.00022279,-0.00079127,0.00052990,-0.00067032,0.00042896,-0.00002522,-0.00021790,0.00016202,0.00058893,-0.00098566,0.00133763,-0.00084666,0.00003298,0.00076783,0.00000568,0.00023078,-0.00027889,-0.00053068,-0.00075322,0.00052607,0.00074562,-0.00004871,-0.00047310,0.00002877,-0.00056206,-0.00005978,0.00055377,0.00011839,0.00072121,-0.00122117,0.00075693,-0.00005725,0.00032456,-0.00044946,-0.00052194,-0.00013674,-0.00035482,-0.00005061,-0.00012950,0.00073337,0.00019877,0.00034019,0.00092199,-0.00058508,-0.00078718,0.00007589,0.00054844,-0.00082915,-0.00017403,0.00020161,-0.00047109,-0.00126151,-0.00020448,-0.00009775,0.00074734,0.00019772,0.00044048,0.00063348,0.00056778,0.00058883,-0.00012557,-0.00054381,0.00034300,-0.00107841,0.00002097,-0.00080107,-0.01545221,0.00059093,0.00049944,-0.00001236,-0.00055354,0.00033422,0.00050181,-0.00076670,0.00062968,0.00045465,0.00054809,-0.00025080,-0.00016167,-0.00005377,-0.00008620,-0.00009415,-0.00044895,-0.00009359,-0.00002308,0.00011332,-0.00012718,-0.00021007,-0.00030088,0.00053945,0.00042301,0.00079900,-0.00036303,-0.00061620,0.00120297,0.00062160,-0.00032010,-0.00047275,-0.00086220,0.00009283,-0.00041104,0.00050169,0.00001236,0.00006024,0.00032628,0.00006176,-0.00046052,-0.00003288,-0.00017432,0.00053900,0.00018694,-0.00118285
0.00023729,-0.00121087,0.00000054,-0.00056208,0.00003238,-0.00072863,0.00048990,0.00033948,0.00061010,0.00024609,0.00056743,0.00012219,-0.00085733,0.00082371,-0.00020866,-0.00009995,0.00037913,0.00109995,-0.00029495,0.00006520,0.00131488,0.00053028,0.00148529,-0.00017857,-0.00019641,0.00058398,0.00040686,0.00035398,-0.00017143,0.00014494,0.00044742,-0.00074807,0.00026243,0.00085255,0.00082144,-0.00036324,-0.00018271,-0.00047816,-0.00086965,0.00034672,0.00020627,0.00053863,0.00105560,0.00004036,-0.00076484,0.00066104,-0.00057691,-0.00099747,0.00030837,-0.00070041,-0.00058730,0.00122600,-0.00087070,-0.00006311,-0.00030235,0.00009552,-0.00070025,0.00045290,0.00034801,-0.00009024,-0.00001855,0.00050594,0.00037539,-0.00024517,-0.00045469,0.00022487,-0.00019353,-0.00039382,0.00093523,0.00006004,-0.00014480,-0.00018411,0.00050036,-0.00045834,-0.00071254,-0.00022438,-0.00073437,-0.00005449,0.00008900,-0.00028077,-0.00003640,0.00075935,-0.00085596,0.00019080,-0.00005022,-0.00086882,-0.00127231,0.00018769,0.00070241,0.00102814,0.00029056,-0.00082818,-0.00083731,-0.00090098,0.00027402,-0.00105854,0.00016157,0.00038948,0.00011532,-0.00053192,0.00127300,0.00027863,-0.00082085,0.00059050,0.00020224,0.00093134,-0.00038398,0.00021926,0.00009508,-0.00101888,-0.00018049,-0.00004560,0.00034814,-0.00029494,-0.00040881,0.00013680,-0.00029410,0.00017128,-0.00020225,0.00051929,0.00027116,-0.00000097,0.00146608,0.00000413,-0.00044758,-0.00045895,-0.00064960,-0.00107154,0.00038272,-0.00086307,0.00065555,-0.00005087,-0.00004735,0.00008729,-0.00022716,0.00017097,0.00023317,0.00144793,-0.00086212,-0.00033140,-0.00040298,0.00167748,-0.00040269,0.00015671,0.00054500,-0.00072463,-0.00025350,-0.01294234,-0.00173964,-0.00099817,0.00081190,0.00109199,0.00006293,0.00045659,-0.00047137,0.00001667,-0.00071160,-0.00044985,0.00096335,-0.00002099,0.00011521,-0.00038673,-0.00119678,-0.00028935,0.00084115,-0.00023575,-0.00071763,-0.00188266,0.00006450,-0.00064355,0.00039473,-0.00076348,0.00083657,-0.00002122,0.00149151,0.00042685,-0.00007688,-0.00017021,-0.00006897,0.00088200,-0.00051852,0.00084119,-0.00008649,0.00167024,0.00019649,-0.00007976,-0.00007229,0.00033068,-0.00049195,0.00061039,0.00119033,-0.00035767
-0.00056050,0.00007651,-0.00025566,-0.00171684,0.00047449,0.00072115,0.00003645,-0.00091910,0.00139031,0.00065408,0.00038748,-0.00016120,-0.00089515,0.00088126,0.00076335,-0.00018498,0.00070771,0.00126021,-0.00106782,-0.00084890,0.00068150,0.00066172,0.00007245,0.00036398,-0.00138345,0.00194385,-0.00003090,0.00084706,-0.00031084,0.00024378,0.00111884,-0.00142093,-0.00039593,0.00069788,0.00127201,-0.00093665,0.00037750,-0.00081332,-0.00066552,0.00130162,-0.00005129,0.00105546,0.00021366,0.00031108,-0.00099870,0.00057078,-0.00081482,0.00039532,-0.00019837,-0.00103333,-0.00006873,0.00017530,-0.00036085,-0.00037426,-0.00075038,-0.00077055,0.00043477,0.00045025,0.00058992,0.00025781,0.00116338,0.00054641,-0.00105426,-0.00017417,-0.00015485,0.00009860,-0.00174467,-0.00113642,-0.00001170,-0.00014832,0.00095971,0.00014759,-0.00021285,0.00039704,-0.00095076,0.00055280,-0.00015813,-0.00034805,0.00069338,-0.00018414,-0.00001875,0.00122160,0.00002409,-0.00047255,0.00101057,-0.00168594,-0.00154492,0.00054798,-0.00001938,0.00002240,0.00100750,0.00069678,0.00064747,0.00110145,0.00003517,-0.00093744,-0.00103168,-0.00009327,-0.00076084,-0.00044635,0.00028958,0.00024264,-0.00070064,0.00053301,0.00026666,0.00035991,-0.00049604,-0.00063826,-0.00049102,-0.00037982,-0.00018824,0.00042264,0.00130239,0.00038978,0.00039965,0.00039062,0.00182564,-0.00091273,-0.00106363,0.00119985,0.00047483,-0.00076938,0.00085868,0.00089605,-0.00150253,-0.00077388,-0.00123061,-0.00067719,0.00026582,-0.00014051,-0.00000466,-0.00025609,-0.00089014,0.00055645,0.00069310,0.00080880,-0.00079049,0.00202023,-0.00056761,0.00074564,-0.00098141,0.00030632,-0.00133977,-0.00018672,0.00002407,0.00008081,-0.00040550,0.00022400,-0.01169460,-0.00125395,0.00012493,0.00170942,0.00117323,-0.00028988,-0.00067173,-0.00101013,-0.00111060,-0.00054766,0.00139747,0.00078420,0.00078096,0.00031751,0.00009006,0.00001980,0.00074248,-0.00113001,-0.00052675,-0.00057930,-0.00056019,0.00030468,0.00137452,-0.00006029,0.00063319,-0.00114414,0.00021060,-0.00005117,-0.00166302,0.00035827,-0.00127217,0.00152797,-0.00068560,0.00198046,-0.00015469,0.00145769,0.00012343,-0.00104581,-0.00004150,-0.00050326,-0.00131251,0.00173926,0.00125540,-0.00137621
-0.00035948,0.00052379,-0.00038521,0.00049766,-0.00056513,-0.00033860,-0.00048722,-0.00033141,-0.00089634,-0.00043119,-0.00076737,-0.00136753,-0.00005439,0.00043734,-0.00033589,0.00092808,-0.00025536,-0.00018964,0.00059526,0.00051486,-0.00049218,-0.00020505,-0.00041092,-0.00039207,0.00054292,-0.00049892,0.00056739,0.00008166,-0.00026901,0.00014739,-0.00085536,0.00121929,-0.00007392,-0.00075129,-0.00111487,-0.00025557,-0.00096738,-0.00003913,0.00049476,-0.00022436,0.00032858,-0.00022986,0.00014216,0.00041333,0.00022852,0.00008597,-0.00062793,0.00016204,0.00095015,0.00105069,0.00052535,-0.00021378,0.00043435,-0.00035266,0.00049283,0.00029850,-0.00033827,0.00046751,-0.00015454,0.00013006,-0.00067498,-0.00038341,-0.00050195,-0.00006417,-0.00040180,-0.00052169,0.00057413,0.00054400,0.00072112,-0.00047544,-0.00056679,-0.00034817,0.00011515,-0.00039948,0.00057591,-0.00046478,-0.00032556,0.00075634,0.00022743,0.00102550,0.00035543,-0.00082280,0.00087492,0.00055826,-0.00082412,0.00148497,0.00096790,-0.00074473,-0.00027421,-0.00082020,-0.00010484,-0.00094639,-0.00102488,-0.00023561,-0.00101733,-0.00006030,0.00050771,-0.00107970,0.00091216,0.00103592,-0.00077374,0.00094716,0.00114482,0.00088359,0.00031115,-0.00059612,-0.00031484,0.00016530,0.00081287,0.00039819,-0.00018527,-0.00000746,-0.00035915,-0.00019733,0.00009645,-0.00030352,-0.00048809,0.00051022,-0.00047003,-0.00016089,-0.00085190,0.00103928,-0.00124577,0.00069036,-0.00008900,0.00110912,0.00079381,0.00118899,-0.00031716,-0.00008097,0.00017252,0.00017751,0.00060108,-0.00034279,-0.00149201,0.00050419,-0.00105810,-0.00139070,0.00107818,0.00069642,0.00023458,-0.00104683,-0.00003120,-0.00086506,-0.00094098,0.00029867,0.00028468,-0.00043484,0.00012973,-0.01394842,0.00034041,-0.00054270,0.00003839,-0.00042138,0.00045550,-0.00080757,0.00140922,0.00083511,-0.00073715,0.00018929,0.00074005,0.00130946,0.00054874,0.00004638,-0.00048298,0.00020976,0.00026445,0.00130769,0.00089459,0.00044895,-0.00061606,-0.00047812,-0.00004196,0.00004835,-0.00057763,0.00022193,0.00005907,-0.00027101,0.00012096,-0.00096975,0.00066757,-0.00053103,0.00067081,-0.00059139,-0.00036291,0.00146370,-0.00083095,-0.00005403,0.00092188,-0.00035520,-0.00051994,0.00036009
-0.00098837,0.00099223,-0.00000618,0.00074227,-0.00070379,-0.00062715,-0.00051302,-0.00085188,-0.00109535,-0.00083602,-0.00104091,-0.00096916,0.00083090,-0.00082343,-0.00015912,0.00078913,-0.00116531,-0.00096132,0.00154443,0.00088743,-0.00086171,-0.00048980,-0.00126424,-0.00095705,0.00104483,-0.00160066,0.00142974,-0.00062654,0.00135673,0.00017978,-0.00160071,0.00142755,0.00068466,-0.00104143,-0.00063087,0.00104742,0.00054424,-0.00019055,0.00143911,-0.00145334,-0.00028694,-0.00059803,-0.00148467,0.00046932,0.00067629,-0.00125927,-0.00022203,-0.00074490,0.00101371,0.00111713,0.00062491,-0.00134302,0.00090201,-0.00040547,0.00148205,0.00027435,-0.00069798,-0.00080947,-0.00067236,-0.00098008,-0.00062400,-0.00007615,0.00142477,-0.00033806,-0.00078041,-0.00020668,0.00088941,0.00081902,-0.00166747,-0.00011350,-0.00023678,-0.00035888,-0.00021820,-0.00053129,0.00033400,-0.00178485,-0.00105857,0.00041005,-0.00174634,0.00060052,0.00111669,-0.00052727,0.00133086,-0.00001871,-0.00100851,0.00147683,0.00083341,-0.00145693,-0.00079714,-0.00104396,-0.00112333,-0.00041208,-0.00017648,-0.00037370,-0.00040653,0.00169105,0.00086586,0.00011960,0.00156732,-0.00003172,-0.00021912,-0.00043331,0.00077440,0.00067523,-0.00054782,-0.00036558,0.00028502,0.00064399,0.00019632,0.00064363,-0.00056453,-0.00032337,-0.00075702,-0.00072098,-0.00002795,-0.00007204,-0.00140435,0.00091959,0.00190599,-0.00057970,-0.00012043,0.00131074,-0.00001509,-0.00038540,0.00004134,-0.00010958,0.00048623,0.00152982,-0.00093246,0.00039531,-0.00090420,0.00158398,0.00083470,-0.00056533,-0.00155182,-0.00025469,-0.00031047,-0.00137652,0.00004547,-0.00112173,0.00092906,-0.00043667,0.00101256,-0.00054769,-0.00111009,0.00096949,0.00090249,-0.00093660,0.00059839,0.00143334,-0.01256546,-0.00172815,-0.00109751,0.00094706,0.00042026,0.00035640,0.00051035,0.00094577,-0.00164790,0.00082055,-0.00022000,-0.00069539,0.00099125,0.00044943,-0.00161461,0.00162004,0.00151714,0.00122297,0.00042335,-0.00054423,-0.00009901,0.00029455,-0.00066729,0.00068194,-0.00169072,-0.00075023,0.00188586,0.00024392,0.00089456,-0.00076595,0.00084078,-0.00118981,0.00152645,-0.00098449,-0.00006100,-0.00014259,-0.00012998,0.00119811,0.00067473,-0.00194543,-0.00109730,0.00117437
0.00046681,0.00043347,-0.00051570,-0.00102755,0.00115028,0.00136377,0.00097334,-0.00021436,0.00096403,-0.00069226,0.00002362,0.00133626,-0.00109423,0.00030600,0.00082383,-0.00062294,0.00005941,0.00085793,0.00001871,-0.00107501,0.00014572,0.00114719,0.00071305,0.00035555,-0.00112198,0.00158121,-0.00020787,0.00007622,0.00012541,-0.00016285,0.00014686,-0.00100754,-0.00108586,0.00067791,0.00111353,-0.00007538,0.00004478,0.00002905,-0.00086522,0.00052805,0.00072714,0.00117038,0.00074589,-0.00039010,-0.00022277,0.00094254,0.00020987,0.00036196,-0.00093746,-0.00082660,-0.00068718,0.00021378,-0.00055190,-0.00020748,-0.00046331,-0.00073933,0.00007871,0.00087987,0.00042095,0.00012260,0.00106124,0.00082777,0.00006949,-0.00012842,-0.00003398,-0.00119218,-0.00013281,-0.00081004,-0.00014324,0.00056334,0.00074567,0.00089060,0.00022253,0.00018415,-0.00152407,0.00144932,0.00076711,-0.00044023,0.00090467,-0.00051555,-0.00061393,0.00128531,-0.00120053,-0.00081683,0.00058714,-0.00014495,-0.00161281,0.00068766,0.00014393,0.00198698,0.00136003,0.00073320,0.00074013,0.00129379,0.00041224,0.00005770,-0.00177545,0.00029957,-0.00085401,0.00053311,-0.00001453,0.00024758,-0.00134592,-0.00026986,0.00003172,0.00040856,-0.00025792,0.00028304,0.00072407,-0.00115452,0.00052310,0.00096996,0.00162076,0.00102379,0.00043558,0.00031601,0.00092231,-0.00074639,-0.00063007,-0.00001011,0.00043121,-0.00014454,0.00125324,-0.00030234,-0.00050509,-0.00012578,-0.00023045,-0.00087399,0.00024405,-0.00078388,-0.00029985,-0.00006747,-0.00026007,-0.00103970,0.00014552,-0.00029938,0.00049249,0.00245561,-0.00104925,0.00022564,-0.00071388,0.00055863,-0.00033699,-0.00020446,0.00056629,-0.00053593,-0.00140334,0.00092778,-0.00132227,-0.00027565,0.00007949,-0.00934465,0.00042932,-0.00032444,0.00019260,0.00041396,-0.00108987,0.00002091,-0.00026726,-0.00022083,-0.00025140,-0.00060640,-0.00050277,-0.00138410,0.00096627,-0.00089438,-0.00076419,-0.00151875,-0.00050532,-0.00079727,0.00036320,-0.00131571,0.00106083,-0.00015788,0.00152283,-0.00022738,-0.00050029,-0.00001289,-0.00060615,0.00035305,-0.00084265,0.00068661,-0.00072667,0.00010925,-0.00011289,-0.00140793,-0.00010910,-0.00038794,-0.00120100,0.00100531,0.00036558,-0.00040319
0.00045142,-0.00079333,0.00090939,-0.00086804,0.00090214,-0.00043158,0.00075969,-0.00080314,0.00105860,0.00061034,0.00002935,0.00143185,-0.00085573,0.00033694,0.00124245,-0.00159387,0.00126314,0.00081902,-0.00077990,-0.00010577,0.00160610,0.00029039,0.00058561,0.00037890,-0.00109720,0.00012873,0.00053600,0.00033517,-0.00043302,0.00049412,0.00092535,-0.00185748,0.00015013,0.00147803,0.00160921,-0.00124545,-0.00018467,0.00005887,-0.00115960,0.00124962,0.00098985,0.00126283,0.00093056,-0.00046193,-0.00016904,0.00093912,-0.00011651,0.00086094,-0.00079822,-0.00080059,-0.00000298,0.00091429,-0.00115373,0.00013248,-0.00092081,-0.00061258,0.00025130,0.00090780,0.00052947,0.00158140,0.00179957,0.00146618,-0.00067115,-0.00057210,0.00020247,-0.00010737,-0.00074240,-0.00209346,0.00010169,-0.00002200,-0.00000697,0.00056027,0.00147514,0.00026643,-0.00176099,0.00169788,-0.00009515,-0.00008068,0.00008697,-0.00040575,-0.00116159,0.00143217,-0.00170186,0.00025155,0.00169003,0.00005556,-0.00176047,0.00067278,-0.00003194,0.00173797,0.00082216,0.00066727,0.00101264,0.00102167,0.00135033,-0.00024746,-0.00065022,0.00084548,0.00023434,0.00066513,0.00015568,0.00052061,-0.00117295,-0.00068996,0.00059930,0.00047730,-0.00010969,0.00036227,-0.00038211,-0.00097915,0.00134593,-0.00031588,0.00106575,0.00103349,0.00073423,0.00122165,0.00087540,-0.00060336,-0.00124271,0.00086604,-0.00095680,0.00016448,0.00145392,0.00109589,-0.00089815,0.00020240,-0.00015808,-0.00108764,0.00084545,0.00000164,0.00011891,-0.00164602,-0.00089693,0.00008794,0.00052653,0.00044685,0.00057680,0.00264709,-0.00010305,0.00116193,-0.00070826,0.00165520,-0.00214217,0.00106478,0.00108057,-0.00079304,-0.00074579,0.00108233,-0.00046426,-0.00091312,-0.00006087,0.00184750,-0.01296476,0.00024399,-0.00047798,0.00121055,-0.00095740,-0.00100687,0.00090870,0.00066876,0.00031705,0.00015541,-0.00053541,-0.00070494,0.00150868,-0.00124426,-0.00152784,-0.00080338,-0.00120524,0.00050812,0.00099590,-0.00146543,0.00101593,0.00012944,0.00092244,-0.00029226,-0.00090438,0.00048505,-0.00181560,0.00080719,-0.00094026,0.00131159,-0.00109546,-0.00010814,0.00035900,-0.00095367,-0.00015680,-0.00056199,-0.00141855,0.00207594,0.00161202,-0.00086940
-0.00016971,0.00093365,-0.00040240,0.00166793,-0.00083430,-0.00038375,-0.00191642,-0.00020160,-0.00213907,-0.00069709,-0.00168618,-0.00130474,0.00082322,-0.00095480,-0.00114731,0.00141753,-0.00108081,-0.00106228,0.00096741,0.00201040,-0.00096365,-0.00071929,-0.00118751,-0.00009567,0.00137399,-0.00122429,-0.00147639,-0.00125912,0.00112465,0.00021189,-0.00129281,0.00167336,-0.00011935,-0.00102685,-0.00059656,0.00115631,0.00146502,-0.00054576,0.00128449,-0.00152039,-0.00166186,-0.00124658,-0.00071481,0.00094752,0.00105478,-0.00116852,0.00010403,-0.00148698,0.00181060,0.00226622,0.00008639,-0.00108225,0.00142413,0.00032220,0.00115476,0.00008086,-0.00032258,-0.00175187,-0.00131287,-0.00124827,-0.00080851,-0.00107061,0.00106242,0.00031858,0.00068731,0.00178958,0.00139740,0.00140240,-0.00005913,0.00087559,-0.00128383,-0.00002294,-0.00061775,-0.00050706,0.00164017,-0.00028895,-0.00026368,0.00108303,-0.00191134,0.00141919,0.00045293,-0.00175809,0.00144507,0.00044597,-0.00120991,0.00144868,0.00201409,-0.00142380,0.00003847,-0.00191671,-0.00171099,-0.00082324,-0.00182012,-0.00022301,-0.00131165,0.00007280,0.00092737,-0.00048020,0.00015864,0.00033731,-0.00056543,0.00002659,0.00142862,0.00050316,-0.00097029,-0.00103183,-0.00065598,-0.00108332,0.00138420,0.00118785,-0.00122512,-0.00064714,-0.00121804,-0.00110231,-0.00132559,-0.00103758,-0.00223305,0.00146132,0.00139193,-0.00116995,0.00042545,0.00016340,-0.00133930,-0.00025194,0.00077812,-0.00031633,-0.00017220,0.00171265,-0.00124150,0.00007295,-0.00062595,0.00190806,0.00129655,-0.00012695,-0.00161785,-0.00120101,-0.00056409,-0.00278045,0.00038770,-0.00147153,0.00101111,-0.00086661,0.00174629,-0.00167489,-0.00024200,0.00204837,0.00080805,-0.00089945,0.00130298,0.00138040,-0.00006921,-0.00183393,-0.00096483,-0.01069369,-0.00013169,0.00001920,0.00143620,0.00131479,-0.00095681,0.00050985,-0.00062158,0.00051449,0.00143025,0.00047256,-0.00054220,0.00134100,0.00151675,0.00193091,0.00108244,0.00003028,-0.00100696,0.00006870,-0.00126303,0.00060308,-0.00175321,-0.00054736,0.00130192,-0.00113674,0.00169244,-0.00158203,0.00149921,-0.00156360,0.00223234,-0.00112115,-0.00010968,0.00140829,-0.00126042,0.00092541,0.00175510,-0.00237147,-0.00132579,0.00216572
0.00002413,0.00017829,0.00043497,-0.00055304,0.00022321,-0.00001321,-0.00049750,0.00168696,0.00113034,-0.00042065,0.00079106,0.00045298,0.00032008,0.00068325,0.00051199,-0.00056550,0.00047307,0.00084826,-0.00107369,-0.00042372,0.00056021,-0.00042933,0.00081845,-0.00061657,-0.00071056,0.00081953,0.00072593,0.00019282,-0.00129637,0.00055938,0.00034663,-0.00100374,0.00038717,0.00093488,0.00062209,-0.00032387,-0.00034183,-0.00086985,-0.00052261,0.00163075,0.00069934,0.00117700,0.00117723,-0.00019029,0.00004986,0.00092802,0.00004558,0.00059670,-0.00060891,-0.00023968,0.00015700,0.00085899,-0.00042842,-0.00017450,-0.00141359,-0.00054313,0.00002295,0.00054633,-0.00107888,-0.00065490,0.00078628,0.00096979,-0.00048571,0.00010839,-0.00083379,0.00059694,-0.00108978,0.00053451,0.00030048,0.00041320,0.00013711,0.00039882,-0.00004065,0.00124771,0.00005765,0.00000815,0.00038332,-0.00143792,0.00119238,0.00013022,-0.00041495,0.00023051,-0.00084198,0.00035839,0.00099280,-0.00074804,-0.00125322,0.00019673,-0.00112506,0.00114450,0.00115181,0.00049832,0.00188804,-0.00029717,-0.00074907,-0.00006851,-0.00033357,0.00056611,-0.00049357,0.00018560,-0.00045327,-0.00024253,-0.00005050,0.00014238,0.00135864,-0.00082360,-0.00037951,0.00078682,0.00036199,-0.00077805,-0.00002796,-0.00031097,-0.00002018,-0.00000922,0.00018581,-0.00016940,-0.00010538,-0.00100778,-0.00097637,0.00056273,-0.00078283,-0.00061818,0.00097555,0.00007946,-0.00025881,-0.00032222,-0.00021209,-0.00016560,0.00051662,-0.00014909,0.00033570,-0.00029033,-0.00089199,0.00087868,-0.00024391,0.00041685,-0.00027820,0.00066607,0.00038713,0.00058730,-0.00111306,0.00053022,-0.00106969,0.00089141,0.00081187,-0.00026586,0.00063864,0.00074220,-0.00048387,-0.00078833,0.00024247,0.00160139,0.00009599,-0.00006177,-0.01465684,0.00001117,-0.00093802,-0.00069672,0.00126704,0.00022765,0.00105242,-0.00002290,-0.00001317,0.00004878,-0.00039649,-0.00067743,-0.00111060,-0.00026412,-0.00083358,-0.00037904,0.00002820,0.00045245,0.00057688,-0.00042335,-0.00000298,-0.00059558,-0.00120682,0.00183848,-0.00067049,0.00047031,0.00004414,0.00111287,-0.00023161,0.00078278,-0.00025484,-0.00014432,0.00041240,-0.00082459,-0.00081830,0.00072303,0.00031198,-0.00068802
-0.00077672,0.00093162,-0.00047523,0.00060871,-0.00109521,0.00115624,-0.00142178,-0.00022573,-0.00166570,-0.00141689,-0.00134514,-0.00075149,-0.00011655,-0.00107900,-0.00118000,0.00115681,-0.00123614,-0.00240870,0.00144991,0.00109572,-0.00054328,-0.00125015,-0.00125415,-0.00132389,0.00155483,-0.00153170,-0.00017938,-0.00000649,0.00108151,0.00056764,-0.00143449,0.00221086,-0.00019877,-0.00161030,-0.00133968,0.00079855,0.00103367,-0.00016029,0.00211361,-0.00156105,-0.00171201,-0.00182296,-0.00175867,0.00053300,0.00047683,-0.00187863,0.00070411,-0.00133290,0.00130640,0.00150640,0.00122184,-0.00129784,0.00110092,-0.00065823,0.00054976,0.00069480,-0.00110542,-0.00111785,-0.00158588,-0.00082876,-0.00145754,-0.00155891,0.00081814,-0.00014859,0.00015041,0.00074279,0.00158844,0.00179566,-0.00093372,0.00094602,-0.00165833,-0.00005035,0.00018587,-0.00052790,0.00136212,-0.00060068,-0.00076942,0.00119349,-0.00193118,0.00137889,0.00072516,-0.00197857,0.00088206,0.00095845,-0.00152380,0.00228826,0.00226383,-0.00108949,-0.00037819,-0.00282162,-0.00261010,-0.00139623,-0.00179661,-0.00163190,-0.00113612,-0.00044288,0.00159367,-0.00031119,-0.00071544,0.00107003,-0.00038741,-0.00015565,0.00145180,0.00045140,-0.00078661,-0.00091736,-0.00022750,-0.00015128,0.00036447,0.00056983,-0.00107846,-0.00064875,-0.00185450,-0.00084762,-0.00065601,-0.00016645,-0.00152322,0.00118226,0.00176453,-0.00113144,-0.00042329,0.00031013,-0.00118248,-0.00121509,0.00106181,0.00064451,-0.00001788,0.00128072,-0.00155472,0.00026548,-0.00140207,0.00178713,0.00141706,0.00044688,-0.00094855,-0.00149481,-0.00102225,-0.00261096,0.00038741,-0.00171634,0.00198891,-0.00129693,0.00114370,-0.00042027,-0.00086074,0.00071137,0.00178296,-0.00198010,0.00126071,0.00098464,-0.00050774,-0.00211434,-0.00141185,0.00057698,0.00102500,-0.01022816,0.00206373,0.00131568,-0.00125228,-0.00033704,-0.00110353,0.00032587,0.00217264,0.00107423,-0.00208024,0.00145160,0.00117711,0.00275458,0.00121375,-0.00014899,-0.00072519,-0.00003169,-0.00143577,0.00097992,-0.00222199,-0.00060341,0.00158102,-0.00038794,0.00155318,-0.00155117,0.00225330,-0.00230291,0.00160085,-0.00167787,-0.00040950,0.00154121,-0.00001484,0.00095829,0.00154132,-0.00282618,-0.00123622,0.00203960
0.00049252,0.00024483,0.00044622,-0.00100293,0.00191026,-0.00056310,-0.00053804,-0.00046733,0.00065243,0.00056398,0.00019325,0.00059198,-0.00066591,0.00092802,0.00052070,-0.00121014,0.00070581,-0.00021582,-0.00059422,-0.00052446,0.00223848,0.00137199,0.00131806,0.00140311,-0.00082015,0.00081498,0.00007031,0.00073154,0.00020075,0.00023734,0.00085990,-0.00065866,0.00123353,0.00083619,0.00035903,-0.00150818,-0.00015477,0.00021902,-0.00096439,0.00157007,0.00129129,0.00103713,0.00182343,-0.00086175,-0.00139874,0.00091311,0.00050117,0.00065012,-0.00160432,-0.00094631,-0.00001052,0.00049429,-0.00119703,0.00015512,-0.00146605,-0.00025205,0.00009684,0.00062024,0.00051260,0.00104745,0.00028544,0.00047648,-0.00054423,-0.00085310,0.00030324,0.00023371,-0.00107218,-0.00034579,0.00056685,0.00011606,0.00057225,0.00009830,0.00008121,-0.00023701,-0.00120096,0.00030854,0.00048898,-0.00091097,0.00210264,0.00008901,-0.00057300,0.00080359,-0.00041206,-0.00020329,0.00145523,0.00102774,-0.00157379,0.00052143,0.00010591,0.00133136,0.00096592,0.00115567,0.00002515,0.00164683,0.00025966,-0.00041542,-0.00029920,0.00035660,-0.00012666,-0.00005975,-0.00117319,0.00065793,-0.00202169,-0.00039228,-0.00002599,0.00099864,0.00175637,0.00030369,0.00028170,-0.00120858,0.00023413,0.00081905,0.00076857,0.00008266,0.00127176,0.00050973,0.00111692,-0.00094858,-0.00161607,0.00049637,0.00109839,0.00083156,0.00086154,0.00066616,-0.00064955,-0.00105879,-0.00025882,-0.00196618,0.00028051,0.00035355,0.00045097,-0.00159655,-0.00076061,0.00043339,0.00160218,0.00073514,0.00003580,0.00166610,-0.00017051,0.00150099,-0.00093086,0.00083085,-0.00125478,0.00011899,0.00068978,-0.00135412,0.00010085,0.00090375,-0.00020782,-0.00078607,-0.00043921,0.00143208,0.00127971,-0.00082554,0.00011581,-0.00025343,-0.01401086,-0.00128307,0.00106349,0.00074597,0.00056314,-0.00038801,0.00029685,-0.00016171,0.00120516,-0.00101363,-0.00177454,0.00035899,-0.00099168,0.00101708,0.00112943,-0.00010006,0.00062424,-0.00070731,-0.00024468,-0.00063734,-0.00125120,0.00102963,-0.00122143,0.00111293,-0.00059920,0.00119661,-0.00135159,0.00049097,-0.00006625,-0.00148627,-0.00008488,-0.00097674,-0.00088829,0.00161118,0.00163933,-0.00054839
-0.00087665,0.00051479,-0.00019991,0.00073361,-0.00010631,0.00066678,-0.00082657,0.00020621,-0.00071220,-0.00099010,-0.00062564,-0.00085559,0.00032666,-0.00104974,-0.00034653,0.00078986,-0.00085820,-0.00160934,0.00066380,0.00068254,-0.00038064,-0.00048876,-0.00073802,-0.00040871,0.00089104,-0.00045684,-0.00095809,-0.00033749,0.00104951,-0.00028593,-0.00148170,0.00096779,0.00054607,-0.00113190,-0.00192405,0.00025094,0.00089991,0.00089223,0.00017307,-0.00069652,-0.00084967,-0.00120100,-0.00067291,0.00096767,-0.00066896,-0.00118099,-0.00014398,-0.00142773,0.00022504,0.00102163,0.00049801,-0.00095518,0.00029759,0.00090489,0.00009564,0.00023743,0.00023799,-0.00057709,-0.00040204,-0.00032907,-0.00063730,-0.00098100,0.00038160,0.00048143,0.00016576,0.00063986,0.00047326,0.00071173,-0.00146647,0.00018789,0.00030655,-0.00016663,0.00064294,0.00073562,0.00119741,-0.00077223,-0.00093659,0.00101094,-0.00003424,0.00076486,0.00034064,-0.00077581,0.00107779,0.00087859,-0.00034286,0.00063612,0.00111562,-0.00087538,-0.00001993,-0.00175706,-0.00086855,-0.00036655,-0.00053025,0.00005537,-0.00053986,0.00041625,0.00096144,-0.00035078,-0.00014513,0.00078526,0.00016305,0.00001106,0.00173638,0.00032913,-0.00115682,-0.00014505,0.00027869,-0.00080408,0.00044295,0.00030248,-0.00099179,-0.00102356,-0.00071617,-0.00013901,-0.00019195,-0.00085799,-0.00146951,0.00183891,0.00056334,-0.00079311,-0.00033402,-0.00050677,-0.00065630,-0.00109941,0.00073926,-0.00065922,0.00105316,0.00058581,0.00002463,-0.00011489,-0.00006692,0.00107314,0.00105336,0.00034509,-0.00115986,-0.00089748,-0.00095086,-0.00144101,0.00087037,-0.00014806,0.00040396,-0.00187155,0.00023186,-0.00086207,-0.00068374,0.00007948,0.00104836,-0.00050983,0.00172575,0.00148603,-0.00021316,-0.00026081,-0.00079129,-0.00023128,0.00069741,-0.00051171,0.00067415,-0.01205910,-0.00124156,0.00128264,0.00033012,0.00060433,0.00110333,0.00105947,-0.00091559,0.00029925,0.00041801,0.00226182,0.00078728,0.00015996,-0.00020977,0.00010153,-0.00109417,-0.00029722,-0.00150181,-0.00019642,-0.00007857,-0.00056429,0.00042992,-0.00063553,0.00156829,-0.00107803,0.00138403,-0.00061770,-0.00107786,0.00028717,-0.00080970,-0.00044123,0.00133801,-0.00103990,-0.00058409,0.00174913
0.00051937,-0.00047084,0.00054695,0.00013371,0.00053027,-0.00075108,-0.00067102,-0.00054778,0.00072074,0.00126872,0.00087787,0.00054188,-0.00042678,-0.00005468,-0.00006173,-0.00002202,-0.00037749,0.00025218,-0.00019764,-0.00047672,0.00003768,-0.00009572,0.00171389,0.00069405,-0.00039597,0.00029667,0.00011609,0.00021611,-0.00115875,0.00069419,0.00019246,-0.00062919,-0.00055043,0.00046775,-0.00023251,-0.00078682,0.00009460,-0.00079841,-0.00034743,0.00038792,-0.00021221,0.00039788,-0.00016098,-0.00005080,0.00075404,0.00080049,-0.00033280,0.00057564,-0.00122565,-0.00042931,0.00045520,-0.00089800,-0.00050257,-0.00111575,-0.00062843,0.00079031,0.00011936,-0.00027518,0.00000319,0.00011830,0.00018964,0.00073275,0.00025747,0.00089852,0.00058513,0.00056688,-0.00017789,-0.00035301,0.00003339,0.00041254,-0.00054362,0.00000772,0.00041382,-0.00025910,0.00012843,-0.00010888,-0.00009209,0.00004221,0.00076900,-0.00096200,0.00039287,0.00054931,-0.00019356,0.00076862,0.00099324,0.00006795,-0.00068460,0.00103739,0.00092292,0.00055734,0.00067428,-0.00019399,0.00102073,0.00007807,0.00047473,-0.00045786,-0.00122543,0.00020728,-0.00033114,-0.00023743,-0.00006177,-0.00033465,0.00010006,0.00037991,0.00050022,0.00014666,-0.00130225,0.00006684,0.00034711,-0.00109563,-0.00055507,0.00042253,0.00093888,0.00028865,0.00005711,-0.00068380,0.00134329,0.00031139,-0.00027679,-0.00058534,-0.00081146,-0.00060068,0.00140053,0.00028954,-0.00068743,-0.00049075,-0.00033679,-0.00062190,0.00053279,0.00029012,0.00029309,-0.00013077,-0.00002780,-0.00053259,0.00029589,-0.00051181,0.00045114,0.00114305,-0.00030575,0.00034624,0.00014252,0.00129142,-0.00029646,0.00027543,-0.00024967,-0.00011288,-0.00113619,0.00005697,-0.00049326,-0.00053444,0.00076738,-0.00066552,-0.00025235,0.00065415,0.00043824,0.00159439,-0.00122644,-0.00064832,-0.01528655,0.00078703,-0.00106378,-0.00000380,-0.00131297,-0.00028308,-0.00047805,0.00000223,0.00091762,-0.00123716,0.00008186,-0.00088221,-0.00069521,-0.00018592,0.00034066,-0.00014638,0.00038881,-0.00132909,-0.00077963,0.00046739,-0.00044009,0.00062131,-0.00070275,0.00041560,-0.00101356,-0.00010635,0.00085598,-0.00082808,0.00046769,0.00003145,0.00037675,0.00037750,0.00076471,-0.00052982
0.00053325,0.00069717,-0.00042061,-0.00012640,0.00049927,0.00032509,-0.00064639,0.00054165,-0.00014409,0.00011293,0.00086245,0.00014267,-0.00050159,0.00137316,-0.00008386,0.00010150,0.00043083,-0.00011291,-0.00037858,-0.00036871,-0.00056878,0.00071241,0.00126887,0.00031210,-0.00066802,0.00001417,0.00042407,0.00154546,-0.00104524,0.00003264,0.00052980,-0.00135806,-0.00064560,-0.00017641,0.00051642,0.00033463,0.00017136,-0.00078906,-0.00004739,0.00001927,0.00052793,0.00042346,0.00103362,0.00037619,-0.00066123,0.00106134,0.00062613,0.00013346,0.00040197,0.00017973,-0.00093814,0.00013025,-0.00044746,-0.00021302,0.00101847,-0.00046868,0.00046430,0.00067685,-0.00012935,-0.00037849,0.00074275,0.00055911,-0.00007389,0.00004542,0.00019183,-0.00073677,-0.00013364,-0.00072230,0.00010393,0.00086106,0.00069132,0.00056137,0.00046182,0.00088241,-0.00041049,0.00048841,-0.00062860,-0.00024152,-0.00007548,0.00030261,-0.00004188,-0.00026809,-0.00080818,-0.00078797,-0.00015017,-0.00031814,-0.00030982,0.00039730,-0.00033049,-0.00014239,-0.00048848,-0.00028711,0.00033899,-0.00049680,0.00099511,0.00054993,0.00073363,0.00078247,-0.00050308,0.00037550,0.00058416,0.00004531,-0.00032177,-0.00075475,0.00002462,-0.00038479,0.00016473,0.00025202,-0.00056396,-0.00075971,0.00039096,0.00064052,0.00019511,0.00091867,0.00045019,0.00114676,0.00042779,0.00044759,-0.00041508,0.00052623,-0.00016474,-0.00065096,0.00022157,0.00146781,0.00001859,0.00032445,0.00021314,-0.00097594,0.00010281,-0.00039790,0.00036625,0.00027540,-0.00089800,0.00149004,-0.00019783,0.00107412,-0.00002107,0.00084590,-0.00004289,0.00045956,-0.00080476,-0.00074029,-0.00068030,-0.00120734,0.00046099,0.00023001,-0.00034502,0.00039230,0.00072840,-0.00084253,0.00051969,0.00009150,0.00038909,-0.00030471,0.00002835,-0.00055272,0.00092116,0.00034100,0.00048894,-0.01510219,0.00029728,-0.00033872,0.00007049,-0.00029695,0.00010615,-0.00049638,-0.00110653,-0.00056700,-0.00034269,0.00105708,0.00055304,0.00064346,-0.00008581,0.00005187,0.00063325,0.00074623,0.00003276,0.00059527,-0.00087605,0.00037607,-0.00044019,0.00093186,-0.00006537,0.00001167,-0.00110017,-0.00040195,0.00004423,-0.00086245,-0.00054021,0.00005167,-0.00043204,-0.00017024
-0.00046370,-0.00032493,0.00115107,-0.00071616,0.00092946,0.00009261,0.00096966,-0.00007305,0.00110747,0.00016653,0.00065249,0.00064755,-0.00000827,0.00130842,0.00138827,-0.00026864,0.00131589,0.00138279,-0.00102581,-0.00070934,0.00045359,0.00125041,0.00089419,0.00082148,-0.00102463,0.00144575,0.00181007,0.00046518,-0.00122591,0.00036001,0.00168115,-0.00141904,-0.00015244,0.00072688,0.00082180,-0.00132528,0.00006685,-0.00076516,-0.00136908,0.00094113,0.00055844,0.00175184,0.00088761,-0.00010273,-0.00063701,0.00088315,-0.00027360,0.00083437,-0.00172969,-0.00095649,-0.00000975,0.00074143,-0.00104114,0.00081125,-0.00084157,-0.00068420,-0.00010534,0.00049793,0.00070325,0.00090206,0.00051039,0.00048891,-0.00108207,-0.00088123,0.00030161,-0.00086070,-0.00056707,-0.00009579,0.00068401,-0.00008865,0.00088215,0.00086652,-0.00019010,0.00011915,-0.00104160,0.00038352,0.00080070,-0.00090999,0.00070290,-0.00086048,-0.00010925,0.00161339,-0.00093567,-0.00004032,0.00026089,-0.00181172,-0.00139451,0.00069801,0.00104128,0.00187239,0.00120420,0.00037196,0.00130683,0.00089345,0.00132087,0.00067847,-0.00113561,-0.00009832,-0.00038538,-0.00035428,0.00054475,0.00014377,-0.00143091,-0.00021172,0.00104073,0.00078375,0.00059029,0.00045380,-0.00009462,-0.00126766,0.00019172,0.00038522,0.00087463,0.00054181,0.00019549,0.00105114,0.00065592,-0.00083090,-0.00094441,0.00062445,0.00040280,0.00027308,0.00029622,-0.00016016,-0.00140528,-0.00003714,-0.00112284,-0.00065679,0.00086795,-0.00016450,0.00032538,-0.00104078,-0.00162360,-0.00001551,0.00150408,0.00109779,-0.00043199,0.00239442,-0.00034596,0.00075237,-0.00099965,0.00150062,-0.00156303,0.00043710,0.00044007,-0.00108269,-0.00148637,0.00119689,-0.00062454,-0.00037687,0.00044560,0.00110076,0.00092397,-0.00038189,0.00012162,-0.00022354,-0.00133472,-0.00050938,0.00117460,0.00033881,-0.01048515,-0.00035083,-0.00107664,-0.00109658,0.00109371,-0.00159125,-0.00191285,-0.00214179,-0.00096225,-0.00070590,0.00074189,-0.00100903,0.00133664,-0.00041904,0.00140398,0.00024888,-0.00109213,0.00147468,-0.00145313,0.00130853,-0.00119873,0.00113072,-0.00102432,0.00191136,0.00011980,-0.00112824,0.00090384,-0.00091388,-0.00071396,0.00154282,0.00190156,-0.00189076
0.00208287,-0.00008387,0.00034350,-0.00214154,0.00035572,-0.00018682,0.00115857,-0.00013324,0.00228948,0.00064918,0.00169743,0.00037972,-0.00076021,0.00187744,-0.00003623,-0.00106889,0.00171245,0.00137019,-0.00223280,0.00008473,-0.00023118,0.00096596,0.00118915,0.00094397,-0.00148326,0.00124507,0.00072241,0.00039432,-0.00108739,0.00124428,0.00164776,-0.00081156,-0.00013926,-0.00050839,0.00182021,-0.00130404,-0.00062073,-0.00085798,-0.00115137,0.00098096,0.00055051,0.00176168,0.00106529,-0.00047922,0.00051205,0.00056349,-0.00052864,0.00087060,-0.00137479,-0.00106444,-0.00063598,0.00225790,-0.00016882,0.00014191,-0.00111969,0.00013037,-0.00091371,0.00038041,0.00139067,0.00019711,0.00031209,-0.00005168,-0.00033006,-0.00070576,0.00012589,-0.00061549,-0.00156468,-0.00140789,-0.00009625,-0.00017813,0.00093797,0.00094632,0.00020282,-0.00100983,-0.00110403,-0.00075107,0.00071883,-0.00138623,0.00056527,-0.00090024,-0.00160329,0.00093908,-0.00051730,-0.00168835,0.00077786,-0.00161946,-0.00222959,0.00112548,0.00076813,0.00108401,0.00184502,-0.00008358,0.00175824,0.00052667,0.00087827,-0.00017894,-0.00021207,0.00051263,-0.00036446,-0.00039816,-0.00004489,-0.00081851,-0.00032756,-0.00024039,0.00004558,0.00087197,0.00079901,0.00033398,-0.00028447,-0.00133543,0.00075981,0.00098965,0.00105305,0.00020134,0.00083696,0.00027728,0.00112384,-0.00135418,-0.00042617,0.00038725,0.00018393,-0.00041225,0.00167556,-0.00067381,-0.00097779,-0.00021577,-0.00133969,-0.00091581,0.00020621,0.00044234,0.00029264,-0.00227331,-0.00135120,0.00094011,0.00134479,0.00055126,0.00040263,0.00212445,-0.00022907,0.00090982,-0.00114255,0.00098264,-0.00105394,0.00009783,0.00105359,-0.00131993,-0.00150346,0.00167176,-0.00012544,-0.00041393,-0.00075331,0.00190079,0.00165922,0.00046565,0.00023618,-0.00022902,-0.00092533,-0.00149059,0.00210368,-0.00061696,0.00071700,-0.01521276,-0.00027992,-0.00059592,0.00094991,-0.00135266,-0.00113972,-0.00041619,-0.00089619,0.00001478,0.00152689,0.00036653,-0.00011304,-0.00057545,0.00072588,0.00116175,-0.00123064,0.00091696,-0.00101703,0.00122081,-0.00028637,0.00199885,-0.00128825,0.00091130,0.00049223,-0.00034853,0.00107407,-0.00086050,-0.00042752,0.00043832,0.00186882,-0.00204557
0.00053065,0.00033920,0.00104598,-0.00082902,0.00011125,0.00016834,0.00110922,-0.00059960,0.00147845,0.00195668,0.00223335,0.00124567,-0.00155103,0.00159202,0.00036110,-0.00045019,0.00158903,0.00166254,-0.00201978,-0.00056291,0.00036111,0.00075466,0.00041229,0.00091088,-0.00137006,0.00157915,0.00049487,0.00063719,-0.00100434,0.00069472,0.00194177,-0.00161300,-0.00046718,0.00229485,0.00065615,-0.00056746,-0.00056171,0.00003443,-0.00186839,0.00125167,0.00076104,0.00135446,0.00070493,-0.00103283,-0.00085402,0.00073691,-0.00026290,0.00155855,-0.00138574,-0.00164133,-0.00060316,0.00132170,-0.00153784,0.00075240,-0.00150539,-0.00012021,0.00070727,0.00094827,0.00147588,0.00117317,0.00093783,0.00048941,-0.00133523,-0.00065752,-0.00039906,0.00025192,-0.00118336,-0.00160948,0.00017258,0.00109281,0.00125451,0.00073716,0.00128323,-0.00077004,-0.00128246,0.00056867,0.00083233,-0.00156275,0.00159485,-0.00099144,-0.00112919,0.00190076,-0.00102860,-0.00219157,0.00032415,-0.00153432,-0.00175283,0.00009084,-0.00017932,0.00104883,0.00131640,0.00076120,0.00188853,0.00064108,0.00093442,-0.00083565,-0.00048618,0.00044218,-0.00046508,0.00023218,0.00038472,-0.00015887,-0.00065640,-0.00130872,0.00051942,0.00000856,-0.00018312,-0.00047979,-0.00046335,-0.00178669,0.00119358,0.00055611,0.00083214,0.00137784,-0.00014322,0.00137636,0.00102458,-0.00166820,-0.00100870,0.00156330,0.00068228,-0.00004258,0.00203034,0.00164684,-0.00109929,0.00010380,-0.00070540,-0.00037424,0.00020877,0.00045312,0.00058634,-0.00244000,-0.00157465,0.00044671,0.00145383,0.00099078,-0.00042251,0.00198858,0.00048276,0.00189440,-0.00244345,0.00030356,-0.00188892,0.00048041,0.00056438,-0.00122514,-0.00142562,0.00078921,0.00021836,-0.00159897,0.00096597,0.00270276,0.00155735,-0.00083845,0.00052934,-0.00031879,-0.00101058,-0.00178267,0.00167800,0.00047470,0.00045550,0.00034707,-0.01441666,-0.00086755,0.00134873,-0.00194533,-0.00137710,-0.00138190,-0.00148014,0.00083204,0.00159728,0.00056048,0.00096040,-0.00069937,0.00084902,0.00029177,-0.00217489,-0.00031836,-0.00103063,0.00071644,-0.00104578,0.00241753,-0.00128866,0.00123930,0.00048794,-0.00066753,0.00058785,-0.00098013,-0.00144758,0.00258650,0.00187335,-0.00242988
0.00000909,0.00110300,-0.00006279,-0.00073510,-0.00019921,0.00002699,-0.00018785,0.00044048,0.00095309,0.00025847,0.00010217,0.00060568,-0.00043258,-0.00022792,0.00011418,-0.00079112,0.00036149,0.00049166,-0.00039376,0.00012357,-0.00007597,0.00027242,0.00064982,-0.00059168,-0.00136664,0.00095258,0.00057908,0.00009334,-0.00021848,-0.00102429,0.00002806,0.00010894,0.00104228,0.00056343,-0.00060036,-0.00029691,0.00030941,-0.00010234,-0.00077753,0.00016069,0.00015407,0.00000104,0.00073026,-0.00121553,-0.00021477,0.00050599,0.00026530,0.00081241,-0.00118174,0.00001099,-0.00018094,-0.00007961,-0.00024145,0.00014249,-0.00045117,0.00109936,0.00072581,0.00023496,0.00061729,0.00002529,0.00015280,-0.00018413,-0.00033032,-0.00050804,-0.00079123,-0.00139013,-0.00114969,-0.00090884,-0.00040098,-0.00123464,0.00055111,0.00092705,0.00115577,-0.00083516,-0.00023371,-0.00000874,0.00063394,0.00010134,-0.00016884,-0.00013777,-0.00024361,0.00082310,-0.00101508,-0.00090427,0.00011387,-0.00036550,-0.00170845,0.00090172,0.00046443,0.00045896,-0.00053705,0.00069849,0.00108156,-0.00103459,0.00022614,-0.00048351,-0.00034779,0.00053544,0.00070287,0.00032171,-0.00079967,0.00038854,-0.00116299,-0.00094999,0.00063640,-0.00041585,-0.00029955,0.00068002,-0.00025689,-0.00111075,0.00031076,0.00045014,0.00009948,0.00008397,-0.00005470,-0.00001581,-0.00027174,-0.00066038,0.00018885,0.00077045,0.00045071,0.00056290,0.00063498,-0.00045093,-0.00004778,0.00107185,-0.00121227,0.00049390,0.00016632,0.00107597,0.00060552,-0.00141217,-0.00086096,-0.00056662,0.00167052,0.00047688,0.00009185,0.00038539,0.00006081,-0.00015376,-0.00086533,-0.00061064,-0.00082770,-0.00035869,-0.00079952,-0.00080321,0.00036952,0.00049030,0.00080994,-0.00068869,-0.00054577,0.00075457,0.00077595,-0.00073899,0.00074916,-0.00103516,0.00055628,-0.00058579,0.00055594,-0.00017378,0.00022245,0.00051433,-0.00038061,-0.01485529,-0.00009727,-0.00003464,-0.00019692,0.00083258,-0.00108684,0.00068577,-0.00016011,0.00052506,-0.00069571,-0.00075602,-0.00056353,0.00043559,-0.00010330,0.00063234,-0.00072041,0.00043058,0.00046684,-0.00027694,0.00009622,-0.00038145,-0.00037266,-0.00045113,-0.00010166,-0.00109962,-0.00011853,0.00037906,0.00063631,-0.00068937
0.00014261,0.00035149,-0.00008467,-0.00046865,-0.00088027,0.00002340,-0.00047635,0.00085620,0.00027748,0.00031766,0.00081501,0.00037458,0.00067637,0.00006740,-0.00005077,-0.00078956,-0.00059304,0.00031361,-0.00008083,-0.00007432,-0.00081515,-0.00014345,-0.00053321,-0.00016460,0.00023951,0.00008376,-0.00071685,-0.00071217,0.00049655,-0.00053600,-0.00004800,-0.00056237,0.00024239,-0.00051781,-0.00035814,0.00017949,0.00026994,-0.00153542,-0.00002289,-0.00068076,-0.00015745,-0.00014622,0.00016129,-0.00041205,0.00026809,-0.00033307,0.00036265,0.00035126,0.00053172,-0.00118005,-0.00027023,-0.00064720,-0.00059275,0.00004248,0.00044016,0.00015845,-0.00016529,0.00040271,0.00095391,0.00002957,-0.00067521,0.00051895,-0.00050672,-0.00103965,0.00059035,-0.00025145,0.00021092,0.00059961,0.00035956,0.00083807,-0.00030820,0.00102495,0.00059517,-0.00010947,-0.00125618,-0.00002363,0.00116483,-0.00072446,0.00171169,0.00105809,0.00002235,0.00016655,-0.00003138,-0.00086666,0.00051097,-0.00020345,-0.00049800,0.00119663,-0.00129258,-0.00003338,-0.00058187,0.00067931,-0.00021482,-0.00065089,0.00006114,0.00005209,0.00036090,-0.00049867,0.00025924,-0.00007503,0.00155226,-0.00125400,-0.00119342,0.00067660,0.00041488,0.00053765,-0.00039979,0.00053829,-0.00044575,-0.00068686,-0.00029809,-0.00008317,0.00102142,-0.00017195,-0.00040837,-0.00065908,-0.00006541,-0.00091583,-0.00057130,0.00055826,0.00058732,0.00016729,0.00028070,-0.00015367,-0.00040356,-0.00047881,-0.00025513,0.00004800,0.00137137,-0.00020806,0.00014513,-0.00011572,-0.00007515,0.00010012,-0.00076255,0.00020006,0.00103682,0.00084022,-0.00015963,0.00005715,0.00029187,0.00014704,0.00041878,-0.00089866,-0.00018125,-0.00056347,-0.00040222,-0.00012320,-0.00015031,0.00003995,0.00023301,0.00008463,-0.00027430,0.00135096,-0.00093074,-0.00004638,0.00011280,0.00002969,-0.00065087,-0.00010924,-0.00002659,-0.00107692,-0.00076397,-0.00031938,-0.01422921,0.00022939,-0.00062247,-0.00039187,-0.00003282,-0.00088660,-0.00045600,-0.00040101,0.00037334,0.00063662,0.00003311,0.00027368,-0.00022894,0.00100057,0.00079541,0.00089358,-0.00017969,-0.00039755,-0.00048038,0.00012733,0.00051808,0.00010092,0.00013560,-0.00029384,-0.00030887,0.00099426,0.00033417,0.00009168
-0.00074405,0.00041642,-0.00035670,0.00053162,0.00074674,-0.00054861,0.00026175,0.00016491,-0.00025159,0.00026649,-0.00037873,-0.00067379,-0.00056112,0.00007346,0.00069646,-0.00015749,0.00012721,-0.00078566,0.00123042,0.00021872,-0.00003116,-0.00023351,-0.00040497,-0.00032739,0.00116474,-0.00074166,-0.00011292,0.00010753,0.00006869,-0.00011309,-0.00003999,0.00032887,0.00007424,0.00033069,-0.00104734,0.00025369,0.00129840,0.00066276,0.00122440,0.00053271,-0.00056950,-0.00009698,-0.00072352,-0.00043931,-0.00118508,-0.00101002,-0.00043121,0.00019315,0.00073276,0.00073340,0.00078117,0.00000984,-0.00013407,-0.00019610,-0.00046025,0.00070903,-0.00108558,-0.00043995,-0.00073950,-0.00042298,-0.00056171,-0.00096276,0.00047819,0.00012197,-0.00109153,-0.00020390,0.00024282,0.00054105,0.00057229,-0.00053666,0.00008727,-0.00123933,0.00024950,0.00052442,0.00004756,-0.00143972,-0.00076445,-0.00064282,-0.00094230,0.00042895,0.00053391,0.00001539,0.00156973,0.00097882,-0.00000912,0.00032206,0.00061153,-0.00012109,-0.00035743,-0.00100781,-0.00084976,-0.00087490,-0.00040838,0.00010463,-0.00036345,-0.00013001,0.00131256,-0.00051915,-0.00008052,0.00156426,0.00040200,0.00011919,0.00100255,0.00068264,-0.00101619,-0.00026544,0.00159897,-0.00127118,0.00050402,0.00039566,0.00053155,-0.00038116,-0.00059833,0.00045019,-0.00096803,-0.00165990,-0.00048163,-0.00008000,-0.00001958,-0.00040164,0.00077935,-0.00038255,-0.00074430,-0.00044778,0.00010607,-0.00036626,0.00064409,0.00009308,-0.00010129,0.00044568,-0.00014034,0.00021771,0.00092956,0.00064223,-0.00021115,-0.00084925,-0.00029186,-0.00146167,0.00058245,-0.00041008,-0.00016661,-0.00019314,0.00063467,-0.00035768,0.00012733,0.00032176,0.00043586,-0.00038619,0.00092409,-0.00018480,-0.00011050,-0.00061744,-0.00090578,-0.00066054,-0.00031765,-0.00088932,0.00101435,-0.00026967,-0.00020717,0.00027017,0.00022142,-0.00007657,0.00036542,0.00091590,-0.00014603,-0.01564189,-0.00001321,0.00132872,0.00097087,0.00046937,0.00049629,0.00085915,-0.00157075,0.00025632,-0.00115292,0.00083802,0.00039633,-0.00028127,0.00058677,-0.00017196,0.00032928,-0.00160667,0.00012528,0.00000504,-0.00034575,0.00064527,0.00074672,0.00083271,0.00005165,0.00043728,-0.00100689,0.00045697
-0.00026930,0.00064395,0.00096842,0.00072423,-0.00074188,-0.00020647,-0.00135722,0.00024369,-0.00099952,-0.00007078,-0.00052562,-0.00098462,0.00100389,-0.00067582,-0.00016344,0.00089924,0.00019100,-0.00033654,0.00039488,0.00042736,0.00061175,0.00036599,0.00003782,0.00002603,0.00045485,-0.00089712,0.00035330,-0.00002334,0.00061163,-0.00138898,-0.00031505,-0.00045090,0.00034209,0.00013135,-0.00058409,0.00064260,-0.00005925,-0.00042719,0.00047338,-0.00106935,0.00010305,-0.00063338,-0.00014043,-0.00070992,-0.00001290,-0.00073145,-0.00048543,-0.00087574,0.00071332,0.00094602,-0.00043932,-0.00128895,0.00028369,0.00027605,0.00019243,0.00138434,-0.00042684,0.00009993,0.00040741,-0.00027663,-0.00052304,-0.00010730,0.00005600,-0.00029321,0.00012750,0.00045447,0.00028828,-0.00019713,-0.00091782,-0.00016548,-0.00002227,-0.00003906,0.00026330,0.00027393,0.00079404,-0.00090544,0.00046519,0.00065487,-0.00064787,-0.00019606,0.00097538,0.00009355,0.00047121,0.00033014,-0.00025671,0.00053284,0.00187646,-0.00008985,-0.00071865,-0.00081978,-0.00044871,-0.00063369,-0.00027087,-0.00036975,-0.00050116,-0.00008915,0.00086528,-0.00008623,0.00083483,0.00043289,0.00076154,0.00014798,0.00059020,0.00024022,-0.00043489,-0.00066496,-0.00052293,-0.00032866,0.00026339,0.00036930,0.00030193,-0.00104151,-0.00144773,-0.00106363,-0.00072270,-0.00074334,-0.00148634,0.00054450,0.00153258,0.00043794,0.00098602,0.00011017,-0.00045119,-0.00006288,0.00068850,0.00007620,0.00026557,0.00031035,-0.00122047,-0.00005606,0.00019564,0.00122843,0.00046154,0.00010224,-0.00084820,0.00007067,-0.00092453,-0.00146614,0.00007268,0.00004345,0.00058466,-0.00112495,0.00040220,-0.00112020,0.00014611,0.00052063,0.00058833,-0.00043674,0.00198590,0.00006725,-0.00072758,-0.00015941,-0.00028544,-0.00015593,0.00045856,-0.00135328,0.00082489,-0.00000055,0.00067388,-0.00026582,-0.00029278,0.00072531,0.00147661,0.00086853,-0.00109730,0.00022810,-0.01237419,0.00105238,-0.00070405,0.00035549,0.00011578,-0.00012233,-0.00114057,0.00017370,-0.00119383,0.00044921,0.00085118,-0.00012359,0.00036127,-0.00061502,0.00097749,-0.00068336,0.00004001,-0.00008894,-0.00011868,0.00098450,-0.00038286,0.00070206,0.00042457,-0.00111125,-0.00064962,0.00112152
0.00096463,-0.00124500,0.00168296,-0.00159744,0.00171392,0.00034901,-0.00041884,-0.00038851,0.00127878,0.00098223,0.00134851,0.00153216,-0.00141374,0.00205598,0.00154509,-0.00174006,0.00147886,0.00100208,-0.00145882,-0.00017830,0.00139927,0.00198036,0.00224916,0.00250080,-0.00160739,0.00148302,0.00065512,0.00078645,-0.00018567,-0.00011966,0.00225722,-0.00161047,0.00034898,0.00219811,0.00094528,-0.00194394,-0.00094364,0.00075669,-0.00236008,0.00186796,0.00054325,0.00280990,0.00127708,-0.00167486,-0.00021746,0.00138457,0.00036331,0.00155574,-0.00052712,-0.00286480,-0.00091965,0.00206902,-0.00169232,0.00155038,-0.00116755,-0.00020537,0.00033420,0.00197572,0.00173172,0.00191127,0.00134209,0.00093070,-0.00083236,-0.00063108,-0.00129500,-0.00055689,-0.00191149,-0.00134365,0.00050380,-0.00015314,0.00082265,0.00011096,0.00003799,0.00046733,-0.00147040,0.00071029,0.00068993,-0.00116658,0.00146685,-0.00248819,-0.00067608,0.00152316,-0.00085898,-0.00131017,0.00199059,-0.00038812,-0.00178448,0.00124939,0.00114324,0.00135920,0.00238060,0.00094396,0.00137211,0.00168142,0.00104603,0.00002282,-0.00110729,-0.00000338,0.00104900,-0.00055409,-0.00002763,0.00059743,-0.00163835,-0.00013835,0.00005232,0.00191773,0.00199390,0.00032283,0.00041493,-0.00093651,0.00212189,0.00042753,0.00160940,0.00051207,0.00144000,0.00102786,0.00172938,-0.00101350,-0.00217113,0.00057063,0.00061966,0.00003236,0.00184561,0.00080547,-0.00163722,0.00003745,0.00007877,-0.00197347,0.00090988,0.00074983,0.00053282,-0.00196169,-0.00150917,0.00104919,0.00177464,0.00127014,0.00096831,0.00289544,0.00077207,0.00161772,-0.00215522,0.00105849,-0.00183665,0.00187647,0.00124119,-0.00255796,-0.00142692,0.00143515,-0.00083677,-0.00149137,-0.00040379,0.00213615,0.00222320,-0.00172354,0.00010843,-0.00055385,-0.00116779,-0.00172475,0.00162032,0.00030021,0.00071340,0.00084668,-0.00037539,-0.00014838,0.00177945,-0.00176781,-0.00217357,-0.01326828,-0.00179209,0.00184273,0.00204063,0.00045247,0.00088390,-0.00126139,0.00094912,0.00118694,-0.00109873,0.00046995,-0.00213863,0.00061809,-0.00213512,0.00227035,-0.00166086,0.00084826,-0.00032120,-0.00148588,-0.00098220,-0.00202140,-0.00152086,0.00226547,0.00188946,-0.00196001
-0.00014045,0.00005028,0.00063703,0.00028211,-0.00026765,-0.00136857,-0.00126200,-0.00005349,-0.00015416,0.00086292,-0.00093140,-0.00094467,0.00101462,-0.00011721,-0.00020072,0.00015423,-0.00017653,-0.00047450,0.00077912,0.00137834,-0.00048973,-0.00033878,0.00036148,0.00006386,0.00056031,-0.00087683,-0.00089635,0.00028323,0.00078009,-0.00034730,-0.00005799,0.00023375,0.00075092,-0.00083220,-0.00082191,-0.00003457,0.00016554,-0.00004387,0.00123278,-0.00072747,-0.00088215,-0.00011808,-0.00051599,-0.00078430,-0.00011181,-0.00024953,0.00051549,-0.00081039,0.00171923,0.00090401,0.00034390,-0.00096114,0.00084180,0.00046109,0.00113445,-0.00044598,-0.00009110,0.00029756,0.00008344,-0.00020742,0.00006144,-0.00005511,-0.00002669,-0.00009738,0.00014305,-0.00039473,0.00110201,0.00136588,-0.00038861,-0.00014094,-0.00100561,-0.00007705,0.00059249,-0.00016781,0.00068738,-0.00038104,-0.00021934,0.00091790,-0.00064551,0.00106132,0.00074884,-0.00143721,0.00106101,0.00025112,-0.00008415,0.00059543,0.00196526,-0.00035232,-0.00024935,-0.00138978,-0.00157725,-0.00027596,-0.00015360,-0.00044707,-0.00011670,0.00012704,0.00049702,0.00017767,0.00018589,0.00055561,-0.00016988,0.00011848,0.00069217,0.00015511,-0.00004589,0.00075074,-0.00014359,0.00090821,0.00020940,0.00116298,-0.00079801,0.00001463,-0.00117106,-0.00100577,-0.00050026,-0.00003469,-0.00165239,-0.00017886,0.00047386,-0.00048783,-0.00007974,0.00003564,-0.00166637,-0.00061242,0.00028135,0.00080985,0.00007631,0.00142207,-0.00026744,0.00101912,-0.00007949,0.00087900,-0.00004738,0.00023222,-0.00025895,0.00015883,-0.00121696,-0.00161087,0.00061003,-0.00017667,0.00080555,-0.00084176,0.00070522,-0.00114785,-0.00040937,0.00048944,0.00032926,-0.00017914,0.00135133,0.00074017,-0.00189936,-0.00044591,-0.00101944,-0.00077237,0.00044807,-0.00062555,0.00118243,0.00089290,-0.00054266,0.00053954,-0.00008158,0.00184633,0.00167915,0.00056514,-0.00113548,0.00088615,0.00010129,0.00186973,-0.01094599,0.00083423,0.00036883,0.00008463,-0.00093252,-0.00017683,-0.00176530,0.00041095,0.00084071,-0.00036649,0.00157816,-0.00002089,0.00108331,-0.00025435,0.00121988,-0.00056422,0.00029082,0.00090098,-0.00011538,0.00100643,0.00059698,-0.00039039,-0.00009686,0.00075629
0.00015604,0.00037886,0.00064543,-0.00209797,0.00052483,-0.00057597,0.00014969,-0.00007740,0.00183112,0.00022863,0.00125023,0.00098848,-0.00039455,0.00114988,0.00129247,-0.00095499,0.00171566,0.00057305,-0.00157959,-0.00049816,0.00025096,0.00111831,0.00057816,0.00186133,-0.00162420,0.00092922,0.00097812,0.00010411,-0.00018853,0.00117574,0.00132069,-0.00167864,-0.00022659,0.00170938,0.00137512,-0.00084147,-0.00101187,-0.00027116,-0.00222649,0.00055173,0.00126529,0.00199435,0.00207510,-0.00107829,0.00029268,0.00162585,0.00052048,0.00071119,-0.00028840,-0.00239728,-0.00114264,0.00103881,-0.00170649,0.00021485,-0.00065127,0.00018463,0.00082309,0.00184176,0.00137779,0.00020877,0.00198196,0.00140180,-0.00082850,-0.00083692,-0.00036339,0.00053215,-0.00142832,-0.00153143,-0.00007766,-0.00007839,0.00090160,0.00100990,0.00013499,0.00006909,-0.00224071,0.00031961,0.00011325,-0.00155761,0.00111276,-0.00123989,-0.00158724,0.00091560,-0.00018403,-0.00083008,0.00064800,-0.00069232,-0.00248629,0.00034980,0.00033973,0.00100558,0.00118984,0.00094678,0.00212892,0.00160121,0.00080900,-0.00026324,-0.00058510,-0.00058831,0.00095116,-0.00062395,-0.00020114,-0.00065854,-0.00045137,-0.00002988,0.00154462,0.00094186,0.00076187,-0.00008310,-0.00068872,-0.00152571,0.00070611,0.00052974,0.00064210,0.00108588,0.00027903,0.00141736,0.00131512,-0.00058639,-0.00096630,0.00107713,0.00110948,0.00018435,0.00168627,0.00036418,-0.00077294,-0.00033062,-0.00035198,-0.00074230,0.00015843,0.00094953,0.00064192,-0.00147072,-0.00163676,0.00038880,0.00051501,0.00063577,-0.00037398,0.00349724,0.00045116,0.00066413,-0.00190252,0.00101833,-0.00184502,0.00092206,0.00104766,-0.00132351,-0.00099322,0.00107456,-0.00079331,-0.00147334,-0.00025132,0.00174255,0.00153506,-0.00034229,-0.00003405,0.00008326,-0.00124059,-0.00118701,0.00208969,0.00125339,0.00066075,0.00022883,0.00016090,-0.00058270,0.00137692,-0.00159933,-0.00141150,-0.00162602,-0.00164209,-0.01426265,0.00093910,-0.00113765,0.00093047,-0.00120343,0.00146711,0.00027920,-0.00161821,-0.00024556,-0.00227671,0.00046900,-0.00113088,0.00165265,-0.00200636,0.00152056,0.00013657,-0.00084455,0.00002357,-0.00132212,-0.00182561,0.00172702,0.00234059,-0.00140562
-0.00058595,-0.00100568,0.00012393,-0.00039374,0.00010615,-0.00024849,0.00132527,0.00007416,0.00069277,0.00010740,0.00026135,0.00150204,0.00052272,0.00100781,-0.00091077,-0.00038445,0.00095804,0.00020767,-0.00065726,0.00015665,-0.00001414,0.00124577,0.00057687,0.00082346,-0.00032392,0.00079174,-0.00015863,-0.00005285,-0.00037246,-0.00039801,0.00067830,-0.00123168,-0.00105094,0.00164937,0.00029221,-0.00092305,-0.00019458,0.00002977,-0.00045876,-0.00022809,0.00098149,0.00097000,0.00086625,0.00011057,0.00029922,0.00015137,-0.00066782,0.00099450,-0.00090479,-0.00054971,-0.00058663,0.00105305,-0.00009532,0.00071107,0.00050412,-0.00116925,0.00026930,0.00024814,0.00021164,0.00063875,0.00034123,0.00030462,-0.00069883,-0.00017368,-0.00002894,0.00004002,-0.00065195,-0.00014193,-0.00006752,-0.00032082,-0.00045672,0.00015665,0.00092630,-0.00020228,-0.00082470,0.00101960,0.00011133,0.00008569,0.00106272,-0.00093136,-0.00034799,0.00116404,-0.00038459,-0.00009969,0.00127963,-0.00063559,-0.00164441,0.00090914,0.00103609,0.00092093,0.00110771,-0.00034867,0.00114061,-0.00010307,0.00068767,-0.00066436,-0.00112629,-0.00082151,0.00066453,-0.00017314,0.00065661,0.00022965,-0.00146212,-0.00032274,0.00009541,-0.00089860,-0.00077690,-0.00020019,-0.00087383,-0.00060319,0.00025077,0.00092708,0.00101876,0.00023721,0.00060373,0.00015651,0.00115034,-0.00023267,-0.00094119,0.00147636,0.00045311,-0.00070693,0.00078905,0.00039736,-0.00081045,-0.00063052,-0.00017823,-0.00043535,0.00117609,-0.00137448,0.00003297,-0.00033262,-0.00069170,-0.00099670,0.00007644,0.00046580,0.00031296,0.00257271,-0.00069878,-0.00013962,-0.00036026,0.00093937,-0.00067691,0.00078017,0.00081494,-0.00051784,-0.00033479,0.00066900,-0.00046599,-0.00103676,0.00076978,0.00097297,0.00073958,0.00066007,-0.00100661,0.00111937,-0.00130674,-0.00035310,0.00068064,-0.00001193,-0.00043455,-0.00010451,-0.00109700,-0.00128061,0.00077597,-0.00039110,-0.00072894,-0.00170395,-0.00031714,-0.00053653,-0.01188784,-0.00094132,0.00140455,0.00073866,0.00119204,-0.00023704,-0.00057352,0.00055330,-0.00073500,0.00118619,-0.00121671,0.00084404,-0.00048364,0.00098160,0.00014324,-0.00015827,0.00027221,0.00092946,-0.00067720,0.00050329,0.00106271,-0.00092427
0.00060237,0.00004875,0.00109297,-0.00190293,0.00034962,-0.00151798,-0.00020439,-0.00049368,0.00229298,0.00093062,0.00240172,0.00151466,-0.00114792,0.00209197,0.00168097,-0.00161083,0.00176288,0.00155565,-0.00211584,-0.00062568,0.00121867,0.00152936,0.00194842,0.00156854,-0.00165885,0.00231095,0.00132527,0.00210580,-0.00035163,0.00009767,0.00245365,-0.00226864,0.00024213,0.00148206,0.00160061,-0.00180006,-0.00086697,-0.00057057,-0.00108821,0.00202080,0.00197028,0.00191794,0.00187015,-0.00129908,-0.00018614,0.00155219,0.00058363,0.00165093,-0.00147053,-0.00151951,-0.00174107,0.00160088,-0.00114366,0.00124533,-0.00010622,-0.00042794,0.00125577,0.00153723,0.00197002,0.00164490,0.00170564,0.00134358,-0.00115205,-0.00178998,-0.00051584,-0.00100579,-0.00204074,-0.00123190,0.00019902,-0.00005028,0.00217211,0.00064568,0.00065990,0.00005712,-0.00185685,0.00046291,0.00011773,-0.00099839,0.00110929,-0.00141045,-0.00180844,0.00155213,-0.00185586,-0.00091155,0.00169896,-0.00117254,-0.00227689,0.00150717,0.00072127,0.00205362,0.00232057,0.00124455,0.00149913,0.00069365,0.00169796,-0.00123088,-0.00180531,0.00127235,0.00006645,-0.00115059,0.00071778,0.00042952,-0.00172167,-0.00112021,0.00115378,0.00222411,0.00083363,0.00148366,-0.00039513,-0.00136360,0.00146805,0.00134818,0.00149192,0.00098931,-0.00002581,0.00166760,0.00145166,-0.00225450,-0.00088848,0.00139763,-0.00019483,0.00042131,0.00151972,0.00058668,-0.00148367,0.00009748,-0.00119260,-0.00107636,0.00074060,-0.00056500,0.00047115,-0.00163806,-0.00199109,0.00041769,0.00200945,0.00154719,0.00019303,0.00253425,0.00063269,0.00164122,-0.00184397,0.00107342,-0.00168619,0.00074652,0.00094922,-0.00197508,-0.00142362,0.00240795,-0.00094648,-0.00233968,-0.00052519,0.00243579,0.00179288,-0.00112055,0.00060891,-0.00134278,-0.00111781,-0.00192664,0.00266898,0.00079785,0.00090392,0.00012413,-0.00073361,-0.00151887,0.00215408,-0.00233208,-0.00221520,-0.00226202,-0.00267330,0.00012455,0.00148729,-0.01289231,0.00087263,-0.00159630,0.00145286,0.00132118,-0.00221935,0.00117615,-0.00170702,0.00179834,-0.00151925,0.00227749,-0.00218808,0.00156579,-0.00086076,-0.00167685,-0.00071118,-0.00185820,-0.00165156,0.00191328,0.00252854,-0.00266936
-0.00035724,0.00033252,-0.00103157,0.00115223,-0.00117484,0.00155084,-0.00165238,-0.00005836,-0.00236232,-0.00177632,-0.00184457,-0.00227696,0.00167185,-0.00236921,-0.00165197,0.00160228,-0.00235948,-0.00171574,0.00173763,0.00026536,-0.00128619,-0.00127095,-0.00191652,-0.00132585,0.00161907,-0.00178683,-0.00182536,-0.00201345,0.00122531,-0.00102242,-0.00203960,0.00182927,0.00065857,-0.00208203,-0.00167421,0.00173029,0.00056731,0.00024863,0.00103948,-0.00206702,-0.00113732,-0.00205865,-0.00187928,0.00057682,0.00112154,-0.00208892,-0.00052418,-0.00261181,0.00109232,0.00149088,0.00214009,-0.00187871,0.00220583,-0.00213122,0.00144767,0.00004412,-0.00119047,-0.00077339,-0.00158716,-0.00149929,-0.00126905,-0.00138512,0.00078973,0.00059463,0.00080785,0.00166343,0.00177223,0.00138016,-0.00074656,0.00102663,-0.00173599,-0.00100472,-0.00050338,-0.00061494,0.00223547,-0.00153369,-0.00083725,0.00116340,-0.00176511,0.00072791,0.00137786,-0.00154810,0.00103476,0.00222808,-0.00238753,0.00117213,0.00264325,-0.00157564,-0.00037807,-0.00211355,-0.00120314,-0.00201995,-0.00199215,-0.00095810,-0.00113734,-0.00055369,0.00171552,-0.00121534,-0.00051341,0.00035678,0.00004501,-0.00017092,0.00169417,0.00079020,-0.00148667,-0.00139229,-0.00096697,-0.00058671,0.00059988,0.00182823,-0.00232041,-0.00014270,-0.00177921,-0.00049052,-0.00051877,-0.00198398,-0.00093544,0.00223993,0.00221745,-0.00189579,0.00042420,0.00066628,-0.00157260,-0.00155560,0.00095845,-0.00083987,0.00102579,0.00162989,-0.00067959,-0.00073143,-0.00117499,0.00233695,0.00221951,-0.00139545,-0.00146622,-0.00189258,0.00010943,-0.00214427,-0.00068845,-0.00241958,0.00241157,-0.00069985,0.00236324,0.00041392,-0.00076851,0.00158458,0.00109085,-0.00250008,-0.00004282,0.00275045,0.00099783,-0.00281543,-0.00249715,0.00155619,-0.00032786,0.00157077,0.00095416,0.00242995,-0.00260471,-0.00026570,-0.00130418,-0.00102177,-0.00000455,0.00091951,-0.00168686,0.00224961,0.00263197,0.00134842,0.00235747,-0.00112670,-0.00154868,-0.00062239,-0.01337382,0.00155927,-0.00155137,-0.00169175,0.00208342,-0.00030752,0.00256602,-0.00236130,0.00241391,-0.00224779,0.00148776,-0.00227879,0.00015580,0.00221720,-0.00048669,0.00194579,0.00260049,-0.00188560,-0.00168973,0.00203738
-0.00078616,0.00102572,-0.00035979,0.00080883,-0.00105083,0.00025564,-0.00181189,-0.00038551,-0.00095365,-0.00027405,-0.00128863,-0.00034714,0.00080680,-0.00061679,-0.00045401,0.00110599,-0.00025638,-0.00163900,0.00122800,0.00157039,-0.00037718,-0.00085163,-0.00037431,-0.00001023,0.00120156,-0.00125368,-0.00008139,-0.00047671,0.00040969,-0.00002703,-0.00113171,0.00173857,-0.00037920,-0.00044716,-0.00085330,0.00077634,0.00076407,0.00034698,0.00044662,0.00002110,-0.00050094,-0.00157070,-0.00010481,0.00120284,0.00002913,-0.00206452,-0.00029054,-0.00079330,0.00087212,0.00088182,0.00048974,-0.00096840,0.00026392,-0.00097346,-0.00035309,-0.00000766,-0.00009900,0.00006664,-0.00103609,-0.00069233,-0.00087436,-0.00046302,0.00133145,-0.00013949,-0.00023537,0.00038024,0.00069361,0.00045335,-0.00133007,0.00006120,-0.00022873,-0.00106677,-0.00042047,0.00042509,0.00128837,-0.00056052,-0.00031165,0.00115540,-0.00094116,0.00073161,0.00062388,-0.00088292,0.00111047,0.00031696,-0.00036777,0.00183958,0.00130073,-0.00062150,0.00024702,-0.00086618,-0.00137792,-0.00026211,-0.00102359,-0.00102017,0.00002952,0.00009122,0.00062944,0.00017497,-0.00035571,0.00001631,-0.00128549,0.00005959,0.00047902,0.00055786,-0.00123298,-0.00030499,0.00013769,-0.00050318,0.00069857,0.00059103,-0.00041798,-0.00040798,-0.00136280,-0.00020391,-0.00053771,-0.00043582,-0.00107774,0.00122887,0.00115735,-0.00068798,0.00022180,-0.00000760,-0.00121016,-0.00050607,0.00090345,-0.00024116,-0.00006419,0.00104959,-0.00129735,0.00030509,-0.00072752,0.00064244,0.00033746,-0.00033162,-0.00066804,-0.00095247,-0.00095198,-0.00250948,0.00027932,-0.00148352,0.00036098,-0.00149460,0.00131796,-0.00065973,-0.00060517,0.00025998,0.00056086,-0.00058421,0.00111194,0.00111442,-0.00003085,-0.00115519,-0.00020087,0.00001582,0.00040115,0.00033118,0.00166286,0.00074483,-0.00167022,0.00017414,-0.00005210,0.00073516,0.00144595,0.00073903,-0.00062259,0.00155687,0.00146838,0.00173178,0.00048711,0.00028178,-0.00039642,0.00061541,-0.00133853,-0.00984870,-0.00119005,-0.00009356,0.00209451,-0.00067763,0.00133996,-0.00117459,0.00110759,-0.00149780,0.00187487,-0.00101767,-0.00149734,0.00068417,-0.00064145,0.00050659,0.00067313,-0.00101900,-0.00062587,0.00116147
-0.00001921,-0.00055796,-0.00124024,0.00235337,0.00058410,0.00052370,0.00007707,-0.00103870,-0.00244239,-0.00001036,-0.00196390,-0.00050445,0.00125705,-0.00198217,-0.00162377,0.00142940,-0.00249351,-0.00119284,0.00218588,0.00093131,0.00021944,-0.00060685,-0.00187458,-0.00114542,0.00190499,-0.00112029,-0.00045567,-0.00049821,0.00136038,-0.00058406,-0.00168511,0.00191675,-0.00084734,-0.00164484,-0.00127264,0.00064397,0.00110924,-0.00028029,0.00051902,-0.00122145,-0.00099361,-0.00167770,-0.00180815,0.00161398,0.00110451,-0.00099294,-0.00053124,-0.00112500,0.00057100,0.00097662,0.00147845,-0.00169917,0.00137022,0.00019533,0.00046842,-0.00085394,-0.00039704,-0.00132893,-0.00121106,-0.00032662,-0.00055072,-0.00208283,0.00223887,0.00139500,0.00047949,0.00032050,0.00174374,0.00151303,-0.00044827,0.00066916,-0.00087308,-0.00183114,-0.00117336,0.00048790,0.00214694,0.00069026,-0.00210161,0.00151352,-0.00090346,0.00063852,0.00103091,-0.00139970,0.00149215,0.00117823,-0.00010360,0.00049657,0.00247220,-0.00125648,0.00035885,-0.00042946,-0.00117395,-0.00076805,-0.00162979,-0.00094316,-0.00089651,-0.00092851,-0.00001092,-0.00111854,0.00049399,0.00055861,0.00133112,0.00089327,0.00102694,0.00189173,-0.00120127,0.00022638,-0.00074965,-0.00095067,0.00105593,0.00192388,-0.00125809,-0.00004563,-0.00035002,-0.00173978,0.00041662,-0.00086647,-0.00003180,0.00166056,0.00164000,-0.00092845,-0.00055792,-0.00041252,-0.00148870,-0.00174934,0.00137495,-0.00095268,0.00108771,-0.00066347,-0.00027626,-0.00129329,-0.00149799,0.00236811,0.00236180,-0.00199567,-0.00121769,-0.00055388,0.00019895,-0.00135830,-0.00149519,-0.00228148,0.00321716,0.00094547,0.00193680,0.00001887,-0.00023061,0.00177443,0.00069570,-0.00139363,-0.00099947,0.00228805,-0.00019887,-0.00247553,-0.00224915,0.00145345,-0.00058473,0.00093770,-0.00028472,0.00153595,-0.00283671,0.00050233,-0.00166193,-0.00062544,0.00029357,-0.00033258,-0.00179226,0.00112532,0.00242030,0.00162536,0.00170095,-0.00086866,-0.00175975,-0.00105565,0.00016181,0.00185760,-0.01535496,-0.00212598,0.00224045,-0.00078077,0.00120884,-0.00052278,0.00122097,-0.00187247,0.00104622,-0.00153832,-0.00051985,0.00145153,0.00032044,0.00167246,0.00188140,-0.00151553,-0.00192178,0.00159872
0.00023125,-0.00110931,0.00109266,-0.00096426,0.00134860,-0.00069841,-0.00000120,-0.00115353,0.00126383,-0.00011377,0.00063941,0.00085975,-0.00106094,0.00130548,0.00003449,-0.00143309,0.00129967,0.00036530,-0.00116578,0.00059038,0.00041333,-0.00030950,0.00083632,0.00120128,-0.00076885,0.00115909,-0.00063147,0.00016979,-0.00109610,0.00101886,0.00052777,-0.00163694,0.00014298,0.00134001,0.00162510,-0.00042978,-0.00044052,-0.00032058,-0.00110614,0.00100248,-0.00042187,0.00110554,0.00066814,0.00040731,0.00129217,0.00108169,0.00043033,0.00141551,-0.00119714,-0.00128476,-0.00009026,0.00130306,-0.00105528,0.00114623,-0.00094032,-0.00081739,-0.00006324,-0.00037252,0.00024484,0.00066993,0.00091115,-0.00040799,0.00007242,-0.00086756,0.00029783,0.00050849,-0.00096337,-0.00179214,0.00050975,0.00034488,0.00073170,0.00089098,0.00011730,-0.00020733,-0.00162049,0.00115184,-0.00031751,-0.00165360,0.00047850,-0.00031872,-0.00091558,0.00087127,-0.00099993,-0.00117921,0.00132944,-0.00098524,-0.00160953,0.00035951,0.00054574,0.00062695,0.00163795,0.00037027,0.00144504,0.00103706,0.00015138,-0.00096676,-0.00149184,0.00061344,0.00001558,-0.00013808,0.00042113,0.00006029,-0.00138798,0.00023045,0.00089563,0.00071179,0.00034227,0.00077722,-0.00011147,-0.00063430,0.00015676,0.00059002,0.00038355,-0.00031941,-0.00026390,0.00073314,0.00191666,-0.00006975,-0.00116302,0.00084334,-0.00030747,0.00130951,0.00119890,0.00068457,-0.00029682,-0.00086005,0.00077406,-0.00185025,0.00079189,-0.00018227,0.00021724,-0.00187730,-0.00095444,0.00031583,0.00098885,0.00102764,0.00056091,0.00307663,0.00007687,0.00121239,-0.00099094,0.00132787,-0.00075085,0.00052449,0.00168828,0.00007333,-0.00020166,0.00119273,-0.00108455,-0.00079220,0.00009142,0.00163374,0.00081369,-0.00029161,-0.00100052,0.00014739,-0.00161696,-0.00065759,0.00055968,0.00005888,0.00029823,-0.00045658,-0.00137505,-0.00094989,0.00136834,-0.00047190,-0.00131639,-0.00044137,-0.00082139,0.00056317,0.00049714,-0.00053228,0.00015676,-0.00047840,0.00057725,-0.01448671,-0.00126878,0.00065012,-0.00123022,0.00018296,-0.00126896,0.00227612,-0.00115369,0.00097109,0.00021962,-0.00080238,-0.00087584,-0.00068610,-0.00077752,0.00128874,0.00079073,-0.00070066
0.00001059,0.00037093,0.00130993,-0.00093215,-0.00072016,-0.00041096,-0.00000303,0.00042854,0.00063108,0.00069354,0.00106115,-0.00042969,-0.00074459,0.00108780,0.00061469,-0.00102159,0.00039638,0.00054975,-0.00094937,0.00005145,0.00159345,0.00035029,-0.00000999,0.00075879,-0.00067958,0.00067326,0.00091366,0.00031985,0.00053820,0.00118642,0.00102202,-0.00073307,-0.00019319,0.00064339,0.00006510,-0.00064527,-0.00098636,0.00052910,-0.00057382,0.00169777,-0.00025792,0.00061027,0.00116644,-0.00014954,-0.00127317,0.00044831,0.00048624,0.00096198,-0.00083084,-0.00019924,-0.00100502,0.00083696,-0.00075064,0.00028456,-0.00109587,0.00117357,-0.00208514,0.00133970,0.00126680,0.00091360,0.00158837,0.00101845,0.00003484,0.00005473,-0.00093187,-0.00119194,-0.00031921,-0.00085254,-0.00007768,-0.00079095,0.00135599,-0.00048518,0.00073736,-0.00038259,-0.00018031,-0.00147199,0.00056944,-0.00105970,-0.00077296,0.00042680,-0.00047269,0.00120298,-0.00122843,-0.00094816,0.00088589,0.00069716,-0.00069949,0.00017555,0.00005484,-0.00083274,0.00018511,0.00068774,0.00024698,-0.00126826,0.00110452,0.00083072,0.00067032,0.00029901,0.00045184,0.00081307,0.00007210,-0.00107050,0.00003785,-0.00077341,0.00117681,0.00082902,0.00175967,0.00037303,-0.00046689,-0.00101734,0.00143315,-0.00049062,-0.00047003,0.00003910,-0.00075385,0.00111859,-0.00127633,-0.00095645,-0.00092870,0.00095015,0.00043851,0.00074922,0.00072220,-0.00038249,-0.00117063,0.00206701,-0.00168984,0.00122932,-0.00056520,0.00084446,0.00070223,-0.00033545,-0.00018797,0.00113465,0.00003338,0.00020878,-0.00089686,-0.00139676,0.00103008,0.00097275,-0.00106694,-0.00003944,0.00000300,-0.00062881,-0.00003482,-0.00000953,0.00069632,0.00070569,0.00061559,-0.00121691,-0.00042964,0.00124402,0.00040094,-0.00157666,-0.00045640,-0.00150308,0.00117975,-0.00121621,0.00010539,0.00019004,0.00127775,0.00047464,0.00085080,0.00026777,-0.00033700,-0.00031213,-0.00054916,0.00177321,-0.00069735,0.00065188,0.00066153,0.00085520,-0.00098560,-0.00039722,0.00054516,0.00063975,-0.01497414,-0.00074367,-0.00015819,-0.00017820,0.00008032,0.00081628,-0.00075277,0.00049770,0.00028676,0.00040929,0.00006628,-0.00010684,-0.00158867,-0.00014823,-0.00045379,0.00008291
-0.00033445,-0.00050730,-0.00072614,0.00073149,0.00064555,0.00001057,0.00000656,0.00007126,0.00030821,-0.00020131,-0.00032000,0.00025902,0.00034853,-0.00070712,0.00074277,0.00053681,-0.00064839,-0.00003676,0.00098702,0.00038101,-0.00064747,-0.00095232,-0.00070710,0.00004559,0.00017360,-0.00073714,-0.00095686,0.00073201,-0.00042498,0.00007712,-0.00094872,0.00004306,-0.00056936,-0.00010707,-0.00006662,0.00041865,0.00088768,-0.00020728,0.00064373,-0.00081458,0.00009975,-0.00051256,-0.00008198,0.00051096,0.00057588,-0.00033403,-0.00052003,-0.00109944,0.00015952,0.00031949,0.00132425,-0.00059475,-0.00009353,-0.00021273,0.00054433,-0.00093304,0.00050979,0.00001887,0.00006639,-0.00059285,-0.00025374,0.00000305,0.00031198,-0.00010633,0.00072820,0.00016679,0.00035200,0.00034069,0.00056795,-0.00015628,-0.00028818,-0.00083835,-0.00032923,-0.00038162,0.00006241,0.00039981,-0.00016638,0.00062455,-0.00021420,-0.00062079,0.00093513,-0.00020215,0.00000150,0.00064302,-0.00061720,-0.00130990,0.00077885,-0.00030944,0.00061220,0.00070978,-0.00028279,0.00108647,-0.00061383,0.00065542,-0.00005406,0.00006388,-0.00044213,0.00060115,0.00004224,0.00059385,0.00083285,0.00003549,0.00003724,0.00090462,-0.00007939,-0.00051408,-0.00113015,-0.00088987,0.00055015,0.00007818,-0.00077661,0.00024251,0.00025055,-0.00023327,-0.00074134,-0.00005166,0.00097847,0.00109630,0.00001145,-0.00022833,-0.00047684,-0.00008848,-0.00015556,-0.00031609,-0.00009118,-0.00011687,0.00037134,-0.00045827,0.00103770,-0.00054157,-0.00006669,-0.00047815,0.00033966,-0.00021810,-0.00127733,-0.00010685,0.00036061,0.00087907,-0.00006637,-0.00038301,-0.00046434,0.00038164,-0.00032657,-0.00004377,0.00010523,0.00022543,-0.00046471,-0.00064943,-0.00090221,-0.00053582,0.00067819,-0.00084093,-0.00007906,-0.00003089,0.00061721,0.00051429,-0.00040212,-0.00056021,-0.00020409,0.00016145,-0.00033140,0.00028983,-0.00137829,0.00070472,0.00022044,0.00012126,0.00011670,-0.00095320,0.00003222,-0.00081386,-0.00017781,0.00037376,0.00125574,0.00026125,-0.00050597,-0.00031574,-0.00062364,-0.01468400,0.00015685,-0.00012336,0.00034579,0.00013227,0.00118543,0.00018798,0.00010182,0.00013220,0.00004051,-0.00022469,0.00014329,0.00005526,-0.00046509,0.00020063
-0.00000658,0.00083929,0.00174417,-0.00111466,-0.00101575,-0.00053222,-0.00009963,-0.00047553,-0.00016504,0.00036041,0.00067888,-0.00028911,-0.00007522,0.00025645,0.00099315,-0.00142786,0.00051342,0.00040828,-0.00052635,0.00053072,0.00155204,0.00076674,0.00109409,0.00121110,-0.00123508,0.00066031,0.00041439,0.00028019,0.00059316,0.00048314,0.00164173,-0.00051059,0.00059955,-0.00012580,-0.00045529,-0.00038152,-0.00089141,0.00060550,-0.00151948,0.00097014,0.00068385,0.00124210,0.00076727,-0.00079880,-0.00126872,0.00076891,0.00024658,-0.00009514,-0.00054577,-0.00179132,-0.00108491,0.00046312,-0.00124281,0.00063700,-0.00115103,0.00080066,-0.00079608,0.00203605,0.00108284,0.00184404,0.00112323,0.00094094,-0.00051965,-0.00004762,-0.00112226,-0.00073556,-0.00006393,-0.00043560,-0.00026718,-0.00097851,0.00095973,0.00022698,0.00083977,-0.00149517,-0.00015143,-0.00040868,0.00060967,-0.00121697,-0.00034159,-0.00007522,-0.00115494,0.00060504,-0.00023335,-0.00049294,0.00089822,0.00138340,-0.00088350,0.00116926,-0.00045416,-0.00013236,-0.00031595,0.00065972,0.00120172,-0.00058894,0.00045807,0.00143978,0.00085477,0.00008944,0.00063074,-0.00043687,-0.00056228,-0.00130048,0.00057554,-0.00097534,0.00062866,0.00037288,0.00200901,0.00046790,-0.00034062,-0.00143800,0.00106677,-0.00052452,-0.00010915,0.00088426,-0.00075519,0.00116872,-0.00123445,-0.00169741,-0.00021652,0.00151177,0.00006693,0.00070472,0.00097781,-0.00051543,-0.00059238,0.00179837,-0.00080904,0.00020628,-0.00094013,0.00079170,-0.00031203,-0.00079770,-0.00046090,0.00131938,0.00029353,0.00027506,-0.00067319,-0.00072797,0.00086082,0.00073513,-0.00081138,-0.00145395,-0.00063918,0.00011491,0.00046908,-0.00066233,-0.00009820,0.00047225,0.00124951,-0.00008399,-0.00192332,0.00044882,-0.00006731,-0.00072191,0.00082214,-0.00135001,0.00109615,-0.00027516,0.00013245,-0.00104633,0.00109170,0.00067024,0.00095581,-0.00052600,0.00016976,-0.00020781,-0.00004508,0.00030586,0.00029514,0.00036179,0.00053507,0.00166161,-0.00071148,-0.00073237,-0.00066818,0.00080117,-0.00079398,0.00060682,-0.01518745,0.00053758,-0.00074618,-0.00012145,-0.00005239,-0.00007857,-0.00013603,0.00055844,0.00074528,-0.00023009,0.00014751,0.00025578,0.00088633,-0.00064875
-0.00009917,-0.00023911,-0.00097443,0.00042740,0.00011850,0.00094886,-0.00088165,-0.00056209,-0.00136902,-0.00051644,-0.00113828,0.00000299,0.00038022,-0.00025653,-0.00010689,0.00016011,-0.00026589,-0.00025153,0.00051416,-0.00079715,-0.00037639,-0.00042369,-0.00008375,-0.00073162,0.00150950,-0.00061388,-0.00038517,0.00007650,0.00025837,-0.00145903,-0.00081212,0.00089265,-0.00030618,-0.00050133,-0.00061002,0.00123511,0.00083489,-0.00094852,0.00090389,-0.00110696,0.00016058,-0.00039999,-0.00063050,0.00016965,0.00080266,0.00031443,-0.00048937,-0.00064004,0.00001973,0.00016341,0.00058840,0.00012222,0.00144603,-0.00017590,0.00078287,-0.00004074,0.00103687,-0.00112736,-0.00065560,-0.00134886,-0.00125372,-0.00111093,0.00086504,0.00019716,0.00075558,0.00042736,0.00074062,0.00126939,-0.00073145,0.00057409,-0.00088936,-0.00074211,0.00055839,0.00095615,-0.00098746,0.00129493,-0.00088689,0.00080642,0.00005751,-0.00099476,0.00083913,-0.00080778,0.00020612,0.00041139,-0.00082871,-0.00048565,0.00066761,-0.00044048,0.00075695,-0.00025291,0.00010687,-0.00040247,-0.00068275,0.00136062,-0.00040879,-0.00060962,-0.00076056,-0.00022551,-0.00085005,0.00069088,0.00056112,0.00099433,0.00028983,0.00127667,-0.00013414,-0.00056461,-0.00086828,-0.00125239,0.00044337,0.00083606,-0.00033948,0.00052382,-0.00036707,-0.00040416,0.00076604,-0.00107609,-0.00041808,0.00035106,0.00139051,-0.00027616,0.00038799,-0.00090076,-0.00142205,0.00034197,0.00066437,-0.00074666,0.00112266,-0.00048664,-0.00051675,-0.00091369,0.00044592,0.00103877,0.00034608,-0.00161345,-0.00014416,0.00054881,-0.00070208,0.00075004,-0.00119788,0.00014135,0.00014335,0.00041648,-0.00036357,-0.00024684,-0.00016510,0.00104001,-0.00027594,0.00039271,-0.00070062,0.00004061,-0.00005675,-0.00047192,-0.00046648,0.00117070,-0.00006718,0.00107030,-0.00045018,0.00023027,0.00006725,0.00003867,-0.00105021,0.00054443,-0.00115217,0.00018771,0.00065898,0.00075075,0.00034367,-0.00197670,0.00085025,-0.00060491,-0.00016683,-0.00072375,0.00101763,0.00016776,0.00054018,-0.00059704,-0.00022480,-0.00082033,0.00065622,-0.01507426,0.00038800,-0.00059292,0.00004062,0.00000385,0.00003507,-0.00003989,-0.00044725,0.00032493,-0.00030806,0.00026291,-0.00134399,0.00084910
-0.00010769,-0.00048099,0.00106952,-0.00125120,0.00045344,-0.00026255,0.00033534,0.00079058,-0.00018681,0.00035722,0.00095453,0.00033549,-0.00115627,0.00037296,0.00013059,-0.00135049,0.00199273,0.00067183,-0.00051284,0.00026544,0.00138508,0.00134763,0.00118361,0.00005367,-0.00071511,0.00006243,0.00060740,0.00049354,0.00088308,0.00034496,0.00126339,0.00016721,0.00047560,0.00054949,0.00052821,-0.00072364,-0.00089866,0.00084042,-0.00161098,0.00171886,0.00077623,0.00124223,0.00063484,-0.00031509,-0.00109487,0.00042445,0.00006586,0.00075519,-0.00059470,-0.00123261,-0.00113158,0.00096846,-0.00128235,0.00050266,-0.00013840,0.00149148,-0.00076216,0.00123696,0.00088712,0.00174304,0.00041622,0.00108058,-0.00114017,-0.00182799,-0.00118053,-0.00141488,-0.00174824,-0.00050472,0.00023084,-0.00108927,-0.00008194,0.00058534,0.00040703,-0.00035428,-0.00077197,-0.00058094,0.00068162,-0.00132835,-0.00098056,0.00022178,-0.00090783,0.00104606,-0.00099746,-0.00078957,0.00139526,0.00056567,-0.00040930,0.00108012,0.00006685,-0.00002059,0.00031973,0.00034509,0.00058433,-0.00067616,0.00116912,0.00087853,0.00110482,0.00059065,0.00082790,0.00018012,-0.00134388,-0.00076210,-0.00045356,-0.00036731,0.00129136,-0.00043121,0.00111451,0.00060723,-0.00041267,-0.00094338,0.00076021,-0.00008276,-0.00095383,0.00063818,-0.00060271,0.00092954,-0.00149781,-0.00094828,-0.00025221,0.00079105,0.00038635,0.00080504,0.00128579,-0.00042119,-0.00054157,0.00134199,-0.00091163,0.00022645,-0.00008487,0.00068872,-0.00018125,-0.00052051,0.00002075,0.00072626,0.00030288,0.00042981,-0.00009638,-0.00123249,0.00060953,0.00053500,0.00003611,0.00000369,0.00031283,-0.00103665,0.00016262,-0.00102599,0.00030645,0.00089407,0.00094802,-0.00012971,-0.00044945,0.00078283,0.00044148,-0.00023849,0.00034042,-0.00055587,0.00133380,0.00031024,-0.00034691,0.00002990,0.00102381,0.00122662,0.00102456,0.00033420,-0.00072519,-0.00038408,0.00005727,0.00104679,-0.00014072,0.00105693,0.00049125,0.00125944,-0.00048340,-0.00092649,-0.00009053,0.00109309,-0.00107014,0.00072784,-0.00029590,0.00066258,-0.01461084,0.00007806,0.00030925,0.00058877,0.00019092,-0.00031546,0.00026996,0.00009066,-0.00130966,0.00111907,-0.00036098,-0.00093984
-0.00003161,-0.00113831,-0.00206722,0.00223999,0.00135702,0.00176593,-0.00033381,-0.00027615,-0.00127412,-0.00257729,-0.00113044,0.00033062,0.00081321,-0.00192737,-0.00080546,0.00117765,-0.00103962,-0.00020148,0.00149922,-0.00051217,-0.00209399,-0.00157305,-0.00118338,-0.00189976,0.00125972,-0.00088629,-0.00048364,-0.00091218,-0.00105556,-0.00054767,-0.00016937,0.00123656,0.00069391,-0.00159002,-0.00105756,0.00162585,0.00030669,-0.00076119,0.00098330,-0.00086802,-0.00036462,-0.00148620,-0.00165376,0.00132073,0.00120998,-0.00162207,-0.00080232,-0.00072295,0.00021803,0.00064234,0.00060438,-0.00010691,0.00136424,-0.00121822,0.00088132,-0.00092531,0.00090883,-0.00135929,-0.00100654,-0.00125122,-0.00137583,-0.00119222,0.00081586,0.00089091,0.00186385,0.00166506,0.00106359,0.00130821,-0.00100532,0.00169485,-0.00107714,-0.00037231,-0.00178572,0.00096830,-0.00042729,0.00137801,-0.00252920,0.00158389,0.00078831,-0.00137282,0.00129795,-0.00056697,0.00094186,0.00059450,-0.00158796,-0.00035454,0.00062311,-0.00081521,0.00061272,0.00061792,0.00033822,-0.00102224,-0.00096432,0.00047158,-0.00160171,-0.00048775,-0.00115033,-0.00076371,-0.00107387,-0.00009670,0.00115703,0.00069777,0.00058665,0.00176562,-0.00018338,-0.00140117,-0.00159241,-0.00069771,0.00149217,0.00154355,-0.00143396,-0.00093741,0.00003565,-0.00157143,0.00182886,-0.00261736,0.00122543,0.00068510,0.00171942,-0.00108637,-0.00017212,-0.00204335,-0.00141384,0.00002518,0.00147509,-0.00196246,0.00162621,-0.00108354,0.00035124,-0.00128455,-0.00039788,0.00038804,0.00093932,-0.00143056,-0.00082616,-0.00016164,0.00117739,0.00114822,-0.00135680,-0.00018646,0.00079616,0.00079284,0.00009710,0.00161130,-0.00018350,0.00044776,0.00020575,-0.00071296,-0.00111292,0.00029994,0.00161632,-0.00072967,-0.00080383,0.00139361,-0.00036915,0.00157326,-0.00143442,0.00106242,-0.00022623,0.00023513,-0.00186292,-0.00061502,-0.00051561,-0.00079462,-0.00065155,-0.00015262,0.00057346,-0.00134159,0.00126193,-0.00220055,-0.00025113,-0.00140987,0.00093572,0.00109121,0.00098044,-0.00099503,0.00121032,-0.00015420,0.00069450,-0.00052132,0.00041737,-0.01545075,0.00064059,-0.00122309,0.00079215,-0.00001618,0.00011951,0.00095475,0.00098077,-0.00029895,-0.00067198,0.00166191
0.00040316,0.00028279,0.00052268,-0.00057206,-0.00032236,-0.00086860,-0.00077138,0.00003634,0.00011098,0.00085140,0.00096706,0.00064038,0.00011522,-0.00048806,0.00074043,-0.00073292,0.00146086,0.00022000,-0.00032687,0.00034437,0.00158042,0.00049732,0.00047616,0.00052925,-0.00114356,0.00020024,0.00099229,0.00013761,0.00065910,0.00084084,0.00109428,-0.00120636,-0.00010705,0.00068746,0.00011334,-0.00069210,-0.00073079,-0.00001643,-0.00113100,0.00058661,0.00055970,0.00094720,0.00040003,-0.00072115,-0.00077988,0.00051039,0.00104583,0.00111943,-0.00053466,-0.00155883,-0.00084337,0.00097295,-0.00078125,0.00052617,-0.00101072,0.00036911,-0.00095541,0.00055020,0.00043466,0.00159846,0.00068370,0.00126089,-0.00084648,-0.00110245,-0.00088715,-0.00028372,-0.00176962,-0.00001753,0.00005665,-0.00053890,-0.00039985,0.00064950,0.00060885,0.00020790,0.00064318,-0.00156962,0.00087508,-0.00067695,-0.00082935,-0.00016837,-0.00115759,0.00020450,-0.00120450,0.00011384,0.00071230,0.00029963,-0.00054849,0.00061412,-0.00124132,0.00037753,0.00020943,0.00068014,0.00068213,-0.00060035,0.00056447,0.00054524,0.00050777,0.00036058,0.00026492,0.00031264,-0.00128823,-0.00019088,-0.00031160,-0.00097773,0.00069767,0.00036327,0.00087741,0.00043617,-0.00031343,-0.00109910,0.00019890,-0.00087864,0.00028552,0.00043359,-0.00106451,0.00097471,-0.00049372,-0.00042759,0.00095580,0.00060608,0.00030075,0.00098840,0.00139870,0.00054786,-0.00067707,0.00132602,-0.00105078,0.00025785,-0.00041316,0.00094558,-0.00024509,0.00007707,-0.00008824,-0.00019650,0.00130794,-0.00000793,-0.00072767,-0.00201568,0.00014548,0.00090546,-0.00010945,-0.00090689,0.00023758,-0.00045512,0.00015613,-0.00045553,0.00064941,0.00077089,0.00137594,0.00034048,-0.00121258,0.00029106,0.00091320,-0.00037967,0.00001481,-0.00085207,0.00076011,0.00007700,-0.00001826,-0.00027295,0.00165971,0.00012535,0.00068242,0.00044880,0.00030233,-0.00032818,-0.00028665,0.00042757,-0.00027688,0.00014228,0.00108114,0.00080596,-0.00180718,-0.00024579,-0.00014105,0.00099451,-0.00111903,0.00114518,0.00005166,0.00030294,-0.00003416,0.00057475,-0.01489046,0.00033591,-0.00043105,-0.00026109,0.00055290,-0.00007037,-0.00021859,-0.00019403,-0.00023576,-0.00130749
0.00097201,-0.00079471,-0.00041578,0.00107897,0.00008163,-0.00034393,0.00062709,-0.00084528,-0.00060648,-0.00021780,-0.00206686,-0.00041052,-0.00054845,-0.00152041,-0.00070184,0.00116843,-0.00111224,0.00024047,0.00151306,-0.00022145,-0.00011952,-0.00110564,-0.00027395,-0.00099620,0.00051541,-0.00085766,-0.00094746,-0.00083572,-0.00034429,-0.00114621,-0.00146687,0.00092603,-0.00027577,-0.00076209,-0.00057858,0.00136070,0.00000471,-0.00053679,0.00058995,-0.00040629,-0.00064850,-0.00078757,-0.00074604,-0.00001084,0.00065141,-0.00060821,-0.00056963,-0.00011417,0.00068353,0.00052810,0.00042108,-0.00031230,0.00085582,-0.00079076,0.00033199,0.00007534,0.00041431,-0.00050660,-0.00107143,-0.00110287,-0.00016349,-0.00093561,0.00088434,0.00027674,0.00109555,0.00075117,0.00093041,0.00154054,0.00015897,0.00070057,-0.00047260,0.00014138,-0.00049486,0.00047171,0.00082874,0.00068754,-0.00079812,0.00098215,-0.00020568,-0.00091416,0.00057725,-0.00067763,0.00022896,0.00134857,-0.00160908,-0.00050810,0.00080335,-0.00073765,-0.00015882,0.00060574,0.00048604,-0.00053972,-0.00114901,0.00066324,-0.00072517,-0.00112225,-0.00043557,-0.00035289,-0.00085900,-0.00012043,0.00064040,0.00049527,-0.00012285,0.00046483,0.00024953,-0.00096275,-0.00100865,-0.00112296,0.00033527,0.00137408,-0.00131871,0.00048322,0.00020989,-0.00092380,0.00118933,-0.00176826,0.00108385,0.00087685,0.00048750,-0.00083962,-0.00075172,-0.00114242,-0.00029977,0.00026032,0.00089328,-0.00075514,0.00087579,-0.00015408,0.00068155,-0.00011027,0.00078013,0.00017357,0.00079975,-0.00055493,-0.00026676,-0.00010291,0.00048447,0.00079900,-0.00093345,-0.00048489,0.00053984,0.00043539,-0.00028471,0.00048427,-0.00032792,0.00033728,0.00032613,0.00012684,-0.00033647,-0.00001193,0.00159105,-0.00083066,-0.00090430,0.00135819,-0.00115715,0.00072268,-0.00157327,0.00060667,-0.00067137,-0.00035475,0.00045616,-0.00055910,-0.00080591,-0.00004638,0.00024990,0.00027336,-0.00012836,-0.00042892,0.00097886,-0.00101582,-0.00083460,-0.00068301,0.00071823,0.00069924,0.00023338,-0.00118507,0.00150532,-0.00041699,0.00089198,-0.00062367,-0.00034601,-0.00078353,0.00019054,-0.01484960,0.00040871,-0.00017906,0.00010974,-0.00051508,0.00092297,-0.00102923,-0.00058291,0.00065341
-0.00111545,0.00017645,0.00057799,-0.00067350,-0.00075283,0.00095334,-0.00021652,0.00058637,0.00053148,-0.00029130,-0.00081762,-0.00004451,0.00073090,-0.00027101,0.00005397,-0.00009414,-0.00018767,-0.00031424,0.00037981,-0.00018386,-0.00071684,0.00020356,-0.00023470,0.00017935,-0.00007249,-0.00025372,0.00129253,-0.00018057,-0.00061520,-0.00025297,0.00018583,-0.00032496,-0.00038799,-0.00001726,-0.00096805,-0.00136473,-0.00034781,-0.00031146,0.00096371,-0.00073410,0.00004163,-0.00060963,0.00026741,0.00000687,0.00015690,0.00006674,0.00073982,0.00003788,-0.00013934,-0.00018934,0.00000316,0.00071421,0.00007012,0.00076722,0.00036104,0.00029114,-0.00080179,0.00039777,-0.00049680,-0.00030988,0.00049306,-0.00039349,-0.00088102,-0.00028889,-0.00001643,-0.00071892,0.00008051,0.00004545,0.00063504,0.00060517,0.00022458,0.00000801,-0.00014066,0.00054325,0.00012558,-0.00067588,0.00106664,0.00033315,-0.00028422,0.00085166,-0.00013950,-0.00007546,0.00020907,0.00025924,0.00017215,0.00023608,-0.00059858,0.00041070,-0.00077088,0.00018459,0.00037316,-0.00051283,0.00018527,-0.00028434,-0.00063458,-0.00016141,-0.00047695,-0.00080804,0.00001362,-0.00022100,-0.00011304,0.00009102,-0.00001850,0.00029466,-0.00002338,-0.00065903,-0.00011363,0.00041807,0.00023313,0.00041523,-0.00032643,-0.00041800,0.00004358,0.00006687,-0.00036297,-0.00000758,-0.00049842,-0.00068546,-0.00019836,0.00028343,-0.00026961,0.00033961,-0.00133546,0.00017665,-0.00011363,0.00099887,-0.00022068,0.00038314,0.00037195,0.00044886,-0.00051489,-0.00103292,-0.00012320,-0.00032352,-0.00004523,0.00097816,-0.00077801,-0.00009296,0.00057877,-0.00019461,-0.00049528,-0.00036403,-0.00043711,0.00060621,0.00151926,-0.00021625,0.00059348,-0.00005682,0.00026095,-0.00055690,-0.00006431,-0.00021084,0.00018346,-0.00007346,-0.00001696,-0.00027807,0.00005092,-0.00101035,0.00061249,-0.00040855,-0.00092902,0.00037116,0.00098407,0.00012358,0.00057583,-0.00002677,0.00037362,-0.00049152,0.00052979,0.00033056,-0.00009416,-0.00050282,0.00010962,-0.00084402,-0.00097719,-0.00042208,0.00065349,-0.00036783,0.00039817,-0.00059851,0.00087060,0.00060589,-0.00018921,-0.00000623,-0.01502410,-0.00036345,0.00019554,-0.00040907,-0.00026395,0.00049890,-0.00051701,0.00084359
0.00004437,-0.00064471,0.00071861,-0.00078360,-0.00000956,-0.00083933,-0.00057433,0.00059867,0.00079888,0.00070153,0.00058010,0.00044591,-0.00065243,0.00107046,0.00078823,0.00007780,0.00161779,0.00058102,-0.00037792,-0.00007124,0.00009826,0.00127115,0.00126685,0.00030545,0.00066510,0.00020125,0.00051147,-0.00013032,0.00022110,0.00101616,0.00054276,-0.00039992,-0.00050145,0.00065411,-0.00030754,-0.00053719,-0.00090678,-0.00015947,-0.00088458,0.00078489,0.00040548,0.00080074,0.00023388,-0.00060932,-0.00025649,0.00057340,0.00023574,0.00071745,-0.00084462,-0.00100214,0.00021329,0.00067224,-0.00144699,0.00057130,-0.00027960,0.00059999,-0.00081162,0.00233578,0.00028535,0.00117476,0.00059693,0.00073391,-0.00107949,0.00053140,-0.00048099,-0.00011756,-0.00091501,-0.00080059,-0.00049395,-0.00036860,0.00083051,0.00057126,0.00067303,0.00010109,-0.00018281,-0.00080415,0.00073103,-0.00078735,-0.00041703,0.00001529,-0.00040836,-0.00000123,-0.00108885,-0.00069880,0.00034860,0.00055863,-0.00041622,0.00021720,-0.00071166,-0.00045041,0.00054084,0.00082206,0.00257329,-0.00087819,0.00100584,-0.00010285,0.00038211,0.00064592,-0.00014170,-0.00013391,0.00007446,-0.00015166,-0.00088945,-0.00131414,0.00048118,0.00049229,0.00092581,-0.00023284,-0.00141319,-0.00061106,0.00023828,0.00074710,0.00003476,0.00035757,-0.00082427,0.00042752,-0.00067078,-0.00070259,-0.00023622,0.00046228,0.00024432,0.00048668,0.00088124,0.00034633,-0.00028426,0.00079076,-0.00106026,0.00027967,-0.00101633,0.00063228,-0.00007360,-0.00026019,-0.00074499,0.00089327,-0.00030858,0.00054075,-0.00076719,-0.00095198,0.00035808,0.00105570,-0.00048111,-0.00020878,-0.00000894,0.00018771,-0.00006182,-0.00016553,0.00037258,0.00033543,0.00067161,0.00058251,-0.00166773,-0.00023629,0.00052444,-0.00108126,-0.00003123,-0.00156307,-0.00014727,-0.00061555,-0.00002035,-0.00013199,0.00073967,0.00008824,0.00090004,-0.00032806,0.00040891,0.00074578,0.00065457,0.00061347,0.00021685,0.00091680,0.00065666,0.00094009,-0.00024102,-0.00041478,0.00032934,0.00058740,-0.00017998,0.00043276,-0.00041810,-0.00041879,-0.00034063,0.00022035,0.00025898,-0.00001158,-0.00054625,-0.01465722,-0.00057528,0.00032457,-0.00081906,-0.00007971,0.00037736,-0.00045960
0.00058826,0.00023541,-0.00005828,0.00039203,-0.00011759,-0.00025676,-0.00005718,-0.00006078,-0.00002117,0.00015657,0.00073530,0.00026554,-0.00022473,0.00001189,0.00004039,0.00036397,-0.00105723,0.00024631,0.00045932,-0.00031569,-0.00032806,0.00069176,0.00044021,0.00012925,-0.00003114,0.00003043,0.00079668,-0.00008159,-0.00057806,-0.00033545,-0.00073713,-0.00004557,0.00024366,0.00012102,0.00045436,-0.00008646,-0.00095628,0.00040618,-0.00006131,-0.00075953,0.00050329,-0.00064207,-0.00054203,0.00066554,0.00064176,-0.00013671,-0.00006422,-0.00008227,0.00042678,-0.00033047,-0.00012162,0.00013850,-0.00100524,0.00067881,0.00015707,0.00019021,-0.00023895,-0.00112088,0.00021126,-0.00086233,-0.00031517,-0.00017401,0.00007740,0.00008285,-0.00000155,-0.00000947,0.00114389,0.00050296,0.00086722,-0.00011732,0.00068127,-0.00112432,0.00028837,0.00017175,-0.00007985,0.00033892,0.00003101,0.00005550,0.00041535,-0.00129757,0.00044687,0.00053609,-0.00016464,0.00008675,0.00045392,0.00013864,-0.00087788,-0.00009963,0.00034820,-0.00044557,-0.00020838,-0.00003781,0.00029616,-0.00025357,0.00102186,-0.00048845,-0.00025092,0.00029916,-0.00022123,0.00039654,-0.00041724,-0.00011945,0.00012061,0.00050227,0.00106058,-0.00011578,-0.00053974,-0.00027091,-0.00013135,0.00082871,0.00028355,0.00048133,-0.00065016,-0.00011313,-0.00011490,-0.00032034,-0.00029941,-0.00026185,0.00003842,0.00021259,0.00068701,0.00011250,0.00028720,-0.00005437,0.00055995,-0.00049706,0.00046999,0.00015627,-0.00024892,0.00017507,0.00022493,-0.00066066,-0.00000982,0.00072057,0.00005113,0.00029843,-0.00043392,-0.00031807,0.00102638,-0.00055163,0.00021935,-0.00033719,0.00039552,0.00002577,0.00058013,0.00031490,0.00005725,0.00022487,-0.00029115,-0.00017105,-0.00040046,-0.00026781,-0.00060735,-0.00075215,0.00000584,-0.00035440,0.00058632,-0.00031221,-0.00027539,-0.00028610,-0.00000367,0.00102318,-0.00025180,0.00026259,0.00042229,0.00113645,0.00003886,-0.00037801,-0.00057673,0.00067149,-0.00012748,-0.00035997,0.00027521,0.00014918,0.00048590,-0.00041559,-0.00011123,0.00011207,0.00011723,-0.00025438,0.00034162,0.00083796,0.00078160,-0.00004529,0.00004707,-0.00087841,-0.01470211,0.00021700,0.00080653,-0.00079762,-0.00031348,0.00053924
0.00036920,0.00105369,0.00076364,-0.00111197,-0.00096900,-0.00042563,-0.00032792,-0.00000676,0.00036817,-0.00010023,0.00063086,0.00007370,-0.00087090,0.00078299,0.00077165,0.00012378,0.00128535,0.00064729,-0.00074337,0.00069303,0.00100809,-0.00007408,0.00075217,0.00059307,-0.00091651,0.00074131,0.00113499,0.00092339,0.00118883,0.00027899,0.00001156,-0.00045342,0.00004465,0.00027066,0.00028970,-0.00096260,0.00061358,0.00144592,-0.00141008,0.00133245,0.00051462,0.00045836,0.00046154,0.00022230,-0.00011497,0.00051323,-0.00045414,0.00034892,-0.00023180,-0.00133044,-0.00048367,0.00009360,-0.00079382,0.00069523,-0.00061616,0.00106270,-0.00151267,0.00090542,0.00031805,0.00102259,0.00079332,0.00067872,0.00067422,-0.00072347,-0.00094012,-0.00051830,-0.00107753,-0.00087320,0.00072629,-0.00209417,-0.00000845,0.00068814,0.00059577,-0.00028729,-0.00027005,-0.00041491,0.00059369,-0.00069314,-0.00060726,0.00027471,-0.00027767,0.00022654,-0.00050399,-0.00055387,0.00080251,0.00083803,-0.00091376,0.00064593,-0.00086081,-0.00083227,0.00067461,0.00038063,-0.00012877,-0.00056613,0.00138139,0.00089945,0.00005004,0.00010682,0.00051721,-0.00044939,-0.00074369,-0.00077397,-0.00014303,-0.00146278,0.00046236,0.00015617,0.00116083,0.00057292,-0.00014542,-0.00048549,0.00014629,-0.00034145,-0.00027518,0.00065474,-0.00043804,0.00013363,-0.00089556,0.00015501,-0.00105739,0.00064777,-0.00016573,0.00115891,0.00148191,-0.00094880,-0.00021323,0.00089771,-0.00039634,0.00072162,-0.00015937,-0.00012162,-0.00027464,-0.00011236,0.00046478,0.00131058,0.00103719,0.00050550,-0.00086060,-0.00105777,0.00037264,0.00052777,-0.00005670,0.00004500,-0.00027275,-0.00073280,0.00037360,-0.00079599,0.00096387,0.00104371,0.00055660,0.00009230,-0.00116720,-0.00000345,0.00118855,-0.00104116,-0.00032930,-0.00073360,0.00036405,-0.00093282,0.00009248,-0.00018236,0.00077438,0.00137368,0.00120270,-0.00001934,-0.00011705,0.00001949,-0.00004130,0.00030479,-0.00050740,0.00076044,0.00157391,0.00029562,-0.00096289,-0.00050239,-0.00070059,0.00076365,0.00024984,-0.00005455,-0.00056437,0.00007757,0.00058664,0.00065254,-0.00043753,-0.00036856,-0.00014279,0.00036899,0.00053196,-0.01496692,-0.00038279,-0.00017193,0.00109990,-0.00087521
0.00040895,-0.00030046,0.00061447,-0.00167149,-0.00098402,-0.00128934,-0.00023767,-0.00004108,0.00057526,0.00042874,0.00127116,-0.00022662,-0.00156109,0.00062837,0.00133230,-0.00054723,0.00188861,0.00068944,-0.00084940,0.00054828,0.00159552,0.00123067,0.00091793,0.00035591,-0.00128851,0.00077048,0.00021675,0.00070907,0.00190548,0.00140413,0.00130443,-0.00062362,-0.00003495,0.00106699,0.00146667,-0.00063461,-0.00053056,0.00104796,-0.00140068,0.00176714,0.00051995,0.00154283,0.00119790,-0.00040933,-0.00216575,0.00040195,-0.00014175,0.00122534,-0.00051244,-0.00125254,-0.00121622,0.00120523,-0.00038762,0.00096408,0.00003321,0.00101879,-0.00097304,0.00270961,0.00046755,0.00108953,0.00050111,0.00162545,-0.00070275,-0.00180934,-0.00191501,-0.00160681,-0.00099382,0.00032671,-0.00057540,-0.00175426,0.00057747,0.00000504,0.00070779,-0.00046655,-0.00056022,-0.00077264,0.00136223,-0.00096863,-0.00063606,0.00100466,-0.00123254,0.00089223,-0.00110380,-0.00117818,0.00108578,0.00011304,-0.00056263,-0.00016721,-0.00039300,-0.00059057,-0.00014951,0.00061764,0.00108468,-0.00155155,0.00095490,0.00144784,0.00087497,0.00066129,0.00054747,-0.00016234,-0.00070479,-0.00065878,-0.00034900,-0.00057154,0.00087418,0.00012448,0.00168474,0.00096655,-0.00016154,-0.00182430,0.00112515,-0.00013197,-0.00075104,0.00155245,-0.00073419,0.00124980,-0.00157900,-0.00078796,-0.00039258,0.00187026,0.00037370,0.00095717,0.00039149,-0.00050387,-0.00066806,0.00178314,-0.00038611,0.00064868,-0.00007635,0.00084083,-0.00007783,-0.00080098,-0.00045921,0.00196229,-0.00002314,0.00162239,-0.00111821,-0.00088471,0.00065477,0.00016337,-0.00059861,-0.00070080,-0.00051832,-0.00054611,-0.00016359,-0.00035926,0.00039717,0.00044460,0.00081125,0.00012270,-0.00110685,-0.00017839,0.00035335,-0.00118401,-0.00002096,-0.00139710,0.00024804,0.00038358,0.00041343,-0.00005654,0.00113860,0.00108273,0.00144117,0.00078793,-0.00040281,-0.00028261,-0.00010707,0.00090132,-0.00110379,0.00070499,0.00129767,0.00138962,-0.00086244,-0.00100490,-0.00084479,0.00129628,-0.00070996,0.00001343,0.00004955,-0.00054198,-0.00157108,0.00029274,0.00011940,0.00007293,-0.00044861,-0.00004590,0.00028430,-0.00088501,-0.01494581,0.00017964,-0.00001691,-0.00078379
0.00053900,-0.00028407,-0.00162427,0.00079165,0.00037019,0.00080445,0.00003589,-0.00039537,-0.00063623,-0.00085906,-0.00145166,-0.00002925,0.00050632,-0.00131491,-0.00142664,0.00068301,0.00003606,-0.00083061,0.00024455,0.00026327,-0.00127998,-0.00172592,-0.00080204,-0.00144795,0.00107084,-0.00049077,-0.00065258,-0.00050576,0.00002803,-0.00098875,-0.00092834,0.00051800,-0.00042158,-0.00052491,-0.00079971,0.00035593,0.00115053,-0.00124490,0.00053575,-0.00007718,-0.00013502,-0.00175318,-0.00066392,-0.00025308,0.00213052,-0.00018740,0.00012638,-0.00100219,0.00022651,0.00095499,0.00085457,-0.00058859,0.00134623,-0.00093656,0.00126623,-0.00101714,0.00151072,-0.00111355,-0.00082298,-0.00144808,-0.00196315,-0.00144651,0.00154463,0.00099619,0.00075685,0.00063590,0.00174400,0.00156042,0.00045684,-0.00015429,-0.00075193,0.00009557,-0.00081090,0.00133228,-0.00006837,0.00065560,-0.00214900,0.00122163,0.00013203,-0.00096837,0.00096228,-0.00112531,0.00088187,0.00117584,-0.00047212,-0.00006211,0.00068000,-0.00131419,0.00085941,0.00012876,-0.00002160,-0.00082778,-0.00108831,0.00142090,-0.00035424,-0.00116477,-0.00075392,-0.00072552,-0.00021778,0.00003998,0.00124024,0.00148213,-0.00001684,0.00063129,-0.00059423,-0.00064838,-0.00135830,-0.00060531,0.00012112,0.00149609,-0.00102611,0.00104608,-0.00031192,-0.00029775,0.00110456,-0.00128665,0.00134967,0.00048243,0.00147107,-0.00135024,-0.00144956,-0.00077835,-0.00175908,0.00065771,0.00039073,-0.00128677,0.00150718,-0.00003628,0.00049002,-0.00095596,-0.00081414,0.00094772,0.00085852,-0.00081542,-0.00058577,-0.00036253,0.00063299,0.00126129,-0.00063814,-0.00072339,-0.00000247,0.00013349,-0.00003032,0.00002545,0.00031257,0.00093190,0.00033642,-0.00064188,-0.00067099,0.00024005,0.00093528,-0.00058898,-0.00060466,0.00102109,-0.00058994,0.00150728,-0.00047224,0.00014229,-0.00014928,-0.00008470,-0.00058223,-0.00156276,-0.00027869,0.00032623,0.00040552,0.00148699,-0.00022043,-0.00071455,0.00094318,-0.00035451,-0.00109910,-0.00112364,0.00162051,0.00221213,0.00085849,-0.00129797,0.00097406,-0.00065131,0.00056691,0.00074048,0.00099935,-0.00018616,-0.00020539,-0.00115860,0.00116329,0.00016704,-0.00091082,0.00028698,0.00126819,-0.01456780,-0.00030609,0.00110052
-0.00028238,-0.00014147,-0.00124841,0.00063562,0.00049695,0.00071052,0.00076590,-0.00043868,-0.00037535,-0.00055166,-0.00084995,-0.00033314,0.00126477,-0.00077308,-0.00004708,0.00086378,-0.00116347,-0.00065979,0.00113447,-0.00052012,-0.00114224,-0.00092815,-0.00071287,-0.00084695,0.00091544,-0.00051283,0.00008022,-0.00087307,-0.00140454,-0.00095368,-0.00135168,0.00030495,-0.00077854,-0.00208046,-0.00141202,0.00092248,0.00023726,-0.00087968,0.00041351,-0.00150679,-0.00038997,-0.00074830,-0.00036966,-0.00036737,0.00153632,-0.00038390,-0.00051553,-0.00127955,0.00064654,0.00109818,0.00135366,-0.00087481,0.00222334,-0.00134271,0.00051118,-0.00004515,0.00065064,-0.00103889,-0.00077679,-0.00138963,-0.00100836,-0.00093215,0.00096780,0.00128219,0.00129088,0.00117740,0.00115512,0.00057710,0.00037043,0.00112732,-0.00190725,0.00024442,-0.00023082,0.00088042,0.00007844,0.00077028,-0.00059941,0.00179160,0.00057576,-0.00018289,0.00161809,-0.00014303,0.00055220,0.00061633,-0.00103514,-0.00111035,-0.00031776,-0.00087491,0.00149256,-0.00001792,0.00002445,0.00006566,-0.00116526,0.00102458,-0.00117995,-0.00085563,-0.00059309,0.00012796,-0.00109186,0.00015134,0.00173140,0.00028248,-0.00005430,0.00153640,-0.00030778,-0.00055635,-0.00177575,-0.00079569,0.00009540,0.00119204,-0.00059316,-0.00043629,0.00019440,0.00003241,0.00154334,-0.00125096,0.00079401,0.00079962,0.00132469,-0.00102091,-0.00032362,-0.00166750,-0.00139597,0.00127435,0.00151958,-0.00097824,0.00185421,-0.00014181,-0.00063447,-0.00112724,-0.00055565,0.00067639,0.00043136,-0.00072413,-0.00002252,-0.00031819,0.00060000,0.00154488,-0.00079913,-0.00050126,0.00067213,0.00065952,-0.00031286,0.00007629,-0.00054440,-0.00003994,-0.00069881,0.00012506,-0.00076764,0.00057645,0.00118943,-0.00011081,-0.00069616,0.00081574,0.00008806,0.00228106,-0.00090674,0.00042134,-0.00031966,-0.00021634,-0.00071880,-0.00022081,-0.00065446,-0.00014292,0.00030638,0.00003886,0.00054026,-0.00109631,0.00102502,0.00030340,-0.00025565,-0.00097650,0.00129965,0.00137498,-0.00002706,-0.00134605,0.00031370,-0.00087627,0.00077987,-0.00084913,-0.00080008,-0.00033445,-0.00029076,-0.00005519,-0.00009353,-0.00059501,-0.00004813,0.00078574,0.00050710,0.00010112,-0.01468984,0.00027156
-0.00046460,0.00087718,0.00127605,-0.00141532,-0.00026519,-0.00046594,-0.00035173,0.00065492,0.00167412,0.00100570,0.00129062,0.00048222,-0.00070629,-0.00002955,0.00086695,-0.00233898,0.00099323,0.00039326,0.00000258,0.00153199,0.00075288,0.00069317,0.00046980,0.00113793,-0.00085334,0.00065186,0.00075291,0.00091979,0.00079451,0.00111515,0.00134132,0.00009733,0.00027356,0.00140184,0.00104754,-0.00073742,-0.00165547,0.00090914,-0.00137928,0.00133653,0.00051212,0.00142802,0.00067464,-0.00021132,-0.00182286,0.00081337,0.00007476,0.00136615,-0.00009798,-0.00038054,-0.00028445,0.00058831,-0.00087030,0.00020254,-0.00096251,0.00046624,-0.00070736,0.00129649,0.00085675,0.00199059,0.00146623,0.00090084,-0.00057134,-0.00175470,-0.00144888,-0.00052015,-0.00091673,-0.00151491,0.00024390,-0.00157383,0.00075034,0.00022763,0.00041444,-0.00139271,-0.00033907,-0.00162891,0.00058630,-0.00121585,-0.00038259,0.00048801,-0.00140365,0.00159208,-0.00058415,-0.00026254,0.00063157,0.00133961,-0.00052681,0.00081893,-0.00090110,-0.00003987,-0.00055130,0.00045528,0.00127392,-0.00137950,0.00078193,0.00116156,0.00204276,0.00026056,0.00029932,-0.00056215,-0.00137092,-0.00000942,-0.00050523,-0.00042382,0.00034561,0.00095230,0.00131098,0.00055432,-0.00102742,-0.00205472,0.00129583,-0.00008462,0.00027269,0.00072930,-0.00050015,0.00082566,-0.00121343,-0.00099921,-0.00034847,0.00151889,0.00013211,0.00113452,0.00154934,-0.00089912,-0.00055757,0.00149705,-0.00177648,0.00025584,-0.00039786,0.00155241,0.00008649,-0.00138988,-0.00072635,0.00117131,0.00105496,0.00078720,-0.00148187,-0.00145531,0.00131525,0.00097126,-0.00069901,-0.00112119,-0.00001417,0.00044308,0.00027600,-0.00072200,-0.00006224,0.00072172,0.00016780,-0.00098232,-0.00111484,0.00134142,0.00089711,-0.00085502,0.00011750,-0.00187196,0.00059619,-0.00024054,0.00026386,0.00047558,0.00061900,0.00050699,0.00012671,-0.00003619,-0.00057979,-0.00082614,-0.00007231,0.00095558,-0.00083241,0.00051832,0.00123010,0.00130601,-0.00140369,-0.00203331,-0.00155786,0.00143407,-0.00026238,0.00052174,-0.00061198,0.00060053,-0.00076621,0.00079314,-0.00066964,0.00093930,0.00059831,0.00032625,0.00045925,-0.00035217,-0.00053737,0.00011033,0.00004574,-0.01448563
