-0.01492853,-0.00001180,-0.00000720,0.00074531,-0.00031952,0.00005646,0.00014657,0.00003495,-0.00091706,-0.00019477,-0.00103893,0.00009607,-0.00024282,-0.00016965,-0.00023062,0.00008762,-0.00028580,-0.00133745,0.00064525,0.00054461,-0.00037068,-0.00070271,-0.00011208,-0.00079704,0.00149075,-0.00022629,-0.00041129,-0.00094232,-0.00047447,0.00011955,-0.00145564,0.00052042,0.00012685,-0.00058015,-0.00108527,0.00112538,0.00097005,-0.00007132,0.00089454,-0.00080874,-0.00030042,-0.00110658,-0.00031230,0.00070365,0.00109640,-0.00169698,-0.00039220,-0.00054275,0.00021310,0.00053952,0.00100972,-0.00046634,0.00079873,-0.00047764,0.00066826,0.00086851,-0.00078399,-0.00021524,-0.00121122,-0.00106530,-0.00029667,-0.00115109,0.00151111,0.00072906,0.00018343,0.00028956,0.00079422,0.00056772,-0.00132315,0.00051821,-0.00074152,-0.00053964,-0.00017956,-0.00053019,0.00110039,-0.00131157,-0.00046093,0.00097302,-0.00139316,0.00054351,0.00081733,-0.00106350,0.00090987,0.00042622,-0.00067192,-0.00006227,0.00053835,0.00014221,0.00020618,-0.00175126,-0.00025052,-0.00120253,-0.00075311,0.00148473,-0.00091433,-0.00055912,0.00099561,-0.00071795,-0.00062591,-0.00037283,-0.00033795,0.00085155,0.00101686,-0.00032860,0.00000579,-0.00125019,-0.00028457,-0.00036123,0.00044716,0.00064191,-0.00088253,0.00021642,-0.00155282,-0.00125979,-0.00037524,0.00005360,0.00003240,0.00062496,0.00092996,-0.00092354,-0.00072145,-0.00005877,-0.00099186,-0.00053223,-0.00034811,0.00061398,0.00106940,0.00149053,0.00000000,0.00000000,0.00000000,0.00000000,0.00000000,0.00000000,0.00000000,0.00000000,0.00000000,0.00000000,0.00000000,0.00000000,0.00000000,0.00000000,0.00000000,0.00000000,0.00039480,0.00000000,0.00000000,0.00000000,0.00000000,0.00000000,0.00000000,0.00000000,0.00000000,0.00000000,0.00000000,0.00000000,0.00000000,0.00000000,0.00000000,0.00000000,0.00000000,0.00000000,0.00000000,0.00000000,0.00000000,0.00000000,0.00000000,0.00000000,0.00000000,0.00000000,0.00000000,0.00000000,0.00000000,0.00000000,0.00000000,0.00000000,-0.00004778,-0.00081577,0.00099839,-0.00049562,0.00019858,-0.00058233,0.00093317,0.00000945,-0.00019131,0.00064766,0.00061408,0.00064888,0.00087519,-0.00034547,-0.00079799,0.00027328
0.00158571,-0.01292903,0.00082549,-0.00122966,0.00023672,-0.00174743,0.00065570,0.00107656,0.00196536,0.00159550,0.00158692,0.00207803,-0.00127741,0.00206349,0.00121935,-0.00177382,0.00201476,0.00235098,-0.00179184,0.00024243,0.00054065,0.00181401,0.00177811,0.00209955,-0.00171482,0.00148720,0.00094120,0.00140261,-0.00067342,0.00088922,0.00153479,-0.00170327,-0.00002709,0.00169358,0.00136020,-0.00223586,-0.00071807,0.00010408,-0.00163781,0.00228610,0.00094383,0.00147493,0.00211114,-0.00182105,-0.00057480,0.00148133,0.00029849,0.00248554,-0.00145265,-0.00264188,-0.00176639,0.00156152,-0.00198313,0.00116400,-0.00142111,0.00037669,0.00038427,0.00178052,0.00082760,0.00164584,0.00150062,0.00118855,-0.00156502,-0.00170711,-0.00094444,-0.00053757,-0.00088096,-0.00235761,0.00090273,-0.00034597,0.00037468,0.00064904,0.00135685,-0.00015556,-0.00161894,0.00015603,0.00169277,-0.00174110,0.00049887,-0.00101205,-0.00169679,0.00132472,-0.00032981,-0.00151814,0.00120146,-0.00074291,-0.00186117,0.00101303,0.00016207,0.00145070,0.00153978,0.00148449,0.00137641,-0.00071189,0.00075350,-0.00022990,0.00002576,0.00116266,0.00087710,-0.00047311,-0.00076534,-0.00057734,-0.00268313,-0.00112820,-0.00009437,0.00146068,0.00148838,0.00163698,-0.00106178,-0.00128271,0.00195404,0.00038976,0.00016183,0.00093502,-0.00091099,0.00174345,-0.00051165,-0.00138428,-0.00149044,0.00123049,0.00063449,-0.00078954,0.00188001,0.00076851,-0.00108792,0.00090578,-0.00089885,0.00029543,0.00000000,0.00000000,0.00000000,0.00000000,0.00000000,0.00000000,0.00000000,0.00000000,0.00000000,0.00000000,0.00000000,0.00000000,0.00000000,0.00000000,0.00000000,0.00000000,0.00000000,-0.00131115,0.00000000,0.00000000,0.00000000,0.00000000,0.00000000,0.00000000,0.00000000,0.00000000,0.00000000,0.00000000,0.00000000,0.00000000,0.00000000,0.00000000,0.00000000,0.00000000,0.00000000,0.00000000,0.00000000,0.00000000,0.00000000,0.00000000,0.00000000,0.00000000,0.00000000,0.00000000,0.00000000,0.00000000,0.00000000,0.00000000,-0.00176434,0.00063458,-0.00135292,0.00160381,-0.00128855,0.00122208,-0.00153016,0.00090497,-0.00061441,-0.00138114,-0.00021569,-0.00049556,-0.00175152,0.00181478,0.00156751,-0.00179241
0.00101412,-0.00104248,-0.01146120,-0.00028116,0.00068302,0.00012396,0.00107031,-0.00043194,0.00119399,-0.00006353,0.00143028,0.00058844,-0.00007660,0.00108759,0.00108450,0.00008350,0.00026008,0.00129104,-0.00125028,-0.00150401,-0.00077919,0.00025503,0.00034153,0.00078031,-0.00115570,0.00135160,-0.00009672,0.00026812,-0.00102858,-0.00006963,0.00103901,-0.00167077,0.00022139,0.00021969,0.00130559,-0.00149110,0.00003360,-0.00056883,-0.00087117,0.00060737,0.00098386,0.00047634,0.00092107,-0.00076016,0.00024766,0.00133454,-0.00090674,0.00017079,-0.00027536,-0.00104700,-0.00078692,0.00129536,-0.00058766,-0.00037090,-0.00042285,-0.00102610,0.00110056,0.00097524,0.00047623,-0.00033911,0.00068392,0.00055946,-0.00080907,0.00009798,0.00028735,-0.00018165,-0.00084904,-0.00076312,0.00079921,0.00013934,0.00091947,0.00099019,-0.00055487,0.00070943,-0.00168158,0.00111045,0.00007346,-0.00065709,0.00180623,-0.00079717,-0.00019777,0.00102852,-0.00049298,-0.00101285,0.00042181,-0.00198606,-0.00110891,0.00079225,0.00002944,0.00185775,0.00138130,0.00072048,0.00126404,0.00117218,0.00022329,-0.00034017,-0.00176475,-0.00012930,-0.00058439,0.00018767,0.00070975,0.00028761,-0.00119165,0.00003532,-0.00013591,-0.00015568,-0.00075736,0.00030825,-0.00078007,-0.00005819,0.00058888,0.00062057,0.00122618,0.00072667,0.00111748,0.00023863,0.00240166,-0.00150121,-0.00076570,0.00080281,-0.00007620,-0.00175253,0.00046672,0.00128409,0.00034776,-0.00080212,0.00022903,-0.00145240,0.00000000,0.00000000,0.00000000,0.00000000,0.00000000,0.00000000,0.00000000,0.00000000,0.00000000,0.00000000,0.00000000,0.00000000,0.00000000,0.00000000,0.00000000,0.00000000,0.00000000,0.00000000,-0.00145184,0.00000000,0.00000000,0.00000000,0.00000000,0.00000000,0.00000000,0.00000000,0.00000000,0.00000000,0.00000000,0.00000000,0.00000000,0.00000000,0.00000000,0.00000000,0.00000000,0.00000000,0.00000000,0.00000000,0.00000000,0.00000000,0.00000000,0.00000000,0.00000000,0.00000000,0.00000000,0.00000000,0.00000000,0.00000000,-0.00107604,0.00043675,-0.00034421,0.00101343,-0.00074558,0.00113355,-0.00133908,0.00107961,0.00067930,-0.00089713,-0.00019866,-0.00127018,-0.00186926,0.00104356,0.00100472,-0.00164964
-0.00096750,0.00072442,0.00113461,-0.01214813,-0.00007290,-0.00074296,-0.00090970,0.00010112,-0.00082261,0.00008221,0.00009095,0.00063714,0.00038859,-0.00094749,0.00031596,0.00005739,-0.00033231,-0.00106884,0.00096029,0.00090359,0.00026707,-0.00010055,0.00015872,0.00002012,0.00014833,-0.00028157,0.00003899,0.00009153,0.00133364,0.00075862,-0.00112239,0.00107982,0.00119007,-0.00011879,-0.00094271,0.00079294,0.00078473,0.00008348,-0.00003708,-0.00061652,-0.00008644,-0.00088556,-0.00135073,-0.00019607,-0.00084303,-0.00036701,0.00063838,0.00050863,0.00065976,0.00063817,0.00037902,-0.00038039,0.00020015,0.00058322,-0.00009999,0.00084329,-0.00242313,0.00080868,-0.00035976,-0.00029866,0.00088212,0.00015957,-0.00025505,-0.00029135,-0.00025664,-0.00043574,0.00038414,0.00037261,-0.00092909,-0.00121558,0.00012017,-0.00024478,0.00014158,-0.00045847,0.00028672,-0.00137030,0.00104740,0.00010600,-0.00128221,0.00140812,-0.00049287,0.00010322,0.00017856,-0.00054977,-0.00044811,0.00112549,0.00005941,-0.00065597,-0.00042420,-0.00160271,-0.00056703,-0.00020822,-0.00031370,-0.00105491,0.00021671,0.00079780,0.00142204,0.00009408,0.00045057,0.00050358,-0.00024665,-0.00076119,0.00082798,-0.00067504,-0.00014580,0.00039139,0.00200099,-0.00010359,0.00000638,0.00009198,-0.00095270,-0.00053812,-0.00034061,-0.00022028,-0.00112147,0.00023657,-0.00225313,-0.00026295,0.00114776,0.00038043,-0.00046877,0.00200980,0.00045534,-0.00101287,-0.00026997,0.00088425,-0.00087248,0.00115432,0.00000000,0.00000000,0.00000000,0.00000000,0.00000000,0.00000000,0.00000000,0.00000000,0.00000000,0.00000000,0.00000000,0.00000000,0.00000000,0.00000000,0.00000000,0.00000000,0.00000000,0.00000000,0.00000000,-0.00085851,0.00000000,0.00000000,0.00000000,0.00000000,0.00000000,0.00000000,0.00000000,0.00000000,0.00000000,0.00000000,0.00000000,0.00000000,0.00000000,0.00000000,0.00000000,0.00000000,0.00000000,0.00000000,0.00000000,0.00000000,0.00000000,0.00000000,0.00000000,0.00000000,0.00000000,0.00000000,0.00000000,0.00000000,0.00080559,0.00022860,0.00074579,-0.00118234,0.00017720,-0.00084752,0.00091431,-0.00058177,-0.00031368,0.00035213,0.00093971,0.00031828,0.00060249,-0.00105129,-0.00065390,0.00048641
-0.00083131,0.00021390,-0.00315927,0.00334928,-0.01492437,0.00202624,0.00068421,0.00046886,-0.00340091,-0.00227278,-0.00264913,-0.00123599,0.00201137,-0.00239220,-0.00200317,0.00188061,-0.00332759,-0.00255620,0.00313905,-0.00017042,-0.00204322,-0.00258456,-0.00278742,-0.00323332,0.00239158,-0.00247567,-0.00076563,-0.00169368,-0.00003589,-0.00146100,-0.00359617,0.00298502,-0.00167846,-0.00296584,-0.00244149,0.00189665,0.00157451,-0.00124564,0.00239015,-0.00280066,-0.00233296,-0.00332357,-0.00266709,0.00194695,0.00094700,-0.00196519,-0.00144035,-0.00326714,0.00166280,0.00294089,0.00266392,-0.00305498,0.00320357,-0.00273819,0.00262602,-0.00188264,0.00144113,-0.00246516,-0.00172594,-0.00218370,-0.00127553,-0.00221030,0.00210173,0.00264941,0.00293578,0.00100955,0.00250257,0.00270081,0.00006502,0.00094349,-0.00321156,-0.00098409,-0.00168036,0.00187992,0.00169539,-0.00058474,-0.00115828,0.00181967,-0.00038457,0.00007673,0.00222978,-0.00263429,0.00165976,0.00144537,-0.00276663,-0.00090235,0.00294765,-0.00218985,-0.00011673,-0.00110407,-0.00165086,-0.00166987,-0.00218132,-0.00036840,-0.00246887,-0.00157137,-0.00058086,-0.00120648,-0.00164159,-0.00015779,0.00273266,0.00158617,0.00168900,0.00105217,-0.00145011,-0.00217900,-0.00221198,-0.00120034,0.00170649,0.00267611,-0.00305633,0.00051926,-0.00195589,-0.00155557,0.00152178,-0.00279199,0.00015921,0.00248559,0.00367575,-0.00170250,-0.00108871,-0.00146816,-0.00288831,0.00049860,0.00248180,-0.00066931,0.00215343,0.00026457,0.00000000,0.00000000,0.00000000,0.00000000,0.00000000,0.00000000,0.00000000,0.00000000,0.00000000,0.00000000,0.00000000,0.00000000,0.00000000,0.00000000,0.00000000,0.00000000,0.00000000,0.00000000,0.00000000,0.00000000,-0.00054836,0.00000000,0.00000000,0.00000000,0.00000000,0.00000000,0.00000000,0.00000000,0.00000000,0.00000000,0.00000000,0.00000000,0.00000000,0.00000000,0.00000000,0.00000000,0.00000000,0.00000000,0.00000000,0.00000000,0.00000000,0.00000000,0.00000000,0.00000000,0.00000000,0.00000000,0.00000000,0.00000000,0.00216670,-0.00072892,0.00214568,-0.00236471,0.00326463,-0.00243450,0.00270261,-0.00179673,0.00016832,0.00194083,0.00096604,0.00217475,0.00187989,-0.00199034,-0.00340295,0.00283324
-0.00034204,-0.00016261,-0.00026932,0.00059884,-0.00099663,-0.01608444,-0.00077848,0.00068176,-0.00164705,0.00065614,-0.00026426,-0.00124917,0.00030536,-0.00206196,-0.00208644,0.00063430,-0.00133470,-0.00080319,0.00125541,0.00064871,-0.00062161,-0.00023243,-0.00082009,-0.00028492,0.00158038,-0.00072355,-0.00020656,-0.00036205,0.00097138,0.00040998,-0.00177215,0.00119671,0.00075546,-0.00080332,-0.00036899,0.00052903,0.00082402,0.00035331,0.00071842,-0.00142829,0.00000454,-0.00175276,-0.00102499,0.00070608,-0.00105451,-0.00055768,-0.00032604,-0.00093452,0.00125759,0.00109046,-0.00012965,-0.00096510,0.00032735,-0.00109115,-0.00038351,0.00150075,-0.00074490,-0.00057444,-0.00100865,-0.00044183,-0.00157948,0.00004867,0.00014080,-0.00045735,-0.00009107,-0.00005566,0.00097425,0.00054945,-0.00038902,-0.00017786,-0.00008712,-0.00111937,0.00019397,-0.00061029,0.00129456,-0.00162352,0.00057741,0.00045437,-0.00102687,0.00178695,0.00014079,-0.00120582,0.00021924,0.00019278,-0.00056334,0.00146117,0.00089438,-0.00087043,-0.00041533,-0.00151206,-0.00144502,-0.00010355,-0.00072856,-0.00213283,-0.00099882,0.00078595,0.00172924,0.00043034,-0.00015964,0.00016071,-0.00014874,-0.00082193,0.00071343,-0.00020236,-0.00025628,-0.00047544,0.00065921,-0.00001302,0.00016266,0.00015428,-0.00121060,0.00039371,-0.00058202,0.00001719,-0.00157396,-0.00046148,-0.00252790,0.00056547,0.00108558,0.00006530,0.00001265,0.00056331,-0.00036159,-0.00018211,-0.00031623,0.00042655,-0.00065009,0.00157578,0.00000000,0.00000000,0.00000000,0.00000000,0.00000000,0.00000000,0.00000000,0.00000000,0.00000000,0.00000000,0.00000000,0.00000000,0.00000000,0.00000000,0.00000000,0.00000000,0.00000000,0.00000000,0.00000000,0.00000000,0.00000000,0.00143142,0.00000000,0.00000000,0.00000000,0.00000000,0.00000000,0.00000000,0.00000000,0.00000000,0.00000000,0.00000000,0.00000000,0.00000000,0.00000000,0.00000000,0.00000000,0.00000000,0.00000000,0.00000000,0.00000000,0.00000000,0.00000000,0.00000000,0.00000000,0.00000000,0.00000000,0.00000000,0.00116603,-0.00068029,0.00095928,-0.00051888,0.00116841,-0.00045098,0.00083872,-0.00146056,0.00044214,0.00070887,0.00009351,0.00168670,0.00046354,-0.00093551,-0.00079857,0.00126827
-0.00011370,0.00074773,-0.00081552,0.00077302,0.00012783,0.00050787,-0.01633898,-0.00006621,-0.00186581,-0.00075673,-0.00139071,0.00007465,0.00017082,-0.00095434,-0.00079362,-0.00019755,-0.00137232,-0.00117737,0.00127646,0.00043577,-0.00108153,-0.00049261,-0.00057636,0.00002317,0.00159885,-0.00075555,-0.00098084,-0.00114596,0.00035882,-0.00034119,-0.00072282,0.00120274,-0.00014625,-0.00081903,-0.00126091,0.00074955,-0.00005117,0.00027400,0.00040055,-0.00116151,-0.00045632,-0.00101152,-0.00077500,-0.00041198,0.00154985,-0.00090803,-0.00051850,0.00012335,0.00094040,0.00103354,0.00143584,-0.00078252,0.00227294,-0.00065625,0.00116483,-0.00002901,-0.00062110,-0.00055742,-0.00108010,-0.00095511,-0.00093575,-0.00160844,0.00084756,0.00158334,0.00058408,0.00098317,0.00062348,0.00045604,-0.00132288,-0.00016489,-0.00029883,-0.00100572,0.00013219,-0.00050655,0.00179165,-0.00038459,-0.00066962,0.00139756,-0.00170407,0.00023925,0.00079477,-0.00207660,0.00172031,0.00141734,-0.00059221,0.00105753,0.00182219,-0.00090086,0.00046380,-0.00093287,-0.00101534,-0.00037382,-0.00141584,0.00079922,-0.00116191,-0.00084915,0.00066713,-0.00103349,-0.00087399,0.00002792,-0.00062459,0.00044406,-0.00040900,0.00048401,-0.00050863,0.00035590,-0.00054417,-0.00098720,0.00188224,0.00125036,-0.00111110,-0.00021101,-0.00187339,-0.00096322,-0.00019858,-0.00063793,-0.00087644,0.00169639,0.00101607,-0.00037653,0.00085295,-0.00006674,-0.00085273,-0.00018508,0.00075336,-0.00070124,0.00063610,0.00038569,0.00000000,0.00000000,0.00000000,0.00000000,0.00000000,0.00000000,0.00000000,0.00000000,0.00000000,0.00000000,0.00000000,0.00000000,0.00000000,0.00000000,0.00000000,0.00000000,0.00000000,0.00000000,0.00000000,0.00000000,0.00000000,0.00000000,0.00101371,0.00000000,0.00000000,0.00000000,0.00000000,0.00000000,0.00000000,0.00000000,0.00000000,0.00000000,0.00000000,0.00000000,0.00000000,0.00000000,0.00000000,0.00000000,0.00000000,0.00000000,0.00000000,0.00000000,0.00000000,0.00000000,0.00000000,0.00000000,0.00000000,0.00000000,0.00119274,-0.00094116,0.00086577,-0.00197396,0.00104270,-0.00169555,0.00069491,-0.00066555,0.00079670,0.00088486,-0.00111785,0.00020455,0.00118084,-0.00084426,-0.00077551,0.00130298
-0.00000050,0.00051949,0.00088631,-0.00133156,0.00179554,-0.00016983,0.00049632,-0.01479753,0.00094313,0.00100489,0.00175242,0.00060899,-0.00105995,0.00104763,0.00130331,-0.00058510,0.00196313,0.00037128,-0.00125192,-0.00021761,0.00128410,0.00100110,0.00088888,0.00140933,-0.00131516,0.00121001,0.00026067,0.00002957,-0.00028772,0.00032044,0.00126796,-0.00182264,-0.00086000,0.00068998,0.00176816,-0.00064498,0.00009344,-0.00010439,-0.00126374,0.00121446,0.00123774,0.00156451,0.00217693,-0.00037227,0.00018457,0.00037726,0.00002150,0.00019747,-0.00171458,-0.00110505,-0.00059999,0.00150113,-0.00077283,0.00030520,-0.00004110,-0.00052246,0.00001432,0.00052742,0.00194569,0.00073696,0.00101440,0.00155504,-0.00076871,0.00000293,-0.00126983,-0.00129678,-0.00191276,-0.00062905,0.00050697,-0.00042219,0.00117736,0.00129467,0.00052339,-0.00065661,-0.00070735,0.00013290,0.00033046,-0.00032037,0.00028941,-0.00046477,-0.00103379,0.00081156,-0.00112080,-0.00085415,0.00166071,-0.00044751,-0.00041739,0.00115544,-0.00006048,0.00141839,0.00104427,0.00062528,0.00111802,0.00131611,0.00120103,0.00052009,-0.00084697,0.00079718,-0.00057667,0.00008414,-0.00044908,0.00042984,-0.00061334,-0.00094581,0.00042927,0.00020894,0.00073847,0.00023253,-0.00146475,-0.00068437,0.00100927,-0.00057676,0.00062028,0.00021258,0.00081912,0.00158393,0.00077630,-0.00139948,-0.00077296,0.00011160,0.00028962,0.00000218,0.00075831,0.00072430,-0.00115366,-0.00005053,-0.00059549,-0.00053733,0.00000000,0.00000000,0.00000000,0.00000000,0.00000000,0.00000000,0.00000000,0.00000000,0.00000000,0.00000000,0.00000000,0.00000000,0.00000000,0.00000000,0.00000000,0.00000000,0.00000000,0.00000000,0.00000000,0.00000000,0.00000000,0.00000000,0.00000000,0.00149568,0.00000000,0.00000000,0.00000000,0.00000000,0.00000000,0.00000000,0.00000000,0.00000000,0.00000000,0.00000000,0.00000000,0.00000000,0.00000000,0.00000000,0.00000000,0.00000000,0.00000000,0.00000000,0.00000000,0.00000000,0.00000000,0.00000000,0.00000000,0.00000000,-0.00151102,0.00024011,-0.00145424,-0.00000041,-0.00062313,0.00136515,-0.00121457,0.00033662,0.00023800,-0.00030927,-0.00068993,-0.00151193,-0.00160990,0.00084984,0.00141606,-0.00069945
0.00093126,-0.00111315,-0.00109299,0.00035492,0.00113223,0.00080056,0.00046628,-0.00180823,-0.01282835,-0.00087927,-0.00069486,-0.00004093,-0.00004427,-0.00086260,-0.00049336,0.00122954,-0.00153426,-0.00016768,0.00042377,-0.00109511,-0.00149306,-0.00104603,-0.00093517,-0.00000926,0.00091156,-0.00084875,-0.00181433,-0.00073960,-0.00100524,-0.00156994,-0.00069060,-0.00040027,-0.00041189,-0.00092944,-0.00078390,0.00074606,0.00189068,-0.00107049,0.00088045,-0.00104021,-0.00054998,-0.00020757,-0.00028389,0.00014379,0.00228138,-0.00077460,-0.00023363,-0.00114369,0.00021833,0.00036590,0.00174780,-0.00010901,0.00062700,-0.00078344,0.00094043,-0.00188316,0.00175937,-0.00061947,-0.00052004,-0.00104276,-0.00150493,-0.00104043,0.00097311,0.00083498,0.00208574,0.00115150,0.00142111,0.00160309,0.00093473,0.00103690,-0.00096558,0.00018539,-0.00035944,0.00118707,-0.00009752,0.00181976,-0.00089412,0.00091129,0.00050107,-0.00169969,0.00125710,-0.00102040,0.00148320,0.00038551,-0.00073242,-0.00040600,0.00010484,-0.00065515,0.00106334,0.00191630,0.00127355,-0.00163898,-0.00130452,0.00162543,-0.00124762,-0.00157183,-0.00177880,-0.00085556,-0.00162803,-0.00021474,0.00208123,0.00122148,0.00023402,0.00098469,-0.00083546,-0.00112435,-0.00182246,-0.00013768,0.00048274,0.00138059,-0.00158834,0.00002275,-0.00054519,-0.00036136,0.00176172,-0.00105922,0.00206415,0.00016824,0.00021782,-0.00156632,-0.00142258,-0.00109939,-0.00070833,0.00132560,0.00053090,-0.00177598,0.00207209,-0.00110381,0.00000000,0.00000000,0.00000000,0.00000000,0.00000000,0.00000000,0.00000000,0.00000000,0.00000000,0.00000000,0.00000000,0.00000000,0.00000000,0.00000000,0.00000000,0.00000000,0.00000000,0.00000000,0.00000000,0.00000000,0.00000000,0.00000000,0.00000000,0.00000000,-0.00067995,0.00000000,0.00000000,0.00000000,0.00000000,0.00000000,0.00000000,0.00000000,0.00000000,0.00000000,0.00000000,0.00000000,0.00000000,0.00000000,0.00000000,0.00000000,0.00000000,0.00000000,0.00000000,0.00000000,0.00000000,0.00000000,0.00000000,0.00000000,0.00047607,0.00083782,0.00000903,0.00007412,-0.00082899,0.00046329,-0.00097048,-0.00016163,0.00013693,0.00011157,-0.00006339,0.00017369,0.00003507,-0.00031137,0.00041119,0.00040105
0.00170094,-0.00001479,-0.00031575,-0.00118743,0.00064227,0.00136478,0.00151133,0.00006586,0.00129394,-0.01373662,0.00117217,0.00115495,-0.00047520,0.00108022,0.00034826,-0.00145063,0.00110030,0.00076873,-0.00110099,-0.00155856,-0.00017812,0.00050515,0.00040508,-0.00001209,-0.00076891,0.00042402,0.00050959,0.00013505,-0.00193542,-0.00000104,0.00066021,-0.00149496,-0.00129881,0.00056172,0.00012977,-0.00102561,-0.00073586,-0.00100397,-0.00105164,0.00059453,0.00031331,0.00007410,0.00095924,-0.00015572,-0.00003728,0.00111205,0.00017722,0.00078538,-0.00122465,-0.00078221,0.00037411,0.00100858,-0.00027981,-0.00020613,-0.00021238,-0.00067812,0.00176661,0.00042642,0.00055913,-0.00028252,-0.00033504,0.00038149,-0.00100010,0.00000572,-0.00019547,-0.00047289,-0.00057156,-0.00108044,0.00116292,0.00119085,0.00084203,0.00059757,-0.00084094,0.00014937,-0.00134332,0.00129506,-0.00057783,-0.00044873,0.00164946,-0.00230650,-0.00006076,0.00077384,-0.00054232,-0.00054682,0.00054787,-0.00183662,-0.00098918,0.00103129,0.00081065,0.00148060,0.00108333,0.00037600,0.00109443,0.00134512,-0.00016355,-0.00131416,-0.00200518,0.00033324,-0.00047623,0.00019731,0.00065890,0.00032306,-0.00151144,-0.00000710,0.00001274,0.00043684,-0.00082921,0.00040748,-0.00045195,-0.00021802,0.00034100,0.00094368,0.00062542,0.00015689,0.00073466,-0.00046484,0.00210562,-0.00004933,-0.00087684,0.00038343,-0.00036391,-0.00116011,0.00057914,0.00231360,0.00038498,-0.00048663,0.00090264,-0.00123230,0.00000000,0.00000000,0.00000000,0.00000000,0.00000000,0.00000000,0.00000000,0.00000000,0.00000000,0.00000000,0.00000000,0.00000000,0.00000000,0.00000000,0.00000000,0.00000000,0.00000000,0.00000000,0.00000000,0.00000000,0.00000000,0.00000000,0.00000000,0.00000000,0.00000000,0.00019006,0.00000000,0.00000000,0.00000000,0.00000000,0.00000000,0.00000000,0.00000000,0.00000000,0.00000000,0.00000000,0.00000000,0.00000000,0.00000000,0.00000000,0.00000000,0.00000000,0.00000000,0.00000000,0.00000000,0.00000000,0.00000000,0.00000000,-0.00133260,0.00053028,-0.00092223,0.00104271,-0.00109644,0.00103077,-0.00065760,0.00075601,0.00010264,-0.00051852,0.00011082,-0.00139081,-0.00110627,0.00141412,0.00063282,-0.00113751
0.00038257,-0.00069586,-0.00116863,0.00062752,0.00026453,0.00135718,0.00031610,-0.00041475,-0.00008064,-0.00079285,-0.01306331,-0.00019760,0.00034216,0.00015097,-0.00056641,0.00110476,-0.00066888,-0.00012689,0.00043148,-0.00160863,-0.00016160,-0.00109638,-0.00037219,0.00017685,0.00043912,0.00073780,-0.00091387,-0.00046918,-0.00081755,-0.00139721,-0.00051177,0.00028656,-0.00089499,-0.00003907,-0.00094899,-0.00006977,0.00057104,-0.00171204,0.00027068,-0.00087859,-0.00036625,0.00006317,0.00003014,0.00035400,0.00128882,0.00054456,-0.00104368,-0.00023702,0.00001271,0.00012972,0.00016825,-0.00054589,0.00105201,-0.00162706,0.00018943,-0.00191119,0.00164879,-0.00025938,-0.00114995,-0.00090015,-0.00151890,-0.00030715,0.00065357,0.00052648,0.00157739,0.00052404,0.00050157,0.00084676,0.00071435,0.00079251,-0.00019122,0.00020909,-0.00018557,0.00073837,0.00003304,0.00137377,-0.00107752,0.00117083,0.00093867,-0.00187110,0.00048987,-0.00035974,0.00056007,0.00030054,-0.00054585,-0.00151005,-0.00005252,-0.00108231,0.00088963,0.00145065,0.00118896,-0.00054943,0.00010754,0.00134777,-0.00160792,-0.00090235,-0.00177084,-0.00096362,-0.00138819,0.00051338,0.00182054,0.00050194,-0.00067128,0.00116478,-0.00040809,-0.00102664,-0.00167021,-0.00018574,0.00005960,0.00091989,0.00008635,0.00137525,0.00051685,-0.00002354,0.00194646,-0.00055474,0.00215590,-0.00038052,0.00002110,-0.00064981,-0.00105422,-0.00187425,-0.00122381,0.00164752,0.00106559,-0.00234940,0.00064391,-0.00159658,0.00000000,0.00000000,0.00000000,0.00000000,0.00000000,0.00000000,0.00000000,0.00000000,0.00000000,0.00000000,0.00000000,0.00000000,0.00000000,0.00000000,0.00000000,0.00000000,0.00000000,0.00000000,0.00000000,0.00000000,0.00000000,0.00000000,0.00000000,0.00000000,0.00000000,0.00000000,-0.00079991,0.00000000,0.00000000,0.00000000,0.00000000,0.00000000,0.00000000,0.00000000,0.00000000,0.00000000,0.00000000,0.00000000,0.00000000,0.00000000,0.00000000,0.00000000,0.00000000,0.00000000,0.00000000,0.00000000,0.00000000,0.00000000,0.00018262,0.00027240,-0.00085570,-0.00004922,-0.00012199,0.00090916,-0.00048944,0.00011410,0.00016620,-0.00048759,-0.00002852,-0.00024512,-0.00001767,0.00028794,-0.00005487,-0.00049246
0.00127619,0.00028312,-0.00041250,0.00061795,0.00154299,0.00041515,0.00081515,-0.00025289,0.00065413,0.00023596,-0.00021684,-0.01450229,-0.00032019,0.00095793,-0.00044905,-0.00019401,-0.00133086,0.00049403,-0.00038694,-0.00131342,-0.00075978,-0.00009828,-0.00004684,0.00027235,0.00071898,0.00069275,-0.00129726,-0.00069727,0.00003285,-0.00057799,-0.00035673,-0.00015286,-0.00059500,-0.00017802,-0.00015779,-0.00080814,0.00103832,-0.00157876,0.00001937,-0.00014581,-0.00001030,0.00122540,0.00067460,0.00034059,0.00132344,0.00019067,-0.00074492,0.00043581,0.00060867,0.00032469,0.00108739,0.00036318,-0.00054558,-0.00047463,0.00069311,-0.00045843,0.00121760,-0.00022451,-0.00049684,-0.00047531,-0.00062183,0.00001947,-0.00053997,0.00011945,-0.00023866,0.00076068,-0.00028807,0.00053560,-0.00056282,0.00075095,-0.00024528,0.00054500,-0.00022305,0.00079803,-0.00037105,0.00193739,-0.00052120,0.00018412,-0.00015103,-0.00046875,0.00149644,-0.00037197,-0.00007335,0.00015766,-0.00096422,-0.00105605,-0.00068783,-0.00037570,0.00033205,0.00094187,0.00088531,-0.00004538,-0.00052830,0.00099384,-0.00079555,-0.00156514,-0.00052369,-0.00014315,-0.00041939,-0.00053128,0.00142439,0.00054057,-0.00040179,-0.00009887,-0.00030794,-0.00028246,-0.00113436,0.00003563,-0.00037277,-0.00040503,-0.00048876,0.00009299,0.00091769,0.00036793,0.00073017,-0.00061618,0.00139421,-0.00050808,-0.00047314,0.00031591,-0.00034505,-0.00117851,-0.00071148,0.00056696,0.00075439,-0.00112285,0.00078785,-0.00136318,0.00000000,0.00000000,0.00000000,0.00000000,0.00000000,0.00000000,0.00000000,0.00000000,0.00000000,0.00000000,0.00000000,0.00000000,0.00000000,0.00000000,0.00000000,0.00000000,0.00000000,0.00000000,0.00000000,0.00000000,0.00000000,0.00000000,0.00000000,0.00000000,0.00000000,0.00000000,0.00000000,0.00142481,0.00000000,0.00000000,0.00000000,0.00000000,0.00000000,0.00000000,0.00000000,0.00000000,0.00000000,0.00000000,0.00000000,0.00000000,0.00000000,0.00000000,0.00000000,0.00000000,0.00000000,0.00000000,0.00000000,0.00000000,-0.00073510,0.00062779,-0.00034319,0.00046683,-0.00005461,0.00134478,-0.00029928,0.00094949,0.00037489,-0.00034123,0.00013866,-0.00009760,-0.00094708,0.00071928,-0.00036878,-0.00012964
-0.00126518,0.00020297,-0.00072558,0.00088486,-0.00045445,0.00037622,0.00049431,-0.00033324,-0.00188934,-0.00134024,-0.00098809,-0.00135173,-0.01461980,-0.00079754,-0.00081839,0.00049653,-0.00093820,-0.00069418,0.00117494,0.00032863,0.00028574,-0.00030882,-0.00079644,-0.00030323,0.00111713,-0.00079238,0.00070951,-0.00085907,-0.00032677,-0.00022454,-0.00113036,0.00128733,-0.00095243,-0.00043308,-0.00033777,0.00074179,0.00123843,0.00014565,0.00044702,-0.00042505,-0.00088456,-0.00101151,-0.00148348,0.00201947,-0.00021872,-0.00124216,0.00022922,-0.00156038,0.00107295,0.00087977,-0.00007961,-0.00124554,-0.00011653,-0.00088805,0.00025496,-0.00127100,0.00017626,-0.00085575,-0.00114295,-0.00043336,-0.00038066,-0.00038758,0.00083627,-0.00026355,0.00064031,-0.00074609,0.00063434,0.00041274,0.00101383,-0.00038047,-0.00075882,-0.00037215,-0.00057052,0.00071716,0.00127959,0.00021188,-0.00095419,0.00051756,-0.00027242,0.00053998,0.00012241,-0.00037743,-0.00007441,0.00072165,-0.00155706,0.00012261,0.00242187,-0.00062548,-0.00060262,-0.00091725,-0.00052838,-0.00079693,-0.00093973,-0.00132334,0.00004855,0.00028344,0.00026966,-0.00115027,0.00036289,-0.00040245,0.00010995,0.00067901,0.00155550,0.00110431,-0.00002531,-0.00049308,-0.00109936,-0.00033196,-0.00027430,0.00076658,-0.00056753,0.00035491,-0.00053919,-0.00082886,0.00035172,-0.00060585,-0.00088828,0.00055584,0.00110393,-0.00039926,-0.00031308,0.00059760,-0.00077996,0.00023788,0.00128656,0.00061190,-0.00060650,0.00099456,0.00000000,0.00000000,0.00000000,0.00000000,0.00000000,0.00000000,0.00000000,0.00000000,0.00000000,0.00000000,0.00000000,0.00000000,0.00000000,0.00000000,0.00000000,0.00000000,0.00000000,0.00000000,0.00000000,0.00000000,0.00000000,0.00000000,0.00000000,0.00000000,0.00000000,0.00000000,0.00000000,0.00000000,0.00095443,0.00000000,0.00000000,0.00000000,0.00000000,0.00000000,0.00000000,0.00000000,0.00000000,0.00000000,0.00000000,0.00000000,0.00000000,0.00000000,0.00000000,0.00000000,0.00000000,0.00000000,0.00000000,0.00000000,0.00100345,-0.00001921,0.00114596,-0.00122682,0.00147660,-0.00180556,0.00178089,-0.00078919,0.00103129,0.00083472,0.00084247,0.00101349,0.00006425,-0.00147354,-0.00076348,0.00179589
0.00156000,-0.00077934,-0.00214090,0.00070584,0.00137190,0.00085572,0.00103118,-0.00157967,-0.00108482,-0.00149470,-0.00097206,0.00038228,0.00081278,-0.01476152,-0.00196774,0.00095299,-0.00140177,-0.00042644,0.00098521,-0.00023730,-0.00140881,-0.00114431,-0.00032699,-0.00102262,0.00087374,-0.00034804,-0.00133845,-0.00138141,-0.00012273,-0.00203638,-0.00148353,0.00102854,-0.00097683,-0.00021545,-0.00135560,0.00057169,0.00130738,-0.00123830,0.00005107,-0.00103731,-0.00087608,-0.00110572,-0.00023710,0.00081985,0.00198330,-0.00039757,0.00014217,0.00038863,0.00008789,-0.00002385,0.00107964,-0.00098945,0.00097450,-0.00116587,0.00183521,-0.00118162,0.00134550,-0.00188890,-0.00119905,-0.00106137,-0.00150217,-0.00069994,0.00118694,0.00164592,0.00149860,0.00150021,0.00117563,0.00127650,0.00023662,0.00097952,-0.00096862,-0.00149313,-0.00148636,0.00087022,0.00003995,0.00146838,-0.00169195,0.00123961,0.00060950,-0.00161236,0.00102304,-0.00086588,0.00078551,0.00103363,-0.00151250,-0.00124265,0.00075972,-0.00137049,0.00086956,0.00106492,0.00044683,-0.00047936,-0.00089103,0.00089220,-0.00062056,-0.00199525,-0.00140910,-0.00076903,-0.00049923,-0.00035832,0.00175043,0.00098498,0.00051468,0.00145037,-0.00061762,-0.00117655,-0.00114705,-0.00104590,0.00035647,0.00136600,-0.00095070,0.00055515,0.00016708,-0.00172410,0.00178886,-0.00162954,0.00268127,0.00014256,0.00114410,-0.00099884,-0.00018071,-0.00138959,-0.00148868,0.00163742,0.00146322,-0.00139084,0.00136343,-0.00115101,0.00000000,0.00000000,0.00000000,0.00000000,0.00000000,0.00000000,0.00000000,0.00000000,0.00000000,0.00000000,0.00000000,0.00000000,0.00000000,0.00000000,0.00000000,0.00000000,0.00000000,0.00000000,0.00000000,0.00000000,0.00000000,0.00000000,0.00000000,0.00000000,0.00000000,0.00000000,0.00000000,0.00000000,0.00000000,0.00018135,0.00000000,0.00000000,0.00000000,0.00000000,0.00000000,0.00000000,0.00000000,0.00000000,0.00000000,0.00000000,0.00000000,0.00000000,0.00000000,0.00000000,0.00000000,0.00000000,0.00000000,0.00000000,0.00102182,-0.00078021,-0.00007910,0.00054695,-0.00033153,-0.00067518,-0.00065815,-0.00074206,0.00065251,0.00112422,-0.00048892,0.00045014,0.00044817,-0.00058542,-0.00104837,0.00022212
0.00060830,0.00011862,-0.00042606,-0.00023736,0.00072433,-0.00083339,0.00043037,0.00001088,0.00107542,-0.00003104,0.00076563,-0.00023282,-0.00054035,-0.00025637,-0.01353242,0.00001615,0.00028143,-0.00006184,-0.00103178,-0.00120709,-0.00016507,-0.00042843,-0.00051610,-0.00034301,-0.00059642,0.00072855,-0.00099884,0.00044876,-0.00152851,-0.00073734,0.00017566,-0.00077491,-0.00040955,0.00009093,0.00007626,-0.00058330,-0.00046323,-0.00151502,0.00054636,-0.00062847,0.00022921,0.00050541,0.00106112,-0.00068901,0.00056662,0.00115914,0.00074094,0.00001001,-0.00055569,-0.00073570,-0.00080665,0.00034934,0.00000228,0.00033264,0.00038039,-0.00110201,0.00122356,-0.00077853,0.00021787,-0.00083575,-0.00050206,-0.00016740,-0.00031187,-0.00049023,0.00063209,0.00043948,-0.00043405,-0.00052047,0.00034820,0.00064600,0.00128865,0.00042138,-0.00016691,0.00043984,-0.00139454,0.00121288,-0.00013190,0.00046623,0.00158229,-0.00092875,-0.00031412,-0.00022902,0.00034512,-0.00006959,0.00007459,-0.00212519,-0.00071262,-0.00043911,0.00103059,0.00118264,0.00116218,-0.00014769,0.00120777,0.00103586,0.00020017,-0.00029216,-0.00174353,-0.00033588,-0.00067118,-0.00023909,0.00092773,0.00172712,-0.00050209,-0.00016319,0.00001798,0.00028398,-0.00057909,-0.00104399,-0.00073337,-0.00037031,0.00023258,0.00057948,0.00103160,-0.00050887,0.00045501,-0.00100767,0.00167220,-0.00012476,-0.00013308,0.00121782,-0.00026846,-0.00129675,0.00003183,0.00068204,0.00008586,-0.00034179,0.00060100,-0.00030489,0.00000000,0.00000000,0.00000000,0.00000000,0.00000000,0.00000000,0.00000000,0.00000000,0.00000000,0.00000000,0.00000000,0.00000000,0.00000000,0.00000000,0.00000000,0.00000000,0.00000000,0.00000000,0.00000000,0.00000000,0.00000000,0.00000000,0.00000000,0.00000000,0.00000000,0.00000000,0.00000000,0.00000000,0.00000000,0.00000000,0.00118695,0.00000000,0.00000000,0.00000000,0.00000000,0.00000000,0.00000000,0.00000000,0.00000000,0.00000000,0.00000000,0.00000000,0.00000000,0.00000000,0.00000000,0.00000000,0.00000000,0.00000000,-0.00040760,0.00076178,0.00009819,0.00075530,-0.00086122,0.00137891,-0.00012675,0.00106907,0.00047198,0.00033650,-0.00042548,-0.00072959,-0.00006112,0.00032610,0.00064112,-0.00051150
-0.00094890,0.00087711,0.00006050,0.00070984,-0.00179382,-0.00060523,-0.00179512,0.00064935,-0.00127971,-0.00105483,0.00026531,-0.00152487,0.00001894,-0.00153594,-0.00070814,-0.01188900,0.00010521,-0.00082535,0.00092940,0.00170697,0.00010929,-0.00124241,-0.00042989,-0.00082756,0.00055569,-0.00134330,0.00060730,-0.00017838,0.00054719,0.00027423,-0.00136985,0.00116063,-0.00000120,-0.00107890,-0.00005426,0.00094584,-0.00068879,0.00069030,0.00020856,-0.00098799,0.00017913,-0.00059352,-0.00107327,0.00031462,-0.00046649,-0.00034336,0.00058362,-0.00098971,0.00115914,0.00078134,0.00053409,-0.00090890,0.00116046,-0.00080897,-0.00031455,0.00139673,-0.00062277,-0.00069601,0.00030812,-0.00049481,-0.00007714,-0.00070662,0.00070475,0.00015797,-0.00041091,-0.00059582,0.00114680,0.00053342,-0.00066378,-0.00133663,-0.00050260,-0.00109135,0.00075687,-0.00024363,0.00111083,-0.00274123,0.00091748,-0.00055958,-0.00106554,0.00202678,-0.00020721,-0.00045754,0.00018854,-0.00008718,-0.00062770,0.00097223,0.00109762,-0.00064706,-0.00132512,-0.00262635,-0.00132665,-0.00064920,-0.00020610,-0.00113554,0.00015481,0.00060440,0.00195468,0.00005293,0.00064796,0.00038649,-0.00073922,0.00007296,0.00175828,-0.00034962,-0.00069313,-0.00057358,0.00028534,-0.00031631,0.00069661,0.00013968,-0.00088175,-0.00033260,-0.00085966,-0.00115809,-0.00094534,-0.00053221,-0.00197739,0.00013678,0.00078688,0.00014964,0.00046792,0.00088152,-0.00026770,-0.00084159,0.00011223,0.00174844,-0.00104813,0.00136226,0.00000000,0.00000000,0.00000000,0.00000000,0.00000000,0.00000000,0.00000000,0.00000000,0.00000000,0.00000000,0.00000000,0.00000000,0.00000000,0.00000000,0.00000000,0.00000000,0.00000000,0.00000000,0.00000000,0.00000000,0.00000000,0.00000000,0.00000000,0.00000000,0.00000000,0.00000000,0.00000000,0.00000000,0.00000000,0.00000000,0.00000000,0.00012749,0.00000000,0.00000000,0.00000000,0.00000000,0.00000000,0.00000000,0.00000000,0.00000000,0.00000000,0.00000000,0.00000000,0.00000000,0.00000000,0.00000000,0.00000000,0.00000000,0.00089527,-0.00107737,0.00059996,-0.00197006,0.00085291,-0.00162828,0.00159060,-0.00106216,0.00020587,0.00179810,0.00040885,0.00103832,0.00115761,-0.00176381,-0.00125128,0.00037257
0.00132193,-0.00144441,-0.00048701,-0.00025920,0.00137541,0.00035042,0.00066492,-0.00053280,0.00065838,0.00006583,0.00006811,-0.00052384,-0.00010159,0.00059115,0.00013039,0.00100936,-0.01202810,0.00121554,-0.00056985,-0.00203804,-0.00054562,0.00087737,0.00042874,0.00029514,0.00012772,0.00054853,-0.00088386,0.00033803,-0.00104415,-0.00121152,0.00041736,-0.00069914,-0.00037781,0.00057878,0.00093699,-0.00146438,0.00077095,-0.00106109,-0.00034962,0.00031523,-0.00002062,-0.00021714,-0.00038978,-0.00019848,0.00068315,0.00087206,-0.00057729,-0.00069393,-0.00034048,-0.00108879,0.00055428,-0.00011304,-0.00002543,-0.00203785,0.00069857,-0.00258549,0.00179577,-0.00015380,-0.00099192,-0.00008861,0.00016695,-0.00022131,0.00050772,0.00035964,0.00119340,-0.00005829,0.00028065,-0.00039213,0.00102694,0.00163831,0.00001949,0.00090511,-0.00149385,0.00133042,-0.00097818,0.00244862,-0.00099358,0.00039981,0.00204758,-0.00188924,0.00063177,0.00087603,0.00016081,0.00055400,0.00068944,-0.00056924,-0.00095981,-0.00005190,0.00057133,0.00260688,0.00222448,0.00020525,-0.00031077,0.00122383,0.00081203,-0.00132454,-0.00177887,-0.00004611,-0.00041802,-0.00077932,0.00139791,0.00028994,-0.00100382,0.00225817,0.00007984,0.00016609,-0.00135235,0.00084555,-0.00059493,0.00085847,-0.00003138,0.00085389,0.00103602,0.00017611,0.00212159,-0.00031562,0.00255422,-0.00045225,-0.00077575,-0.00000078,-0.00027159,-0.00025519,0.00010986,0.00129553,0.00014626,-0.00241952,0.00141206,-0.00137421,0.00000000,0.00000000,0.00000000,0.00000000,0.00000000,0.00000000,0.00000000,0.00000000,0.00000000,0.00000000,0.00000000,0.00000000,0.00000000,0.00000000,0.00000000,0.00000000,0.00000000,0.00000000,0.00000000,0.00000000,0.00000000,0.00000000,0.00000000,0.00000000,0.00000000,0.00000000,0.00000000,0.00000000,0.00000000,0.00000000,0.00000000,0.00000000,0.00020565,0.00000000,0.00000000,0.00000000,0.00000000,0.00000000,0.00000000,0.00000000,0.00000000,0.00000000,0.00000000,0.00000000,0.00000000,0.00000000,0.00000000,0.00000000,-0.00055199,0.00084570,-0.00117555,0.00186688,-0.00107569,0.00110121,-0.00092585,0.00048340,-0.00036742,-0.00141578,-0.00087512,-0.00001456,-0.00058058,0.00223610,0.00110602,-0.00124393
-0.00043538,-0.00015098,-0.00056671,0.00022244,0.00056554,0.00066232,0.00058310,-0.00098004,-0.00034815,-0.00123835,-0.00062362,-0.00023048,0.00017137,-0.00018956,-0.00072185,0.00141622,-0.00060921,-0.01578988,0.00082793,-0.00088657,-0.00174633,-0.00115431,0.00018889,-0.00076480,0.00130806,0.00020140,-0.00054941,-0.00104669,-0.00121299,-0.00078619,-0.00053730,0.00074187,0.00004954,0.00022268,-0.00082572,0.00044898,0.00109263,-0.00081138,0.00127546,-0.00116890,-0.00081205,-0.00080669,-0.00038398,0.00001177,0.00154052,-0.00078321,-0.00111897,-0.00095982,0.00026250,-0.00019977,0.00058991,-0.00024358,0.00058194,-0.00144003,0.00045537,-0.00173578,0.00192043,-0.00152139,-0.00127825,-0.00102159,-0.00098963,-0.00022440,0.00060766,0.00111243,0.00169620,0.00034069,0.00040797,0.00070455,-0.00000411,0.00093087,0.00039362,0.00179943,-0.00064176,0.00110095,-0.00016108,0.00137014,-0.00178378,0.00080412,0.00054829,-0.00059273,0.00085054,0.00031416,0.00033506,0.00145969,-0.00088316,-0.00121727,0.00032237,-0.00078584,0.00036412,0.00078688,0.00079177,-0.00076296,-0.00070498,0.00085741,-0.00072616,-0.00007757,-0.00007114,-0.00033074,-0.00113731,-0.00078548,0.00072132,0.00131234,0.00042304,0.00080144,-0.00097425,-0.00028385,-0.00115996,-0.00086509,-0.00007938,0.00107045,-0.00061286,0.00024476,0.00012745,-0.00138754,0.00114573,-0.00063285,0.00117955,0.00041914,0.00088665,-0.00109084,-0.00083937,-0.00022143,-0.00080501,0.00141773,0.00089378,-0.00139518,0.00082884,-0.00133015,0.00000000,0.00000000,0.00000000,0.00000000,0.00000000,0.00000000,0.00000000,0.00000000,0.00000000,0.00000000,0.00000000,0.00000000,0.00000000,0.00000000,0.00000000,0.00000000,0.00000000,0.00000000,0.00000000,0.00000000,0.00000000,0.00000000,0.00000000,0.00000000,0.00000000,0.00000000,0.00000000,0.00000000,0.00000000,0.00000000,0.00000000,0.00000000,0.00000000,0.00009686,0.00000000,0.00000000,0.00000000,0.00000000,0.00000000,0.00000000,0.00000000,0.00000000,0.00000000,0.00000000,0.00000000,0.00000000,0.00000000,0.00000000,0.00003219,-0.00014455,0.00012850,-0.00009748,-0.00037415,0.00083875,-0.00011485,0.00043854,0.00025136,0.00001434,-0.00013021,0.00005985,0.00009080,-0.00003018,-0.00002552,-0.00042079
-0.00053997,0.00046227,0.00151347,-0.00064305,-0.00055775,-0.00081055,0.00014736,0.00079095,0.00052410,0.00098831,0.00128601,0.00033831,-0.00041168,0.00069245,0.00057495,-0.00105005,0.00073890,0.00035603,-0.01200629,0.00086770,0.00079087,-0.00024603,0.00104205,0.00164741,-0.00014357,0.00049848,0.00028967,0.00178083,0.00056787,0.00127823,0.00156794,0.00037445,0.00043745,0.00029576,0.00048036,-0.00092061,-0.00092478,0.00145688,-0.00077519,0.00148373,-0.00034432,0.00130858,0.00054614,0.00009796,-0.00085683,-0.00059475,0.00003674,0.00021863,0.00046236,0.00006550,-0.00109064,0.00023921,-0.00014236,0.00121456,-0.00064163,0.00106941,-0.00172161,0.00115216,0.00100116,0.00138544,0.00059048,0.00119160,0.00029683,-0.00078321,-0.00164141,-0.00087076,-0.00169207,-0.00029063,-0.00017964,-0.00129894,0.00023780,0.00023101,0.00071247,-0.00055587,0.00120790,-0.00132861,0.00056308,-0.00198902,-0.00091985,0.00068113,-0.00060136,0.00005011,-0.00042158,-0.00078285,0.00097412,0.00056483,0.00012986,0.00034808,0.00036025,-0.00127470,-0.00053637,0.00018568,0.00047515,-0.00077267,0.00048379,0.00125780,0.00122212,0.00029101,0.00089860,-0.00022825,-0.00145110,-0.00081222,0.00099261,-0.00015845,0.00056173,0.00060654,0.00100289,0.00034366,-0.00059679,-0.00141284,0.00033688,-0.00019826,-0.00058321,0.00062791,-0.00157564,0.00035712,-0.00162840,-0.00057553,-0.00129483,0.00113017,0.00030432,0.00181608,0.00121706,-0.00104032,-0.00065065,0.00053356,-0.00116084,0.00036560,0.00000000,0.00000000,0.00000000,0.00000000,0.00000000,0.00000000,0.00000000,0.00000000,0.00000000,0.00000000,0.00000000,0.00000000,0.00000000,0.00000000,0.00000000,0.00000000,0.00000000,0.00000000,0.00000000,0.00000000,0.00000000,0.00000000,0.00000000,0.00000000,0.00000000,0.00000000,0.00000000,0.00000000,0.00000000,0.00000000,0.00000000,0.00000000,0.00000000,0.00000000,0.00086452,0.00000000,0.00000000,0.00000000,0.00000000,0.00000000,0.00000000,0.00000000,0.00000000,0.00000000,0.00000000,0.00000000,0.00000000,0.00000000,-0.00028788,0.00030466,-0.00053803,-0.00036388,0.00015020,0.00056144,0.00085812,0.00086208,-0.00031655,-0.00021477,0.00108754,-0.00000691,-0.00069923,-0.00059619,0.00120777,0.00085227
0.00063875,0.00019002,0.00162813,-0.00240390,0.00161530,-0.00101843,-0.00041368,-0.00005019,0.00321047,0.00129418,0.00194032,0.00136171,-0.00157660,0.00325297,0.00164268,-0.00145100,0.00239676,0.00268003,-0.00319353,-0.01475082,0.00168073,0.00341171,0.00261997,0.00181291,-0.00253810,0.00240234,0.00130363,0.00208728,-0.00031537,0.00071056,0.00331495,-0.00315983,0.00075247,0.00340855,0.00189826,-0.00220700,-0.00113560,0.00055401,-0.00249981,0.00335911,0.00117115,0.00304628,0.00318802,-0.00155676,-0.00131495,0.00274254,-0.00005037,0.00136594,-0.00116281,-0.00216284,-0.00222867,0.00264298,-0.00259743,0.00142555,-0.00220472,-0.00027283,0.00009637,0.00198525,0.00234911,0.00209199,0.00164122,0.00173462,-0.00304047,-0.00195444,-0.00240209,-0.00198754,-0.00291962,-0.00204858,0.00103777,-0.00116550,0.00222798,0.00203217,0.00159498,-0.00072734,-0.00281628,0.00108371,0.00146633,-0.00283323,0.00228346,0.00026578,-0.00201572,0.00229188,-0.00188639,-0.00142997,0.00247873,-0.00115018,-0.00324727,0.00217439,0.00032207,0.00230783,0.00194219,0.00258285,0.00238832,0.00044115,0.00207234,0.00088508,-0.00086292,0.00106295,0.00076104,-0.00007197,-0.00053511,-0.00048667,-0.00236791,-0.00102080,0.00187035,0.00250911,0.00276489,0.00107584,-0.00187747,-0.00268374,0.00214923,0.00076724,0.00214002,0.00191179,0.00009818,0.00274924,0.00108919,-0.00181533,-0.00331807,0.00265076,0.00142452,0.00085918,0.00327044,-0.00181746,-0.00116849,-0.00009689,-0.00145391,-0.00197235,0.00000000,0.00000000,0.00000000,0.00000000,0.00000000,0.00000000,0.00000000,0.00000000,0.00000000,0.00000000,0.00000000,0.00000000,0.00000000,0.00000000,0.00000000,0.00000000,0.00000000,0.00000000,0.00000000,0.00000000,0.00000000,0.00000000,0.00000000,0.00000000,0.00000000,0.00000000,0.00000000,0.00000000,0.00000000,0.00000000,0.00000000,0.00000000,0.00000000,0.00000000,0.00000000,-0.00087972,0.00000000,0.00000000,0.00000000,0.00000000,0.00000000,0.00000000,0.00000000,0.00000000,0.00000000,0.00000000,0.00000000,0.00000000,-0.00298306,0.00174662,-0.00246453,0.00144957,-0.00234087,0.00305395,-0.00309927,0.00308026,-0.00024460,-0.00263774,-0.00071545,-0.00193217,-0.00271654,0.00318163,0.00284319,-0.00139638
0.00036969,-0.00061520,-0.00066748,-0.00102160,0.00259601,0.00022969,0.00040237,-0.00008859,0.00189087,0.00070236,0.00183838,0.00070156,-0.00178606,0.00226797,0.00116757,-0.00065944,0.00130219,0.00083613,-0.00205415,-0.00174008,-0.01070484,0.00179209,0.00018738,0.00142455,-0.00088971,0.00085180,0.00029171,0.00056361,-0.00135559,-0.00081522,0.00141050,-0.00152331,-0.00062543,0.00115519,0.00061085,-0.00222311,-0.00132528,-0.00071334,-0.00062919,0.00171979,-0.00010523,0.00261737,0.00217045,-0.00106772,0.00086211,0.00134754,0.00093861,0.00125368,-0.00195497,-0.00171307,-0.00047408,0.00176433,-0.00137671,0.00085596,-0.00090850,-0.00206752,0.00203705,0.00076458,0.00108585,0.00073954,0.00017422,0.00025171,-0.00090385,-0.00041137,-0.00093959,0.00076448,-0.00123906,-0.00075814,0.00112752,-0.00001905,0.00056158,-0.00030775,-0.00079435,0.00130152,-0.00197012,0.00282829,-0.00059663,-0.00053898,0.00092678,-0.00162399,-0.00166526,0.00108364,-0.00111689,-0.00066773,0.00132978,-0.00108538,-0.00155703,0.00026668,0.00059106,0.00230648,0.00218288,0.00175690,0.00100693,0.00192473,0.00074189,-0.00197485,-0.00246634,-0.00002190,0.00004698,-0.00094114,0.00019043,0.00131167,-0.00114133,0.00088520,0.00089828,0.00236495,-0.00018537,0.00028470,0.00023055,-0.00072134,0.00115315,0.00052623,0.00066488,0.00074251,0.00216824,0.00075688,0.00313922,-0.00121765,-0.00181240,0.00051023,0.00037560,-0.00070125,0.00088473,0.00096354,-0.00038973,-0.00134890,0.00063797,-0.00203875,0.00000000,0.00000000,0.00000000,0.00000000,0.00000000,0.00000000,0.00000000,0.00000000,0.00000000,0.00000000,0.00000000,0.00000000,0.00000000,0.00000000,0.00000000,0.00000000,0.00000000,0.00000000,0.00000000,0.00000000,0.00000000,0.00000000,0.00000000,0.00000000,0.00000000,0.00000000,0.00000000,0.00000000,0.00000000,0.00000000,0.00000000,0.00000000,0.00000000,0.00000000,0.00000000,0.00000000,0.00140545,0.00000000,0.00000000,0.00000000,0.00000000,0.00000000,0.00000000,0.00000000,0.00000000,0.00000000,0.00000000,0.00000000,-0.00110613,0.00092200,-0.00155329,0.00099585,-0.00016703,0.00213020,-0.00100663,0.00257660,-0.00069609,-0.00078138,-0.00247143,-0.00178428,-0.00089677,0.00248860,0.00144244,-0.00131383
0.00096751,-0.00052006,-0.00115199,0.00022914,0.00121849,0.00186509,0.00083099,-0.00089394,-0.00016385,-0.00092076,-0.00067265,-0.00025614,0.00080739,-0.00000225,-0.00143856,0.00037213,0.00002089,-0.00028111,-0.00092877,-0.00080220,-0.00061445,-0.01464672,-0.00028123,-0.00036205,0.00003301,0.00061078,-0.00152340,0.00010799,-0.00093904,-0.00123384,-0.00054647,-0.00035494,-0.00043173,0.00017542,-0.00038936,-0.00123469,0.00001883,-0.00049616,-0.00056059,-0.00043475,-0.00064115,0.00017216,-0.00006185,0.00006262,0.00204041,0.00029042,-0.00060477,-0.00015329,-0.00002759,-0.00069578,0.00065904,-0.00045164,0.00108648,-0.00029035,0.00037241,-0.00199593,0.00222171,0.00004338,-0.00095603,-0.00053126,-0.00103886,-0.00041330,0.00039979,0.00071065,0.00098952,0.00131171,0.00031693,0.00115116,0.00054543,0.00111221,-0.00020900,-0.00034913,-0.00183707,0.00159183,-0.00062791,0.00237049,-0.00138533,0.00043074,0.00074433,-0.00189468,0.00089801,-0.00002490,0.00057364,0.00062094,0.00089600,-0.00173999,-0.00036886,-0.00112493,0.00171403,0.00135840,0.00083172,0.00017034,0.00015129,0.00127724,-0.00028904,-0.00167740,-0.00237259,-0.00041184,-0.00058800,0.00054491,0.00118140,0.00095514,-0.00040690,0.00139173,-0.00004371,-0.00063510,-0.00181493,-0.00094352,0.00094378,0.00101945,-0.00009581,0.00036192,0.00128374,-0.00056990,0.00118171,-0.00117410,0.00278806,-0.00017785,-0.00007576,-0.00025062,-0.00052883,-0.00083940,-0.00059869,0.00124842,0.00113236,-0.00182040,0.00149460,-0.00160711,0.00000000,0.00000000,0.00000000,0.00000000,0.00000000,0.00000000,0.00000000,0.00000000,0.00000000,0.00000000,0.00000000,0.00000000,0.00000000,0.00000000,0.00000000,0.00000000,0.00000000,0.00000000,0.00000000,0.00000000,0.00000000,0.00000000,0.00000000,0.00000000,0.00000000,0.00000000,0.00000000,0.00000000,0.00000000,0.00000000,0.00000000,0.00000000,0.00000000,0.00000000,0.00000000,0.00000000,0.00000000,-0.00016328,0.00000000,0.00000000,0.00000000,0.00000000,0.00000000,0.00000000,0.00000000,0.00000000,0.00000000,0.00000000,-0.00030442,-0.00026221,-0.00054846,-0.00004421,0.00124290,0.00028513,-0.00013310,-0.00027772,0.00082460,0.00041120,-0.00020492,-0.00077379,0.00076770,-0.00010266,-0.00011200,-0.00050422
0.00090183,-0.00113674,-0.00052357,-0.00003621,0.00107452,0.00007304,0.00117871,-0.00078086,0.00071381,-0.00011119,0.00059094,0.00031499,-0.00109124,0.00150886,0.00000941,0.00066034,0.00040745,0.00135922,-0.00031060,-0.00146894,-0.00133606,0.00019799,-0.01152343,0.00031270,-0.00058404,0.00058765,0.00036738,0.00047928,-0.00230408,-0.00003764,0.00034296,-0.00053251,-0.00025865,0.00042177,0.00062698,0.00015311,-0.00066480,-0.00055610,-0.00027504,0.00017857,0.00053507,0.00043205,0.00065782,0.00036889,0.00073138,0.00011229,0.00008313,-0.00048409,-0.00025524,-0.00044740,-0.00010720,0.00098021,-0.00055028,0.00005682,0.00038720,-0.00164255,0.00105361,0.00056996,-0.00023498,-0.00014450,-0.00022784,-0.00082312,0.00003598,-0.00036087,0.00066733,0.00004966,-0.00018911,-0.00024146,0.00072866,0.00097246,0.00011665,0.00119950,-0.00026068,0.00013590,-0.00154012,0.00175235,-0.00126974,0.00057322,0.00099223,-0.00146139,-0.00005504,0.00110463,-0.00069023,0.00002885,-0.00006432,-0.00189160,-0.00027521,0.00004639,0.00021936,0.00163032,0.00105186,-0.00016350,0.00078625,0.00109159,0.00041727,-0.00032808,-0.00120519,-0.00070655,-0.00168579,-0.00002384,0.00204400,0.00025074,-0.00105342,0.00038242,0.00043610,0.00002183,-0.00099750,0.00060461,-0.00097924,-0.00026783,-0.00010285,-0.00001167,0.00091662,-0.00005370,0.00191548,0.00008915,0.00216194,-0.00012849,0.00012876,-0.00015561,-0.00045680,-0.00035509,-0.00002782,0.00043388,-0.00019910,-0.00175550,0.00057017,-0.00144156,0.00000000,0.00000000,0.00000000,0.00000000,0.00000000,0.00000000,0.00000000,0.00000000,0.00000000,0.00000000,0.00000000,0.00000000,0.00000000,0.00000000,0.00000000,0.00000000,0.00000000,0.00000000,0.00000000,0.00000000,0.00000000,0.00000000,0.00000000,0.00000000,0.00000000,0.00000000,0.00000000,0.00000000,0.00000000,0.00000000,0.00000000,0.00000000,0.00000000,0.00000000,0.00000000,0.00000000,0.00000000,0.00000000,-0.00053334,0.00000000,0.00000000,0.00000000,0.00000000,0.00000000,0.00000000,0.00000000,0.00000000,0.00000000,-0.00141422,0.00019253,-0.00031450,0.00147887,-0.00050782,0.00110017,-0.00116828,0.00104951,0.00011891,-0.00050457,0.00062861,-0.00066208,-0.00098201,0.00138850,0.00052451,-0.00150596
-0.00006450,-0.00063465,-0.00109076,0.00054157,0.00112471,0.00160286,0.00162489,-0.00068148,0.00048528,-0.00122316,0.00025451,-0.00001847,0.00005323,0.00013323,-0.00057354,0.00086925,-0.00018350,0.00002324,0.00019857,-0.00182494,-0.00069927,-0.00047136,-0.00019887,-0.01354355,0.00011109,0.00001811,-0.00025690,-0.00077235,-0.00160364,-0.00166305,0.00009205,-0.00011881,-0.00077396,0.00040152,0.00038450,-0.00066366,-0.00002994,-0.00052618,0.00091432,0.00009433,-0.00094237,0.00059789,0.00031356,-0.00050996,0.00166550,0.00003759,-0.00141941,-0.00056996,-0.00071885,-0.00081048,0.00100798,0.00030394,0.00060208,-0.00023900,0.00092277,-0.00230343,0.00150957,-0.00027930,-0.00074127,0.00024018,-0.00047628,-0.00055574,0.00079270,0.00091752,0.00064627,0.00117063,0.00018732,-0.00009022,0.00005846,0.00082524,-0.00009184,-0.00051850,-0.00142708,0.00139469,-0.00072139,0.00182394,-0.00180831,0.00156907,0.00085341,-0.00170505,0.00082427,0.00021315,-0.00033437,0.00045905,-0.00020252,-0.00198002,0.00006538,-0.00071927,0.00107951,0.00104799,0.00094760,-0.00079622,-0.00006374,0.00158829,-0.00053895,-0.00196327,-0.00222459,-0.00118623,0.00006233,-0.00002324,0.00034651,0.00173994,0.00040377,0.00167981,-0.00094376,-0.00013353,-0.00108374,-0.00095232,0.00143090,0.00087377,-0.00067498,0.00058811,0.00108177,-0.00069000,0.00114718,-0.00057184,0.00263419,0.00032657,0.00005509,-0.00085554,-0.00119515,-0.00146858,-0.00049207,0.00160350,0.00151692,-0.00240339,0.00136487,-0.00149098,0.00000000,0.00000000,0.00000000,0.00000000,0.00000000,0.00000000,0.00000000,0.00000000,0.00000000,0.00000000,0.00000000,0.00000000,0.00000000,0.00000000,0.00000000,0.00000000,0.00000000,0.00000000,0.00000000,0.00000000,0.00000000,0.00000000,0.00000000,0.00000000,0.00000000,0.00000000,0.00000000,0.00000000,0.00000000,0.00000000,0.00000000,0.00000000,0.00000000,0.00000000,0.00000000,0.00000000,0.00000000,0.00000000,0.00000000,-0.00215853,0.00000000,0.00000000,0.00000000,0.00000000,0.00000000,0.00000000,0.00000000,0.00000000,-0.00042362,-0.00003372,0.00015654,0.00043315,-0.00081172,0.00026720,-0.00065121,-0.00001705,0.00069675,-0.00041531,-0.00053385,-0.00096233,-0.00016973,0.00026518,0.00009546,0.00012697
0.00016896,0.00068055,0.00009813,-0.00077170,-0.00253494,-0.00064038,-0.00068704,0.00074821,-0.00019583,0.00084503,0.00042437,0.00023075,0.00033071,-0.00078836,-0.00013377,-0.00049630,0.00055184,0.00085359,0.00074702,0.00113304,0.00099979,-0.00078467,0.00016401,-0.00091929,-0.01222050,0.00008586,0.00158515,-0.00060792,0.00150120,0.00160154,0.00048256,-0.00027327,0.00000674,-0.00051329,0.00018671,0.00080906,-0.00039653,0.00137204,-0.00027421,-0.00030453,0.00094942,-0.00064390,-0.00066667,0.00063528,-0.00151220,-0.00025730,0.00020604,0.00012007,0.00013902,0.00034641,-0.00079845,-0.00068391,-0.00090892,-0.00034342,-0.00012101,0.00162010,-0.00156605,-0.00006717,0.00025910,0.00016121,0.00064300,0.00128088,-0.00120369,-0.00067767,-0.00000274,-0.00160665,-0.00005213,0.00012236,0.00037678,-0.00114404,0.00071336,0.00037543,0.00065688,-0.00035696,0.00004917,-0.00247037,0.00102886,-0.00070361,-0.00085761,0.00166469,-0.00084434,0.00082582,-0.00013981,-0.00080094,-0.00104671,0.00053006,0.00039532,0.00126744,-0.00164969,-0.00084628,-0.00186633,-0.00086153,-0.00051453,-0.00236087,0.00063897,0.00220944,0.00186807,0.00029961,0.00149679,0.00006567,-0.00066712,-0.00144500,0.00053350,-0.00125921,0.00040115,-0.00050511,-0.00003908,0.00139479,-0.00061491,-0.00086719,0.00091072,0.00012253,-0.00081109,0.00038066,-0.00063096,-0.00024103,-0.00241451,0.00004109,0.00058513,0.00085036,0.00029157,0.00058489,-0.00042643,-0.00156673,-0.00071501,0.00223572,-0.00085793,0.00213526,0.00000000,0.00000000,0.00000000,0.00000000,0.00000000,0.00000000,0.00000000,0.00000000,0.00000000,0.00000000,0.00000000,0.00000000,0.00000000,0.00000000,0.00000000,0.00000000,0.00000000,0.00000000,0.00000000,0.00000000,0.00000000,0.00000000,0.00000000,0.00000000,0.00000000,0.00000000,0.00000000,0.00000000,0.00000000,0.00000000,0.00000000,0.00000000,0.00000000,0.00000000,0.00000000,0.00000000,0.00000000,0.00000000,0.00000000,0.00000000,-0.00015400,0.00000000,0.00000000,0.00000000,0.00000000,0.00000000,0.00000000,0.00000000,0.00068233,0.00023047,0.00019929,0.00062516,0.00093288,-0.00071107,0.00085606,-0.00015493,-0.00018556,0.00060579,0.00157695,0.00071817,-0.00077425,-0.00095110,0.00028839,0.00023112
0.00108672,-0.00108743,-0.00107144,0.00113312,0.00160216,0.00114796,0.00112917,-0.00027849,-0.00062013,-0.00123576,0.00013051,0.00029375,0.00021070,0.00018279,-0.00008269,0.00084217,-0.00039376,0.00035913,-0.00007379,-0.00126351,-0.00153702,0.00040759,-0.00093533,-0.00045131,0.00068716,-0.01406913,-0.00051312,-0.00014559,-0.00111650,-0.00114967,0.00047922,0.00086178,0.00004085,0.00082324,0.00022390,-0.00070738,0.00133472,-0.00082282,0.00112769,-0.00051757,0.00015209,-0.00028787,0.00069546,0.00015438,0.00194109,-0.00007778,-0.00099227,0.00028782,-0.00001046,0.00000276,0.00017510,0.00042580,0.00007468,-0.00152899,0.00090944,-0.00115067,0.00164864,-0.00004382,-0.00018094,-0.00047933,-0.00028332,-0.00030265,0.00047449,0.00062834,0.00114580,0.00105581,0.00050849,-0.00008548,-0.00027411,0.00118300,-0.00107437,0.00058627,-0.00014475,0.00074813,-0.00063503,0.00212266,-0.00146709,0.00036228,0.00140176,-0.00153934,0.00142691,-0.00018947,0.00004974,0.00115511,0.00014464,-0.00064018,0.00003013,-0.00049033,0.00051714,0.00084484,0.00079205,-0.00052050,-0.00067752,0.00061383,0.00033429,0.00037157,-0.00198023,-0.00074834,-0.00111892,-0.00075031,0.00129182,0.00151800,-0.00024414,0.00049117,0.00023465,-0.00053560,-0.00127577,-0.00088652,0.00075318,0.00095857,0.00000509,-0.00042647,0.00007124,-0.00093078,0.00164273,-0.00061669,0.00138047,0.00077472,0.00056904,-0.00024956,-0.00018855,-0.00132455,-0.00037938,0.00164683,0.00025030,-0.00114748,0.00201933,-0.00068876,0.00000000,0.00000000,0.00000000,0.00000000,0.00000000,0.00000000,0.00000000,0.00000000,0.00000000,0.00000000,0.00000000,0.00000000,0.00000000,0.00000000,0.00000000,0.00000000,0.00000000,0.00000000,0.00000000,0.00000000,0.00000000,0.00000000,0.00000000,0.00000000,0.00000000,0.00000000,0.00000000,0.00000000,0.00000000,0.00000000,0.00000000,0.00000000,0.00000000,0.00000000,0.00000000,0.00000000,0.00000000,0.00000000,0.00000000,0.00000000,0.00000000,-0.00136789,0.00000000,0.00000000,0.00000000,0.00000000,0.00000000,0.00000000,0.00020884,-0.00086536,0.00045662,0.00034895,-0.00101350,0.00032844,-0.00046806,-0.00042791,0.00018405,-0.00011723,-0.00053345,0.00000507,-0.00011222,0.00041737,0.00002651,-0.00012372
0.00084669,-0.00011681,-0.00057571,-0.00133748,0.00116374,0.00002492,0.00079221,-0.00089334,0.00085295,0.00094590,0.00106072,0.00035816,0.00006413,0.00117560,0.00015826,-0.00013250,0.00057205,0.00174372,-0.00148825,-0.00124799,0.00026106,0.00062013,0.00072410,0.00137987,-0.00105702,0.00159996,-0.01352638,0.00092411,-0.00161534,-0.00035605,0.00146506,-0.00134874,-0.00005418,0.00063625,0.00116394,-0.00178350,-0.00082935,-0.00088263,-0.00088855,0.00093489,0.00078886,0.00133983,0.00123954,-0.00073264,-0.00007012,0.00090730,0.00021362,0.00098270,-0.00088413,-0.00135754,-0.00037250,0.00086860,-0.00065139,-0.00016550,-0.00028266,-0.00141017,0.00199163,0.00060845,0.00124241,0.00060643,0.00027876,-0.00028179,-0.00040756,-0.00051905,0.00025755,-0.00058888,-0.00099153,-0.00058055,0.00047495,0.00049903,0.00027168,0.00066617,-0.00036079,0.00051317,-0.00119135,0.00222928,0.00056650,-0.00043358,0.00139109,-0.00089177,-0.00003042,0.00117904,-0.00066491,-0.00068472,0.00104223,-0.00130304,-0.00155063,0.00088290,-0.00014836,0.00209134,0.00155330,0.00064088,0.00051685,0.00170173,0.00047504,-0.00074208,-0.00136741,0.00066978,0.00011653,-0.00066392,0.00044618,0.00063639,-0.00126308,-0.00021510,0.00062711,0.00016043,-0.00082114,0.00018272,0.00022566,-0.00092169,0.00078850,0.00051411,0.00083725,0.00065404,0.00125164,0.00059646,0.00199014,-0.00185461,-0.00152538,0.00079420,0.00003868,-0.00088032,0.00038105,0.00089581,-0.00001642,-0.00009994,0.00084287,-0.00097455,0.00000000,0.00000000,0.00000000,0.00000000,0.00000000,0.00000000,0.00000000,0.00000000,0.00000000,0.00000000,0.00000000,0.00000000,0.00000000,0.00000000,0.00000000,0.00000000,0.00000000,0.00000000,0.00000000,0.00000000,0.00000000,0.00000000,0.00000000,0.00000000,0.00000000,0.00000000,0.00000000,0.00000000,0.00000000,0.00000000,0.00000000,0.00000000,0.00000000,0.00000000,0.00000000,0.00000000,0.00000000,0.00000000,0.00000000,0.00000000,0.00000000,0.00000000,0.00112460,0.00000000,0.00000000,0.00000000,0.00000000,0.00000000,-0.00054019,0.00036097,-0.00109115,0.00113463,-0.00072511,0.00198516,-0.00094779,0.00080401,0.00092955,-0.00052243,-0.00004988,-0.00124495,-0.00132690,0.00129300,0.00106383,-0.00142412
0.00041872,-0.00004553,-0.00034451,-0.00071137,0.00075729,0.00087484,0.00011790,-0.00087447,0.00099262,-0.00077484,0.00085617,-0.00051178,-0.00108011,0.00053259,0.00053594,-0.00011243,0.00111947,0.00053974,-0.00028338,-0.00059332,-0.00086288,0.00075375,0.00018758,-0.00031451,-0.00142340,0.00104720,-0.00037038,-0.01498064,-0.00110995,-0.00000239,0.00163344,-0.00102583,-0.00089515,0.00034186,0.00043487,-0.00081687,-0.00020260,-0.00029960,-0.00059251,0.00101142,0.00119134,0.00040060,0.00093202,-0.00073181,0.00071923,0.00035083,-0.00022081,0.00071062,0.00021722,-0.00167420,-0.00034316,0.00047530,-0.00081721,-0.00022640,-0.00017051,0.00004159,0.00144849,0.00024034,0.00098676,-0.00037827,0.00028238,-0.00078338,-0.00059669,-0.00039696,-0.00031294,0.00035060,0.00013374,0.00016257,0.00034446,0.00043287,0.00026462,0.00058123,-0.00008087,0.00045851,-0.00084245,0.00066692,-0.00064651,-0.00007507,0.00152798,-0.00030009,0.00013208,0.00096691,-0.00059995,-0.00153078,0.00041399,-0.00104492,-0.00054277,-0.00003054,-0.00020483,0.00118863,0.00078237,0.00020552,0.00098186,0.00084275,0.00027415,-0.00002954,-0.00024908,0.00019817,-0.00045245,-0.00114776,0.00014244,0.00058438,0.00014604,-0.00016615,0.00020153,-0.00058291,-0.00084808,0.00048987,-0.00050069,-0.00034356,-0.00018224,0.00021134,0.00078361,0.00044032,0.00058050,0.00025057,0.00174075,-0.00018109,-0.00037666,0.00026751,-0.00024443,-0.00101351,-0.00015720,0.00095176,0.00051046,-0.00127508,0.00041375,-0.00089319,0.00000000,0.00000000,0.00000000,0.00000000,0.00000000,0.00000000,0.00000000,0.00000000,0.00000000,0.00000000,0.00000000,0.00000000,0.00000000,0.00000000,0.00000000,0.00000000,0.00000000,0.00000000,0.00000000,0.00000000,0.00000000,0.00000000,0.00000000,0.00000000,0.00000000,0.00000000,0.00000000,0.00000000,0.00000000,0.00000000,0.00000000,0.00000000,0.00000000,0.00000000,0.00000000,0.00000000,0.00000000,0.00000000,0.00000000,0.00000000,0.00000000,0.00000000,0.00000000,-0.00008160,0.00000000,0.00000000,0.00000000,0.00000000,-0.00114805,0.00155079,-0.00052820,0.00024832,-0.00094111,0.00125330,-0.00026997,0.00074383,0.00032007,-0.00042411,-0.00096530,-0.00065362,-0.00060777,0.00151402,0.00040729,-0.00060554
0.00002123,-0.00089841,0.00238990,-0.00174812,0.00170711,-0.00103062,0.00136555,-0.00000720,0.00204358,0.00091416,0.00232398,0.00242236,-0.00188191,0.00237644,0.00105089,-0.00285622,0.00248251,0.00108973,-0.00194516,-0.00027613,0.00157542,0.00179871,0.00151438,0.00122502,-0.00142102,0.00172199,0.00074217,0.00124421,-0.01493129,0.00099265,0.00178138,-0.00177403,0.00025046,0.00154291,0.00196047,-0.00184579,-0.00097702,0.00153513,-0.00203755,0.00154479,0.00073378,0.00164173,0.00226372,-0.00094751,-0.00092969,0.00106229,0.00059356,0.00277788,-0.00173683,-0.00234915,-0.00216446,0.00180640,-0.00124036,0.00124510,-0.00221056,-0.00018544,-0.00029672,0.00147093,0.00127359,0.00193581,0.00184611,0.00112034,-0.00148171,-0.00176596,-0.00149675,-0.00082110,-0.00207332,-0.00270015,0.00102215,0.00000348,0.00095553,0.00050518,0.00131670,0.00016098,-0.00099621,0.00042816,0.00120003,-0.00117855,0.00081378,-0.00087140,-0.00236463,0.00153578,-0.00182896,-0.00192448,0.00196529,-0.00119394,-0.00208835,0.00130659,0.00049900,0.00180984,0.00186412,0.00094162,0.00159845,0.00124989,0.00120802,-0.00119268,-0.00110632,0.00078698,0.00111750,-0.00070739,-0.00071113,0.00055466,-0.00100503,-0.00101026,0.00083525,0.00122628,0.00147862,0.00107700,-0.00079845,-0.00240372,0.00157240,0.00162812,0.00148206,0.00130070,0.00069229,0.00172792,0.00187119,-0.00113808,-0.00111189,0.00109156,0.00042815,0.00110382,0.00134311,0.00134844,-0.00106174,0.00053126,-0.00119437,-0.00220943,0.00000000,0.00000000,0.00000000,0.00000000,0.00000000,0.00000000,0.00000000,0.00000000,0.00000000,0.00000000,0.00000000,0.00000000,0.00000000,0.00000000,0.00000000,0.00000000,0.00000000,0.00000000,0.00000000,0.00000000,0.00000000,0.00000000,0.00000000,0.00000000,0.00000000,0.00000000,0.00000000,0.00000000,0.00000000,0.00000000,0.00000000,0.00000000,0.00000000,0.00000000,0.00000000,0.00000000,0.00000000,0.00000000,0.00000000,0.00000000,0.00000000,0.00000000,0.00000000,0.00000000,0.00077982,0.00000000,0.00000000,0.00000000,-0.00234914,0.00001973,-0.00231564,0.00192474,-0.00121569,0.00184913,-0.00178312,0.00152414,-0.00077413,-0.00129611,-0.00063640,-0.00103509,-0.00080618,0.00229414,0.00102081,-0.00158629
0.00108605,-0.00057875,-0.00069793,-0.00062647,0.00211997,0.00103830,0.00113634,-0.00124043,0.00104903,0.00022268,0.00079608,0.00019973,0.00006256,0.00055309,0.00018541,-0.00086846,0.00109375,0.00045023,-0.00138952,-0.00095288,-0.00002660,0.00072204,0.00063001,0.00038436,-0.00054830,0.00106998,-0.00098884,0.00072903,-0.00123021,-0.01390503,0.00144248,-0.00148712,-0.00028059,0.00002832,0.00071624,-0.00040013,-0.00034413,-0.00041165,-0.00159320,0.00012104,-0.00030159,0.00117513,0.00130729,-0.00015198,0.00098086,0.00110620,-0.00118077,0.00185545,-0.00138041,-0.00099313,-0.00086575,0.00071949,0.00023682,0.00041738,-0.00034283,-0.00151235,0.00235625,-0.00017263,0.00084338,0.00024296,0.00003118,0.00053682,-0.00043780,0.00073869,-0.00013166,0.00039434,-0.00095606,-0.00055098,0.00056580,-0.00018752,-0.00052298,-0.00018667,-0.00033417,0.00028615,-0.00033362,0.00191835,0.00021400,0.00001855,0.00117610,-0.00127179,-0.00068625,0.00060410,0.00039670,0.00009653,0.00129983,-0.00124344,-0.00045433,-0.00003440,0.00130943,0.00099066,0.00190051,0.00042849,0.00076610,0.00208632,-0.00000309,-0.00219045,-0.00239984,-0.00068202,-0.00058908,0.00073548,0.00065155,0.00184729,-0.00123026,-0.00058197,-0.00058761,0.00087822,0.00001779,0.00008736,0.00037787,-0.00070484,0.00071065,0.00105054,0.00117812,-0.00021427,0.00226990,0.00092566,0.00249422,0.00003979,-0.00139321,0.00064694,-0.00011808,-0.00107140,0.00052092,0.00147047,-0.00024630,-0.00135068,0.00053676,-0.00201996,0.00000000,0.00000000,0.00000000,0.00000000,0.00000000,0.00000000,0.00000000,0.00000000,0.00000000,0.00000000,0.00000000,0.00000000,0.00000000,0.00000000,0.00000000,0.00000000,0.00000000,0.00000000,0.00000000,0.00000000,0.00000000,0.00000000,0.00000000,0.00000000,0.00000000,0.00000000,0.00000000,0.00000000,0.00000000,0.00000000,0.00000000,0.00000000,0.00000000,0.00000000,0.00000000,0.00000000,0.00000000,0.00000000,0.00000000,0.00000000,0.00000000,0.00000000,0.00000000,0.00000000,0.00000000,-0.00037469,0.00000000,0.00000000,-0.00054670,-0.00041054,-0.00128563,-0.00023866,-0.00070604,0.00178807,-0.00105869,0.00055033,0.00025844,0.00033832,-0.00119301,-0.00144118,-0.00022698,0.00111351,0.00071240,-0.00115105
0.00025212,-0.00118740,-0.00178200,0.00020435,0.00055651,0.00127715,0.00103425,-0.00064178,-0.00068558,-0.00155741,-0.00066815,-0.00049599,0.00040096,-0.00060342,-0.00068283,0.00028936,-0.00081218,-0.00025297,0.00025472,-0.00085248,-0.00110306,-0.00095826,-0.00070329,-0.00036423,0.00129829,0.00066431,-0.00067978,0.00083804,-0.00180899,-0.00125700,-0.01196426,0.00032873,-0.00033913,0.00009045,-0.00083172,-0.00003503,0.00128959,-0.00176922,0.00034129,-0.00056238,-0.00002681,-0.00053122,0.00031969,0.00003416,0.00212294,-0.00067157,-0.00063161,-0.00035975,-0.00007086,-0.00006511,0.00091246,-0.00060355,0.00099053,-0.00066712,0.00044765,-0.00160171,0.00177226,-0.00014551,-0.00021530,-0.00104631,-0.00152456,-0.00071035,0.00055221,0.00092289,0.00083980,0.00139055,0.00057812,0.00062483,0.00094842,0.00100997,-0.00012015,0.00022415,-0.00099359,0.00055129,-0.00055016,0.00167378,-0.00073073,0.00082609,0.00164873,-0.00147631,0.00120985,-0.00040724,0.00043804,0.00073518,-0.00031301,-0.00225585,0.00050970,-0.00059635,0.00127008,0.00140185,0.00028744,0.00049467,-0.00097295,0.00101411,-0.00058253,-0.00156234,-0.00170021,-0.00083189,-0.00129818,0.00049632,0.00159326,0.00076955,0.00002699,0.00055473,-0.00111148,-0.00004685,-0.00194042,0.00021964,-0.00009907,0.00119081,-0.00006937,-0.00032288,0.00031380,-0.00063555,0.00187312,-0.00135742,0.00244291,0.00017936,0.00060803,-0.00086378,-0.00062847,-0.00088802,-0.00063692,0.00095957,0.00084329,-0.00219501,0.00188949,-0.00076306,0.00000000,0.00000000,0.00000000,0.00000000,0.00000000,0.00000000,0.00000000,0.00000000,0.00000000,0.00000000,0.00000000,0.00000000,0.00000000,0.00000000,0.00000000,0.00000000,0.00000000,0.00000000,0.00000000,0.00000000,0.00000000,0.00000000,0.00000000,0.00000000,0.00000000,0.00000000,0.00000000,0.00000000,0.00000000,0.00000000,0.00000000,0.00000000,0.00000000,0.00000000,0.00000000,0.00000000,0.00000000,0.00000000,0.00000000,0.00000000,0.00000000,0.00000000,0.00000000,0.00000000,0.00000000,0.00000000,0.00220808,0.00000000,-0.00027575,-0.00042775,0.00078221,0.00020432,-0.00008514,0.00016493,-0.00088300,-0.00008638,0.00115687,-0.00049073,-0.00038517,-0.00049568,0.00064889,0.00027100,-0.00114390,0.00023342
-0.00070046,0.00127805,0.00165462,-0.00133590,-0.00178610,-0.00183785,-0.00162191,0.00115205,0.00090279,0.00148282,0.00198255,0.00050677,-0.00072087,0.00130957,0.00200577,-0.00121067,0.00155802,0.00141088,-0.00059252,0.00016822,0.00206207,0.00133497,0.00181201,0.00068846,-0.00178541,0.00153778,0.00204573,0.00117069,0.00115431,0.00199330,0.00175180,-0.01342951,0.00072471,0.00100770,0.00199436,0.00017966,-0.00160429,0.00062965,-0.00104025,0.00130071,0.00183638,0.00097962,0.00035072,-0.00057135,-0.00262872,0.00104292,0.00124762,0.00088797,-0.00086120,-0.00084377,-0.00131155,0.00071031,-0.00185440,0.00046801,-0.00133433,0.00254903,-0.00290888,0.00165319,0.00130831,0.00205813,0.00170806,0.00239448,-0.00092808,-0.00120110,-0.00061426,-0.00240447,-0.00107668,-0.00180817,0.00050662,-0.00157230,0.00149501,0.00132518,0.00094742,-0.00129330,-0.00122972,-0.00218167,0.00200820,-0.00227831,0.00071087,0.00098542,-0.00135884,0.00185334,-0.00153506,-0.00095537,0.00073252,-0.00016466,-0.00095459,0.00191502,-0.00229002,-0.00019128,-0.00031361,0.00076439,0.00231238,-0.00200000,0.00207434,0.00148360,0.00233767,0.00203845,0.00164373,-0.00087883,-0.00070468,-0.00131377,-0.00057667,-0.00264693,0.00180329,0.00060559,0.00109109,0.00114508,-0.00228343,-0.00172010,0.00154144,-0.00180391,-0.00031779,0.00092810,-0.00255289,0.00185606,-0.00295940,-0.00071522,-0.00090919,0.00159360,0.00178290,0.00205192,0.00163200,-0.00111933,-0.00150558,0.00244037,-0.00250721,0.00182720,0.00000000,0.00000000,0.00000000,0.00000000,0.00000000,0.00000000,0.00000000,0.00000000,0.00000000,0.00000000,0.00000000,0.00000000,0.00000000,0.00000000,0.00000000,0.00000000,0.00000000,0.00000000,0.00000000,0.00000000,0.00000000,0.00000000,0.00000000,0.00000000,0.00000000,0.00000000,0.00000000,0.00000000,0.00000000,0.00000000,0.00000000,0.00000000,0.00000000,0.00000000,0.00000000,0.00000000,0.00000000,0.00000000,0.00000000,0.00000000,0.00000000,0.00000000,0.00000000,0.00000000,0.00000000,0.00000000,0.00000000,0.00142315,-0.00109555,0.00034073,-0.00012833,0.00111866,-0.00061942,0.00068696,-0.00117288,0.00107437,-0.00140192,-0.00115792,0.00070764,-0.00055425,-0.00122202,-0.00000309,0.00100216,-0.00050772
0.00033712,-0.00036478,0.00145719,-0.00065850,0.00009375,0.00000592,0.00075951,-0.00060869,0.00171970,0.00017757,0.00148682,0.00037419,-0.00130169,0.00121874,0.00117697,-0.00082765,0.00071093,0.00126671,-0.00167612,0.00034008,0.00025083,0.00117094,0.00078844,0.00051040,-0.00175331,0.00162111,0.00049326,0.00058694,0.00014462,0.00139637,0.00224451,-0.00195913,-0.01539708,0.00180923,0.00155806,-0.00071301,-0.00091407,0.00021932,-0.00124505,0.00084556,0.00008361,0.00107673,0.00181411,-0.00023135,0.00052177,0.00072466,0.00043236,0.00036813,-0.00079145,-0.00298819,0.00006261,0.00081080,-0.00129878,0.00122225,-0.00084379,0.00033282,0.00042315,0.00015486,0.00121594,0.00094675,0.00167893,0.00089146,-0.00024935,-0.00083409,-0.00125057,-0.00048876,-0.00091358,-0.00161875,0.00057631,-0.00051991,0.00043467,0.00046204,0.00017601,-0.00011878,-0.00062332,0.00052969,0.00032972,-0.00119750,0.00021489,-0.00136397,-0.00073708,0.00036521,-0.00029717,-0.00167374,0.00104219,-0.00110925,-0.00156063,0.00074704,0.00014235,0.00043149,0.00112227,0.00008273,0.00133415,0.00101922,0.00149973,-0.00050773,-0.00199823,0.00106203,0.00062298,-0.00077595,-0.00041196,0.00049864,-0.00112992,-0.00064696,0.00048579,0.00124089,0.00028355,0.00035649,0.00004655,-0.00075650,0.00113594,0.00036994,0.00055581,0.00079952,0.00002464,0.00092557,0.00129632,-0.00100247,-0.00106426,0.00120212,-0.00022045,0.00119081,0.00168334,0.00136516,0.00020858,0.00092718,-0.00097770,-0.00014761,0.00000000,0.00000000,0.00000000,0.00000000,0.00000000,0.00000000,0.00000000,0.00000000,0.00000000,0.00000000,0.00000000,0.00000000,0.00000000,0.00000000,0.00000000,0.00000000,0.00000000,0.00000000,0.00000000,0.00000000,0.00000000,0.00000000,0.00000000,0.00000000,0.00000000,0.00000000,0.00000000,0.00000000,0.00000000,0.00000000,0.00000000,0.00000000,0.00000000,0.00000000,0.00000000,0.00000000,0.00000000,0.00000000,0.00000000,0.00000000,0.00000000,0.00000000,0.00000000,0.00000000,0.00000000,0.00000000,0.00000000,0.00000000,-0.00162547,-0.00043043,-0.00087666,-0.00003566,-0.00036220,0.00247531,-0.00110695,0.00042223,-0.00004886,-0.00082123,0.00060492,-0.00112884,-0.00105280,0.00111657,0.00094139,-0.00125956
0.00080415,-0.00051881,-0.00163955,0.00108233,0.00047516,0.00108558,0.00181788,-0.00151197,-0.00051784,-0.00090525,0.00011193,-0.00067877,0.00004718,0.00039602,-0.00055796,0.00096540,-0.00086178,0.00014319,-0.00016264,-0.00082240,-0.00167199,-0.00047772,-0.00061706,-0.00005486,-0.00007888,0.00078463,-0.00111953,-0.00081541,-0.00126033,-0.00144797,-0.00037134,-0.00079552,0.00039800,-0.01380372,-0.00044785,0.00003120,0.00014034,-0.00139354,0.00037418,-0.00067907,-0.00024815,-0.00006414,-0.00070730,0.00039855,0.00144036,-0.00028775,-0.00045873,-0.00052648,-0.00012037,-0.00006303,0.00053834,-0.00074685,-0.00019203,-0.00049290,0.00087026,-0.00177285,0.00129062,-0.00144230,-0.00001748,-0.00110086,-0.00116331,-0.00128141,0.00121610,0.00118251,0.00101206,-0.00006365,-0.00019256,0.00075873,0.00049056,-0.00018608,0.00017917,0.00049272,-0.00090427,0.00072416,-0.00089025,0.00133823,-0.00150995,0.00030772,0.00061649,-0.00153439,0.00104771,-0.00042529,-0.00010500,0.00043742,-0.00116360,-0.00100037,0.00018509,-0.00046290,0.00094440,0.00261983,0.00018477,-0.00015930,-0.00096015,0.00242354,-0.00077600,-0.00082072,-0.00158762,-0.00126078,-0.00058586,-0.00020990,0.00089859,0.00108373,-0.00015323,0.00104687,0.00035889,-0.00027772,-0.00141342,-0.00050923,-0.00051057,0.00135861,-0.00000283,0.00076663,0.00118134,-0.00087311,0.00073163,-0.00032753,0.00249092,0.00089851,-0.00044890,-0.00118276,-0.00048709,-0.00127683,-0.00029020,0.00112114,0.00010228,-0.00087825,0.00210409,-0.00147006,0.00000000,0.00000000,0.00000000,0.00000000,0.00000000,0.00000000,0.00000000,0.00000000,0.00000000,0.00000000,0.00000000,0.00000000,0.00000000,0.00000000,0.00000000,0.00000000,0.00000000,0.00000000,0.00000000,0.00000000,0.00000000,0.00000000,0.00000000,0.00000000,0.00000000,0.00000000,0.00000000,0.00000000,0.00000000,0.00000000,0.00000000,0.00000000,0.00000000,0.00000000,0.00000000,0.00000000,0.00000000,0.00000000,0.00000000,0.00000000,0.00000000,0.00000000,0.00000000,0.00000000,0.00000000,0.00000000,0.00000000,0.00000000,-0.00018529,-0.00007948,-0.00076185,-0.00019706,-0.00039491,0.00108322,0.00020544,0.00049465,0.00003799,-0.00049587,-0.00006985,-0.00023589,0.00003271,0.00073330,-0.00078606,0.00057906
0.00073702,-0.00007643,-0.00030446,-0.00113355,0.00050826,0.00142904,0.00045627,0.00022463,0.00004683,-0.00069895,-0.00008100,0.00044547,-0.00022842,0.00029580,-0.00022817,0.00043064,0.00126235,0.00012524,-0.00137282,-0.00118975,-0.00137623,0.00009033,0.00035806,0.00083632,-0.00094608,0.00090945,-0.00035168,0.00015110,-0.00122747,-0.00042521,0.00043416,-0.00044951,-0.00030863,0.00011978,-0.01244753,-0.00064310,0.00040680,-0.00060501,-0.00047035,0.00003789,-0.00028889,-0.00012775,0.00096972,-0.00015709,0.00046253,0.00012801,-0.00057466,0.00021127,-0.00089348,-0.00031445,-0.00018032,0.00060282,-0.00019812,-0.00084793,-0.00018943,-0.00080808,0.00193670,-0.00094815,0.00042961,-0.00075365,0.00011979,0.00001006,-0.00021959,-0.00028377,-0.00008636,0.00087822,-0.00017269,0.00006124,0.00041330,0.00021861,-0.00023881,0.00063938,-0.00107183,0.00068185,-0.00139090,0.00142949,-0.00021549,0.00046081,0.00127550,-0.00159398,-0.00027979,0.00081479,0.00049450,0.00015241,-0.00033282,-0.00123483,-0.00103647,0.00025424,0.00062158,0.00175685,0.00138853,0.00070423,0.00067346,0.00079516,-0.00048584,-0.00089129,-0.00146093,-0.00008353,-0.00036678,-0.00030218,0.00124786,0.00079683,-0.00080062,-0.00034105,0.00040446,0.00036020,-0.00113524,0.00016646,0.00078061,0.00066291,-0.00012718,0.00020693,0.00064690,-0.00044861,0.00138763,0.00002219,0.00121236,-0.00100389,-0.00028132,-0.00034862,0.00013670,-0.00135354,-0.00045485,0.00196487,0.00062134,-0.00100691,0.00051490,-0.00079973,0.00000000,0.00000000,0.00000000,0.00000000,0.00000000,0.00000000,0.00000000,0.00000000,0.00000000,0.00000000,0.00000000,0.00000000,0.00000000,0.00000000,0.00000000,0.00000000,0.00000000,0.00000000,0.00000000,0.00000000,0.00000000,0.00000000,0.00000000,0.00000000,0.00000000,0.00000000,0.00000000,0.00000000,0.00000000,0.00000000,0.00000000,0.00000000,0.00000000,0.00000000,0.00000000,0.00000000,0.00000000,0.00000000,0.00000000,0.00000000,0.00000000,0.00000000,0.00000000,0.00000000,0.00000000,0.00000000,0.00000000,0.00000000,-0.00083300,0.00048464,-0.00118365,0.00046746,-0.00001563,0.00121252,-0.00088349,0.00082694,-0.00066055,-0.00062136,-0.00049916,-0.00114267,-0.00002140,0.00057067,0.00009588,-0.00041948
-0.00034882,-0.00032023,0.00016267,-0.00009483,-0.00125855,-0.00100196,-0.00072834,0.00051402,0.00040518,-0.00016556,-0.00002964,0.00023344,-0.00057268,0.00013637,0.00052423,-0.00156343,-0.00047869,0.00043278,0.00004402,0.00093977,0.00172086,-0.00003865,0.00150402,0.00041853,0.00018828,-0.00048259,0.00030259,0.00090075,0.00132776,0.00095032,-0.00030866,0.00092765,0.00088056,0.00018287,-0.00037269,-0.01510605,-0.00043741,0.00136090,-0.00146706,0.00142286,0.00093702,0.00056065,0.00013821,-0.00018126,-0.00125449,0.00045942,0.00060420,0.00023227,-0.00033473,-0.00016185,-0.00072386,0.00082827,-0.00048907,0.00043356,-0.00058382,0.00164684,-0.00112075,-0.00036055,0.00004017,0.00138093,0.00094695,0.00054833,-0.00030078,0.00002803,-0.00099954,-0.00083271,-0.00061523,-0.00001304,-0.00054514,-0.00081881,0.00078740,-0.00061920,0.00044342,0.00048133,0.00051353,-0.00140375,0.00123535,-0.00072493,0.00003090,0.00092965,-0.00036416,-0.00030562,-0.00102801,-0.00066214,0.00129564,0.00143936,0.00032009,-0.00037736,-0.00073236,-0.00118973,-0.00091305,0.00082398,0.00038207,-0.00156289,0.00040115,0.00015035,0.00058250,0.00033155,0.00122171,-0.00070105,-0.00010078,-0.00037877,0.00115896,-0.00054408,0.00057423,0.00044812,0.00211954,0.00037695,0.00004780,-0.00102456,0.00127983,0.00100593,0.00020616,0.00090075,-0.00101009,0.00009119,-0.00122644,0.00029418,-0.00054395,0.00006839,0.00061446,0.00190396,0.00046930,-0.00064077,-0.00070908,0.00190485,-0.00130779,0.00093327,0.00000000,0.00000000,0.00000000,0.00000000,0.00000000,0.00000000,0.00000000,0.00000000,0.00000000,0.00000000,0.00000000,0.00000000,0.00000000,0.00000000,0.00000000,0.00000000,0.00000000,0.00000000,0.00000000,0.00000000,0.00000000,0.00000000,0.00000000,0.00000000,0.00000000,0.00000000,0.00000000,0.00000000,0.00000000,0.00000000,0.00000000,0.00000000,0.00000000,0.00000000,0.00000000,0.00000000,0.00000000,0.00000000,0.00000000,0.00000000,0.00000000,0.00000000,0.00000000,0.00000000,0.00000000,0.00000000,0.00000000,0.00000000,0.00016781,0.00005273,-0.00036980,0.00030090,0.00049214,0.00002338,0.00050505,0.00024657,-0.00115295,-0.00068230,0.00035993,0.00014062,0.00025534,-0.00036273,0.00060740,0.00017661
-0.00042445,0.00164983,-0.00011702,0.00154506,-0.00136458,0.00018479,-0.00089319,0.00167654,-0.00045070,-0.00055188,-0.00070492,-0.00047427,0.00097177,-0.00073999,-0.00071072,-0.00030175,-0.00032201,-0.00102049,0.00051721,0.00198243,-0.00100539,-0.00134206,-0.00129454,-0.00164141,0.00051785,-0.00057646,-0.00100584,-0.00053100,0.00139597,0.00008478,-0.00052898,0.00117845,0.00036586,-0.00163164,-0.00052423,0.00046373,-0.01419957,0.00116399,0.00054306,-0.00033514,-0.00071685,-0.00058889,-0.00102248,0.00015609,-0.00001735,-0.00123538,0.00036548,-0.00076334,0.00098044,0.00083091,-0.00012868,-0.00078045,0.00034635,0.00025348,-0.00009480,0.00156316,-0.00157904,0.00050958,-0.00078601,-0.00058077,-0.00035350,0.00026464,0.00007962,-0.00007903,-0.00018915,0.00034814,0.00052938,-0.00015058,-0.00095414,-0.00114122,-0.00038485,-0.00116044,0.00148955,-0.00111737,0.00136058,-0.00153936,0.00005192,0.00041892,-0.00257102,0.00086063,0.00037454,-0.00071600,0.00079905,-0.00006300,-0.00012340,0.00149135,0.00088681,-0.00075725,-0.00055317,-0.00112354,-0.00145303,-0.00022733,-0.00032107,-0.00119862,-0.00062111,0.00032911,0.00187990,-0.00205376,0.00006778,-0.00014131,-0.00082235,-0.00040540,0.00096484,-0.00010595,-0.00070019,-0.00083126,0.00112844,0.00000342,0.00036075,0.00019624,-0.00042271,-0.00114889,-0.00186997,-0.00030461,-0.00118873,-0.00028893,-0.00254171,0.00135294,0.00029109,-0.00040838,-0.00017621,0.00121509,-0.00016941,-0.00164132,0.00007650,0.00105595,-0.00116207,0.00079436,0.00000000,0.00000000,0.00000000,0.00000000,0.00000000,0.00000000,0.00000000,0.00000000,0.00000000,0.00000000,0.00000000,0.00000000,0.00000000,0.00000000,0.00000000,0.00000000,0.00000000,0.00000000,0.00000000,0.00000000,0.00000000,0.00000000,0.00000000,0.00000000,0.00000000,0.00000000,0.00000000,0.00000000,0.00000000,0.00000000,0.00000000,0.00000000,0.00000000,0.00000000,0.00000000,0.00000000,0.00000000,0.00000000,0.00000000,0.00000000,0.00000000,0.00000000,0.00000000,0.00000000,0.00000000,0.00000000,0.00000000,0.00000000,0.00049797,0.00031307,0.00040720,-0.00133158,0.00053937,-0.00089194,0.00118355,-0.00156321,-0.00080486,0.00080254,-0.00103216,0.00108279,0.00123035,-0.00146725,-0.00130923,0.00043869
0.00006763,0.00034088,0.00001789,-0.00186733,-0.00051949,-0.00005869,0.00015848,0.00071171,0.00161909,0.00050747,0.00163561,-0.00071752,-0.00072216,0.00135624,0.00008192,-0.00093371,0.00149191,0.00145721,-0.00210540,-0.00064534,0.00068859,0.00127112,0.00101723,0.00100220,-0.00121364,0.00153607,0.00000793,0.00060610,-0.00053131,0.00040628,0.00155776,-0.00171147,-0.00069185,0.00049483,0.00170739,-0.00071609,-0.00007560,-0.01521217,-0.00092911,0.00138872,0.00061592,0.00211064,0.00128934,-0.00225276,-0.00027915,0.00222160,0.00045181,0.00182420,-0.00230228,-0.00205665,-0.00058847,0.00143924,-0.00074984,0.00057131,-0.00022076,-0.00043632,0.00004028,0.00102968,0.00211522,0.00073120,0.00117810,0.00148264,-0.00100393,-0.00065382,-0.00164001,-0.00061474,-0.00222646,-0.00190417,0.00064239,-0.00032941,0.00017576,0.00116701,0.00012833,0.00049270,-0.00067999,0.00001632,0.00083980,-0.00078430,0.00080710,-0.00036453,-0.00155261,0.00114701,-0.00108551,-0.00123355,0.00038182,-0.00087771,-0.00180011,0.00075780,0.00004106,-0.00003382,0.00183789,0.00062699,0.00161377,0.00123120,-0.00038698,-0.00133834,-0.00146747,0.00058457,-0.00013804,-0.00094359,0.00033679,0.00015073,-0.00129000,-0.00119299,0.00079779,0.00184968,-0.00080551,0.00063111,-0.00111467,-0.00118137,0.00143230,0.00006804,0.00064181,0.00135530,-0.00016878,0.00096338,0.00132026,-0.00123895,-0.00005138,0.00170514,-0.00015962,-0.00110897,0.00133601,0.00076943,-0.00107199,0.00000921,-0.00136798,-0.00021424,0.00000000,0.00000000,0.00000000,0.00000000,0.00000000,0.00000000,0.00000000,0.00000000,0.00000000,0.00000000,0.00000000,0.00000000,0.00000000,0.00000000,0.00000000,0.00000000,0.00000000,0.00000000,0.00000000,0.00000000,0.00000000,0.00000000,0.00000000,0.00000000,0.00000000,0.00000000,0.00000000,0.00000000,0.00000000,0.00000000,0.00000000,0.00000000,0.00000000,0.00000000,0.00000000,0.00000000,0.00000000,0.00000000,0.00000000,0.00000000,0.00000000,0.00000000,0.00000000,0.00000000,0.00000000,0.00000000,0.00000000,0.00000000,-0.00173914,0.00054727,-0.00108271,0.00012979,-0.00036229,0.00224084,-0.00075150,0.00129691,-0.00017286,-0.00092373,-0.00044325,-0.00111041,-0.00088846,0.00119397,0.00092776,-0.00131085
-0.00034516,0.00038490,0.00072928,-0.00021652,-0.00156833,-0.00103395,-0.00134417,0.00037270,-0.00037360,0.00035871,0.00005218,-0.00003376,-0.00039281,-0.00080016,0.00135656,-0.00102814,-0.00008046,0.00013008,0.00056769,0.00099439,0.00100606,-0.00055132,-0.00003051,0.00057092,-0.00009918,0.00039650,0.00126530,0.00015672,0.00174519,0.00041159,0.00003392,0.00041057,0.00072388,-0.00045859,-0.00004417,-0.00003564,-0.00044333,0.00135150,-0.01306707,0.00043512,0.00021771,0.00067082,-0.00072856,0.00036343,-0.00079675,-0.00005659,0.00070852,-0.00066428,0.00012166,0.00011794,0.00015951,0.00013595,-0.00005097,0.00009939,0.00040447,0.00163641,-0.00124385,0.00022559,0.00073808,0.00020142,0.00051910,-0.00002508,0.00035176,0.00020038,-0.00031924,-0.00062034,0.00014710,0.00005414,-0.00016024,-0.00135216,0.00015276,0.00048576,0.00053440,-0.00094872,0.00102302,-0.00213423,0.00114398,0.00043980,-0.00108270,0.00240049,-0.00088575,-0.00029344,-0.00018273,0.00022448,0.00016183,0.00126480,-0.00002941,0.00080157,0.00027470,-0.00144110,-0.00083676,0.00036488,-0.00066303,-0.00178549,-0.00003626,0.00183217,0.00207803,0.00016590,0.00102419,0.00052020,-0.00134926,-0.00052309,0.00080883,-0.00150379,0.00057748,0.00042107,0.00057742,0.00007456,-0.00044163,-0.00011716,0.00000665,-0.00085140,-0.00171154,0.00036463,-0.00156998,0.00117212,-0.00226520,-0.00045267,0.00054839,0.00035062,0.00093625,0.00145135,0.00098828,-0.00136928,-0.00095053,0.00181451,-0.00175441,0.00164035,0.00000000,0.00000000,0.00000000,0.00000000,0.00000000,0.00000000,0.00000000,0.00000000,0.00000000,0.00000000,0.00000000,0.00000000,0.00000000,0.00000000,0.00000000,0.00000000,0.00000000,0.00000000,0.00000000,0.00000000,0.00000000,0.00000000,0.00000000,0.00000000,0.00000000,0.00000000,0.00000000,0.00000000,0.00000000,0.00000000,0.00000000,0.00000000,0.00000000,0.00000000,0.00000000,0.00000000,0.00000000,0.00000000,0.00000000,0.00000000,0.00000000,0.00000000,0.00000000,0.00000000,0.00000000,0.00000000,0.00000000,0.00000000,0.00016529,0.00020858,-0.00000525,-0.00051930,-0.00032410,-0.00114465,0.00038620,-0.00039411,-0.00006455,-0.00034305,0.00040752,-0.00007234,-0.00052253,-0.00091074,-0.00031617,0.00015517
0.00142073,-0.00095567,-0.00068915,-0.00058103,0.00176601,0.00001091,0.00090193,-0.00126856,0.00039783,-0.00063484,-0.00008274,-0.00000803,-0.00016899,0.00091438,-0.00081806,0.00046043,-0.00024549,0.00034960,-0.00003971,-0.00141518,-0.00082705,-0.00029348,-0.00018124,0.00021961,-0.00041130,0.00047266,-0.00092271,0.00050336,-0.00252322,-0.00075681,0.00002670,-0.00094399,-0.00125293,0.00026721,-0.00031023,0.00001304,0.00043248,-0.00079563,0.00010875,-0.01124430,0.00011334,0.00063412,0.00053799,0.00032828,0.00151195,0.00007292,-0.00050444,0.00046723,-0.00051224,-0.00023656,0.00023595,0.00037724,0.00037880,-0.00000748,0.00023944,-0.00201373,0.00188263,-0.00044893,0.00007761,-0.00038712,-0.00072923,-0.00071242,0.00025070,0.00060741,0.00128419,-0.00038157,-0.00055140,-0.00063137,0.00060706,0.00081767,0.00038525,0.00079676,-0.00031481,0.00059701,-0.00150521,0.00193413,-0.00059839,0.00005739,0.00095251,-0.00159468,0.00043910,-0.00007657,0.00009891,0.00037133,-0.00024162,-0.00131242,-0.00025035,-0.00061443,0.00128440,0.00154209,0.00105192,0.00036949,-0.00032881,0.00142622,-0.00021454,-0.00115876,-0.00196591,-0.00113811,-0.00071109,-0.00006543,0.00158618,0.00085943,-0.00113970,0.00049259,-0.00022341,0.00023443,-0.00173305,-0.00101743,-0.00024736,0.00006955,0.00019343,0.00042472,0.00139547,-0.00060482,0.00139317,-0.00058890,0.00197416,-0.00053598,-0.00022937,-0.00002022,-0.00009735,-0.00087809,-0.00009262,0.00186011,0.00078677,-0.00285304,0.00106962,-0.00291985,0.00000000,0.00000000,0.00000000,0.00000000,0.00000000,0.00000000,0.00000000,0.00000000,0.00000000,0.00000000,0.00000000,0.00000000,0.00000000,0.00000000,0.00000000,0.00000000,0.00000000,0.00000000,0.00000000,0.00000000,0.00000000,0.00000000,0.00000000,0.00000000,0.00000000,0.00000000,0.00000000,0.00000000,0.00000000,0.00000000,0.00000000,0.00000000,0.00000000,0.00000000,0.00000000,0.00000000,0.00000000,0.00000000,0.00000000,0.00000000,0.00000000,0.00000000,0.00000000,0.00000000,0.00000000,0.00000000,0.00000000,0.00000000,-0.00027513,-0.00008302,-0.00098292,0.00054599,0.00022654,0.00132622,-0.00126142,0.00127439,-0.00008727,-0.00126023,-0.00064365,-0.00052284,-0.00030190,0.00183255,0.00034513,-0.00134926
0.00057960,-0.00077019,0.00014188,-0.00045575,0.00020915,0.00061943,0.00091172,0.00057179,0.00084558,-0.00014986,0.00077933,0.00067905,-0.00053839,0.00059644,0.00042635,0.00067574,-0.00021170,0.00001422,-0.00178920,-0.00077988,-0.00080215,0.00000131,0.00038671,-0.00029233,-0.00064043,0.00088678,-0.00024836,0.00060225,-0.00099365,-0.00104881,0.00098956,-0.00067123,-0.00048105,0.00081804,-0.00025805,-0.00010276,0.00021375,-0.00045139,-0.00030151,0.00054464,-0.01392651,0.00072420,0.00095733,0.00017949,-0.00043554,0.00024738,-0.00091054,0.00019709,0.00027100,-0.00064848,0.00006867,0.00145491,-0.00050205,0.00037926,0.00014297,-0.00153044,0.00174117,-0.00075784,0.00023572,0.00009578,0.00015199,0.00006252,-0.00041044,0.00020878,0.00003584,0.00072291,-0.00059025,0.00048257,0.00042759,0.00102966,0.00063586,0.00082112,-0.00074777,0.00091713,-0.00012597,0.00136467,-0.00014449,-0.00029138,0.00102778,-0.00042766,0.00058382,0.00023080,0.00014965,0.00013596,0.00058552,-0.00087321,-0.00105082,0.00078066,0.00000848,0.00093248,0.00016753,0.00024420,0.00045228,0.00116353,-0.00038984,-0.00041660,-0.00079118,0.00018533,-0.00071166,-0.00065289,0.00127940,0.00022552,0.00027070,-0.00015288,0.00028428,0.00026397,-0.00151432,-0.00046190,0.00006176,-0.00006050,0.00070044,0.00063990,0.00040125,0.00002085,0.00000284,-0.00036224,0.00143164,-0.00014997,-0.00082403,0.00072958,0.00034441,-0.00022451,-0.00000031,0.00067154,0.00082409,-0.00148877,-0.00027902,-0.00115568,0.00000000,0.00000000,0.00000000,0.00000000,0.00000000,0.00000000,0.00000000,0.00000000,0.00000000,0.00000000,0.00000000,0.00000000,0.00000000,0.00000000,0.00000000,0.00000000,0.00000000,0.00000000,0.00000000,0.00000000,0.00000000,0.00000000,0.00000000,0.00000000,0.00000000,0.00000000,0.00000000,0.00000000,0.00000000,0.00000000,0.00000000,0.00000000,0.00000000,0.00000000,0.00000000,0.00000000,0.00000000,0.00000000,0.00000000,0.00000000,0.00000000,0.00000000,0.00000000,0.00000000,0.00000000,0.00000000,0.00000000,0.00000000,-0.00130001,0.00065896,-0.00022481,0.00140815,-0.00034561,0.00119891,-0.00033437,0.00017949,-0.00005982,-0.00027955,0.00001267,-0.00057827,-0.00034157,0.00075736,0.00059973,-0.00059219
0.00105884,-0.00137533,-0.00070945,-0.00035123,0.00142509,0.00052986,0.00152971,-0.00093061,0.00073712,-0.00176944,0.00022895,0.00087157,0.00062385,0.00009239,-0.00055786,0.00089985,-0.00074404,0.00057524,0.00034039,-0.00186546,-0.00053105,0.00039420,-0.00073271,0.00068168,0.00020520,0.00018314,-0.00094303,-0.00045198,-0.00122023,-0.00100231,0.00001696,-0.00031014,-0.00135506,0.00051045,-0.00080072,-0.00010082,0.00075971,-0.00014663,0.00066585,-0.00021329,0.00005850,-0.01086317,-0.00091884,0.00051820,0.00207898,-0.00053240,-0.00163672,0.00045209,0.00047607,0.00022145,0.00085062,0.00049145,0.00010702,-0.00093138,0.00051475,-0.00248109,0.00222766,-0.00082484,-0.00050576,-0.00116484,-0.00012172,-0.00045018,0.00009553,0.00025534,0.00055244,0.00034676,0.00032780,0.00009388,-0.00052801,0.00092448,0.00017237,0.00031802,-0.00150526,0.00110004,-0.00065815,0.00230500,-0.00111166,-0.00003488,0.00130483,-0.00161971,0.00125312,0.00008944,-0.00011885,0.00068678,-0.00094381,-0.00207422,-0.00018852,-0.00066979,0.00154501,0.00199346,0.00209288,-0.00081210,0.00031273,0.00220410,0.00042710,-0.00236908,-0.00222943,-0.00045792,-0.00232422,0.00028806,0.00054588,0.00156495,0.00012763,0.00013939,-0.00050948,0.00045438,-0.00118559,-0.00044800,0.00021499,0.00058384,-0.00015029,-0.00024512,0.00056476,-0.00053772,0.00119310,-0.00039888,0.00270317,0.00000789,0.00060420,-0.00063651,-0.00017021,-0.00077140,-0.00028152,0.00163911,0.00028556,-0.00265822,0.00128675,-0.00097842,0.00000000,0.00000000,0.00000000,0.00000000,0.00000000,0.00000000,0.00000000,0.00000000,0.00000000,0.00000000,0.00000000,0.00000000,0.00000000,0.00000000,0.00000000,0.00000000,0.00000000,0.00000000,0.00000000,0.00000000,0.00000000,0.00000000,0.00000000,0.00000000,0.00000000,0.00000000,0.00000000,0.00000000,0.00000000,0.00000000,0.00000000,0.00000000,0.00000000,0.00000000,0.00000000,0.00000000,0.00000000,0.00000000,0.00000000,0.00000000,0.00000000,0.00000000,0.00000000,0.00000000,0.00000000,0.00000000,0.00000000,0.00000000,-0.00043898,-0.00071756,-0.00018481,0.00134155,-0.00060838,0.00067603,-0.00069940,0.00010230,-0.00028613,-0.00001284,-0.00028802,0.00029119,-0.00028211,0.00061888,0.00124463,-0.00088114
0.00016156,-0.00150416,-0.00047372,0.00002415,0.00208962,0.00058494,0.00058952,-0.00025171,-0.00011083,-0.00044150,-0.00057761,0.00055876,0.00046476,0.00014481,0.00016959,0.00140723,-0.00126648,-0.00016344,-0.00023311,-0.00077884,-0.00099669,-0.00095278,-0.00028941,-0.00017306,0.00048542,0.00047435,-0.00155403,-0.00039528,-0.00141133,-0.00132231,0.00045466,0.00007939,-0.00044433,-0.00053283,-0.00065224,0.00017664,0.00051083,-0.00176058,0.00053610,-0.00059937,0.00001187,-0.00106197,-0.01349837,0.00047620,0.00224798,-0.00028862,-0.00095823,-0.00027950,-0.00013366,0.00012649,0.00003314,-0.00009193,0.00080985,-0.00100724,0.00096292,-0.00159241,0.00133865,-0.00066096,-0.00016834,-0.00111422,-0.00049502,-0.00154486,0.00075608,0.00098404,0.00102852,0.00097054,-0.00032926,0.00068493,0.00023284,0.00104171,0.00005087,0.00077428,-0.00152416,0.00048529,-0.00095892,0.00143661,-0.00072277,0.00120185,0.00089777,-0.00185012,0.00067319,-0.00010798,0.00052575,0.00089895,-0.00012467,-0.00160813,0.00003573,-0.00038408,0.00115458,0.00098959,0.00078123,-0.00103629,-0.00085909,0.00136485,-0.00028125,-0.00089438,-0.00122379,-0.00058189,-0.00103390,0.00010365,0.00138304,0.00151033,-0.00037854,0.00139488,0.00063059,-0.00067590,-0.00161198,-0.00085794,-0.00002287,0.00141355,-0.00010840,0.00055654,0.00012533,-0.00057581,0.00148518,-0.00072310,0.00194708,0.00034758,0.00026690,-0.00079178,-0.00121749,-0.00099119,-0.00082179,0.00087704,0.00084944,-0.00073817,0.00251471,-0.00108465,0.00000000,0.00000000,0.00000000,0.00000000,0.00000000,0.00000000,0.00000000,0.00000000,0.00000000,0.00000000,0.00000000,0.00000000,0.00000000,0.00000000,0.00000000,0.00000000,0.00000000,0.00000000,0.00000000,0.00000000,0.00000000,0.00000000,0.00000000,0.00000000,0.00000000,0.00000000,0.00000000,0.00000000,0.00000000,0.00000000,0.00000000,0.00000000,0.00000000,0.00000000,0.00000000,0.00000000,0.00000000,0.00000000,0.00000000,0.00000000,0.00000000,0.00000000,0.00000000,0.00000000,0.00000000,0.00000000,0.00000000,0.00000000,0.00029323,0.00039922,0.00011191,0.00069043,-0.00061584,0.00034792,-0.00024158,0.00037673,0.00073296,-0.00102198,-0.00034024,-0.00071888,-0.00006281,0.00068936,-0.00004464,-0.00036872
-0.00033111,0.00019478,-0.00005251,-0.00052249,-0.00060196,0.00005681,-0.00055557,0.00045690,-0.00069496,0.00076902,0.00022857,0.00024999,0.00021656,0.00047563,-0.00053934,-0.00047787,0.00040178,-0.00088945,0.00042719,0.00002100,0.00041647,-0.00001574,0.00023334,-0.00049948,0.00034158,-0.00031318,0.00064526,-0.00030408,0.00068817,0.00073710,-0.00060290,0.00081755,0.00030497,-0.00050118,0.00021925,0.00040925,-0.00085611,-0.00102315,0.00015950,0.00050832,0.00037124,-0.00004101,-0.00022650,-0.01601505,-0.00031166,0.00060094,0.00121649,0.00027173,-0.00092903,0.00050555,0.00032436,-0.00058088,-0.00003959,0.00074400,-0.00022456,0.00023497,-0.00116608,0.00067086,-0.00042389,0.00059767,0.00059173,-0.00010652,-0.00022442,0.00003052,-0.00039560,0.00000438,-0.00050095,0.00083439,-0.00014095,0.00008089,0.00013712,0.00018157,0.00027502,0.00000714,0.00074174,-0.00109680,0.00129583,-0.00043577,-0.00051249,0.00039217,-0.00127185,-0.00036694,-0.00000685,-0.00029052,0.00046669,-0.00037967,0.00053953,-0.00022264,0.00053577,-0.00045756,-0.00057521,0.00028207,0.00055943,-0.00040986,-0.00015861,0.00026650,0.00068934,0.00020744,0.00053669,-0.00082528,-0.00094467,-0.00024005,0.00024240,-0.00012057,0.00083719,-0.00051789,0.00103198,0.00032833,0.00038153,-0.00073950,-0.00004271,-0.00043092,-0.00063850,0.00092326,-0.00122219,0.00068952,0.00002290,0.00016634,0.00036573,-0.00027261,0.00110262,0.00044344,-0.00029073,-0.00066622,0.00118181,-0.00014292,0.00027033,0.00083626,0.00000000,0.00000000,0.00000000,0.00000000,0.00000000,0.00000000,0.00000000,0.00000000,0.00000000,0.00000000,0.00000000,0.00000000,0.00000000,0.00000000,0.00000000,0.00000000,0.00000000,0.00000000,0.00000000,0.00000000,0.00000000,0.00000000,0.00000000,0.00000000,0.00000000,0.00000000,0.00000000,0.00000000,0.00000000,0.00000000,0.00000000,0.00000000,0.00000000,0.00000000,0.00000000,0.00000000,0.00000000,0.00000000,0.00000000,0.00000000,0.00000000,0.00000000,0.00000000,0.00000000,0.00000000,0.00000000,0.00000000,0.00000000,-0.00008817,0.00056160,-0.00041946,-0.00116633,0.00027968,0.00005197,0.00077318,-0.00058381,-0.00000867,0.00031043,0.00014909,0.00074138,0.00056999,-0.00049136,-0.00136983,0.00040462
-0.00046682,0.00017879,-0.00066541,0.00146706,-0.00151338,-0.00021243,0.00003823,0.00076588,-0.00230199,-0.00118410,-0.00221223,-0.00044719,0.00124055,-0.00237671,-0.00147395,0.00145678,-0.00263277,-0.00192789,0.00293594,0.00119536,-0.00087714,-0.00071605,-0.00125100,-0.00124293,0.00307528,-0.00208781,-0.00080785,-0.00089695,0.00148394,-0.00023158,-0.00184926,0.00277538,0.00118925,-0.00235384,-0.00213171,0.00210712,0.00113239,0.00012826,0.00186117,-0.00131797,-0.00212360,-0.00157803,-0.00211018,0.00143148,-0.01387137,-0.00163059,0.00024415,-0.00166021,0.00157125,0.00232791,0.00128627,-0.00204629,0.00159932,-0.00085542,0.00067844,0.00121289,-0.00148060,-0.00115899,-0.00165986,-0.00022756,-0.00139026,-0.00104986,0.00230056,0.00116147,0.00147650,0.00171897,0.00205700,0.00182348,-0.00220680,0.00091703,-0.00129238,-0.00231126,-0.00007327,-0.00126864,0.00262078,-0.00126698,0.00023781,0.00087046,-0.00068964,0.00083430,0.00109538,-0.00198046,0.00140069,0.00105280,-0.00152536,0.00152638,0.00193425,-0.00020470,0.00015274,-0.00236739,-0.00171778,-0.00098269,-0.00239548,-0.00104857,-0.00073119,0.00086905,0.00236575,-0.00130523,0.00066351,0.00042925,-0.00113493,-0.00089129,0.00136858,0.00040901,-0.00147608,-0.00121787,-0.00025427,-0.00170025,0.00098661,0.00140066,-0.00097739,-0.00094726,-0.00115887,-0.00075088,0.00031860,-0.00169976,-0.00157424,0.00213192,0.00166803,-0.00075137,0.00022184,0.00008898,-0.00176229,-0.00138381,0.00154583,0.00036867,0.00058644,0.00121126,0.00000000,0.00000000,0.00000000,0.00000000,0.00000000,0.00000000,0.00000000,0.00000000,0.00000000,0.00000000,0.00000000,0.00000000,0.00000000,0.00000000,0.00000000,0.00000000,0.00000000,0.00000000,0.00000000,0.00000000,0.00000000,0.00000000,0.00000000,0.00000000,0.00000000,0.00000000,0.00000000,0.00000000,0.00000000,0.00000000,0.00000000,0.00000000,0.00000000,0.00000000,0.00000000,0.00000000,0.00000000,0.00000000,0.00000000,0.00000000,0.00000000,0.00000000,0.00000000,0.00000000,0.00000000,0.00000000,0.00000000,0.00000000,0.00237238,-0.00023552,0.00195404,-0.00125413,0.00179739,-0.00365731,0.00234054,-0.00181206,0.00064605,0.00153548,0.00060723,0.00248767,0.00171123,-0.00167927,-0.00182464,0.00205836
-0.00041662,-0.00082032,-0.00055482,0.00026591,0.00116558,0.00122989,0.00040072,-0.00078948,-0.00048004,-0.00078597,-0.00004446,-0.00042809,0.00007536,-0.00000557,0.00006134,0.00176297,-0.00065398,-0.00062157,-0.00045715,-0.00125489,-0.00148008,-0.00073608,-0.00077964,-0.00070691,0.00068734,-0.00037438,-0.00188413,-0.00056900,-0.00185915,-0.00169147,-0.00096965,0.00003762,-0.00057001,-0.00006315,-0.00052870,-0.00014370,0.00043902,-0.00045326,0.00109168,-0.00071756,-0.00041467,-0.00073269,-0.00052510,0.00058367,0.00098001,-0.01269974,-0.00178629,-0.00022841,-0.00035373,0.00035365,0.00163144,-0.00029161,0.00056002,-0.00060413,0.00098356,-0.00177219,0.00191300,-0.00099154,-0.00091558,-0.00080517,-0.00117557,-0.00089490,0.00062195,0.00056005,0.00148324,0.00038983,0.00076731,0.00106992,0.00033934,0.00142155,-0.00014882,-0.00009585,-0.00095758,0.00119707,-0.00076590,0.00162692,-0.00092380,0.00054717,0.00095543,-0.00143232,0.00146280,0.00000389,0.00085897,0.00076565,-0.00046106,-0.00093437,0.00022267,0.00085520,0.00029486,0.00123766,0.00049601,-0.00083300,-0.00069494,0.00143328,-0.00112849,-0.00226257,-0.00078012,-0.00137465,-0.00112425,0.00005294,0.00153742,0.00039341,-0.00012656,-0.00003988,-0.00015413,-0.00102851,-0.00178010,-0.00077552,0.00095995,0.00066017,-0.00051004,0.00103678,0.00050902,-0.00065576,0.00122777,-0.00180540,0.00149667,0.00024169,-0.00021068,-0.00006440,-0.00063958,-0.00066421,-0.00078072,0.00015063,0.00096610,-0.00164165,0.00092284,-0.00023627,0.00000000,0.00000000,0.00000000,0.00000000,0.00000000,0.00000000,0.00000000,0.00000000,0.00000000,0.00000000,0.00000000,0.00000000,0.00000000,0.00000000,0.00000000,0.00000000,0.00000000,0.00000000,0.00000000,0.00000000,0.00000000,0.00000000,0.00000000,0.00000000,0.00000000,0.00000000,0.00000000,0.00000000,0.00000000,0.00000000,0.00000000,0.00000000,0.00000000,0.00000000,0.00000000,0.00000000,0.00000000,0.00000000,0.00000000,0.00000000,0.00000000,0.00000000,0.00000000,0.00000000,0.00000000,0.00000000,0.00000000,0.00000000,0.00027260,-0.00019276,0.00058307,0.00093642,0.00037552,0.00004368,-0.00049645,0.00043206,0.00015942,-0.00017470,-0.00040023,-0.00023127,0.00016153,0.00029733,0.00005152,0.00046261
0.00076481,-0.00047781,0.00063812,-0.00138187,0.00016100,-0.00076249,0.00005621,-0.00025253,0.00190866,0.00119906,0.00086084,0.00105642,-0.00020520,0.00226331,0.00134435,-0.00070727,0.00117552,0.00076862,-0.00182867,-0.00100716,0.00143184,0.00114253,0.00167443,0.00067600,-0.00131955,0.00067745,0.00054081,0.00139669,0.00015740,-0.00031136,0.00117323,-0.00123158,0.00012058,0.00141144,0.00066022,-0.00143492,-0.00081210,0.00026547,-0.00119944,0.00114696,0.00019555,0.00132219,0.00088660,-0.00021027,-0.00031393,0.00063382,-0.01469930,0.00119968,-0.00116366,-0.00186774,-0.00134229,0.00091079,-0.00111726,0.00101956,-0.00106308,-0.00055646,0.00026678,0.00131957,0.00101981,0.00045209,0.00091326,0.00071095,-0.00170429,-0.00104062,-0.00123709,-0.00036788,-0.00129517,-0.00225299,0.00000138,-0.00039601,0.00081855,-0.00006910,0.00048364,-0.00015925,-0.00141188,0.00050426,0.00124654,-0.00062509,0.00106536,-0.00141439,-0.00102802,0.00067524,-0.00093556,-0.00107214,0.00130790,-0.00079455,-0.00163373,0.00007815,0.00028622,0.00113410,0.00163762,0.00141784,0.00132495,0.00115031,0.00107800,-0.00044458,-0.00024562,0.00064581,0.00028760,0.00018055,-0.00014337,0.00056242,-0.00146310,0.00017849,0.00121064,0.00113508,0.00084076,0.00040016,-0.00112061,-0.00083715,0.00108993,0.00209190,0.00077695,0.00179712,0.00022649,0.00039012,0.00070752,-0.00145715,-0.00184397,0.00086221,0.00112524,0.00008990,0.00109421,0.00173981,-0.00102958,-0.00026715,-0.00072252,-0.00054743,0.00000000,0.00000000,0.00000000,0.00000000,0.00000000,0.00000000,0.00000000,0.00000000,0.00000000,0.00000000,0.00000000,0.00000000,0.00000000,0.00000000,0.00000000,0.00000000,0.00000000,0.00000000,0.00000000,0.00000000,0.00000000,0.00000000,0.00000000,0.00000000,0.00000000,0.00000000,0.00000000,0.00000000,0.00000000,0.00000000,0.00000000,0.00000000,0.00000000,0.00000000,0.00000000,0.00000000,0.00000000,0.00000000,0.00000000,0.00000000,0.00000000,0.00000000,0.00000000,0.00000000,0.00000000,0.00000000,0.00000000,0.00000000,-0.00093073,-0.00014983,-0.00080850,0.00124851,-0.00094251,0.00134623,-0.00072627,0.00136803,0.00045287,-0.00093991,-0.00087777,-0.00131785,-0.00114753,0.00192345,0.00079795,-0.00154579
0.00033791,-0.00077019,-0.00128234,0.00140639,0.00076246,0.00084113,0.00101854,-0.00197441,-0.00104405,-0.00071992,-0.00114720,0.00076080,-0.00024512,0.00095003,-0.00089597,0.00062991,-0.00105422,-0.00075699,0.00012554,-0.00140748,-0.00111265,-0.00048614,-0.00107362,-0.00094945,0.00077149,0.00057701,-0.00105350,-0.00071150,-0.00034113,-0.00017272,-0.00052302,0.00058274,-0.00141780,0.00002254,-0.00073548,-0.00028575,0.00073894,-0.00059914,0.00004988,0.00009264,-0.00104993,0.00049241,0.00051780,0.00036104,0.00166516,0.00010880,-0.00082966,-0.01520503,-0.00002829,0.00024127,0.00097070,0.00011157,0.00099612,-0.00019687,0.00028601,-0.00157550,0.00160684,-0.00062890,-0.00000713,-0.00105173,-0.00074251,-0.00138238,0.00115028,0.00067835,0.00098767,0.00068831,0.00029818,0.00046332,-0.00044527,0.00075828,-0.00118438,0.00090422,-0.00077441,0.00132758,-0.00005448,0.00204902,-0.00129025,0.00143990,-0.00029951,-0.00169478,0.00126086,-0.00046139,0.00059657,0.00110585,-0.00001385,-0.00140223,0.00009187,-0.00074325,0.00227021,0.00120040,0.00044119,-0.00113745,-0.00023589,0.00223231,-0.00041396,-0.00124567,-0.00243405,-0.00060978,-0.00108800,0.00040338,0.00140545,0.00040151,-0.00000599,0.00120721,-0.00037023,-0.00001572,-0.00017331,-0.00105338,0.00124215,0.00087725,-0.00038329,0.00031032,0.00114989,-0.00117989,0.00140647,-0.00009850,0.00203272,0.00056349,-0.00036416,-0.00075881,-0.00077800,-0.00097358,-0.00100047,0.00250308,0.00041290,-0.00196982,0.00123769,-0.00148604,0.00000000,0.00000000,0.00000000,0.00000000,0.00000000,0.00000000,0.00000000,0.00000000,0.00000000,0.00000000,0.00000000,0.00000000,0.00000000,0.00000000,0.00000000,0.00000000,0.00000000,0.00000000,0.00000000,0.00000000,0.00000000,0.00000000,0.00000000,0.00000000,0.00000000,0.00000000,0.00000000,0.00000000,0.00000000,0.00000000,0.00000000,0.00000000,0.00000000,0.00000000,0.00000000,0.00000000,0.00000000,0.00000000,0.00000000,0.00000000,0.00000000,0.00000000,0.00000000,0.00000000,0.00000000,0.00000000,0.00000000,0.00000000,0.00032579,-0.00065350,-0.00111564,-0.00033840,-0.00006307,0.00071956,0.00018143,0.00025954,0.00044588,0.00039756,-0.00037777,-0.00061748,0.00051876,0.00003722,-0.00086072,0.00058765
-0.00090325,0.00101359,0.00200427,-0.00089999,-0.00147910,-0.00108004,-0.00031746,0.00061690,0.00041276,0.00076754,0.00085760,0.00079724,-0.00045783,0.00027961,0.00080487,-0.00046258,0.00096204,0.00082372,0.00016781,0.00162551,0.00128829,0.00114530,0.00106757,-0.00001589,-0.00122763,0.00080092,0.00172309,0.00207715,0.00032321,0.00092964,0.00126429,-0.00065941,0.00128020,0.00048551,0.00054095,-0.00098863,-0.00097225,-0.00020367,-0.00106248,0.00085303,0.00133326,0.00135951,0.00034495,-0.00131281,-0.00202465,0.00024174,0.00067734,0.00054545,-0.01531116,-0.00131627,-0.00134189,0.00051911,-0.00134140,0.00027795,-0.00065271,0.00115713,-0.00160554,-0.00034676,0.00067727,0.00081212,0.00205891,0.00119953,-0.00172817,-0.00128417,-0.00145358,-0.00075766,-0.00182330,-0.00158708,-0.00048716,-0.00169149,0.00102009,-0.00030529,0.00096709,-0.00169818,-0.00003156,-0.00264199,0.00134459,-0.00094096,0.00116708,0.00123703,-0.00142461,0.00130227,-0.00112878,0.00013948,0.00076835,0.00179092,-0.00088932,0.00113963,-0.00088027,-0.00050560,-0.00031447,0.00106501,0.00094358,-0.00176076,0.00092983,0.00124293,0.00238591,0.00114110,0.00106801,0.00041269,-0.00056439,-0.00045111,-0.00067899,-0.00121373,0.00016383,0.00071490,0.00117521,0.00180924,-0.00161146,-0.00084535,0.00126085,-0.00069218,0.00000045,0.00099749,-0.00149943,0.00080731,-0.00188961,-0.00105805,-0.00146592,0.00118420,0.00038120,0.00150333,0.00204102,-0.00026480,-0.00097040,0.00165894,-0.00182012,0.00118623,0.00000000,0.00000000,0.00000000,0.00000000,0.00000000,0.00000000,0.00000000,0.00000000,0.00000000,0.00000000,0.00000000,0.00000000,0.00000000,0.00000000,0.00000000,0.00000000,0.00000000,0.00000000,0.00000000,0.00000000,0.00000000,0.00000000,0.00000000,0.00000000,0.00000000,0.00000000,0.00000000,0.00000000,0.00000000,0.00000000,0.00000000,0.00000000,0.00000000,0.00000000,0.00000000,0.00000000,0.00000000,0.00000000,0.00000000,0.00000000,0.00000000,0.00000000,0.00000000,0.00000000,0.00000000,0.00000000,0.00000000,0.00000000,-0.00077849,0.00005621,-0.00061758,-0.00009065,-0.00017933,0.00004258,0.00000505,0.00116138,-0.00118542,-0.00069103,0.00085685,0.00033113,-0.00062207,-0.00003860,0.00114766,-0.00014263
-0.00060444,0.00026382,0.00111845,-0.00123051,-0.00087500,-0.00126760,-0.00070612,0.00056584,0.00058616,0.00137811,0.00091949,0.00063193,-0.00094710,0.00010994,0.00061582,-0.00166968,0.00089089,0.00000383,0.00022898,0.00106101,0.00174488,0.00025680,0.00147827,0.00066680,-0.00074080,0.00036524,0.00109650,0.00035644,0.00121551,0.00121588,0.00046299,-0.00021181,-0.00046512,0.00113622,0.00109483,-0.00113763,-0.00074374,0.00060103,-0.00103270,0.00165442,0.00066418,0.00165653,0.00035138,-0.00045301,-0.00179945,0.00056655,0.00000007,0.00098557,-0.00095941,-0.01518237,-0.00091663,0.00067221,-0.00133527,0.00089989,-0.00076629,0.00192838,-0.00244936,0.00145881,0.00073709,0.00120534,0.00149533,0.00119273,-0.00032530,-0.00147290,-0.00072957,-0.00105385,-0.00039719,-0.00075005,0.00008438,-0.00170115,0.00102639,-0.00011847,0.00097910,-0.00011083,0.00059045,-0.00109846,0.00106783,-0.00036310,0.00009836,0.00191787,-0.00048834,0.00034300,-0.00134088,-0.00072140,0.00044446,0.00102622,-0.00008918,0.00167621,0.00002769,-0.00081807,-0.00039478,0.00037744,0.00096241,-0.00096271,0.00135125,0.00035407,0.00089442,0.00030171,0.00216996,-0.00069371,-0.00112525,-0.00126252,0.00056129,-0.00012685,0.00084148,0.00176584,0.00197513,0.00183045,-0.00011957,-0.00123992,0.00201650,-0.00037296,0.00019714,0.00031222,-0.00153912,0.00105804,-0.00154596,-0.00092984,-0.00104532,0.00011893,0.00087929,0.00131902,0.00207435,-0.00029829,-0.00125580,0.00160282,-0.00212609,0.00058854,0.00000000,0.00000000,0.00000000,0.00000000,0.00000000,0.00000000,0.00000000,0.00000000,0.00000000,0.00000000,0.00000000,0.00000000,0.00000000,0.00000000,0.00000000,0.00000000,0.00000000,0.00000000,0.00000000,0.00000000,0.00000000,0.00000000,0.00000000,0.00000000,0.00000000,0.00000000,0.00000000,0.00000000,0.00000000,0.00000000,0.00000000,0.00000000,0.00000000,0.00000000,0.00000000,0.00000000,0.00000000,0.00000000,0.00000000,0.00000000,0.00000000,0.00000000,0.00000000,0.00000000,0.00000000,0.00000000,0.00000000,0.00000000,-0.00033521,0.00017808,-0.00150438,0.00013941,-0.00016610,-0.00012912,-0.00102579,0.00045112,-0.00103988,-0.00063475,0.00037382,-0.00042973,-0.00063276,0.00046697,0.00059523,0.00002285
-0.00033874,0.00034771,-0.00027627,0.00109838,-0.00041822,-0.00103170,-0.00039640,0.00123540,-0.00062649,0.00081287,-0.00079375,0.00001005,0.00057582,-0.00138069,-0.00057345,0.00028734,-0.00041393,-0.00066020,0.00087937,0.00130981,0.00024495,-0.00078398,-0.00022328,-0.00030804,0.00024251,-0.00129886,0.00017379,-0.00095159,0.00099792,0.00001855,-0.00057575,0.00113760,0.00134101,-0.00136855,-0.00067821,0.00133369,-0.00035397,0.00095155,0.00085883,-0.00047335,-0.00038127,-0.00061569,-0.00151575,0.00071036,-0.00044110,-0.00009905,-0.00010155,-0.00001355,0.00034846,0.00097047,-0.01009367,-0.00076415,-0.00012728,-0.00052559,0.00021391,0.00101611,-0.00100768,-0.00075205,-0.00054316,-0.00072077,-0.00090349,-0.00071933,-0.00060029,0.00048234,-0.00065868,-0.00011945,0.00089598,0.00037654,-0.00032104,-0.00119964,-0.00110148,-0.00118861,0.00079005,-0.00089996,0.00104446,-0.00201583,-0.00015726,0.00063158,-0.00084385,0.00189930,-0.00028785,-0.00074839,0.00047257,0.00027244,-0.00077997,0.00129180,0.00052654,-0.00024308,-0.00169287,-0.00140872,-0.00186914,-0.00051798,-0.00016219,-0.00165555,-0.00050492,0.00106083,0.00163839,-0.00046834,0.00042615,0.00057314,-0.00063540,-0.00064366,0.00053108,-0.00097140,-0.00096086,-0.00051653,-0.00011891,-0.00062617,0.00064382,-0.00062090,-0.00002917,-0.00000525,-0.00076651,0.00035728,-0.00040543,-0.00070761,-0.00201178,0.00026872,0.00066261,-0.00008666,-0.00011444,-0.00028576,-0.00036599,-0.00142654,-0.00032693,0.00173960,-0.00056253,0.00070090,0.00000000,0.00000000,0.00000000,0.00000000,0.00000000,0.00000000,0.00000000,0.00000000,0.00000000,0.00000000,0.00000000,0.00000000,0.00000000,0.00000000,0.00000000,0.00000000,0.00000000,0.00000000,0.00000000,0.00000000,0.00000000,0.00000000,0.00000000,0.00000000,0.00000000,0.00000000,0.00000000,0.00000000,0.00000000,0.00000000,0.00000000,0.00000000,0.00000000,0.00000000,0.00000000,0.00000000,0.00000000,0.00000000,0.00000000,0.00000000,0.00000000,0.00000000,0.00000000,0.00000000,0.00000000,0.00000000,0.00000000,0.00000000,0.00117060,0.00017497,0.00105127,-0.00145691,0.00089694,-0.00191642,0.00140734,-0.00123462,-0.00016893,0.00165441,-0.00024701,0.00103264,0.00095922,-0.00156044,-0.00165694,0.00169059
0.00075983,-0.00072460,0.00007668,0.00032134,0.00052789,0.00101088,0.00050486,-0.00025762,0.00040582,-0.00037734,-0.00090177,-0.00031189,0.00000516,-0.00024702,-0.00050395,0.00085016,-0.00099858,-0.00013229,-0.00051790,-0.00075403,-0.00125304,-0.00092697,-0.00003008,0.00001163,0.00000092,0.00049420,-0.00157295,-0.00088753,-0.00116948,-0.00117078,-0.00033876,-0.00036504,-0.00081192,-0.00047854,-0.00049889,0.00041713,0.00006796,-0.00111966,0.00076883,-0.00043249,0.00047599,0.00048844,0.00008976,-0.00040671,0.00140377,0.00006023,-0.00109890,-0.00010024,-0.00014242,-0.00018514,0.00081943,-0.01422925,0.00027847,0.00026803,0.00071226,-0.00122768,0.00197623,-0.00116999,-0.00081127,-0.00113462,-0.00092582,-0.00014778,0.00072491,0.00031653,0.00071885,0.00067112,0.00032475,0.00082322,0.00108066,0.00155521,-0.00019090,0.00107827,-0.00087210,0.00027330,-0.00034040,0.00166180,-0.00143180,0.00020244,0.00078326,-0.00127328,0.00120811,0.00024210,-0.00004335,-0.00085977,-0.00009859,-0.00152858,-0.00033967,-0.00023525,0.00120772,0.00081010,0.00113081,-0.00044103,-0.00009348,0.00083421,-0.00025724,-0.00061298,-0.00162142,0.00010257,-0.00168769,-0.00018899,0.00113040,0.00034976,-0.00000461,0.00040919,-0.00058085,0.00026273,-0.00177266,0.00021045,0.00008589,0.00073390,-0.00043848,-0.00007908,0.00046791,-0.00069265,0.00034727,-0.00047047,0.00095364,-0.00039220,0.00040748,-0.00094195,-0.00095686,-0.00043905,-0.00101630,0.00034592,0.00075006,-0.00221266,0.00156311,-0.00096872,0.00000000,0.00000000,0.00000000,0.00000000,0.00000000,0.00000000,0.00000000,0.00000000,0.00000000,0.00000000,0.00000000,0.00000000,0.00000000,0.00000000,0.00000000,0.00000000,0.00000000,0.00000000,0.00000000,0.00000000,0.00000000,0.00000000,0.00000000,0.00000000,0.00000000,0.00000000,0.00000000,0.00000000,0.00000000,0.00000000,0.00000000,0.00000000,0.00000000,0.00000000,0.00000000,0.00000000,0.00000000,0.00000000,0.00000000,0.00000000,0.00000000,0.00000000,0.00000000,0.00000000,0.00000000,0.00000000,0.00000000,0.00000000,0.00000857,-0.00048644,-0.00002757,0.00092506,-0.00000918,0.00141453,0.00003467,0.00072667,0.00069602,-0.00023374,-0.00004659,-0.00072772,0.00021477,0.00116606,0.00008050,-0.00093296
-0.00029912,0.00086604,0.00014799,0.00060131,-0.00200798,-0.00065057,-0.00070275,0.00098870,-0.00122453,0.00051763,-0.00077671,-0.00120657,0.00011844,-0.00124011,-0.00046686,0.00055653,-0.00059731,-0.00124137,0.00155939,0.00104205,-0.00004967,0.00006989,-0.00055330,-0.00087340,0.00062742,-0.00104598,0.00062216,-0.00075681,0.00178566,0.00033757,-0.00087008,0.00081578,0.00064328,-0.00137362,-0.00050315,0.00116319,-0.00021614,0.00101088,0.00043307,-0.00080904,-0.00036455,-0.00114629,-0.00117793,-0.00013283,-0.00120292,-0.00085818,0.00046669,-0.00045236,0.00133729,0.00131437,-0.00006616,-0.00094366,-0.00970913,-0.00036216,-0.00016677,0.00104792,-0.00102513,-0.00092013,-0.00057044,-0.00008131,-0.00019909,-0.00012417,-0.00008156,0.00020239,0.00045056,-0.00018980,0.00084766,0.00120003,-0.00063708,0.00020169,-0.00079592,-0.00046118,0.00027017,-0.00017739,0.00127711,-0.00223148,0.00101615,-0.00026250,-0.00124713,0.00122729,0.00065373,-0.00035944,0.00073316,0.00050101,-0.00081201,0.00177972,0.00106072,-0.00038838,-0.00126740,-0.00207534,-0.00169189,0.00030011,-0.00074218,-0.00245441,-0.00060706,0.00182075,0.00154075,0.00001283,0.00058350,0.00029371,-0.00008395,-0.00112386,0.00113024,-0.00078987,-0.00063252,-0.00066294,0.00007954,-0.00017889,-0.00007393,0.00043285,0.00026414,-0.00017656,-0.00171480,-0.00023621,-0.00138644,-0.00042996,-0.00211500,0.00054194,0.00082272,-0.00017671,-0.00024559,-0.00032960,-0.00032467,-0.00123133,0.00062567,0.00108674,-0.00056284,0.00276240,0.00000000,0.00000000,0.00000000,0.00000000,0.00000000,0.00000000,0.00000000,0.00000000,0.00000000,0.00000000,0.00000000,0.00000000,0.00000000,0.00000000,0.00000000,0.00000000,0.00000000,0.00000000,0.00000000,0.00000000,0.00000000,0.00000000,0.00000000,0.00000000,0.00000000,0.00000000,0.00000000,0.00000000,0.00000000,0.00000000,0.00000000,0.00000000,0.00000000,0.00000000,0.00000000,0.00000000,0.00000000,0.00000000,0.00000000,0.00000000,0.00000000,0.00000000,0.00000000,0.00000000,0.00000000,0.00000000,0.00000000,0.00000000,0.00159156,-0.00019270,0.00116121,-0.00049735,0.00060856,-0.00160722,0.00167949,-0.00081769,-0.00042366,0.00065163,-0.00007074,0.00149923,0.00108065,-0.00088550,-0.00074507,0.00149014
0.00004870,0.00081849,0.00016702,-0.00068623,0.00054875,-0.00041167,0.00009958,-0.00006541,0.00184884,0.00047557,0.00077007,0.00068706,-0.00185215,0.00153884,0.00146450,-0.00136631,0.00110475,0.00075844,-0.00170612,-0.00060340,0.00109047,0.00140972,0.00153167,0.00149849,-0.00174695,0.00052714,-0.00007816,0.00053885,-0.00075149,0.00014254,0.00146281,-0.00193846,0.00013162,0.00187940,0.00056870,-0.00186364,-0.00099736,-0.00010176,-0.00139206,0.00162537,0.00089205,0.00180082,0.00149743,-0.00077123,0.00010009,0.00124962,0.00041740,0.00095077,-0.00171673,-0.00146404,-0.00112558,0.00229666,-0.00131464,-0.01467185,-0.00057349,-0.00118030,0.00143721,0.00107603,0.00132157,0.00127571,0.00051491,0.00081719,-0.00158188,-0.00057092,-0.00174465,-0.00139979,-0.00133576,-0.00096298,0.00041868,0.00004626,0.00059392,0.00092814,0.00008302,0.00015833,-0.00096277,0.00113875,0.00054264,-0.00047680,0.00123637,-0.00106775,-0.00116557,0.00154250,-0.00090872,-0.00042562,0.00086127,-0.00112729,-0.00119793,0.00016016,0.00051692,0.00262875,0.00143592,0.00109168,0.00162405,0.00155223,0.00096280,-0.00107057,-0.00106655,0.00040112,0.00014314,0.00014055,-0.00019842,0.00083031,-0.00103776,0.00031158,0.00017498,0.00163101,0.00035928,0.00062156,-0.00049362,-0.00080303,0.00177642,0.00004363,0.00105768,0.00138636,0.00189008,0.00174650,0.00170783,-0.00141308,-0.00123200,0.00024420,0.00056626,-0.00049281,0.00159561,0.00164779,-0.00027983,-0.00033217,-0.00000878,-0.00151392,0.00000000,0.00000000,0.00000000,0.00000000,0.00000000,0.00000000,0.00000000,0.00000000,0.00000000,0.00000000,0.00000000,0.00000000,0.00000000,0.00000000,0.00000000,0.00000000,0.00000000,0.00000000,0.00000000,0.00000000,0.00000000,0.00000000,0.00000000,0.00000000,0.00000000,0.00000000,0.00000000,0.00000000,0.00000000,0.00000000,0.00000000,0.00000000,0.00000000,0.00000000,0.00000000,0.00000000,0.00000000,0.00000000,0.00000000,0.00000000,0.00000000,0.00000000,0.00000000,0.00000000,0.00000000,0.00000000,0.00000000,0.00000000,-0.00171947,-0.00018960,-0.00134916,0.00126618,-0.00112064,0.00147818,-0.00128488,0.00137168,0.00027262,-0.00049025,-0.00026751,-0.00150704,-0.00144198,0.00164627,0.00119994,-0.00193350
-0.00081476,-0.00039238,-0.00007463,0.00126811,-0.00024535,-0.00102310,-0.00028063,0.00012824,-0.00193089,-0.00051972,-0.00181845,0.00021944,0.00063252,-0.00105171,-0.00084257,-0.00030226,-0.00084991,-0.00199480,0.00232945,0.00056724,-0.00018928,-0.00091103,-0.00054404,-0.00026997,0.00157638,-0.00105440,0.00060232,-0.00044940,0.00075470,-0.00010635,-0.00208693,0.00200125,0.00011145,-0.00119536,-0.00187820,0.00159106,-0.00032260,0.00048269,0.00141213,-0.00123659,-0.00028621,-0.00176658,-0.00183780,0.00071735,-0.00039843,-0.00067273,0.00014153,-0.00156759,0.00148565,0.00196425,0.00044433,-0.00150163,0.00114530,0.00021602,-0.01444847,0.00144522,-0.00217555,-0.00163417,-0.00017149,-0.00052621,-0.00017997,-0.00100495,0.00176204,0.00047774,0.00005268,0.00081000,0.00067743,0.00087460,-0.00024081,0.00042595,-0.00052352,-0.00077899,0.00010720,-0.00049855,0.00230565,-0.00162330,0.00032292,-0.00092266,-0.00141275,0.00125193,0.00065108,-0.00185267,0.00078784,-0.00029923,0.00038060,0.00194500,0.00262789,-0.00051252,-0.00078306,-0.00189562,-0.00189116,-0.00013272,-0.00116115,0.00001229,-0.00061732,0.00065867,0.00090366,0.00050786,0.00068784,0.00095611,-0.00059127,-0.00074935,0.00034811,0.00009371,-0.00098330,-0.00023334,0.00111249,-0.00055367,0.00102688,0.00114932,-0.00139684,-0.00108419,-0.00054285,-0.00171089,-0.00071222,-0.00114596,-0.00171165,0.00131345,0.00040293,-0.00117450,-0.00039750,0.00085279,-0.00119715,-0.00136849,0.00098563,0.00027392,-0.00048025,0.00105815,0.00000000,0.00000000,0.00000000,0.00000000,0.00000000,0.00000000,0.00000000,0.00000000,0.00000000,0.00000000,0.00000000,0.00000000,0.00000000,0.00000000,0.00000000,0.00000000,0.00000000,0.00000000,0.00000000,0.00000000,0.00000000,0.00000000,0.00000000,0.00000000,0.00000000,0.00000000,0.00000000,0.00000000,0.00000000,0.00000000,0.00000000,0.00000000,0.00000000,0.00000000,0.00000000,0.00000000,0.00000000,0.00000000,0.00000000,0.00000000,0.00000000,0.00000000,0.00000000,0.00000000,0.00000000,0.00000000,0.00000000,0.00000000,0.00055970,-0.00004691,0.00099268,-0.00067814,0.00143771,-0.00255889,0.00017152,-0.00152528,0.00047287,0.00121939,0.00076771,0.00115924,0.00257014,-0.00114497,-0.00117363,0.00172980
0.00107523,-0.00051163,0.00316941,-0.00309946,0.00144186,-0.00075352,-0.00027380,-0.00060916,0.00305937,0.00264848,0.00222325,0.00283309,-0.00303963,0.00405281,0.00189516,-0.00267278,0.00247092,0.00206964,-0.00298137,-0.00109369,0.00252274,0.00282704,0.00262975,0.00324828,-0.00283547,0.00317050,0.00084412,0.00294548,-0.00003454,0.00139738,0.00311495,-0.00276574,0.00100547,0.00284422,0.00276609,-0.00275630,-0.00140736,0.00016410,-0.00305256,0.00319395,0.00103888,0.00300930,0.00338804,-0.00220613,-0.00064460,0.00281738,0.00133241,0.00312026,-0.00263118,-0.00273935,-0.00297800,0.00313523,-0.00331523,0.00157142,-0.00214992,-0.01501510,0.00052044,0.00239118,0.00210079,0.00332208,0.00238963,0.00254329,-0.00204469,-0.00241938,-0.00239372,-0.00086254,-0.00275967,-0.00243120,0.00132547,-0.00023233,0.00210459,0.00249438,0.00054724,-0.00010818,-0.00325685,0.00213038,0.00052242,-0.00226330,0.00261406,-0.00131104,-0.00175557,0.00226385,-0.00135371,-0.00200358,0.00352211,0.00000350,-0.00369240,0.00205021,0.00004830,0.00309869,0.00185573,0.00269335,0.00291628,0.00060543,0.00249772,0.00052362,-0.00213520,0.00172561,0.00147650,-0.00031367,-0.00198062,-0.00070434,-0.00334963,-0.00139126,0.00164759,0.00292509,0.00157911,0.00271173,-0.00240523,-0.00202296,0.00321698,0.00059431,0.00205183,0.00202042,0.00000342,0.00304439,0.00064744,-0.00293626,-0.00294071,0.00234156,0.00074619,0.00089985,0.00220959,0.00009941,-0.00207626,0.00050266,-0.00106042,-0.00179718,0.00000000,0.00000000,0.00000000,0.00000000,0.00000000,0.00000000,0.00000000,0.00000000,0.00000000,0.00000000,0.00000000,0.00000000,0.00000000,0.00000000,0.00000000,0.00000000,0.00000000,0.00000000,0.00000000,0.00000000,0.00000000,0.00000000,0.00000000,0.00000000,0.00000000,0.00000000,0.00000000,0.00000000,0.00000000,0.00000000,0.00000000,0.00000000,0.00000000,0.00000000,0.00000000,0.00000000,0.00000000,0.00000000,0.00000000,0.00000000,0.00000000,0.00000000,0.00000000,0.00000000,0.00000000,0.00000000,0.00000000,0.00000000,-0.00258159,0.00081246,-0.00294014,0.00262303,-0.00236772,0.00309012,-0.00313454,0.00280449,0.00010343,-0.00264709,-0.00067470,-0.00208177,-0.00206117,0.00366269,0.00327079,-0.00329600
-0.00125769,-0.00078686,-0.00266564,0.00298564,-0.00128901,0.00151857,-0.00109886,-0.00092320,-0.00359791,-0.00296124,-0.00374719,-0.00224410,0.00323843,-0.00420964,-0.00314627,0.00323005,-0.00380860,-0.00257958,0.00356610,0.00100554,-0.00230480,-0.00278293,-0.00346662,-0.00331692,0.00372858,-0.00350270,-0.00113512,-0.00224360,0.00087469,-0.00151654,-0.00372325,0.00348315,0.00020588,-0.00360537,-0.00321146,0.00379945,0.00190902,-0.00142702,0.00382958,-0.00400679,-0.00213627,-0.00419401,-0.00428267,0.00244242,0.00218066,-0.00334322,-0.00141784,-0.00332711,0.00332954,0.00368949,0.00314109,-0.00324132,0.00341095,-0.00176606,0.00234691,0.00013363,-0.01409229,-0.00301410,-0.00306721,-0.00337722,-0.00334268,-0.00297266,0.00375236,0.00275340,0.00293291,0.00132136,0.00383262,0.00397729,-0.00200524,0.00219594,-0.00259406,-0.00207743,-0.00205565,0.00023006,0.00334410,-0.00133241,-0.00205478,0.00227032,-0.00096914,0.00126604,0.00302276,-0.00306034,0.00319981,0.00286461,-0.00327009,0.00159222,0.00360512,-0.00234454,-0.00069996,-0.00249260,-0.00349697,-0.00283106,-0.00352217,-0.00125729,-0.00334028,0.00036274,0.00227347,-0.00258578,-0.00111276,0.00121673,0.00276008,0.00006256,0.00233917,0.00179224,-0.00130631,-0.00407245,-0.00233945,-0.00196624,0.00225152,0.00365099,-0.00290424,-0.00154154,-0.00142679,-0.00251261,-0.00042568,-0.00308429,-0.00156009,0.00347362,0.00383324,-0.00238018,-0.00157663,-0.00088925,-0.00387043,-0.00153331,0.00302408,-0.00174329,0.00246319,0.00278302,0.00000000,0.00000000,0.00000000,0.00000000,0.00000000,0.00000000,0.00000000,0.00000000,0.00000000,0.00000000,0.00000000,0.00000000,0.00000000,0.00000000,0.00000000,0.00000000,0.00000000,0.00000000,0.00000000,0.00000000,0.00000000,0.00000000,0.00000000,0.00000000,0.00000000,0.00000000,0.00000000,0.00000000,0.00000000,0.00000000,0.00000000,0.00000000,0.00000000,0.00000000,0.00000000,0.00000000,0.00000000,0.00000000,0.00000000,0.00000000,0.00000000,0.00000000,0.00000000,0.00000000,0.00000000,0.00000000,0.00000000,0.00000000,0.00286916,-0.00096213,0.00391202,-0.00217400,0.00282094,-0.00442375,0.00267731,-0.00275331,0.00030296,0.00209810,0.00180019,0.00312604,0.00301882,-0.00337129,-0.00347439,0.00377186
0.00088912,-0.00081589,0.00066017,0.00023120,0.00165821,0.00050881,0.00140590,-0.00088164,0.00101488,-0.00041066,0.00068645,0.00014484,-0.00058726,0.00043246,-0.00051414,0.00013215,0.00051562,-0.00002747,-0.00042042,-0.00102209,-0.00012691,0.00091836,0.00073621,0.00089587,-0.00092052,0.00120267,-0.00063117,-0.00010548,-0.00125645,-0.00091241,0.00141841,-0.00078980,-0.00122442,0.00014964,-0.00034121,-0.00158789,0.00100940,-0.00022677,-0.00067346,-0.00009618,-0.00092391,0.00068502,0.00104131,0.00032578,0.00122449,0.00002412,-0.00004133,0.00052447,-0.00200403,-0.00050924,-0.00086349,-0.00003439,-0.00063675,-0.00020762,-0.00083002,-0.00132691,0.00145707,-0.01321458,0.00070955,-0.00027703,0.00009907,-0.00020804,0.00032486,0.00024050,-0.00030960,0.00009501,-0.00053298,-0.00100086,0.00088813,0.00104763,0.00040123,0.00122987,-0.00064335,0.00007722,-0.00089653,0.00187372,-0.00067639,-0.00004900,0.00060579,-0.00134226,0.00059855,0.00046011,-0.00020027,-0.00066430,0.00089652,-0.00121091,-0.00113858,-0.00024049,0.00074326,0.00225105,0.00139577,0.00006209,0.00017873,0.00203115,-0.00008534,-0.00095807,-0.00233604,0.00043405,-0.00082677,0.00042550,0.00053827,0.00076545,-0.00102246,0.00111004,-0.00068815,-0.00053479,-0.00076798,-0.00048379,0.00066851,0.00034864,0.00010937,0.00053864,0.00072698,-0.00062984,0.00182380,0.00044803,0.00199429,-0.00029916,-0.00049886,0.00031880,-0.00046774,-0.00050928,0.00036948,0.00160785,0.00053966,-0.00120511,0.00128379,-0.00173612,0.00000000,0.00000000,0.00000000,0.00000000,0.00000000,0.00000000,0.00000000,0.00000000,0.00000000,0.00000000,0.00000000,0.00000000,0.00000000,0.00000000,0.00000000,0.00000000,0.00000000,0.00000000,0.00000000,0.00000000,0.00000000,0.00000000,0.00000000,0.00000000,0.00000000,0.00000000,0.00000000,0.00000000,0.00000000,0.00000000,0.00000000,0.00000000,0.00000000,0.00000000,0.00000000,0.00000000,0.00000000,0.00000000,0.00000000,0.00000000,0.00000000,0.00000000,0.00000000,0.00000000,0.00000000,0.00000000,0.00000000,0.00000000,-0.00028572,-0.00023042,-0.00006346,0.00088055,-0.00095564,0.00146049,-0.00104569,0.00108485,0.00097293,0.00029976,-0.00108354,-0.00055589,0.00057698,0.00080766,0.00064958,-0.00067519
0.00024741,-0.00181570,-0.00090579,0.00000958,0.00143026,0.00068786,0.00062085,0.00018501,0.00038381,-0.00063750,-0.00139000,-0.00049650,0.00010820,-0.00008120,-0.00059360,0.00135360,-0.00113229,-0.00046574,-0.00013165,-0.00133356,-0.00081264,-0.00104300,-0.00065775,-0.00063331,0.00036729,0.00013270,-0.00084862,-0.00003227,-0.00168912,-0.00110794,0.00016727,-0.00016007,-0.00062450,0.00058716,-0.00045759,-0.00022495,0.00020051,-0.00013530,0.00073784,-0.00065442,-0.00051944,-0.00035614,0.00012774,-0.00068495,0.00175619,-0.00030431,-0.00104033,0.00021781,-0.00030167,-0.00001149,0.00080257,-0.00034265,0.00048289,-0.00059690,0.00134481,-0.00227940,0.00255048,-0.00017502,-0.01409755,-0.00064980,-0.00069435,-0.00034283,0.00160921,0.00113540,0.00057135,0.00047229,0.00011310,0.00136308,0.00025332,0.00114286,-0.00111423,0.00040720,-0.00144698,0.00129341,-0.00030950,0.00138187,-0.00127076,0.00091967,0.00117158,-0.00119474,0.00059000,-0.00051295,-0.00005961,0.00058431,-0.00114299,-0.00151719,-0.00050418,-0.00047594,0.00099379,0.00127787,0.00148857,-0.00023056,-0.00030018,0.00130372,-0.00020070,-0.00108856,-0.00095453,-0.00082029,-0.00121413,-0.00065824,0.00040992,0.00053868,-0.00053185,0.00162854,0.00059320,-0.00130052,-0.00152223,-0.00016062,0.00049424,0.00058447,-0.00076088,0.00062842,-0.00013270,-0.00067797,0.00167120,-0.00045227,0.00158600,-0.00020305,0.00048353,-0.00171205,0.00001411,-0.00229709,-0.00119963,0.00003045,0.00073856,-0.00257911,0.00152702,-0.00076995,0.00000000,0.00000000,0.00000000,0.00000000,0.00000000,0.00000000,0.00000000,0.00000000,0.00000000,0.00000000,0.00000000,0.00000000,0.00000000,0.00000000,0.00000000,0.00000000,0.00000000,0.00000000,0.00000000,0.00000000,0.00000000,0.00000000,0.00000000,0.00000000,0.00000000,0.00000000,0.00000000,0.00000000,0.00000000,0.00000000,0.00000000,0.00000000,0.00000000,0.00000000,0.00000000,0.00000000,0.00000000,0.00000000,0.00000000,0.00000000,0.00000000,0.00000000,0.00000000,0.00000000,0.00000000,0.00000000,0.00000000,0.00000000,0.00007112,0.00035196,-0.00007876,0.00044710,-0.00059064,0.00094443,-0.00078463,0.00014647,-0.00068882,-0.00087326,-0.00001807,-0.00040559,-0.00039735,0.00094214,0.00003332,-0.00038672
0.00064076,-0.00027301,-0.00034945,-0.00105257,0.00162696,-0.00010350,0.00055769,-0.00055287,0.00124676,-0.00009628,0.00105595,0.00021024,-0.00048068,0.00156413,0.00040116,-0.00018873,0.00061367,0.00126408,-0.00114654,-0.00173212,-0.00009623,0.00069298,0.00051270,0.00121455,-0.00123376,0.00142678,0.00034813,-0.00005717,-0.00130697,-0.00029637,0.00073032,-0.00157015,-0.00026449,0.00097145,0.00050680,-0.00055000,-0.00052916,-0.00055225,-0.00073965,0.00054921,0.00075982,0.00090974,0.00067293,-0.00016571,0.00102510,0.00064297,-0.00131738,-0.00010799,-0.00138921,-0.00105989,-0.00047627,0.00036091,-0.00098973,0.00048676,-0.00063501,-0.00088851,0.00105167,0.00001453,0.00072413,-0.01095658,-0.00025990,0.00038838,-0.00087958,-0.00010855,0.00066130,-0.00039006,-0.00138754,-0.00077806,0.00111675,0.00047354,0.00134527,0.00108193,-0.00019370,0.00051873,-0.00177382,0.00128196,-0.00082744,-0.00066965,0.00132945,-0.00166952,-0.00005479,0.00050596,-0.00132883,-0.00021263,-0.00005273,-0.00293027,-0.00104062,0.00001904,0.00146824,0.00203881,0.00203822,0.00113894,0.00105593,0.00168597,0.00040440,-0.00094872,-0.00104582,0.00006114,-0.00083459,0.00034797,0.00046817,0.00023301,-0.00139423,0.00026164,0.00047129,0.00022862,-0.00027437,-0.00019154,-0.00136460,-0.00000098,0.00000243,0.00038803,0.00111972,-0.00066699,0.00137597,0.00081247,0.00198943,-0.00087856,-0.00113237,0.00034018,0.00013577,-0.00080966,0.00015312,0.00073687,0.00040894,-0.00129518,0.00012315,-0.00107930,0.00000000,0.00000000,0.00000000,0.00000000,0.00000000,0.00000000,0.00000000,0.00000000,0.00000000,0.00000000,0.00000000,0.00000000,0.00000000,0.00000000,0.00000000,0.00000000,0.00000000,0.00000000,0.00000000,0.00000000,0.00000000,0.00000000,0.00000000,0.00000000,0.00000000,0.00000000,0.00000000,0.00000000,0.00000000,0.00000000,0.00000000,0.00000000,0.00000000,0.00000000,0.00000000,0.00000000,0.00000000,0.00000000,0.00000000,0.00000000,0.00000000,0.00000000,0.00000000,0.00000000,0.00000000,0.00000000,0.00000000,0.00000000,-0.00107878,0.00015688,-0.00008162,0.00094768,-0.00020460,0.00208468,-0.00108333,0.00119370,-0.00045686,-0.00106158,-0.00111042,-0.00095803,-0.00097622,0.00136389,0.00097019,-0.00112847
0.00091459,-0.00026807,-0.00048255,-0.00015725,0.00187333,0.00045204,0.00074369,-0.00053713,0.00042340,-0.00126088,-0.00020990,0.00018322,-0.00003826,0.00071271,-0.00073202,0.00025884,0.00066178,0.00045264,-0.00143558,-0.00158347,-0.00118488,-0.00006986,-0.00026277,0.00004522,-0.00055419,0.00128386,-0.00069125,0.00016402,-0.00073175,-0.00123369,-0.00049707,-0.00055742,-0.00038291,0.00018832,0.00041379,-0.00066293,0.00024217,-0.00036443,-0.00021751,-0.00040423,-0.00013608,0.00065007,0.00101042,-0.00005192,0.00113866,-0.00000014,-0.00046560,0.00096947,0.00011174,-0.00053290,-0.00058167,0.00001545,-0.00017441,-0.00052820,0.00061706,-0.00143647,0.00142767,0.00028026,0.00003466,-0.00051361,-0.01400015,0.00027361,-0.00037351,0.00049718,0.00074053,0.00073494,-0.00023049,-0.00049554,0.00049819,0.00021499,-0.00009493,0.00021718,-0.00068253,0.00167504,-0.00141999,0.00163666,-0.00077177,0.00001861,0.00126012,-0.00235450,-0.00028180,0.00005478,-0.00030450,-0.00012276,-0.00081213,-0.00176336,-0.00088218,0.00052937,0.00048767,0.00111806,0.00147021,-0.00032772,0.00028689,0.00131933,-0.00047776,-0.00110273,-0.00203945,-0.00043396,-0.00122293,-0.00000698,0.00147227,0.00052337,-0.00022209,0.00026982,-0.00034015,-0.00051266,-0.00028314,-0.00018013,-0.00009964,-0.00009322,-0.00002576,-0.00009557,0.00092215,0.00055863,0.00096865,0.00014806,0.00190728,-0.00032040,-0.00032940,-0.00011483,-0.00044881,-0.00138257,-0.00000116,0.00154471,0.00020050,-0.00183295,0.00127251,-0.00183154,0.00000000,0.00000000,0.00000000,0.00000000,0.00000000,0.00000000,0.00000000,0.00000000,0.00000000,0.00000000,0.00000000,0.00000000,0.00000000,0.00000000,0.00000000,0.00000000,0.00000000,0.00000000,0.00000000,0.00000000,0.00000000,0.00000000,0.00000000,0.00000000,0.00000000,0.00000000,0.00000000,0.00000000,0.00000000,0.00000000,0.00000000,0.00000000,0.00000000,0.00000000,0.00000000,0.00000000,0.00000000,0.00000000,0.00000000,0.00000000,0.00000000,0.00000000,0.00000000,0.00000000,0.00000000,0.00000000,0.00000000,0.00000000,-0.00010348,0.00097898,-0.00042085,0.00052543,-0.00020491,0.00130689,-0.00095360,0.00136971,0.00081224,-0.00003400,-0.00014497,-0.00092099,-0.00073816,0.00017190,0.00007979,-0.00034047
0.00027133,-0.00080656,0.00040622,-0.00089132,0.00138069,0.00012835,0.00056484,0.00024621,0.00173344,0.00062605,0.00131728,0.00084320,-0.00161921,0.00176522,0.00071032,-0.00078756,0.00078781,0.00160417,-0.00140997,-0.00203232,-0.00006514,0.00123792,-0.00008069,0.00079738,-0.00121816,0.00183233,-0.00066104,-0.00055198,-0.00179088,0.00077701,0.00132974,-0.00092947,0.00016498,0.00079183,0.00092714,-0.00128530,0.00058576,0.00002245,-0.00085487,0.00074394,0.00062008,0.00140498,0.00071826,-0.00082657,0.00100682,0.00089325,-0.00091228,0.00068493,-0.00133337,-0.00131340,-0.00078316,0.00164124,-0.00077696,0.00000424,-0.00036071,-0.00047671,0.00153837,0.00050193,0.00116753,0.00012993,0.00101733,-0.01211887,-0.00012481,-0.00045547,-0.00017172,-0.00001644,-0.00055984,-0.00064621,0.00112874,0.00063901,0.00119623,0.00081858,-0.00016107,-0.00018943,-0.00193739,0.00208172,-0.00061241,-0.00024983,0.00098954,-0.00213266,-0.00083399,0.00138798,-0.00117295,-0.00055838,0.00127467,-0.00109110,-0.00121483,0.00041536,0.00082241,0.00121245,0.00199393,0.00121328,0.00153039,0.00190345,0.00042695,-0.00140476,-0.00071577,-0.00066947,0.00026429,-0.00021455,0.00172950,0.00076832,-0.00023183,-0.00043590,-0.00030500,0.00178721,-0.00109248,0.00033485,0.00034433,-0.00049689,0.00060457,0.00024690,0.00085449,-0.00009566,0.00199098,0.00036566,0.00294302,-0.00083973,-0.00075160,0.00085441,-0.00046425,-0.00107265,0.00046569,0.00056124,-0.00017016,-0.00021061,0.00029821,-0.00087200,0.00000000,0.00000000,0.00000000,0.00000000,0.00000000,0.00000000,0.00000000,0.00000000,0.00000000,0.00000000,0.00000000,0.00000000,0.00000000,0.00000000,0.00000000,0.00000000,0.00000000,0.00000000,0.00000000,0.00000000,0.00000000,0.00000000,0.00000000,0.00000000,0.00000000,0.00000000,0.00000000,0.00000000,0.00000000,0.00000000,0.00000000,0.00000000,0.00000000,0.00000000,0.00000000,0.00000000,0.00000000,0.00000000,0.00000000,0.00000000,0.00000000,0.00000000,0.00000000,0.00000000,0.00000000,0.00000000,0.00000000,0.00000000,-0.00192355,0.00067740,-0.00083654,0.00097990,-0.00134582,0.00238097,-0.00104442,0.00052656,-0.00047084,-0.00121173,-0.00066015,-0.00152981,-0.00088813,0.00130360,0.00160555,-0.00140031
-0.00031161,0.00078151,0.00013128,-0.00006437,-0.00105086,-0.00077373,-0.00108785,0.00067526,0.00017668,-0.00031228,-0.00026833,-0.00143102,0.00080646,-0.00078538,0.00014140,0.00063208,0.00041635,-0.00066897,0.00123956,0.00049175,0.00040622,-0.00018222,-0.00002945,-0.00017970,-0.00029675,-0.00038507,0.00078825,-0.00059166,0.00140361,0.00049929,-0.00058541,0.00123599,0.00103176,0.00054807,-0.00026452,0.00050382,-0.00032472,0.00106114,0.00044926,-0.00007009,-0.00042716,-0.00077347,-0.00068682,0.00042122,-0.00003355,-0.00035474,0.00001338,0.00026714,-0.00003479,0.00043651,-0.00099711,0.00008539,-0.00047478,-0.00046216,0.00021386,0.00250128,-0.00113361,0.00033589,0.00072459,0.00001980,-0.00018233,0.00038238,-0.01199912,0.00048175,-0.00072497,0.00043374,0.00131861,0.00002535,-0.00104701,-0.00026987,-0.00062280,-0.00108242,0.00068905,-0.00104281,0.00108494,-0.00156662,0.00083026,0.00030677,-0.00129126,0.00182290,-0.00015173,-0.00086560,0.00039559,0.00058717,-0.00036289,0.00182800,0.00006620,-0.00040868,-0.00086233,-0.00148107,-0.00084922,0.00070736,0.00036028,-0.00074961,-0.00073705,0.00057116,0.00157074,-0.00012734,0.00007135,0.00089858,-0.00101558,-0.00108618,0.00020526,-0.00141175,-0.00008019,-0.00054944,0.00072206,0.00011401,0.00019331,-0.00071637,-0.00053382,-0.00111846,-0.00064025,0.00107661,-0.00184627,-0.00069556,-0.00133366,0.00053813,0.00024370,0.00080054,0.00013619,0.00075540,0.00080611,-0.00177718,-0.00040955,0.00191862,-0.00116430,0.00159406,0.00000000,0.00000000,0.00000000,0.00000000,0.00000000,0.00000000,0.00000000,0.00000000,0.00000000,0.00000000,0.00000000,0.00000000,0.00000000,0.00000000,0.00000000,0.00000000,0.00000000,0.00000000,0.00000000,0.00000000,0.00000000,0.00000000,0.00000000,0.00000000,0.00000000,0.00000000,0.00000000,0.00000000,0.00000000,0.00000000,0.00000000,0.00000000,0.00000000,0.00000000,0.00000000,0.00000000,0.00000000,0.00000000,0.00000000,0.00000000,0.00000000,0.00000000,0.00000000,0.00000000,0.00000000,0.00000000,0.00000000,0.00000000,0.00123120,-0.00012732,0.00085722,-0.00039651,0.00054318,-0.00107251,0.00018947,-0.00068210,-0.00091579,0.00055519,0.00002177,0.00128697,0.00051655,-0.00069896,-0.00067733,0.00150517
-0.00075559,0.00037291,-0.00001813,0.00073375,-0.00089879,-0.00091677,-0.00035974,0.00080150,-0.00140732,-0.00020766,-0.00118908,-0.00082089,0.00062502,-0.00099469,-0.00100732,-0.00044388,-0.00100199,-0.00090951,0.00159121,0.00171304,0.00016166,-0.00065621,-0.00087508,-0.00026202,0.00128019,-0.00097739,0.00033282,-0.00023117,0.00096573,0.00077620,-0.00127565,0.00159758,0.00016117,-0.00081990,-0.00098465,0.00184786,0.00014266,0.00080306,0.00087539,-0.00054609,-0.00034606,-0.00156278,-0.00148497,0.00010629,-0.00121965,-0.00115749,0.00036500,-0.00088068,0.00085003,0.00107307,0.00019537,-0.00120758,0.00116217,0.00071524,-0.00000476,0.00112580,-0.00138370,-0.00058952,-0.00059085,0.00024949,-0.00017654,-0.00106937,0.00122920,-0.01312233,0.00009567,-0.00011095,0.00109885,0.00051956,-0.00010899,-0.00061959,-0.00042218,-0.00056848,0.00029931,-0.00049381,0.00146751,-0.00134236,-0.00006378,0.00067010,-0.00144550,0.00168019,0.00095886,-0.00188554,0.00100293,0.00050642,-0.00027189,0.00156722,0.00183682,0.00059195,-0.00127580,-0.00161719,-0.00123340,-0.00013325,-0.00077900,-0.00100552,-0.00027829,0.00077291,0.00205774,-0.00006885,0.00033561,-0.00022758,-0.00130519,-0.00058711,0.00047067,0.00011680,-0.00113889,-0.00132825,0.00039217,-0.00049425,0.00029524,0.00027082,-0.00060619,-0.00019847,-0.00139625,-0.00078051,-0.00083730,-0.00004383,-0.00186818,0.00082081,0.00161351,-0.00071290,-0.00026000,0.00132363,-0.00029436,-0.00165225,-0.00001005,0.00127069,-0.00022626,0.00063532,0.00000000,0.00000000,0.00000000,0.00000000,0.00000000,0.00000000,0.00000000,0.00000000,0.00000000,0.00000000,0.00000000,0.00000000,0.00000000,0.00000000,0.00000000,0.00000000,0.00000000,0.00000000,0.00000000,0.00000000,0.00000000,0.00000000,0.00000000,0.00000000,0.00000000,0.00000000,0.00000000,0.00000000,0.00000000,0.00000000,0.00000000,0.00000000,0.00000000,0.00000000,0.00000000,0.00000000,0.00000000,0.00000000,0.00000000,0.00000000,0.00000000,0.00000000,0.00000000,0.00000000,0.00000000,0.00000000,0.00000000,0.00000000,0.00190314,-0.00054990,0.00171201,-0.00095184,0.00018018,-0.00250665,0.00074820,-0.00111856,-0.00015164,0.00192604,0.00061956,0.00081393,0.00032932,-0.00157314,-0.00127519,0.00096681
-0.00021843,0.00185351,-0.00003971,0.00086248,-0.00140261,-0.00037172,-0.00049980,0.00103598,-0.00105023,-0.00025173,-0.00019885,-0.00130306,0.00078209,-0.00074710,-0.00053671,-0.00047976,-0.00070682,-0.00049127,0.00082759,0.00086331,-0.00062705,-0.00055194,-0.00021095,-0.00098054,0.00099239,-0.00100418,0.00075297,-0.00020762,0.00135064,0.00050953,-0.00123330,0.00172787,0.00000599,-0.00127861,-0.00076145,0.00091227,-0.00044589,-0.00020399,0.00085959,-0.00024302,-0.00108777,-0.00119805,-0.00106847,-0.00002128,0.00007085,-0.00022243,0.00020411,-0.00012242,0.00071503,0.00189192,-0.00012868,-0.00097911,0.00053276,-0.00047449,0.00000075,0.00072028,-0.00095845,-0.00072232,-0.00101636,0.00050283,-0.00014326,-0.00037813,0.00006575,-0.00012054,-0.01353787,0.00030175,0.00104791,0.00120693,-0.00076784,-0.00137547,-0.00052938,-0.00083950,0.00085906,-0.00027232,0.00132451,-0.00165923,0.00031452,-0.00113836,-0.00108842,0.00100019,-0.00048648,-0.00109900,0.00034996,-0.00032770,-0.00085345,0.00107110,0.00109413,-0.00065063,-0.00120309,-0.00190936,-0.00150150,-0.00135877,-0.00065101,-0.00172170,-0.00135997,0.00037843,0.00235159,0.00029150,0.00097643,0.00000678,-0.00071413,-0.00096672,0.00102492,-0.00031089,-0.00062228,-0.00060566,0.00088480,0.00027130,0.00046757,0.00036332,-0.00069772,-0.00074880,-0.00066926,-0.00033540,-0.00116749,-0.00086627,-0.00199555,0.00061581,0.00089938,0.00038574,0.00039102,0.00111243,-0.00029252,-0.00198175,0.00046034,0.00142314,-0.00091013,0.00177419,0.00000000,0.00000000,0.00000000,0.00000000,0.00000000,0.00000000,0.00000000,0.00000000,0.00000000,0.00000000,0.00000000,0.00000000,0.00000000,0.00000000,0.00000000,0.00000000,0.00000000,0.00000000,0.00000000,0.00000000,0.00000000,0.00000000,0.00000000,0.00000000,0.00000000,0.00000000,0.00000000,0.00000000,0.00000000,0.00000000,0.00000000,0.00000000,0.00000000,0.00000000,0.00000000,0.00000000,0.00000000,0.00000000,0.00000000,0.00000000,0.00000000,0.00000000,0.00000000,0.00000000,0.00000000,0.00000000,0.00000000,0.00000000,0.00154008,-0.00016307,0.00110427,-0.00069964,0.00186222,-0.00138871,0.00103454,-0.00052922,-0.00020820,0.00156754,-0.00005397,0.00057855,0.00047208,-0.00116946,-0.00066293,0.00172480
-0.00007462,0.00136291,0.00029475,-0.00014667,-0.00194927,-0.00003511,-0.00006420,-0.00053330,-0.00032449,-0.00055301,-0.00073219,0.00023828,-0.00034518,-0.00015959,-0.00072009,-0.00062950,-0.00022317,-0.00088892,0.00076249,0.00046044,-0.00017108,0.00011775,0.00017431,0.00007757,-0.00014426,-0.00028111,0.00008719,0.00024306,0.00090669,0.00060283,-0.00013157,0.00047646,-0.00023701,-0.00119295,-0.00030275,0.00018147,-0.00023590,0.00059936,0.00058612,-0.00079991,0.00033641,-0.00060799,-0.00041506,-0.00004841,-0.00032516,-0.00076836,0.00001663,-0.00023692,0.00085779,0.00053205,-0.00077961,-0.00039082,-0.00022470,-0.00068975,0.00055034,0.00114443,-0.00133006,-0.00030541,-0.00043920,0.00039200,-0.00023179,0.00050858,0.00046896,-0.00046978,0.00015862,-0.01530766,0.00030190,0.00049052,-0.00010953,-0.00106538,0.00049988,-0.00048505,-0.00015206,-0.00060695,0.00102692,-0.00135917,0.00108939,0.00044322,-0.00084511,0.00055764,0.00007924,-0.00068157,0.00008885,0.00007567,0.00009118,0.00199214,0.00058829,-0.00059644,-0.00107767,-0.00211555,-0.00082024,-0.00097796,0.00024968,-0.00144226,-0.00009986,0.00037982,0.00112368,0.00001210,-0.00009915,0.00025483,-0.00083811,-0.00063839,0.00049997,-0.00099095,0.00062419,0.00041643,0.00148441,0.00044449,0.00031552,0.00003962,0.00072697,0.00008942,-0.00071312,0.00099370,-0.00130116,-0.00049058,-0.00109197,0.00037197,0.00052791,0.00006486,0.00067531,0.00062677,-0.00065058,-0.00057211,0.00007332,0.00122030,-0.00095832,0.00104914,0.00000000,0.00000000,0.00000000,0.00000000,0.00000000,0.00000000,0.00000000,0.00000000,0.00000000,0.00000000,0.00000000,0.00000000,0.00000000,0.00000000,0.00000000,0.00000000,0.00000000,0.00000000,0.00000000,0.00000000,0.00000000,0.00000000,0.00000000,0.00000000,0.00000000,0.00000000,0.00000000,0.00000000,0.00000000,0.00000000,0.00000000,0.00000000,0.00000000,0.00000000,0.00000000,0.00000000,0.00000000,0.00000000,0.00000000,0.00000000,0.00000000,0.00000000,0.00000000,0.00000000,0.00000000,0.00000000,0.00000000,0.00000000,0.00042727,-0.00071710,0.00026584,-0.00063580,0.00049627,-0.00107211,0.00070216,-0.00028098,-0.00117828,0.00096756,0.00008743,0.00087197,-0.00002985,-0.00123124,-0.00071702,0.00079737
-0.00083049,0.00125534,0.00119916,-0.00020883,-0.00141361,-0.00133916,-0.00131010,0.00060772,0.00058699,0.00111250,0.00026110,-0.00007820,0.00004903,-0.00016197,0.00061270,-0.00003042,0.00079887,-0.00055757,-0.00031013,0.00131444,0.00129330,-0.00008331,0.00072926,0.00002894,-0.00049411,0.00011539,0.00068370,0.00089691,0.00149577,0.00108692,0.00007155,0.00039924,0.00102737,-0.00042259,0.00037948,-0.00018393,-0.00036131,-0.00009587,-0.00021665,-0.00042863,0.00045417,0.00049944,-0.00117145,-0.00015031,-0.00192652,0.00001400,0.00069464,-0.00020905,-0.00038920,0.00052306,-0.00024923,0.00017894,-0.00045783,0.00093880,-0.00170566,0.00165544,-0.00160386,0.00042145,0.00015030,0.00034426,0.00063305,0.00122190,0.00077489,-0.00080820,-0.00056281,-0.00057750,-0.01150235,-0.00058032,-0.00036086,-0.00094526,-0.00004776,0.00001721,0.00096940,-0.00114427,0.00054048,-0.00179699,0.00103725,-0.00071399,-0.00058059,0.00147550,-0.00041315,0.00054909,-0.00038335,0.00038078,0.00042665,0.00163311,-0.00011378,0.00094587,-0.00071638,-0.00007728,-0.00121137,0.00049219,-0.00003324,-0.00169703,0.00055923,0.00134487,0.00146561,0.00081281,0.00136837,-0.00007901,-0.00121977,-0.00079373,0.00047297,-0.00080509,0.00059769,0.00050869,0.00182783,0.00075902,-0.00032526,-0.00087070,0.00009747,-0.00012494,-0.00043614,0.00002761,-0.00173466,0.00026302,-0.00205255,0.00000672,-0.00071377,0.00111132,0.00042404,0.00103495,0.00053650,-0.00169878,-0.00097338,0.00156128,-0.00152241,0.00085653,0.00000000,0.00000000,0.00000000,0.00000000,0.00000000,0.00000000,0.00000000,0.00000000,0.00000000,0.00000000,0.00000000,0.00000000,0.00000000,0.00000000,0.00000000,0.00000000,0.00000000,0.00000000,0.00000000,0.00000000,0.00000000,0.00000000,0.00000000,0.00000000,0.00000000,0.00000000,0.00000000,0.00000000,0.00000000,0.00000000,0.00000000,0.00000000,0.00000000,0.00000000,0.00000000,0.00000000,0.00000000,0.00000000,0.00000000,0.00000000,0.00000000,0.00000000,0.00000000,0.00000000,0.00000000,0.00000000,0.00000000,0.00000000,0.00083546,0.00048592,0.00065185,-0.00021839,-0.00072761,-0.00025444,-0.00059190,-0.00015003,-0.00041071,-0.00095904,0.00159346,0.00064040,-0.00005047,-0.00005214,0.00003705,0.00031401
-0.00057936,0.00023211,0.00065262,0.00028494,-0.00132518,-0.00096395,-0.00084912,0.00137455,-0.00054900,-0.00007261,-0.00030384,-0.00020820,-0.00041949,-0.00071173,-0.00040297,-0.00087302,-0.00031535,-0.00069732,0.00143607,0.00207125,0.00050891,0.00059270,0.00021328,-0.00061307,0.00140456,-0.00101208,0.00107296,0.00051877,0.00082395,0.00147443,-0.00041608,0.00090547,-0.00002231,-0.00081128,-0.00005329,0.00094976,-0.00182262,0.00051157,0.00041821,-0.00077558,0.00025341,-0.00055113,-0.00007983,0.00117625,-0.00094022,-0.00060811,-0.00048636,-0.00056200,0.00003453,0.00097989,-0.00074916,-0.00006608,0.00107678,0.00115631,-0.00048962,0.00200913,-0.00179706,-0.00044481,0.00042925,0.00039484,0.00005698,0.00021629,0.00007301,-0.00039735,0.00006321,0.00009010,-0.00002637,-0.01399991,-0.00184084,-0.00142305,-0.00002586,-0.00114831,0.00015368,-0.00054625,0.00117531,-0.00168807,0.00042753,0.00028080,-0.00169642,0.00168312,-0.00052820,-0.00099330,0.00000693,-0.00067667,0.00033135,0.00136271,0.00097264,0.00001607,-0.00096124,-0.00086536,-0.00136563,0.00052275,-0.00057556,-0.00138514,0.00018079,0.00064510,0.00146352,-0.00025923,0.00112038,0.00023520,-0.00189136,-0.00080886,0.00020073,-0.00095454,-0.00107665,0.00059403,0.00137303,-0.00013252,0.00034438,-0.00019175,0.00039752,-0.00050956,-0.00065130,0.00036874,-0.00146903,-0.00017244,-0.00206471,0.00064957,0.00008992,0.00012785,0.00084110,0.00101458,0.00010465,-0.00053128,-0.00021787,0.00180144,-0.00090676,0.00095254,0.00000000,0.00000000,0.00000000,0.00000000,0.00000000,0.00000000,0.00000000,0.00000000,0.00000000,0.00000000,0.00000000,0.00000000,0.00000000,0.00000000,0.00000000,0.00000000,0.00000000,0.00000000,0.00000000,0.00000000,0.00000000,0.00000000,0.00000000,0.00000000,0.00000000,0.00000000,0.00000000,0.00000000,0.00000000,0.00000000,0.00000000,0.00000000,0.00000000,0.00000000,0.00000000,0.00000000,0.00000000,0.00000000,0.00000000,0.00000000,0.00000000,0.00000000,0.00000000,0.00000000,0.00000000,0.00000000,0.00000000,0.00000000,0.00079910,-0.00090723,0.00060397,-0.00047333,0.00118369,-0.00179102,0.00146718,-0.00062845,0.00018834,0.00115781,0.00002165,0.00067920,0.00197526,-0.00088128,-0.00126296,0.00081716
-0.00081955,0.00059689,-0.00133522,0.00128256,-0.00057384,0.00098312,-0.00031686,0.00032263,-0.00171569,-0.00107595,-0.00108404,-0.00211958,0.00163941,-0.00164379,-0.00148526,0.00142543,-0.00080316,-0.00164467,0.00129547,0.00128631,-0.00169070,-0.00158906,-0.00198420,-0.00204569,0.00138702,-0.00187872,-0.00201265,-0.00182975,0.00048471,-0.00051502,-0.00115104,0.00206226,-0.00087702,-0.00261226,-0.00155760,0.00175712,0.00025046,-0.00040694,0.00233251,-0.00266122,-0.00170136,-0.00256054,-0.00109765,0.00094034,0.00054567,-0.00166990,-0.00080193,-0.00148802,0.00075172,0.00193681,0.00174168,-0.00113152,0.00188847,-0.00096755,0.00225148,0.00041560,-0.00031019,-0.00154650,-0.00145552,-0.00190316,-0.00165827,-0.00140170,0.00123857,0.00233684,0.00060481,0.00157709,0.00162056,0.00021999,-0.01375778,0.00064487,-0.00124157,-0.00042137,-0.00042773,0.00015413,0.00157329,-0.00066393,-0.00048636,0.00197324,-0.00199247,0.00122506,0.00041905,-0.00200559,0.00218671,0.00167625,-0.00270751,0.00053852,0.00168584,-0.00143991,-0.00044093,-0.00156838,-0.00139356,-0.00218083,-0.00143285,0.00133411,-0.00209921,-0.00071107,0.00059960,-0.00089142,-0.00120619,-0.00019040,0.00038482,0.00093264,0.00147455,0.00021538,-0.00122236,-0.00206616,-0.00116784,-0.00130634,0.00130597,0.00098776,-0.00193503,-0.00022202,-0.00083558,-0.00059850,0.00064733,-0.00172509,-0.00004364,0.00176215,0.00221168,-0.00139830,-0.00062229,-0.00226623,-0.00198316,0.00092457,0.00126466,-0.00116320,0.00125931,0.00086353,0.00000000,0.00000000,0.00000000,0.00000000,0.00000000,0.00000000,0.00000000,0.00000000,0.00000000,0.00000000,0.00000000,0.00000000,0.00000000,0.00000000,0.00000000,0.00000000,0.00000000,0.00000000,0.00000000,0.00000000,0.00000000,0.00000000,0.00000000,0.00000000,0.00000000,0.00000000,0.00000000,0.00000000,0.00000000,0.00000000,0.00000000,0.00000000,0.00000000,0.00000000,0.00000000,0.00000000,0.00000000,0.00000000,0.00000000,0.00000000,0.00000000,0.00000000,0.00000000,0.00000000,0.00000000,0.00000000,0.00000000,0.00000000,0.00152267,-0.00113323,0.00147787,-0.00183227,0.00205349,-0.00231190,0.00222537,-0.00157869,0.00134305,0.00128901,-0.00026099,0.00100884,0.00135089,-0.00167771,-0.00147927,0.00203454
-0.00037244,0.00128456,-0.00132334,0.00111598,-0.00157233,0.00063122,-0.00074936,0.00055411,-0.00336194,-0.00058628,-0.00205848,-0.00141366,0.00074932,-0.00237080,-0.00137004,0.00090819,-0.00164419,-0.00174409,0.00201059,0.00108725,-0.00149140,-0.00131767,-0.00205510,-0.00176816,0.00240377,-0.00240295,-0.00046406,-0.00139906,0.00200688,-0.00074990,-0.00262347,0.00261368,-0.00012907,-0.00321511,-0.00190727,0.00237375,0.00053669,0.00083595,0.00138492,-0.00281420,-0.00100265,-0.00253887,-0.00262184,0.00136554,0.00110182,-0.00152992,-0.00072874,-0.00260941,0.00170835,0.00195812,0.00110720,-0.00189022,0.00281129,-0.00073510,0.00186416,0.00162349,-0.00054396,-0.00147376,-0.00163314,-0.00152744,-0.00183099,-0.00119942,0.00194484,0.00113090,0.00050010,-0.00013300,0.00209106,0.00145630,-0.00046060,-0.01371237,-0.00163987,-0.00123564,0.00073845,-0.00062197,0.00290810,-0.00166681,-0.00034442,0.00169259,-0.00167281,0.00144481,0.00119808,-0.00231678,0.00165405,0.00117929,-0.00270520,0.00238805,0.00287266,-0.00192111,0.00026791,-0.00248402,-0.00194390,-0.00164031,-0.00158260,-0.00118506,-0.00161046,-0.00004396,0.00081571,-0.00108258,-0.00040174,0.00014508,0.00029683,-0.00000706,0.00216660,0.00033594,-0.00154160,-0.00228889,-0.00060640,-0.00157796,0.00087202,0.00104057,-0.00271450,-0.00063663,-0.00053062,-0.00060084,-0.00106520,-0.00134339,-0.00308190,0.00181543,0.00252906,-0.00148096,0.00020156,-0.00011219,-0.00124653,-0.00125516,0.00114284,0.00056143,0.00078771,0.00056939,0.00000000,0.00000000,0.00000000,0.00000000,0.00000000,0.00000000,0.00000000,0.00000000,0.00000000,0.00000000,0.00000000,0.00000000,0.00000000,0.00000000,0.00000000,0.00000000,0.00000000,0.00000000,0.00000000,0.00000000,0.00000000,0.00000000,0.00000000,0.00000000,0.00000000,0.00000000,0.00000000,0.00000000,0.00000000,0.00000000,0.00000000,0.00000000,0.00000000,0.00000000,0.00000000,0.00000000,0.00000000,0.00000000,0.00000000,0.00000000,0.00000000,0.00000000,0.00000000,0.00000000,0.00000000,0.00000000,0.00000000,0.00000000,0.00279445,-0.00227891,0.00196531,-0.00153529,0.00165174,-0.00284090,0.00246245,-0.00205742,0.00034954,0.00142548,0.00025673,0.00123588,0.00137854,-0.00347319,-0.00207110,0.00215145
0.00022950,-0.00124210,-0.00083830,0.00028736,-0.00060687,0.00097252,0.00161045,-0.00037552,-0.00027887,0.00001126,-0.00012643,-0.00013683,-0.00004017,-0.00016745,0.00104061,0.00032009,-0.00067033,0.00084768,-0.00028042,-0.00074155,-0.00034935,0.00035342,-0.00036812,0.00036678,-0.00028281,-0.00052415,-0.00077735,-0.00017922,-0.00132240,-0.00143430,0.00033311,-0.00064825,-0.00070840,0.00036136,-0.00043543,0.00052083,0.00103216,-0.00087209,0.00012268,-0.00009058,0.00022763,0.00018082,0.00083295,0.00029558,0.00087567,0.00023531,-0.00013175,-0.00047280,-0.00010847,0.00008855,-0.00029576,-0.00011886,-0.00050656,-0.00037007,0.00064335,-0.00098427,0.00082518,-0.00003266,-0.00106121,-0.00015866,-0.00007884,0.00031109,-0.00000688,0.00075464,0.00048223,0.00144851,-0.00000276,0.00034047,0.00069020,0.00029284,-0.01414436,0.00012495,-0.00044027,0.00016478,-0.00007391,0.00090042,-0.00082045,0.00078216,0.00059253,-0.00074140,0.00063132,0.00026305,-0.00019546,0.00048215,-0.00010168,-0.00087999,0.00006310,-0.00024602,0.00122647,0.00144894,0.00065468,-0.00018420,0.00013075,0.00102786,0.00014712,-0.00092540,-0.00061227,-0.00083924,-0.00065796,0.00017058,0.00061919,0.00068575,0.00015569,0.00106726,-0.00048894,-0.00048420,-0.00097838,-0.00059259,0.00070209,0.00031615,0.00115296,-0.00002988,0.00011887,0.00028979,0.00123293,-0.00020639,0.00042936,-0.00012890,-0.00062562,-0.00082753,0.00018486,-0.00153946,-0.00036573,0.00040072,0.00015341,-0.00073015,0.00135482,-0.00045875,0.00000000,0.00000000,0.00000000,0.00000000,0.00000000,0.00000000,0.00000000,0.00000000,0.00000000,0.00000000,0.00000000,0.00000000,0.00000000,0.00000000,0.00000000,0.00000000,0.00000000,0.00000000,0.00000000,0.00000000,0.00000000,0.00000000,0.00000000,0.00000000,0.00000000,0.00000000,0.00000000,0.00000000,0.00000000,0.00000000,0.00000000,0.00000000,0.00000000,0.00000000,0.00000000,0.00000000,0.00000000,0.00000000,0.00000000,0.00000000,0.00000000,0.00000000,0.00000000,0.00000000,0.00000000,0.00000000,0.00000000,0.00000000,0.00047169,-0.00025852,0.00005324,0.00002065,-0.00095158,-0.00008183,-0.00126023,0.00003754,0.00063099,0.00041231,0.00041951,-0.00030637,-0.00036892,0.00079824,-0.00089518,-0.00042161
-0.00097858,-0.00018584,-0.00226875,0.00165160,0.00124204,0.00084449,0.00009292,-0.00087416,-0.00112039,-0.00127520,-0.00126720,-0.00034203,0.00090417,-0.00225485,-0.00130200,0.00136462,-0.00155900,0.00006397,0.00144301,-0.00064487,-0.00190177,-0.00100600,-0.00105993,-0.00157538,0.00143343,-0.00104825,-0.00067716,-0.00011387,-0.00062862,-0.00168367,-0.00195658,0.00132108,-0.00030522,-0.00088275,-0.00104315,0.00031384,0.00063545,-0.00000106,0.00172016,-0.00136096,-0.00066636,-0.00130455,-0.00154855,0.00213580,-0.00022304,-0.00073552,-0.00142961,-0.00046287,0.00082531,0.00141688,0.00117151,-0.00040754,0.00183277,-0.00085518,0.00114733,-0.00126449,0.00101972,-0.00088168,-0.00118299,-0.00138586,-0.00147719,-0.00124451,0.00067554,0.00106310,0.00145852,0.00140322,0.00148675,0.00136614,0.00042083,0.00150139,-0.00140079,-0.01531512,-0.00155701,0.00138856,0.00076470,0.00078089,-0.00198794,0.00105884,0.00143476,-0.00018624,0.00143306,-0.00085838,-0.00064561,0.00099828,-0.00048792,-0.00037175,0.00200379,-0.00105993,-0.00017105,0.00076376,0.00003478,-0.00101058,-0.00151671,-0.00005019,-0.00104012,-0.00053461,-0.00067295,-0.00045303,0.00056196,-0.00014906,0.00181970,0.00147925,0.00049400,0.00141275,-0.00008464,-0.00180547,-0.00166816,-0.00087194,0.00061540,0.00109108,-0.00119092,0.00071671,0.00004515,-0.00106766,0.00136750,-0.00086465,0.00113608,0.00173411,0.00034312,-0.00100583,-0.00010408,-0.00137827,-0.00118652,-0.00058989,0.00157379,-0.00073154,0.00076600,-0.00027440,0.00000000,0.00000000,0.00000000,0.00000000,0.00000000,0.00000000,0.00000000,0.00000000,0.00000000,0.00000000,0.00000000,0.00000000,0.00000000,0.00000000,0.00000000,0.00000000,0.00000000,0.00000000,0.00000000,0.00000000,0.00000000,0.00000000,0.00000000,0.00000000,0.00000000,0.00000000,0.00000000,0.00000000,0.00000000,0.00000000,0.00000000,0.00000000,0.00000000,0.00000000,0.00000000,0.00000000,0.00000000,0.00000000,0.00000000,0.00000000,0.00000000,0.00000000,0.00000000,0.00000000,0.00000000,0.00000000,0.00000000,0.00000000,0.00094059,-0.00003426,0.00160331,-0.00191487,0.00155083,-0.00140850,0.00082141,-0.00017280,0.00001300,0.00099975,-0.00127928,0.00165995,0.00132874,-0.00088256,-0.00114155,0.00148079
0.00013933,0.00030956,0.00043426,-0.00133809,0.00156388,0.00013939,0.00057911,-0.00068734,0.00220605,-0.00040898,0.00184728,0.00096178,-0.00014952,0.00095579,0.00121821,0.00005489,0.00097228,0.00103368,-0.00164324,0.00025942,-0.00036170,0.00042191,0.00111937,0.00053680,-0.00113651,0.00159306,0.00015339,0.00068121,-0.00026519,0.00008463,0.00178214,-0.00130270,-0.00086068,0.00109220,0.00043031,-0.00143337,0.00050578,-0.00022105,-0.00081913,0.00155432,0.00010769,0.00122328,0.00101910,-0.00064777,0.00054617,0.00118822,0.00003254,0.00129725,-0.00083602,-0.00115417,-0.00079377,0.00112151,-0.00068546,0.00033112,0.00024860,-0.00110942,0.00082107,0.00039831,0.00046713,0.00080046,0.00077323,0.00070638,-0.00084340,-0.00003269,-0.00031112,-0.00061776,-0.00150340,-0.00184422,0.00016708,0.00119929,0.00073810,0.00019763,-0.01463103,0.00041263,-0.00164290,0.00052911,-0.00019235,-0.00004279,0.00034295,-0.00110605,-0.00097094,0.00126797,-0.00129619,-0.00100534,0.00148702,-0.00105588,-0.00144576,0.00009912,0.00045038,0.00188836,0.00226725,0.00013653,0.00104736,0.00178617,0.00108667,-0.00052799,-0.00119955,-0.00023452,0.00095260,-0.00074263,0.00031945,0.00022198,-0.00093807,-0.00042209,-0.00030977,0.00062719,0.00015613,-0.00012871,-0.00068047,-0.00065666,0.00118073,0.00056601,0.00065807,0.00008511,0.00035383,0.00048395,0.00213153,-0.00122225,-0.00118520,0.00032096,-0.00004794,-0.00058466,0.00127944,0.00029970,-0.00065316,-0.00058973,-0.00038425,-0.00023753,0.00000000,0.00000000,0.00000000,0.00000000,0.00000000,0.00000000,0.00000000,0.00000000,0.00000000,0.00000000,0.00000000,0.00000000,0.00000000,0.00000000,0.00000000,0.00000000,0.00000000,0.00000000,0.00000000,0.00000000,0.00000000,0.00000000,0.00000000,0.00000000,0.00000000,0.00000000,0.00000000,0.00000000,0.00000000,0.00000000,0.00000000,0.00000000,0.00000000,0.00000000,0.00000000,0.00000000,0.00000000,0.00000000,0.00000000,0.00000000,0.00000000,0.00000000,0.00000000,0.00000000,0.00000000,0.00000000,0.00000000,0.00000000,-0.00089041,0.00039153,-0.00060647,0.00150190,-0.00168255,0.00046913,-0.00092531,0.00066477,-0.00026345,-0.00054288,-0.00010042,-0.00144442,-0.00103209,0.00165200,0.00147150,-0.00188919
-0.00062721,-0.00084559,-0.00043942,0.00182011,-0.00003577,-0.00053722,-0.00082989,-0.00021767,-0.00170924,-0.00208183,-0.00186151,-0.00116030,0.00130252,-0.00217456,-0.00133780,0.00193114,-0.00134232,-0.00128972,0.00192443,0.00021810,-0.00113162,-0.00122800,-0.00171348,-0.00116057,0.00194586,-0.00202732,-0.00041268,-0.00148352,0.00140545,-0.00058581,-0.00236510,0.00209875,0.00052679,-0.00151174,-0.00135624,0.00255046,0.00043374,0.00045774,0.00212672,-0.00236376,-0.00053266,-0.00182361,-0.00234888,0.00096018,-0.00030087,-0.00166789,-0.00076190,-0.00137741,0.00130998,0.00240234,0.00116110,-0.00247037,0.00168124,-0.00126577,0.00116034,0.00082727,-0.00116847,-0.00165112,-0.00131334,-0.00114612,-0.00061215,-0.00146297,0.00100305,0.00119563,0.00115919,-0.00020889,0.00130318,0.00205801,-0.00078156,0.00024593,-0.00111248,-0.00001389,0.00019625,-0.01179792,0.00172171,-0.00057415,-0.00086454,0.00133375,-0.00103044,0.00063162,0.00182405,-0.00156541,0.00146644,0.00149428,-0.00165564,0.00049560,0.00187232,-0.00079316,0.00043035,-0.00066984,-0.00216393,-0.00144206,-0.00230387,-0.00017229,-0.00151435,0.00122725,0.00117223,-0.00107006,-0.00106105,0.00096767,-0.00001448,-0.00093770,-0.00038557,0.00066217,-0.00052769,-0.00164658,-0.00071926,-0.00099741,0.00078124,0.00184250,-0.00109621,-0.00071216,-0.00079563,-0.00079569,-0.00029687,-0.00101196,-0.00041532,0.00099671,0.00200007,-0.00091954,-0.00053272,0.00071802,-0.00142954,-0.00115003,0.00146936,-0.00020886,0.00068087,0.00038124,0.00000000,0.00000000,0.00000000,0.00000000,0.00000000,0.00000000,0.00000000,0.00000000,0.00000000,0.00000000,0.00000000,0.00000000,0.00000000,0.00000000,0.00000000,0.00000000,0.00000000,0.00000000,0.00000000,0.00000000,0.00000000,0.00000000,0.00000000,0.00000000,0.00000000,0.00000000,0.00000000,0.00000000,0.00000000,0.00000000,0.00000000,0.00000000,0.00000000,0.00000000,0.00000000,0.00000000,0.00000000,0.00000000,0.00000000,0.00000000,0.00000000,0.00000000,0.00000000,0.00000000,0.00000000,0.00000000,0.00000000,0.00000000,0.00209972,-0.00112497,0.00142407,-0.00078344,0.00110849,-0.00231097,0.00220837,-0.00131579,0.00113423,0.00106791,0.00036119,0.00160360,0.00177677,-0.00144179,-0.00156824,0.00095438
-0.00007098,0.00044870,0.00160654,-0.00237570,-0.00093309,-0.00207673,-0.00009333,0.00068903,0.00231044,0.00092986,0.00271431,0.00172782,-0.00163275,0.00155313,0.00051430,-0.00218216,0.00352683,0.00140424,-0.00092121,0.00078018,0.00215055,0.00237373,0.00119764,0.00221109,-0.00265727,0.00193266,0.00180732,0.00196948,0.00101958,0.00254129,0.00203956,-0.00240702,0.00110746,0.00155281,0.00111282,-0.00106663,-0.00117044,0.00164355,-0.00204201,0.00198736,0.00143608,0.00258087,0.00184832,-0.00110279,-0.00114436,0.00136771,0.00061653,0.00225576,-0.00178314,-0.00189229,-0.00151177,0.00232134,-0.00190766,0.00245655,-0.00169593,0.00188871,-0.00188645,0.00202943,0.00242408,0.00172115,0.00173777,0.00192736,-0.00137519,-0.00160058,-0.00286644,-0.00144623,-0.00232758,-0.00241307,-0.00027139,-0.00172646,0.00180322,0.00069654,0.00098618,-0.00068102,-0.01351921,-0.00141912,0.00124235,-0.00089379,-0.00040235,0.00063569,-0.00302871,0.00089398,-0.00131102,-0.00119055,0.00260690,0.00061893,-0.00219746,0.00150604,-0.00111565,-0.00092721,0.00049844,0.00189231,0.00165059,0.00087346,0.00223205,0.00093769,0.00050872,0.00072240,0.00163432,-0.00021498,-0.00229790,-0.00165767,-0.00098615,-0.00125991,0.00090994,0.00226569,0.00201620,0.00141233,-0.00104698,-0.00239989,0.00132160,-0.00025679,-0.00024629,0.00147468,-0.00035775,0.00184881,-0.00085304,-0.00155576,-0.00136703,0.00202313,0.00102227,0.00236018,0.00144812,0.00049297,-0.00156226,0.00114845,-0.00213084,-0.00009174,0.00000000,0.00000000,0.00000000,0.00000000,0.00000000,0.00000000,0.00000000,0.00000000,0.00000000,0.00000000,0.00000000,0.00000000,0.00000000,0.00000000,0.00000000,0.00000000,0.00000000,0.00000000,0.00000000,0.00000000,0.00000000,0.00000000,0.00000000,0.00000000,0.00000000,0.00000000,0.00000000,0.00000000,0.00000000,0.00000000,0.00000000,0.00000000,0.00000000,0.00000000,0.00000000,0.00000000,0.00000000,0.00000000,0.00000000,0.00000000,0.00000000,0.00000000,0.00000000,0.00000000,0.00000000,0.00000000,0.00000000,0.00000000,-0.00163033,-0.00039495,-0.00195377,-0.00017845,-0.00187064,0.00076501,-0.00047020,0.00085880,0.00005548,-0.00049631,-0.00073129,-0.00168779,-0.00176421,0.00079837,0.00145546,-0.00114584
-0.00109966,0.00009534,-0.00353803,0.00379058,-0.00211426,0.00218545,-0.00028280,-0.00023439,-0.00508516,-0.00382056,-0.00398983,-0.00271551,0.00346128,-0.00465066,-0.00348356,0.00294263,-0.00399697,-0.00383798,0.00443683,0.00113739,-0.00316249,-0.00311097,-0.00366113,-0.00383787,0.00405547,-0.00378765,-0.00192016,-0.00346749,0.00000677,-0.00241482,-0.00441327,0.00451075,-0.00133016,-0.00436581,-0.00345017,0.00387555,0.00219501,-0.00074406,0.00337849,-0.00482353,-0.00262382,-0.00447035,-0.00465817,0.00243531,0.00197621,-0.00374549,-0.00198439,-0.00341360,0.00242602,0.00426047,0.00275431,-0.00373721,0.00409767,-0.00269528,0.00357865,-0.00026349,0.00017367,-0.00366325,-0.00427896,-0.00372726,-0.00313925,-0.00284464,0.00376515,0.00351592,0.00255311,0.00216087,0.00414677,0.00414648,-0.00136641,0.00135543,-0.00327847,-0.00272620,-0.00188210,0.00131939,0.00389558,-0.01364725,-0.00170750,0.00306391,-0.00271612,0.00157393,0.00321513,-0.00420501,0.00315864,0.00282489,-0.00439984,0.00148130,0.00458001,-0.00361386,0.00118559,-0.00335607,-0.00225169,-0.00430325,-0.00375383,-0.00050526,-0.00365745,-0.00088295,0.00149099,-0.00324562,-0.00101769,0.00054495,0.00193788,0.00189497,0.00250947,0.00077047,-0.00235615,-0.00299359,-0.00184860,-0.00284494,0.00284242,0.00341294,-0.00326212,-0.00056396,-0.00204004,-0.00264139,0.00025976,-0.00344550,-0.00145593,0.00378130,0.00405908,-0.00354522,-0.00055279,-0.00213432,-0.00390915,-0.00017846,0.00338677,-0.00087717,0.00251909,0.00228746,0.00000000,0.00000000,0.00000000,0.00000000,0.00000000,0.00000000,0.00000000,0.00000000,0.00000000,0.00000000,0.00000000,0.00000000,0.00000000,0.00000000,0.00000000,0.00000000,0.00000000,0.00000000,0.00000000,0.00000000,0.00000000,0.00000000,0.00000000,0.00000000,0.00000000,0.00000000,0.00000000,0.00000000,0.00000000,0.00000000,0.00000000,0.00000000,0.00000000,0.00000000,0.00000000,0.00000000,0.00000000,0.00000000,0.00000000,0.00000000,0.00000000,0.00000000,0.00000000,0.00000000,0.00000000,0.00000000,0.00000000,0.00000000,0.00389932,-0.00252513,0.00371158,-0.00274974,0.00387217,-0.00443612,0.00356606,-0.00290674,0.00122721,0.00298518,0.00010953,0.00326680,0.00401077,-0.00376912,-0.00446498,0.00365312
0.00094073,-0.00018630,0.00068929,-0.00066602,0.00168254,-0.00028381,0.00026296,0.00018548,0.00283078,0.00041003,0.00177278,0.00105191,-0.00174789,0.00179862,0.00181117,-0.00012122,0.00156957,0.00185322,-0.00230938,-0.00143024,0.00069205,0.00108802,0.00136545,0.00107607,-0.00183922,0.00164383,0.00125638,0.00051819,-0.00139177,0.00074466,0.00242107,-0.00197227,-0.00001349,0.00186748,0.00194685,-0.00196180,-0.00085837,-0.00021157,-0.00102722,0.00238693,0.00211470,0.00192131,0.00176274,0.00000441,0.00029590,0.00173955,0.00021449,0.00121602,-0.00165655,-0.00199442,-0.00164902,0.00179737,-0.00131749,0.00104248,-0.00102734,-0.00152327,0.00118085,0.00152921,0.00132090,0.00101445,0.00111884,0.00100781,-0.00119777,-0.00156988,-0.00106778,-0.00137402,-0.00183022,-0.00174649,0.00155940,0.00033135,0.00142940,0.00096958,-0.00038249,0.00029599,-0.00237712,0.00175423,-0.01432037,-0.00129940,0.00100228,-0.00149890,-0.00062737,0.00245343,-0.00124735,-0.00063468,0.00093679,-0.00207098,-0.00216547,0.00208320,0.00015765,0.00342920,0.00167462,0.00137209,0.00241549,0.00012760,0.00127309,0.00073505,-0.00132751,0.00076309,-0.00028926,-0.00062642,0.00038139,0.00001689,-0.00121662,0.00061959,0.00197373,0.00162644,-0.00046845,0.00121721,-0.00177542,-0.00139548,0.00161248,0.00009337,0.00148454,0.00066206,0.00077318,0.00197625,0.00134287,-0.00188207,-0.00205136,0.00187091,0.00012232,-0.00005245,0.00166812,0.00044690,-0.00070557,-0.00042125,-0.00027805,-0.00131631,0.00000000,0.00000000,0.00000000,0.00000000,0.00000000,0.00000000,0.00000000,0.00000000,0.00000000,0.00000000,0.00000000,0.00000000,0.00000000,0.00000000,0.00000000,0.00000000,0.00000000,0.00000000,0.00000000,0.00000000,0.00000000,0.00000000,0.00000000,0.00000000,0.00000000,0.00000000,0.00000000,0.00000000,0.00000000,0.00000000,0.00000000,0.00000000,0.00000000,0.00000000,0.00000000,0.00000000,0.00000000,0.00000000,0.00000000,0.00000000,0.00000000,0.00000000,0.00000000,0.00000000,0.00000000,0.00000000,0.00000000,0.00000000,-0.00211349,0.00076012,-0.00181765,0.00168780,-0.00244874,0.00238906,-0.00202969,0.00166041,0.00069136,-0.00165214,0.00048211,-0.00148122,-0.00204630,0.00191987,0.00260989,-0.00285409
-0.00041099,0.00075490,0.00014335,0.00112654,-0.00166680,-0.00016634,-0.00100279,0.00088626,-0.00094223,-0.00040892,-0.00055655,-0.00124775,0.00071879,-0.00161543,-0.00036102,-0.00017319,-0.00069446,-0.00109597,0.00093052,0.00067412,-0.00002286,-0.00108621,0.00006964,-0.00004498,0.00107896,-0.00163408,0.00020392,-0.00032787,0.00188494,0.00014751,-0.00127167,0.00134527,0.00058481,-0.00125155,-0.00004017,0.00085223,-0.00019069,0.00069121,0.00158032,-0.00077211,-0.00100104,-0.00144299,-0.00134564,0.00035291,-0.00084457,-0.00115189,0.00042309,-0.00045404,0.00101989,0.00153120,0.00058657,-0.00172650,0.00036084,0.00014864,-0.00079985,0.00111498,-0.00190097,-0.00040383,-0.00065239,-0.00043311,-0.00048332,0.00003372,0.00048594,0.00027624,-0.00157716,0.00064864,0.00093763,0.00112470,-0.00059974,-0.00038728,-0.00025835,-0.00111523,0.00073241,-0.00037418,0.00180477,-0.00202641,0.00044225,-0.01055017,-0.00080398,0.00162832,0.00040167,-0.00075148,0.00048320,-0.00047196,-0.00109474,0.00221215,0.00100845,-0.00085753,-0.00139356,-0.00151308,-0.00156061,-0.00100920,-0.00141372,-0.00175255,-0.00092762,0.00102580,0.00183989,-0.00034843,0.00047784,0.00004603,-0.00070897,-0.00092690,0.00076306,0.00006508,-0.00026810,-0.00049875,0.00003557,-0.00041631,0.00053916,0.00038261,-0.00053957,-0.00032132,-0.00165995,-0.00081673,-0.00105485,-0.00031378,-0.00147048,0.00034674,0.00097473,0.00011136,0.00002298,0.00083116,-0.00045488,-0.00164976,0.00009375,0.00140467,0.00005627,0.00104208,0.00000000,0.00000000,0.00000000,0.00000000,0.00000000,0.00000000,0.00000000,0.00000000,0.00000000,0.00000000,0.00000000,0.00000000,0.00000000,0.00000000,0.00000000,0.00000000,0.00000000,0.00000000,0.00000000,0.00000000,0.00000000,0.00000000,0.00000000,0.00000000,0.00000000,0.00000000,0.00000000,0.00000000,0.00000000,0.00000000,0.00000000,0.00000000,0.00000000,0.00000000,0.00000000,0.00000000,0.00000000,0.00000000,0.00000000,0.00000000,0.00000000,0.00000000,0.00000000,0.00000000,0.00000000,0.00000000,0.00000000,0.00000000,0.00142994,-0.00032902,0.00088501,-0.00076829,0.00098098,-0.00103336,0.00160204,-0.00077968,0.00011014,0.00084558,0.00045466,0.00195534,0.00104952,-0.00141983,-0.00082364,0.00143357
0.00018050,0.00030124,-0.00164422,0.00097018,-0.00010071,0.00087892,-0.00062971,-0.00045184,-0.00199793,-0.00081821,-0.00148274,-0.00152003,0.00064782,-0.00114810,-0.00062391,0.00083779,-0.00085307,-0.00110861,0.00076896,-0.00006279,-0.00234526,-0.00146518,-0.00143894,-0.00170363,0.00076680,-0.00099192,-0.00051233,0.00014064,-0.00010000,-0.00126239,-0.00208517,0.00169882,-0.00040009,-0.00209862,-0.00092048,0.00082769,-0.00015707,-0.00064540,0.00153265,-0.00144208,-0.00079381,-0.00087758,-0.00104399,0.00026599,0.00122411,-0.00063394,-0.00088690,-0.00114454,0.00208101,0.00192845,0.00120850,-0.00083852,0.00120182,0.00005077,0.00078435,-0.00108718,0.00232316,-0.00179518,-0.00106732,-0.00099588,-0.00150801,-0.00122959,0.00087087,0.00037745,0.00084109,0.00104222,0.00174372,0.00147200,-0.00070514,0.00112904,-0.00146401,-0.00062589,-0.00131450,0.00161365,0.00107477,0.00028452,-0.00156221,0.00136963,-0.01429891,0.00079687,0.00109527,-0.00112013,0.00053771,0.00112695,-0.00162432,0.00018513,0.00191777,-0.00153829,-0.00011609,0.00004724,-0.00044481,-0.00041996,-0.00075743,-0.00102853,-0.00184567,-0.00129165,-0.00023798,0.00031852,-0.00021136,-0.00058279,0.00113646,0.00079472,0.00042459,0.00107063,0.00054328,-0.00095694,0.00031047,-0.00003236,0.00133419,0.00168834,-0.00193590,0.00056119,0.00014380,-0.00062938,-0.00008767,-0.00193425,-0.00002259,0.00109119,0.00174898,-0.00202099,-0.00084401,-0.00177096,-0.00119546,-0.00062307,0.00128738,-0.00109668,0.00144641,0.00080008,0.00000000,0.00000000,0.00000000,0.00000000,0.00000000,0.00000000,0.00000000,0.00000000,0.00000000,0.00000000,0.00000000,0.00000000,0.00000000,0.00000000,0.00000000,0.00000000,0.00000000,0.00000000,0.00000000,0.00000000,0.00000000,0.00000000,0.00000000,0.00000000,0.00000000,0.00000000,0.00000000,0.00000000,0.00000000,0.00000000,0.00000000,0.00000000,0.00000000,0.00000000,0.00000000,0.00000000,0.00000000,0.00000000,0.00000000,0.00000000,0.00000000,0.00000000,0.00000000,0.00000000,0.00000000,0.00000000,0.00000000,0.00000000,0.00158112,0.00038261,0.00093079,-0.00127289,0.00124392,-0.00081728,0.00055502,-0.00050719,0.00010563,0.00110793,-0.00083918,0.00067201,0.00143393,-0.00100079,-0.00156935,0.00145408
0.00017879,0.00001754,0.00320911,-0.00271286,0.00164840,-0.00132214,-0.00077904,0.00033210,0.00388256,0.00211611,0.00317677,0.00278522,-0.00218504,0.00318778,0.00340746,-0.00184420,0.00326539,0.00324149,-0.00354210,0.00038177,0.00340527,0.00244204,0.00307349,0.00285123,-0.00333835,0.00301362,0.00254726,0.00299671,-0.00006846,0.00249818,0.00364862,-0.00400041,0.00031289,0.00393372,0.00281496,-0.00352944,-0.00342072,0.00067395,-0.00244872,0.00432146,0.00282424,0.00407115,0.00315270,-0.00209110,-0.00253603,0.00284210,0.00083596,0.00196307,-0.00280021,-0.00282302,-0.00192660,0.00326833,-0.00377000,0.00172344,-0.00297781,0.00020894,-0.00025197,0.00331076,0.00357358,0.00314721,0.00250345,0.00256583,-0.00304572,-0.00232373,-0.00326592,-0.00203872,-0.00335640,-0.00250954,0.00236263,-0.00129623,0.00285069,0.00298464,0.00145483,-0.00091916,-0.00376055,0.00136990,0.00157584,-0.00321744,0.00297652,-0.01549371,-0.00287305,0.00367931,-0.00251807,-0.00239840,0.00441428,-0.00103682,-0.00400810,0.00261377,-0.00020861,0.00362281,0.00208744,0.00321723,0.00278394,0.00008735,0.00315211,0.00103088,-0.00011777,0.00284419,0.00131378,-0.00087530,-0.00152725,-0.00049762,-0.00236433,-0.00111509,0.00199411,0.00339372,0.00204032,0.00284827,-0.00143470,-0.00295211,0.00309693,0.00004086,0.00201299,0.00212323,-0.00096723,0.00341731,-0.00012785,-0.00302021,-0.00305150,0.00312547,0.00124541,0.00103476,0.00351042,-0.00053809,-0.00216086,0.00195527,-0.00334452,-0.00194859,0.00000000,0.00000000,0.00000000,0.00000000,0.00000000,0.00000000,0.00000000,0.00000000,0.00000000,0.00000000,0.00000000,0.00000000,0.00000000,0.00000000,0.00000000,0.00000000,0.00000000,0.00000000,0.00000000,0.00000000,0.00000000,0.00000000,0.00000000,0.00000000,0.00000000,0.00000000,0.00000000,0.00000000,0.00000000,0.00000000,0.00000000,0.00000000,0.00000000,0.00000000,0.00000000,0.00000000,0.00000000,0.00000000,0.00000000,0.00000000,0.00000000,0.00000000,0.00000000,0.00000000,0.00000000,0.00000000,0.00000000,0.00000000,-0.00323449,0.00154451,-0.00327312,0.00185388,-0.00335133,0.00346463,-0.00370148,0.00160747,0.00024722,-0.00267043,-0.00159259,-0.00310797,-0.00285459,0.00314272,0.00372910,-0.00374604
-0.00067849,0.00119158,0.00018667,0.00014524,-0.00095734,-0.00063964,-0.00116089,0.00092941,-0.00044225,0.00061349,-0.00059084,0.00045992,0.00015407,-0.00151543,-0.00067301,0.00003470,-0.00057122,-0.00070239,0.00101018,0.00179151,-0.00007764,-0.00034512,-0.00050264,0.00013763,0.00034013,-0.00062315,0.00070782,-0.00012351,0.00098446,0.00025950,-0.00017382,0.00163205,0.00079703,-0.00035081,-0.00036586,0.00127502,0.00007105,0.00062851,0.00003855,-0.00018104,-0.00000906,-0.00060052,-0.00120543,-0.00079888,-0.00096051,0.00014167,0.00063353,0.00008807,0.00071797,0.00163285,-0.00027546,-0.00039797,0.00092109,0.00051661,0.00001680,0.00215714,-0.00182215,0.00031815,-0.00041180,-0.00023985,-0.00019272,-0.00052715,0.00006509,0.00101797,-0.00126750,0.00027551,0.00057944,0.00057032,-0.00109601,-0.00136495,-0.00061911,-0.00101193,0.00084958,-0.00060641,0.00071653,-0.00160493,0.00111726,0.00006445,-0.00104340,0.00170717,-0.01058672,-0.00070681,0.00074787,0.00062118,-0.00044571,0.00177859,0.00129318,-0.00107355,-0.00011082,-0.00233518,-0.00157734,-0.00089436,-0.00065660,-0.00151849,-0.00016789,0.00104180,0.00122917,-0.00029778,-0.00015846,-0.00084992,-0.00108415,-0.00013526,0.00085298,-0.00110098,-0.00018871,0.00019864,0.00026489,-0.00079926,0.00059376,0.00008290,-0.00045548,-0.00095010,-0.00121022,-0.00014479,-0.00182741,-0.00021952,-0.00173335,0.00085696,0.00117016,-0.00049909,0.00022072,-0.00050463,-0.00034545,-0.00159203,0.00003089,0.00226971,-0.00090252,0.00053281,0.00000000,0.00000000,0.00000000,0.00000000,0.00000000,0.00000000,0.00000000,0.00000000,0.00000000,0.00000000,0.00000000,0.00000000,0.00000000,0.00000000,0.00000000,0.00000000,0.00000000,0.00000000,0.00000000,0.00000000,0.00000000,0.00000000,0.00000000,0.00000000,0.00000000,0.00000000,0.00000000,0.00000000,0.00000000,0.00000000,0.00000000,0.00000000,0.00000000,0.00000000,0.00000000,0.00000000,0.00000000,0.00000000,0.00000000,0.00000000,0.00000000,0.00000000,0.00000000,0.00000000,0.00000000,0.00000000,0.00000000,0.00000000,0.00156984,-0.00050139,0.00086662,-0.00168756,0.00123548,-0.00161467,0.00149659,-0.00161662,-0.00017655,0.00150967,-0.00037958,0.00114240,0.00102899,-0.00139415,-0.00091222,0.00058700
0.00044396,-0.00152575,-0.00042904,0.00064932,0.00093297,0.00019790,0.00028371,-0.00020259,-0.00074495,-0.00099909,-0.00082089,-0.00072582,0.00051189,-0.00013277,-0.00115561,0.00160526,-0.00050024,0.00031621,-0.00046219,-0.00117323,-0.00104061,-0.00012669,-0.00010267,-0.00005647,0.00088263,-0.00008290,-0.00139572,-0.00044523,-0.00014058,-0.00108619,-0.00038775,0.00004951,-0.00083851,-0.00030178,-0.00022530,-0.00035555,0.00066033,-0.00150710,0.00074942,-0.00098401,-0.00144201,-0.00052097,0.00041217,0.00039576,0.00165765,-0.00004814,-0.00148740,-0.00076230,0.00035503,-0.00021872,0.00104478,-0.00012502,0.00044954,-0.00015537,0.00057679,-0.00164082,0.00197116,-0.00082393,-0.00056588,-0.00211142,-0.00106836,-0.00030818,0.00040425,-0.00035712,0.00057963,0.00059450,0.00065840,0.00017571,0.00002802,0.00071463,-0.00021562,0.00002634,-0.00091404,0.00043641,-0.00087944,0.00089610,-0.00079785,0.00129578,0.00096996,-0.00102180,0.00080984,-0.01430154,0.00053789,0.00069006,-0.00094665,-0.00113879,0.00032888,0.00045123,0.00061004,0.00146183,0.00069929,-0.00006463,-0.00044233,0.00131960,-0.00141528,-0.00135394,-0.00200690,-0.00076017,-0.00180944,-0.00017960,0.00118756,0.00061767,-0.00033539,0.00013896,-0.00006489,-0.00122434,-0.00197298,0.00004065,-0.00010914,0.00077721,-0.00032951,0.00018697,0.00067068,-0.00071325,0.00154798,-0.00102839,0.00071933,0.00004021,0.00056019,-0.00080817,-0.00092225,-0.00075267,-0.00029122,0.00109625,0.00015375,-0.00240235,0.00102522,-0.00051267,0.00000000,0.00000000,0.00000000,0.00000000,0.00000000,0.00000000,0.00000000,0.00000000,0.00000000,0.00000000,0.00000000,0.00000000,0.00000000,0.00000000,0.00000000,0.00000000,0.00000000,0.00000000,0.00000000,0.00000000,0.00000000,0.00000000,0.00000000,0.00000000,0.00000000,0.00000000,0.00000000,0.00000000,0.00000000,0.00000000,0.00000000,0.00000000,0.00000000,0.00000000,0.00000000,0.00000000,0.00000000,0.00000000,0.00000000,0.00000000,0.00000000,0.00000000,0.00000000,0.00000000,0.00000000,0.00000000,0.00000000,0.00000000,0.00048388,-0.00014369,0.00033044,0.00052742,0.00027242,0.00056852,-0.00091133,0.00030933,0.00000220,-0.00053958,0.00016411,-0.00088973,0.00016201,-0.00022419,0.00067374,0.00026912
0.00022150,0.00137499,0.00108060,-0.00089992,-0.00083242,-0.00091581,0.00024331,0.00075825,0.00081972,0.00084973,0.00068079,-0.00010668,-0.00029775,0.00007876,0.00115931,-0.00157451,0.00058167,-0.00009332,0.00022091,0.00104104,0.00118828,0.00071585,0.00035772,-0.00030301,-0.00040487,0.00006790,0.00083535,0.00023612,0.00047944,0.00185964,0.00055274,-0.00020177,0.00101421,-0.00013832,0.00093544,-0.00084311,-0.00036064,0.00089541,-0.00059733,0.00132344,0.00077279,-0.00003641,0.00004391,-0.00027584,-0.00157282,0.00082408,0.00026164,0.00038790,-0.00051489,-0.00070738,-0.00115285,-0.00007266,-0.00075586,0.00104617,-0.00069249,0.00179446,-0.00079095,0.00083604,0.00039883,0.00015433,0.00069224,0.00065039,-0.00017668,-0.00020972,-0.00107646,-0.00110969,-0.00061912,-0.00110413,0.00044229,-0.00070347,0.00018256,-0.00135440,0.00038565,-0.00055921,0.00018466,-0.00101550,0.00090323,-0.00151073,-0.00102953,0.00086604,-0.00018757,0.00035999,-0.01432197,-0.00167956,0.00052055,0.00140261,0.00034262,0.00079008,-0.00114266,-0.00082320,-0.00069138,0.00120088,0.00118241,-0.00154751,0.00106236,0.00050760,0.00101527,0.00112231,0.00162855,-0.00014928,-0.00213700,-0.00092861,0.00021453,-0.00023968,0.00007195,0.00070855,0.00078348,0.00000952,-0.00011141,-0.00025863,0.00006871,0.00096496,0.00001907,0.00143807,-0.00105956,0.00034024,-0.00018493,-0.00084485,-0.00045393,0.00106999,0.00007639,0.00136662,0.00117596,-0.00189365,-0.00079703,0.00155895,-0.00119743,0.00132743,0.00000000,0.00000000,0.00000000,0.00000000,0.00000000,0.00000000,0.00000000,0.00000000,0.00000000,0.00000000,0.00000000,0.00000000,0.00000000,0.00000000,0.00000000,0.00000000,0.00000000,0.00000000,0.00000000,0.00000000,0.00000000,0.00000000,0.00000000,0.00000000,0.00000000,0.00000000,0.00000000,0.00000000,0.00000000,0.00000000,0.00000000,0.00000000,0.00000000,0.00000000,0.00000000,0.00000000,0.00000000,0.00000000,0.00000000,0.00000000,0.00000000,0.00000000,0.00000000,0.00000000,0.00000000,0.00000000,0.00000000,0.00000000,-0.00055171,-0.00011194,0.00027646,-0.00049905,0.00007585,-0.00016120,-0.00029821,-0.00011916,-0.00046277,-0.00066182,0.00004297,0.00037313,-0.00021474,-0.00007545,0.00031548,0.00008578
-0.00104286,0.00084529,-0.00076263,-0.00013237,-0.00121286,-0.00042612,-0.00014459,0.00036171,-0.00080580,0.00013841,-0.00049574,-0.00021970,-0.00023394,-0.00040217,0.00045750,-0.00041379,0.00039494,0.00012788,0.00016156,0.00131723,0.00020272,0.00048195,0.00003337,-0.00038068,0.00043134,0.00015387,0.00042043,-0.00129087,0.00026877,0.00075380,-0.00009513,0.00112396,-0.00088754,-0.00040825,0.00028402,0.00028479,-0.00103248,0.00032654,0.00057751,0.00010499,-0.00014300,-0.00033845,0.00002058,-0.00002123,-0.00129018,-0.00041799,0.00015399,0.00044778,0.00118287,0.00075657,-0.00016072,-0.00160877,0.00079754,0.00092951,-0.00109177,0.00118181,-0.00108752,-0.00059993,-0.00036810,0.00045032,0.00012583,0.00023449,0.00049617,0.00003086,-0.00157669,-0.00012661,0.00082270,-0.00049497,0.00033089,-0.00092348,0.00029786,-0.00049331,0.00012593,-0.00007316,0.00142344,-0.00148997,0.00058160,-0.00065027,-0.00104008,0.00153092,0.00006434,-0.00044515,-0.00086847,-0.01332546,0.00012880,0.00252337,0.00118861,0.00005974,-0.00070186,-0.00173532,-0.00056088,-0.00087049,-0.00041646,-0.00050300,0.00020446,0.00112203,0.00123377,-0.00059470,-0.00028572,-0.00024390,-0.00111296,-0.00051080,0.00114894,-0.00165890,-0.00061481,0.00109489,0.00127800,-0.00007552,0.00033982,0.00009560,-0.00054863,-0.00009043,-0.00113635,0.00115103,-0.00097760,0.00075170,-0.00241566,-0.00004591,0.00149771,0.00103089,0.00071357,0.00008203,-0.00019600,-0.00082530,-0.00008008,0.00130167,-0.00044857,0.00106562,0.00000000,0.00000000,0.00000000,0.00000000,0.00000000,0.00000000,0.00000000,0.00000000,0.00000000,0.00000000,0.00000000,0.00000000,0.00000000,0.00000000,0.00000000,0.00000000,0.00000000,0.00000000,0.00000000,0.00000000,0.00000000,0.00000000,0.00000000,0.00000000,0.00000000,0.00000000,0.00000000,0.00000000,0.00000000,0.00000000,0.00000000,0.00000000,0.00000000,0.00000000,0.00000000,0.00000000,0.00000000,0.00000000,0.00000000,0.00000000,0.00000000,0.00000000,0.00000000,0.00000000,0.00000000,0.00000000,0.00000000,0.00000000,0.00022941,-0.00032743,0.00063636,-0.00041858,0.00076545,-0.00142096,0.00099660,0.00007972,-0.00009042,0.00096997,-0.00006690,0.00048925,-0.00007562,-0.00038399,-0.00012881,0.00149354
0.00077191,-0.00208231,-0.00020584,-0.00017381,0.00245900,0.00130913,0.00098509,-0.00108841,0.00052225,-0.00004161,-0.00010903,-0.00040221,-0.00089371,0.00065192,0.00023434,0.00054655,0.00011910,0.00073381,-0.00043297,-0.00256911,-0.00016003,0.00131594,0.00005760,0.00049388,-0.00035062,0.00085966,-0.00007701,0.00068011,-0.00091017,-0.00067034,0.00026096,-0.00088039,-0.00010629,0.00047934,-0.00037062,-0.00042019,0.00150636,-0.00112728,-0.00002542,-0.00000387,0.00035869,-0.00004144,0.00046761,0.00044050,0.00088480,0.00065826,-0.00144014,-0.00023605,-0.00035716,-0.00111794,0.00112465,0.00046805,-0.00052717,-0.00078677,0.00078289,-0.00170569,0.00189488,0.00041311,-0.00087919,-0.00031400,-0.00093815,0.00028098,0.00004787,0.00030682,0.00036878,0.00037934,-0.00037417,0.00036063,0.00041890,0.00052813,0.00013112,0.00115928,-0.00102491,0.00101327,-0.00098159,0.00235908,-0.00099151,0.00015559,0.00160609,-0.00137293,0.00096620,0.00042252,-0.00011496,0.00065429,-0.00974370,-0.00125962,-0.00071997,0.00056378,0.00174010,0.00237679,0.00141673,0.00019344,-0.00020170,0.00142640,0.00020007,-0.00145976,-0.00195516,-0.00065965,-0.00040753,0.00027168,0.00147786,0.00136741,-0.00057491,0.00155352,0.00124319,0.00069471,-0.00092750,0.00002584,-0.00034843,0.00036435,0.00014525,0.00136324,0.00143758,-0.00045144,0.00046147,-0.00083338,0.00302214,-0.00056223,-0.00094277,-0.00009640,-0.00042912,-0.00060721,0.00065975,0.00085815,-0.00041571,-0.00194925,0.00174000,-0.00242048,0.00000000,0.00000000,0.00000000,0.00000000,0.00000000,0.00000000,0.00000000,0.00000000,0.00000000,0.00000000,0.00000000,0.00000000,0.00000000,0.00000000,0.00000000,0.00000000,0.00000000,0.00000000,0.00000000,0.00000000,0.00000000,0.00000000,0.00000000,0.00000000,0.00000000,0.00000000,0.00000000,0.00000000,0.00000000,0.00000000,0.00000000,0.00000000,0.00000000,0.00000000,0.00000000,0.00000000,0.00000000,0.00000000,0.00000000,0.00000000,0.00000000,0.00000000,0.00000000,0.00000000,0.00000000,0.00000000,0.00000000,0.00000000,-0.00041104,-0.00013088,-0.00033891,0.00093808,-0.00033974,0.00097942,-0.00138270,0.00097821,0.00004064,-0.00136950,0.00071918,-0.00013294,-0.00088189,0.00156289,0.00112440,-0.00148569
0.00063417,-0.00086177,0.00123925,-0.00205665,0.00106203,-0.00046374,0.00164777,0.00008713,0.00253922,0.00116269,0.00184177,0.00116533,-0.00089578,0.00238620,0.00099318,-0.00228695,0.00219993,0.00204996,-0.00212388,-0.00183050,0.00175082,0.00169055,0.00150975,0.00201764,-0.00177843,0.00234335,0.00140381,0.00185357,-0.00139442,0.00086235,0.00222693,-0.00223547,-0.00028449,0.00236029,0.00191729,-0.00213558,-0.00116395,0.00067355,-0.00195999,0.00294926,0.00121704,0.00233934,0.00278215,-0.00151320,-0.00106035,0.00193632,-0.00007643,0.00225234,-0.00142057,-0.00255765,-0.00167040,0.00182362,-0.00197794,0.00156267,-0.00110280,-0.00025704,0.00103417,0.00204059,0.00165804,0.00075314,0.00159799,0.00192521,-0.00159896,-0.00093835,-0.00232391,0.00000898,-0.00181506,-0.00234094,0.00118362,-0.00031781,0.00133722,0.00098079,0.00090380,0.00037981,-0.00198806,0.00166104,0.00095086,-0.00163027,0.00109557,-0.00166648,-0.00146780,0.00148611,-0.00152734,-0.00055664,0.00259138,-0.01431990,-0.00206936,0.00134868,0.00080420,0.00158500,0.00194257,0.00156361,0.00227269,0.00151982,0.00143702,-0.00158000,-0.00136243,0.00104585,0.00107795,0.00077481,-0.00047181,0.00022232,-0.00151409,-0.00041348,0.00099355,0.00246137,0.00169735,0.00098123,-0.00139285,-0.00165741,0.00126521,0.00113251,0.00194573,0.00104399,0.00009114,0.00128256,0.00148575,-0.00157028,-0.00259545,0.00125365,0.00067920,0.00111424,0.00187764,0.00130097,-0.00134126,-0.00018827,-0.00109878,-0.00234208,0.00000000,0.00000000,0.00000000,0.00000000,0.00000000,0.00000000,0.00000000,0.00000000,0.00000000,0.00000000,0.00000000,0.00000000,0.00000000,0.00000000,0.00000000,0.00000000,0.00000000,0.00000000,0.00000000,0.00000000,0.00000000,0.00000000,0.00000000,0.00000000,0.00000000,0.00000000,0.00000000,0.00000000,0.00000000,0.00000000,0.00000000,0.00000000,0.00000000,0.00000000,0.00000000,0.00000000,0.00000000,0.00000000,0.00000000,0.00000000,0.00000000,0.00000000,0.00000000,0.00000000,0.00000000,0.00000000,0.00000000,0.00000000,-0.00180205,0.00030222,-0.00163435,0.00114832,-0.00101225,0.00213549,-0.00202079,0.00131323,0.00074151,-0.00112990,0.00001286,-0.00131227,-0.00192614,0.00241519,0.00120439,-0.00180341
-0.00108642,0.00117583,0.00151302,-0.00123727,-0.00146971,-0.00135760,-0.00043758,0.00169943,0.00022780,0.00063882,0.00047625,-0.00024655,0.00070070,0.00068011,0.00075083,-0.00165219,0.00058058,0.00052647,0.00031402,0.00103574,0.00194462,0.00048092,0.00130971,0.00085356,-0.00016942,0.00050437,0.00059968,0.00110581,0.00133196,0.00190327,0.00087554,-0.00039521,0.00058369,0.00077778,0.00062755,-0.00025473,-0.00064194,0.00141720,-0.00146157,0.00143121,0.00037618,0.00126595,0.00047637,-0.00030897,-0.00289855,0.00052180,0.00031664,0.00036753,-0.00049136,-0.00012168,-0.00057530,0.00026385,-0.00119636,0.00162664,-0.00051810,0.00129530,-0.00258258,0.00086475,0.00010954,0.00164355,0.00083996,0.00158030,-0.00129269,-0.00109104,-0.00144104,-0.00113860,-0.00084218,-0.00115508,-0.00050013,-0.00126146,0.00056531,0.00080490,0.00119937,-0.00100820,0.00062423,-0.00172633,0.00147821,-0.00126757,-0.00062514,0.00056674,-0.00030964,0.00112745,-0.00005661,-0.00065879,0.00076303,0.00108370,-0.01294008,0.00088370,-0.00045016,-0.00137551,-0.00041914,0.00028067,0.00091645,-0.00147134,0.00059045,0.00058770,0.00136096,0.00096546,0.00166811,0.00112448,-0.00186653,-0.00101827,-0.00016970,-0.00065608,0.00019201,0.00053378,0.00207186,0.00062263,-0.00094665,-0.00130080,0.00137618,-0.00071932,-0.00045437,0.00113059,-0.00143867,0.00105492,-0.00179810,-0.00024319,-0.00155617,0.00093733,0.00043175,0.00177659,0.00150615,-0.00152012,-0.00015854,0.00113366,-0.00153270,0.00022012,0.00000000,0.00000000,0.00000000,0.00000000,0.00000000,0.00000000,0.00000000,0.00000000,0.00000000,0.00000000,0.00000000,0.00000000,0.00000000,0.00000000,0.00000000,0.00000000,0.00000000,0.00000000,0.00000000,0.00000000,0.00000000,0.00000000,0.00000000,0.00000000,0.00000000,0.00000000,0.00000000,0.00000000,0.00000000,0.00000000,0.00000000,0.00000000,0.00000000,0.00000000,0.00000000,0.00000000,0.00000000,0.00000000,0.00000000,0.00000000,0.00000000,0.00000000,0.00000000,0.00000000,0.00000000,0.00000000,0.00000000,0.00000000,-0.00025348,0.00076812,-0.00046373,-0.00018072,0.00029637,-0.00015883,0.00015697,0.00053691,-0.00054660,-0.00047873,-0.00033186,0.00021334,0.00008742,-0.00018917,-0.00049039,0.00040949
0.00094068,-0.00036793,-0.00068997,-0.00102246,0.00073902,0.00027624,0.00098998,-0.00051864,0.00068814,0.00019233,-0.00025285,0.00038096,-0.00047894,0.00086645,-0.00004217,0.00024404,0.00007719,0.00042841,-0.00091174,-0.00091640,-0.00067173,0.00013023,-0.00050577,0.00002028,-0.00022839,0.00082611,-0.00049393,0.00010319,-0.00122684,-0.00052663,0.00041618,-0.00040740,-0.00040386,0.00011571,0.00063840,-0.00126342,-0.00009144,-0.00048214,-0.00026770,-0.00026391,0.00059564,-0.00009531,0.00027804,-0.00032230,0.00203988,0.00164570,-0.00126021,0.00021557,-0.00032895,0.00007100,0.00025571,0.00028590,0.00000201,-0.00034665,0.00041880,-0.00191223,0.00163968,-0.00037682,0.00058558,-0.00083971,0.00045930,-0.00058226,-0.00000533,0.00099216,0.00030825,-0.00005305,0.00009201,0.00008869,0.00069727,0.00033695,0.00024293,0.00081115,-0.00119519,0.00102356,-0.00059172,0.00191452,-0.00041734,0.00010818,0.00113010,-0.00184281,-0.00006698,0.00094045,0.00004418,0.00024299,0.00063650,-0.00164055,-0.00078759,-0.01345550,0.00075284,0.00134305,0.00133110,-0.00008227,0.00015124,0.00170940,0.00027538,-0.00135782,-0.00140358,-0.00015205,-0.00053945,-0.00068709,0.00147703,0.00117085,-0.00034911,0.00064660,-0.00060285,0.00056055,-0.00093424,0.00047358,0.00005026,0.00072471,0.00055615,0.00048784,0.00066165,0.00045389,0.00065973,0.00000386,0.00089678,-0.00029228,-0.00002981,-0.00038162,-0.00005309,-0.00049683,-0.00032566,0.00053076,0.00134903,-0.00149078,0.00079064,-0.00150521,0.00000000,0.00000000,0.00000000,0.00000000,0.00000000,0.00000000,0.00000000,0.00000000,0.00000000,0.00000000,0.00000000,0.00000000,0.00000000,0.00000000,0.00000000,0.00000000,0.00000000,0.00000000,0.00000000,0.00000000,0.00000000,0.00000000,0.00000000,0.00000000,0.00000000,0.00000000,0.00000000,0.00000000,0.00000000,0.00000000,0.00000000,0.00000000,0.00000000,0.00000000,0.00000000,0.00000000,0.00000000,0.00000000,0.00000000,0.00000000,0.00000000,0.00000000,0.00000000,0.00000000,0.00000000,0.00000000,0.00000000,0.00000000,-0.00070140,-0.00004195,0.00005654,0.00089978,-0.00022293,0.00085575,-0.00092299,0.00031345,0.00076586,-0.00078073,-0.00063598,-0.00089234,-0.00038135,0.00063085,-0.00002938,-0.00102330
-0.00054874,0.00055249,-0.00102625,0.00161008,-0.00088530,0.00083017,-0.00020795,0.00011890,-0.00147333,-0.00131575,-0.00122179,-0.00106178,0.00031869,-0.00209471,-0.00052625,0.00066647,-0.00191531,-0.00151909,0.00210126,0.00073121,-0.00170627,-0.00097006,-0.00179429,-0.00181992,0.00145763,-0.00162271,-0.00175169,-0.00183609,0.00052686,-0.00054932,-0.00132148,0.00143705,-0.00020712,-0.00103351,-0.00122368,0.00151755,0.00092314,0.00000037,0.00225685,-0.00149955,-0.00106208,-0.00141020,-0.00131822,0.00153025,0.00093476,-0.00144782,0.00018528,-0.00045096,0.00144463,0.00223066,-0.00013332,-0.00079152,0.00163462,-0.00025355,0.00104724,0.00003961,-0.00097059,-0.00144998,-0.00145153,-0.00024511,-0.00174651,-0.00102995,0.00128185,0.00054101,0.00031975,0.00045906,0.00193435,0.00139201,-0.00136269,0.00065760,-0.00047291,-0.00110661,-0.00016551,0.00035118,0.00115216,-0.00017357,-0.00076883,0.00044061,-0.00084184,0.00110300,0.00157130,-0.00150035,0.00062883,0.00120467,-0.00114650,0.00031385,0.00170217,-0.00094319,-0.01527083,-0.00038655,-0.00095220,-0.00054060,-0.00187145,-0.00065822,-0.00199629,0.00018314,0.00037934,-0.00133416,-0.00109861,0.00043124,0.00066546,-0.00079973,0.00086144,-0.00041879,-0.00085209,-0.00167265,-0.00070794,-0.00026563,0.00087556,0.00072831,-0.00151021,-0.00093549,-0.00135797,-0.00107805,-0.00006323,-0.00095084,-0.00095596,0.00069031,0.00134178,-0.00030325,-0.00112349,0.00046220,-0.00183241,-0.00091647,0.00151192,-0.00040398,0.00085555,0.00072578,0.00000000,0.00000000,0.00000000,0.00000000,0.00000000,0.00000000,0.00000000,0.00000000,0.00000000,0.00000000,0.00000000,0.00000000,0.00000000,0.00000000,0.00000000,0.00000000,0.00000000,0.00000000,0.00000000,0.00000000,0.00000000,0.00000000,0.00000000,0.00000000,0.00000000,0.00000000,0.00000000,0.00000000,0.00000000,0.00000000,0.00000000,0.00000000,0.00000000,0.00000000,0.00000000,0.00000000,0.00000000,0.00000000,0.00000000,0.00000000,0.00000000,0.00000000,0.00000000,0.00000000,0.00000000,0.00000000,0.00000000,0.00000000,0.00212021,0.00013669,0.00126597,-0.00105477,0.00105001,-0.00207832,0.00099861,-0.00148014,0.00004276,0.00055059,0.00014695,0.00020926,0.00163304,-0.00132589,-0.00092205,0.00107814
-0.00087561,-0.00073373,-0.00247984,0.00323206,0.00056265,0.00164356,0.00130456,-0.00068947,-0.00286961,-0.00263129,-0.00389638,-0.00190265,0.00202839,-0.00286033,-0.00243254,0.00253359,-0.00401577,-0.00241107,0.00362287,-0.00101841,-0.00292370,-0.00287755,-0.00311104,-0.00319019,0.00370867,-0.00348323,-0.00171749,-0.00205371,-0.00021312,-0.00303676,-0.00297307,0.00365629,-0.00079914,-0.00209491,-0.00233740,0.00256767,0.00335126,-0.00241486,0.00339330,-0.00426618,-0.00173714,-0.00366730,-0.00422833,0.00283251,0.00216274,-0.00254904,-0.00156137,-0.00282579,0.00270333,0.00328762,0.00337629,-0.00348143,0.00337239,-0.00194787,0.00241920,-0.00155956,0.00198416,-0.00270613,-0.00322707,-0.00324611,-0.00313126,-0.00359307,0.00329331,0.00305678,0.00312699,0.00172603,0.00455624,0.00406209,0.00013932,0.00197150,-0.00172160,-0.00114504,-0.00136420,0.00176363,0.00241456,0.00074957,-0.00207624,0.00272584,-0.00004549,0.00009947,0.00239704,-0.00306202,0.00246870,0.00252085,-0.00364602,-0.00056107,0.00369838,-0.00233938,0.00199518,-0.01613546,-0.00171368,-0.00293222,-0.00320620,0.00016725,-0.00219786,-0.00138378,-0.00067476,-0.00182422,-0.00032542,0.00015083,0.00189476,0.00184916,0.00197502,0.00226364,-0.00141540,-0.00325737,-0.00304326,-0.00226781,0.00197057,0.00280880,-0.00290349,-0.00059488,-0.00169062,-0.00280059,0.00155740,-0.00372819,-0.00061426,0.00376976,0.00322369,-0.00317137,-0.00200362,-0.00235682,-0.00338141,0.00025586,0.00194187,-0.00183088,0.00264413,0.00094850,0.00000000,0.00000000,0.00000000,0.00000000,0.00000000,0.00000000,0.00000000,0.00000000,0.00000000,0.00000000,0.00000000,0.00000000,0.00000000,0.00000000,0.00000000,0.00000000,0.00000000,0.00000000,0.00000000,0.00000000,0.00000000,0.00000000,0.00000000,0.00000000,0.00000000,0.00000000,0.00000000,0.00000000,0.00000000,0.00000000,0.00000000,0.00000000,0.00000000,0.00000000,0.00000000,0.00000000,0.00000000,0.00000000,0.00000000,0.00000000,0.00000000,0.00000000,0.00000000,0.00000000,0.00000000,0.00000000,0.00000000,0.00000000,0.00208715,-0.00042161,0.00324418,-0.00241436,0.00262335,-0.00389587,0.00270318,-0.00178940,0.00118639,0.00150191,0.00033954,0.00234670,0.00294562,-0.00252737,-0.00308453,0.00322689
0.00034355,-0.00036424,-0.00196355,0.00196220,-0.00020092,0.00047455,-0.00053451,0.00011577,-0.00088598,-0.00197894,-0.00051314,-0.00051433,0.00100526,-0.00155470,-0.00077352,0.00162166,-0.00068210,-0.00035573,0.00109967,-0.00021075,-0.00106801,-0.00194227,-0.00138252,-0.00184061,0.00033609,-0.00126310,-0.00155953,-0.00102295,-0.00053514,-0.00085207,-0.00211269,0.00073703,0.00003657,-0.00183837,-0.00112681,0.00124812,0.00070701,-0.00041868,0.00184323,-0.00234896,-0.00084534,-0.00111208,-0.00149015,0.00059049,0.00118181,-0.00072133,0.00004456,-0.00164866,0.00091350,0.00100961,0.00082268,-0.00069812,0.00145180,-0.00081253,0.00106129,-0.00127726,0.00063579,-0.00126746,-0.00026748,-0.00102676,-0.00097676,-0.00046182,0.00115253,0.00178890,0.00111550,0.00089973,0.00153952,0.00132037,0.00015871,0.00134654,-0.00054599,0.00055323,-0.00001349,-0.00012031,0.00077804,0.00037207,-0.00048663,0.00085907,0.00063573,-0.00031773,0.00146325,-0.00097096,0.00081370,0.00148971,-0.00131965,0.00003030,0.00146756,-0.00069761,0.00035562,-0.00011432,-0.01643503,-0.00084327,-0.00120264,0.00023941,-0.00097679,-0.00016756,0.00079127,-0.00033731,-0.00008195,0.00095571,0.00063330,0.00134564,-0.00003631,0.00079282,-0.00022921,-0.00121306,-0.00093442,0.00046624,0.00014345,0.00142819,-0.00155587,0.00040579,-0.00074119,-0.00088909,0.00046203,-0.00120814,0.00083520,0.00080212,0.00057375,-0.00021463,0.00040875,-0.00082812,-0.00183768,0.00099820,0.00098213,-0.00046829,0.00040179,-0.00057634,0.00000000,0.00000000,0.00000000,0.00000000,0.00000000,0.00000000,0.00000000,0.00000000,0.00000000,0.00000000,0.00000000,0.00000000,0.00000000,0.00000000,0.00000000,0.00000000,0.00000000,0.00000000,0.00000000,0.00000000,0.00000000,0.00000000,0.00000000,0.00000000,0.00000000,0.00000000,0.00000000,0.00000000,0.00000000,0.00000000,0.00000000,0.00000000,0.00000000,0.00000000,0.00000000,0.00000000,0.00000000,0.00000000,0.00000000,0.00000000,0.00000000,0.00000000,0.00000000,0.00000000,0.00000000,0.00000000,0.00000000,0.00000000,0.00079414,-0.00085881,0.00043571,-0.00030807,0.00022357,-0.00025300,0.00114213,-0.00016435,0.00040348,0.00060256,-0.00009668,0.00125897,0.00053125,-0.00091388,-0.00095353,0.00000974
0.00086095,-0.00125941,0.00000324,-0.00022425,0.00153302,0.00136615,0.00152436,-0.00163115,-0.00084703,-0.00096133,-0.00059648,-0.00004451,0.00020734,0.00062427,-0.00030639,0.00135843,-0.00124705,-0.00022108,0.00036761,-0.00129056,-0.00100266,0.00018031,-0.00047566,-0.00053279,0.00003360,-0.00018419,-0.00094743,0.00000364,-0.00154573,-0.00109247,0.00058695,-0.00022689,-0.00046232,0.00007769,-0.00004646,-0.00018712,0.00128772,-0.00096177,0.00040520,0.00002907,-0.00023226,-0.00022446,-0.00046027,0.00055301,0.00134942,-0.00053021,-0.00100642,-0.00128725,0.00008143,0.00001035,0.00128841,-0.00011300,0.00087412,-0.00040062,0.00096549,-0.00237236,0.00159777,-0.00040141,-0.00054450,-0.00016835,-0.00102808,-0.00032560,0.00151387,0.00081183,0.00023331,-0.00020759,0.00055205,0.00097090,0.00032128,0.00158463,-0.00036102,-0.00022100,-0.00173019,0.00078435,-0.00021002,0.00156565,-0.00126941,0.00017598,0.00037009,-0.00116122,0.00026045,0.00030210,0.00081591,0.00003173,-0.00060161,-0.00181377,-0.00021675,-0.00040787,0.00160700,0.00123695,0.00114427,-0.01448835,-0.00060921,0.00110345,-0.00037815,-0.00111395,-0.00111125,-0.00083107,-0.00152252,-0.00003283,0.00102476,0.00051333,-0.00021884,0.00037291,-0.00055556,-0.00056343,-0.00081969,0.00044218,-0.00044023,0.00090427,-0.00020296,0.00077322,-0.00003252,-0.00092495,0.00131925,-0.00014704,0.00209780,0.00051158,-0.00051298,-0.00031685,-0.00089482,-0.00069179,-0.00063703,0.00178037,0.00057062,-0.00168194,0.00165485,-0.00122820,0.00000000,0.00000000,0.00000000,0.00000000,0.00000000,0.00000000,0.00000000,0.00000000,0.00000000,0.00000000,0.00000000,0.00000000,0.00000000,0.00000000,0.00000000,0.00000000,0.00000000,0.00000000,0.00000000,0.00000000,0.00000000,0.00000000,0.00000000,0.00000000,0.00000000,0.00000000,0.00000000,0.00000000,0.00000000,0.00000000,0.00000000,0.00000000,0.00000000,0.00000000,0.00000000,0.00000000,0.00000000,0.00000000,0.00000000,0.00000000,0.00000000,0.00000000,0.00000000,0.00000000,0.00000000,0.00000000,0.00000000,0.00000000,0.00005493,0.00135417,-0.00035862,0.00062714,0.00006744,0.00010779,-0.00036140,0.00026337,0.00033201,-0.00038214,0.00058567,0.00073656,0.00006511,0.00029017,0.00042334,-0.00071363
0.00051927,-0.00132267,0.00003911,-0.00039062,0.00129419,0.00071755,0.00055119,-0.00061171,0.00062708,0.00031969,0.00058726,0.00013647,-0.00068175,0.00113049,0.00081483,0.00002677,-0.00007537,0.00057624,-0.00104236,-0.00095470,-0.00002110,0.00086174,0.00081485,0.00078511,-0.00079709,0.00068938,-0.00118925,0.00046211,-0.00164659,-0.00083619,0.00041354,-0.00048675,-0.00027686,0.00027345,0.00020226,-0.00048563,0.00027580,-0.00083570,-0.00094577,0.00034182,0.00055676,0.00113005,0.00036268,-0.00022762,0.00058734,0.00075636,0.00002779,0.00064713,-0.00036982,-0.00081890,0.00036579,0.00111355,-0.00017398,0.00008082,-0.00023459,-0.00112944,0.00182689,-0.00003329,0.00015631,0.00022407,0.00023027,0.00061323,0.00031162,0.00058638,0.00060158,0.00056967,-0.00079895,-0.00050042,0.00032818,0.00085666,0.00040637,0.00057155,-0.00068797,0.00042719,-0.00065334,0.00187998,0.00015289,-0.00046464,0.00214082,-0.00209443,-0.00015977,0.00063429,0.00038184,-0.00048719,0.00075756,-0.00094589,-0.00052476,0.00008574,0.00045089,0.00202862,0.00166598,0.00037834,-0.01049460,0.00110075,0.00018757,-0.00143674,-0.00222452,0.00000675,-0.00068814,-0.00063886,0.00047837,0.00082967,-0.00122707,-0.00016465,0.00014570,0.00108075,-0.00124089,-0.00036345,0.00055455,0.00034585,-0.00008777,0.00092570,0.00136580,0.00066822,0.00208586,0.00027980,0.00207496,-0.00071677,-0.00004765,0.00025385,0.00044608,-0.00091828,-0.00013916,0.00055528,0.00048009,-0.00165002,0.00051062,-0.00182897,0.00000000,0.00000000,0.00000000,0.00000000,0.00000000,0.00000000,0.00000000,0.00000000,0.00000000,0.00000000,0.00000000,0.00000000,0.00000000,0.00000000,0.00000000,0.00000000,0.00000000,0.00000000,0.00000000,0.00000000,0.00000000,0.00000000,0.00000000,0.00000000,0.00000000,0.00000000,0.00000000,0.00000000,0.00000000,0.00000000,0.00000000,0.00000000,0.00000000,0.00000000,0.00000000,0.00000000,0.00000000,0.00000000,0.00000000,0.00000000,0.00000000,0.00000000,0.00000000,0.00000000,0.00000000,0.00000000,0.00000000,0.00000000,-0.00130482,0.00044538,-0.00062030,0.00079958,-0.00091036,0.00097913,-0.00177351,0.00056649,0.00034873,0.00050183,0.00013015,-0.00109289,-0.00069537,0.00198543,0.00057166,-0.00079686
0.00029238,0.00006399,-0.00295216,0.00291389,-0.00349542,0.00211599,0.00045745,0.00009264,-0.00389135,-0.00286384,-0.00296820,-0.00257908,0.00263130,-0.00414138,-0.00373857,0.00247244,-0.00359909,-0.00341909,0.00353785,0.00068797,-0.00369037,-0.00380342,-0.00354778,-0.00419904,0.00332595,-0.00424661,-0.00219513,-0.00281118,-0.00059083,-0.00261119,-0.00421485,0.00399594,-0.00152747,-0.00343999,-0.00328670,0.00382539,0.00220009,-0.00053020,0.00295931,-0.00469602,-0.00248261,-0.00387393,-0.00401860,0.00225406,0.00215132,-0.00269762,-0.00081977,-0.00281335,0.00295694,0.00408007,0.00215880,-0.00419887,0.00353875,-0.00280808,0.00371594,-0.00084977,0.00109555,-0.00342252,-0.00311900,-0.00303380,-0.00365548,-0.00276554,0.00353377,0.00371187,0.00289048,0.00131290,0.00361586,0.00279701,-0.00087300,0.00114366,-0.00305044,-0.00277224,-0.00122683,0.00143906,0.00410744,-0.00197169,-0.00220178,0.00316535,-0.00315643,0.00113260,0.00267024,-0.00339322,0.00242671,0.00264527,-0.00409064,0.00038999,0.00405164,-0.00287983,-0.00006740,-0.00374961,-0.00229684,-0.00398342,-0.00315539,-0.01531746,-0.00288017,-0.00109024,0.00006772,-0.00267984,-0.00178695,-0.00025203,0.00142734,0.00150413,0.00320216,0.00126623,-0.00178714,-0.00429402,-0.00298577,-0.00218468,0.00196974,0.00261754,-0.00343884,-0.00027877,-0.00280990,-0.00236427,0.00015871,-0.00402371,-0.00113526,0.00297774,0.00407867,-0.00312470,-0.00180952,-0.00256428,-0.00363878,-0.00033664,0.00286627,-0.00118546,0.00213732,0.00277385,0.00000000,0.00000000,0.00000000,0.00000000,0.00000000,0.00000000,0.00000000,0.00000000,0.00000000,0.00000000,0.00000000,0.00000000,0.00000000,0.00000000,0.00000000,0.00000000,0.00000000,0.00000000,0.00000000,0.00000000,0.00000000,0.00000000,0.00000000,0.00000000,0.00000000,0.00000000,0.00000000,0.00000000,0.00000000,0.00000000,0.00000000,0.00000000,0.00000000,0.00000000,0.00000000,0.00000000,0.00000000,0.00000000,0.00000000,0.00000000,0.00000000,0.00000000,0.00000000,0.00000000,0.00000000,0.00000000,0.00000000,0.00000000,0.00323430,-0.00196607,0.00425873,-0.00256792,0.00371638,-0.00408944,0.00399503,-0.00253204,0.00040598,0.00275820,0.00088578,0.00290299,0.00260139,-0.00396178,-0.00383456,0.00313849
0.00036109,-0.00099720,-0.00054505,-0.00043681,0.00101385,0.00018413,0.00123659,-0.00077352,0.00072517,-0.00042292,0.00008469,-0.00003389,-0.00045455,0.00144742,0.00053721,0.00036979,0.00052651,0.00075499,-0.00098724,-0.00170049,0.00017196,0.00073211,0.00028321,0.00092787,-0.00032971,0.00164718,-0.00007898,0.00096313,-0.00175885,-0.00086519,0.00106219,-0.00106533,-0.00003978,0.00018046,0.00011232,-0.00135264,0.00017799,-0.00143888,-0.00117442,0.00078042,0.00024555,0.00122657,0.00093867,-0.00048940,0.00060867,0.00048353,-0.00023330,0.00051895,-0.00104120,-0.00028722,-0.00000749,0.00078553,-0.00032188,-0.00024311,-0.00042289,-0.00184031,0.00111161,-0.00008430,0.00064969,-0.00005338,0.00009231,-0.00003783,-0.00085067,0.00041294,-0.00055189,0.00048058,-0.00064113,-0.00035451,0.00080442,0.00039129,0.00074389,0.00073907,-0.00022009,0.00048338,-0.00078129,0.00187843,-0.00029723,-0.00052202,0.00145396,-0.00168017,-0.00012189,0.00004699,0.00002160,0.00011417,0.00083449,-0.00184859,-0.00108027,0.00048966,0.00049027,0.00208167,0.00136173,0.00073893,0.00059974,0.00210674,-0.01046737,-0.00123718,-0.00141266,0.00008803,-0.00105736,-0.00026004,0.00048040,0.00115849,-0.00091315,0.00081368,-0.00005296,0.00019044,-0.00123028,-0.00026786,-0.00026751,0.00027838,0.00116361,0.00083504,0.00114090,0.00055946,0.00106464,-0.00001762,0.00207495,-0.00040252,-0.00112944,-0.00034307,0.00038557,-0.00087884,-0.00022353,0.00149001,0.00030537,-0.00109435,0.00113230,-0.00094037,0.00000000,0.00000000,0.00000000,0.00000000,0.00000000,0.00000000,0.00000000,0.00000000,0.00000000,0.00000000,0.00000000,0.00000000,0.00000000,0.00000000,0.00000000,0.00000000,0.00000000,0.00000000,0.00000000,0.00000000,0.00000000,0.00000000,0.00000000,0.00000000,0.00000000,0.00000000,0.00000000,0.00000000,0.00000000,0.00000000,0.00000000,0.00000000,0.00000000,0.00000000,0.00000000,0.00000000,0.00000000,0.00000000,0.00000000,0.00000000,0.00000000,0.00000000,0.00000000,0.00000000,0.00000000,0.00000000,0.00000000,0.00000000,-0.00071226,0.00075958,-0.00103476,0.00140997,-0.00044487,0.00098825,-0.00109619,0.00095156,-0.00011101,-0.00057084,0.00021160,-0.00062653,-0.00061608,0.00170511,0.00072147,-0.00134026
0.00018210,-0.00062391,0.00230956,-0.00237667,0.00173670,-0.00062242,0.00011410,-0.00027009,0.00246629,0.00127733,0.00142023,0.00166298,-0.00166616,0.00207549,0.00213839,-0.00262072,0.00162662,0.00194216,-0.00170560,-0.00015326,0.00209761,0.00220552,0.00237760,0.00272536,-0.00159828,0.00316224,0.00045956,0.00260041,0.00018615,0.00042624,0.00192747,-0.00315498,0.00068118,0.00196978,0.00156773,-0.00245964,-0.00123485,-0.00029452,-0.00237773,0.00292832,0.00086021,0.00245742,0.00278762,-0.00156289,-0.00034617,0.00132536,0.00080328,0.00231534,-0.00232490,-0.00271041,-0.00087835,0.00282547,-0.00177034,0.00141967,-0.00203212,-0.00018668,-0.00089802,0.00194608,0.00194111,0.00159010,0.00232346,0.00040286,-0.00169478,-0.00155304,-0.00203719,0.00005024,-0.00214110,-0.00212654,0.00021028,-0.00091733,0.00070632,0.00112249,0.00084976,0.00005357,-0.00172157,0.00203942,0.00102131,-0.00084037,0.00175408,-0.00104056,-0.00133315,0.00132438,-0.00209270,-0.00073643,0.00297099,-0.00074860,-0.00219228,0.00104664,0.00023584,0.00238120,0.00183722,0.00236942,0.00133910,0.00148776,0.00170650,-0.01433882,-0.00131889,0.00044415,0.00150066,0.00024007,-0.00097196,-0.00017021,-0.00143074,-0.00067974,0.00104730,0.00270634,0.00188287,0.00071460,-0.00054906,-0.00143718,0.00193457,0.00076939,0.00141535,0.00079349,0.00013872,0.00199335,0.00235445,-0.00171783,-0.00224644,0.00090327,0.00144538,0.00108278,0.00216249,-0.00100452,-0.00158639,-0.00029900,-0.00071549,-0.00249384,0.00000000,0.00000000,0.00000000,0.00000000,0.00000000,0.00000000,0.00000000,0.00000000,0.00000000,0.00000000,0.00000000,0.00000000,0.00000000,0.00000000,0.00000000,0.00000000,0.00000000,0.00000000,0.00000000,0.00000000,0.00000000,0.00000000,0.00000000,0.00000000,0.00000000,0.00000000,0.00000000,0.00000000,0.00000000,0.00000000,0.00000000,0.00000000,0.00000000,0.00000000,0.00000000,0.00000000,0.00000000,0.00000000,0.00000000,0.00000000,0.00000000,0.00000000,0.00000000,0.00000000,0.00000000,0.00000000,0.00000000,0.00000000,-0.00245932,0.00142784,-0.00222386,0.00154167,-0.00207324,0.00228772,-0.00312640,0.00122409,-0.00017944,-0.00188086,-0.00136894,-0.00184569,-0.00037239,0.00260179,0.00157525,-0.00158165
0.00026827,0.00062163,0.00338727,-0.00302527,0.00106406,-0.00201335,0.00054246,0.00010643,0.00361074,0.00194019,0.00312361,0.00277330,-0.00267206,0.00354673,0.00319037,-0.00205951,0.00379109,0.00367357,-0.00324704,-0.00024971,0.00257025,0.00257654,0.00312075,0.00273041,-0.00337446,0.00282906,0.00211396,0.00243723,-0.00004196,0.00322899,0.00356115,-0.00334335,-0.00039006,0.00316962,0.00317617,-0.00320615,-0.00164424,0.00064397,-0.00269253,0.00355529,0.00196305,0.00365820,0.00318447,-0.00166958,-0.00124223,0.00250355,0.00186620,0.00167837,-0.00221333,-0.00380914,-0.00268408,0.00281921,-0.00386360,0.00197079,-0.00307357,0.00097565,-0.00104108,0.00254700,0.00374122,0.00293955,0.00313489,0.00338890,-0.00281143,-0.00191995,-0.00176254,-0.00191621,-0.00369453,-0.00357013,0.00166595,-0.00192042,0.00289960,0.00323741,0.00186388,-0.00209402,-0.00300899,0.00029714,0.00129951,-0.00230787,0.00161774,0.00047718,-0.00242046,0.00243971,-0.00287989,-0.00222913,0.00299630,-0.00039516,-0.00378061,0.00316722,-0.00057178,0.00209159,0.00283067,0.00259523,0.00277472,0.00015778,0.00362780,0.00158849,-0.01510651,0.00190085,0.00136455,-0.00022139,-0.00184791,-0.00165609,-0.00276319,-0.00222722,0.00216624,0.00250216,0.00228983,0.00196239,-0.00218470,-0.00377583,0.00218987,-0.00084931,0.00089131,0.00110605,-0.00073267,0.00284587,-0.00012654,-0.00403584,-0.00317132,0.00318388,0.00047595,0.00255187,0.00410106,0.00018587,-0.00259726,0.00122283,-0.00292845,-0.00136049,0.00000000,0.00000000,0.00000000,0.00000000,0.00000000,0.00000000,0.00000000,0.00000000,0.00000000,0.00000000,0.00000000,0.00000000,0.00000000,0.00000000,0.00000000,0.00000000,0.00000000,0.00000000,0.00000000,0.00000000,0.00000000,0.00000000,0.00000000,0.00000000,0.00000000,0.00000000,0.00000000,0.00000000,0.00000000,0.00000000,0.00000000,0.00000000,0.00000000,0.00000000,0.00000000,0.00000000,0.00000000,0.00000000,0.00000000,0.00000000,0.00000000,0.00000000,0.00000000,0.00000000,0.00000000,0.00000000,0.00000000,0.00000000,-0.00318391,0.00043628,-0.00285842,0.00233266,-0.00320224,0.00330148,-0.00254748,0.00192920,-0.00096208,-0.00286944,0.00021195,-0.00319981,-0.00319058,0.00296534,0.00380876,-0.00270336
0.00067975,-0.00028005,-0.00068782,-0.00062275,0.00103921,0.00119644,0.00003492,0.00061715,0.00087404,0.00000919,0.00000940,-0.00006899,-0.00092981,0.00103446,-0.00000362,0.00017554,0.00042087,0.00086897,-0.00128136,-0.00126425,-0.00050427,-0.00002735,-0.00017628,-0.00018136,-0.00122992,0.00058987,-0.00031021,0.00038051,-0.00094568,-0.00076770,0.00045551,-0.00069704,0.00012806,0.00023312,0.00066623,-0.00092099,-0.00158190,-0.00056756,-0.00061287,-0.00043293,0.00006708,0.00116067,0.00111553,-0.00009189,0.00003969,-0.00042805,-0.00063805,0.00090434,-0.00059406,-0.00112305,-0.00006873,0.00141738,-0.00034695,0.00003520,0.00074647,-0.00114766,0.00085052,0.00107899,0.00003489,0.00010303,-0.00020087,-0.00063809,-0.00084470,-0.00025610,0.00036595,0.00034253,0.00001617,-0.00062572,0.00112723,0.00021663,-0.00033064,0.00026441,-0.00074743,0.00041341,-0.00147348,0.00079811,-0.00064465,-0.00025381,0.00150313,-0.00038517,-0.00056488,0.00092718,0.00026937,-0.00071193,-0.00034992,-0.00148478,-0.00111947,-0.00003473,0.00006426,0.00136561,0.00123251,0.00023458,0.00051385,0.00075927,-0.00000090,-0.00148823,-0.00082217,-0.01600561,-0.00013943,0.00074922,0.00072761,0.00038603,-0.00091734,-0.00022837,0.00000540,0.00026397,-0.00086862,0.00023043,0.00013303,-0.00002519,-0.00022024,-0.00002670,-0.00022993,-0.00041529,0.00038957,-0.00006292,0.00145525,-0.00034289,-0.00079980,0.00073532,0.00023374,-0.00091989,0.00013647,0.00041230,-0.00027721,-0.00114017,0.00005668,-0.00116771,0.00000000,0.00000000,0.00000000,0.00000000,0.00000000,0.00000000,0.00000000,0.00000000,0.00000000,0.00000000,0.00000000,0.00000000,0.00000000,0.00000000,0.00000000,0.00000000,0.00000000,0.00000000,0.00000000,0.00000000,0.00000000,0.00000000,0.00000000,0.00000000,0.00000000,0.00000000,0.00000000,0.00000000,0.00000000,0.00000000,0.00000000,0.00000000,0.00000000,0.00000000,0.00000000,0.00000000,0.00000000,0.00000000,0.00000000,0.00000000,0.00000000,0.00000000,0.00000000,0.00000000,0.00000000,0.00000000,0.00000000,0.00000000,-0.00092825,0.00044433,-0.00095509,0.00057785,-0.00035488,0.00166147,-0.00119899,0.00087465,-0.00050867,-0.00026014,-0.00023705,-0.00100342,-0.00089947,0.00049522,0.00120791,-0.00077011
-0.00004067,0.00028167,0.00018400,-0.00117993,0.00069086,-0.00003769,0.00002194,-0.00040486,0.00155781,0.00013447,0.00081694,0.00055039,-0.00104568,0.00231883,0.00060824,-0.00052321,0.00146655,0.00122837,-0.00177123,-0.00091963,0.00072465,0.00116522,0.00038562,0.00161929,-0.00072987,0.00100724,0.00057095,0.00036926,-0.00105854,-0.00083909,0.00153263,-0.00135354,-0.00041376,0.00209363,0.00115308,-0.00150824,-0.00086439,-0.00033126,-0.00080570,0.00138730,-0.00004743,0.00081576,0.00171200,-0.00059635,0.00062026,0.00069701,-0.00046948,0.00069279,-0.00103817,-0.00123996,-0.00037827,0.00100767,-0.00132012,0.00063697,-0.00000083,-0.00117567,0.00160106,0.00064330,0.00071704,0.00000472,-0.00020636,0.00122828,-0.00141867,-0.00089674,-0.00069967,-0.00109260,-0.00106511,-0.00101132,0.00019195,-0.00084518,0.00065384,0.00177890,0.00088187,0.00070026,-0.00154310,0.00194607,0.00021218,-0.00059634,0.00145761,-0.00114606,-0.00193721,0.00069710,-0.00081422,-0.00071460,0.00062928,-0.00131647,-0.00106345,0.00072965,-0.00003060,0.00309220,0.00231616,0.00049598,0.00076689,0.00113186,0.00012318,-0.00074161,-0.00149284,0.00064153,-0.01491553,-0.00045754,0.00169921,0.00070022,-0.00036294,-0.00019365,0.00139641,0.00086711,-0.00006615,0.00010965,-0.00038943,0.00005925,0.00143217,0.00021240,0.00147101,0.00128493,0.00037389,0.00103625,0.00191740,-0.00144369,-0.00077781,0.00094682,-0.00012846,-0.00045262,0.00031720,0.00088849,-0.00089085,-0.00038437,-0.00049032,-0.00149893,0.00000000,0.00000000,0.00000000,0.00000000,0.00000000,0.00000000,0.00000000,0.00000000,0.00000000,0.00000000,0.00000000,0.00000000,0.00000000,0.00000000,0.00000000,0.00000000,0.00000000,0.00000000,0.00000000,0.00000000,0.00000000,0.00000000,0.00000000,0.00000000,0.00000000,0.00000000,0.00000000,0.00000000,0.00000000,0.00000000,0.00000000,0.00000000,0.00000000,0.00000000,0.00000000,0.00000000,0.00000000,0.00000000,0.00000000,0.00000000,0.00000000,0.00000000,0.00000000,0.00000000,0.00000000,0.00000000,0.00000000,0.00000000,-0.00127273,0.00053860,-0.00081756,0.00009563,-0.00030829,0.00195834,-0.00172850,0.00153415,-0.00036288,-0.00137023,-0.00095558,-0.00138964,-0.00151401,0.00204471,0.00161036,-0.00136074
-0.00095704,0.00059410,0.00027969,-0.00002096,-0.00030301,0.00020182,0.00034274,-0.00027555,-0.00025772,0.00048194,0.00122250,-0.00072833,-0.00038224,-0.00001923,0.00000207,-0.00001885,-0.00082600,-0.00088826,-0.00034980,-0.00020520,-0.00008060,0.00051902,-0.00008500,-0.00028960,-0.00023076,-0.00068256,-0.00009960,-0.00057750,-0.00053629,0.00058460,0.00043891,-0.00036677,-0.00086884,-0.00027872,0.00042766,-0.00088214,0.00009828,-0.00031842,-0.00028574,-0.00028894,-0.00066697,-0.00013975,0.00006745,-0.00013086,-0.00064421,0.00053224,0.00036082,0.00017032,0.00067690,-0.00041657,-0.00048512,-0.00015571,-0.00005555,0.00058823,0.00008287,-0.00015655,0.00028161,0.00053666,-0.00011426,0.00073318,0.00025680,0.00053152,0.00008926,-0.00094844,0.00026094,0.00004540,-0.00060049,-0.00042511,0.00002551,-0.00024208,0.00020845,-0.00033910,-0.00052936,0.00087204,-0.00011274,0.00018884,0.00055417,-0.00089347,0.00025561,-0.00033968,-0.00113383,0.00027824,-0.00038730,-0.00070515,-0.00048681,0.00049995,0.00018602,-0.00039766,-0.00001937,-0.00011979,0.00090609,0.00013129,-0.00004167,-0.00105451,0.00080626,-0.00053080,-0.00113884,0.00108696,-0.00014816,-0.01471126,0.00037136,0.00019785,-0.00037036,-0.00005601,-0.00093537,-0.00007162,0.00035441,-0.00002340,0.00034035,-0.00037798,0.00070167,0.00072862,0.00017199,0.00051381,0.00000065,-0.00059777,0.00010195,-0.00019575,0.00005150,0.00066571,0.00070460,0.00003565,-0.00060137,0.00061129,-0.00044656,-0.00029549,-0.00081157,0.00027869,0.00000000,0.00000000,0.00000000,0.00000000,0.00000000,0.00000000,0.00000000,0.00000000,0.00000000,0.00000000,0.00000000,0.00000000,0.00000000,0.00000000,0.00000000,0.00000000,0.00000000,0.00000000,0.00000000,0.00000000,0.00000000,0.00000000,0.00000000,0.00000000,0.00000000,0.00000000,0.00000000,0.00000000,0.00000000,0.00000000,0.00000000,0.00000000,0.00000000,0.00000000,0.00000000,0.00000000,0.00000000,0.00000000,0.00000000,0.00000000,0.00000000,0.00000000,0.00000000,0.00000000,0.00000000,0.00000000,0.00000000,0.00000000,0.00106424,0.00061021,-0.00054993,0.00025053,0.00114072,-0.00049682,0.00055818,0.00049351,-0.00016363,0.00037623,0.00104496,0.00023710,-0.00014118,0.00009280,0.00015109,-0.00022178
-0.00053431,0.00072379,-0.00120695,0.00167117,-0.00188806,0.00029575,-0.00104937,0.00107262,-0.00175798,-0.00107038,-0.00113833,-0.00126067,0.00088067,-0.00193266,-0.00093450,0.00177173,-0.00172812,-0.00137406,0.00151245,0.00100809,-0.00131992,-0.00201567,-0.00099845,-0.00296830,0.00097640,-0.00176608,-0.00068558,-0.00146554,0.00109775,0.00013303,-0.00205544,0.00174518,0.00018214,-0.00183027,-0.00136267,0.00296834,0.00130679,-0.00014615,0.00151442,-0.00207737,-0.00037699,-0.00288256,-0.00227307,0.00145798,-0.00061366,-0.00183444,-0.00036776,-0.00169309,0.00195864,0.00242863,0.00111123,-0.00166640,0.00122684,-0.00173673,0.00148435,0.00056852,0.00061481,-0.00159932,-0.00192412,-0.00205531,-0.00145320,0.00015152,0.00090366,0.00051382,0.00171030,0.00024363,0.00189415,0.00128759,-0.00038187,0.00046344,-0.00085625,-0.00034677,-0.00013600,-0.00025714,0.00166291,-0.00173730,-0.00104486,0.00099893,-0.00093207,0.00147154,0.00155219,-0.00132095,0.00068375,0.00124543,-0.00238200,0.00107660,0.00170290,-0.00038191,-0.00102324,-0.00190746,-0.00222988,-0.00205058,-0.00182274,-0.00279157,-0.00108697,0.00189238,0.00195523,-0.00047515,0.00014889,-0.00004369,-0.01301447,-0.00059042,0.00184749,0.00054187,-0.00024325,-0.00223695,-0.00143215,-0.00013333,0.00001426,0.00059348,-0.00202953,-0.00122876,-0.00228291,-0.00054367,-0.00146083,-0.00099094,-0.00335749,0.00157584,0.00236191,-0.00059382,0.00012435,0.00035595,-0.00155383,-0.00103912,0.00054504,0.00020745,-0.00017907,0.00248140,0.00000000,0.00000000,0.00000000,0.00000000,0.00000000,0.00000000,0.00000000,0.00000000,0.00000000,0.00000000,0.00000000,0.00000000,0.00000000,0.00000000,0.00000000,0.00000000,0.00000000,0.00000000,0.00000000,0.00000000,0.00000000,0.00000000,0.00000000,0.00000000,0.00000000,0.00000000,0.00000000,0.00000000,0.00000000,0.00000000,0.00000000,0.00000000,0.00000000,0.00000000,0.00000000,0.00000000,0.00000000,0.00000000,0.00000000,0.00000000,0.00000000,0.00000000,0.00000000,0.00000000,0.00000000,0.00000000,0.00000000,0.00000000,0.00246006,0.00023849,0.00288944,-0.00125642,0.00109310,-0.00209864,0.00138966,-0.00147553,-0.00016300,0.00188357,0.00089549,0.00170522,0.00149439,-0.00228068,-0.00082549,0.00154583
-0.00082239,-0.00024492,-0.00271108,0.00289773,-0.00180008,0.00105784,0.00036642,0.00006113,-0.00286398,-0.00234111,-0.00271351,-0.00193440,0.00231301,-0.00322182,-0.00118650,0.00274101,-0.00300256,-0.00204519,0.00310411,0.00050060,-0.00234558,-0.00303359,-0.00267062,-0.00269640,0.00229987,-0.00220111,-0.00023553,-0.00215838,0.00070355,-0.00060980,-0.00313662,0.00336437,-0.00044950,-0.00291598,-0.00194535,0.00333924,0.00152833,-0.00110184,0.00294343,-0.00331732,-0.00160981,-0.00304015,-0.00319598,0.00227738,0.00071638,-0.00283992,-0.00043628,-0.00315969,0.00322800,0.00314313,0.00184872,-0.00322808,0.00307678,-0.00190155,0.00213538,-0.00020670,-0.00038436,-0.00212518,-0.00296645,-0.00289373,-0.00199320,-0.00127216,0.00184214,0.00236475,0.00181132,0.00056626,0.00279594,0.00221720,-0.00006782,0.00073275,-0.00158047,-0.00063480,-0.00147491,-0.00036069,0.00221571,-0.00097905,-0.00101540,0.00150623,-0.00166994,0.00137515,0.00242960,-0.00269897,0.00197452,0.00177873,-0.00278542,0.00018600,0.00291219,-0.00151974,-0.00125228,-0.00202398,-0.00234087,-0.00266839,-0.00227345,-0.00123170,-0.00188314,0.00091004,0.00098805,-0.00161260,-0.00134986,0.00020735,0.00155030,-0.01441051,0.00256346,0.00066744,-0.00195201,-0.00260765,-0.00138740,-0.00050477,0.00060631,0.00198867,-0.00350486,-0.00133817,-0.00171002,-0.00159169,-0.00001655,-0.00190926,-0.00120140,0.00238576,0.00320538,-0.00213408,-0.00192023,-0.00159338,-0.00258168,-0.00029754,0.00120532,0.00002134,0.00122056,0.00130475,0.00000000,0.00000000,0.00000000,0.00000000,0.00000000,0.00000000,0.00000000,0.00000000,0.00000000,0.00000000,0.00000000,0.00000000,0.00000000,0.00000000,0.00000000,0.00000000,0.00000000,0.00000000,0.00000000,0.00000000,0.00000000,0.00000000,0.00000000,0.00000000,0.00000000,0.00000000,0.00000000,0.00000000,0.00000000,0.00000000,0.00000000,0.00000000,0.00000000,0.00000000,0.00000000,0.00000000,0.00000000,0.00000000,0.00000000,0.00000000,0.00000000,0.00000000,0.00000000,0.00000000,0.00000000,0.00000000,0.00000000,0.00000000,0.00295088,-0.00080858,0.00233241,-0.00128110,0.00269570,-0.00319455,0.00301279,-0.00221573,0.00067909,0.00251919,0.00176338,0.00198422,0.00178388,-0.00286575,-0.00316688,0.00328794
-0.00031549,-0.00010270,0.00015117,-0.00063569,-0.00153068,-0.00122234,-0.00131179,0.00073300,0.00031469,0.00007434,0.00091216,0.00001950,-0.00016093,0.00029872,0.00060801,0.00020874,0.00082201,0.00059613,0.00006146,0.00024836,0.00098125,0.00036069,0.00042181,0.00069352,-0.00058556,0.00037855,0.00113668,0.00138067,0.00047506,0.00059858,0.00139858,-0.00018974,-0.00076899,0.00017722,0.00030981,0.00064884,-0.00084371,0.00038951,0.00008237,0.00010274,0.00140635,0.00051543,0.00009481,0.00031968,-0.00096489,0.00023359,0.00004160,-0.00009849,-0.00041658,0.00053342,-0.00096486,0.00017231,-0.00038247,0.00017637,-0.00073871,0.00065304,-0.00145905,0.00069270,0.00029622,0.00041658,0.00130271,0.00150488,-0.00144506,-0.00118066,-0.00062504,-0.00109765,-0.00021082,-0.00124934,0.00028617,-0.00044229,0.00054853,0.00003993,0.00075555,-0.00170022,-0.00002143,-0.00224136,0.00124291,-0.00067853,-0.00046057,0.00096176,-0.00109007,0.00062812,-0.00056835,-0.00054394,0.00047523,0.00005289,-0.00034050,0.00101400,-0.00126130,-0.00097456,-0.00068241,-0.00038467,-0.00007681,-0.00042797,0.00097562,0.00114660,0.00024385,0.00010959,0.00072085,-0.00076777,-0.00028163,-0.00043136,-0.01460048,-0.00071649,0.00037651,0.00085973,0.00029453,0.00062506,-0.00074862,-0.00013802,-0.00008923,-0.00123392,-0.00028847,0.00047271,-0.00095114,0.00067254,-0.00112473,-0.00070484,-0.00035268,0.00149192,0.00028387,0.00024607,0.00106681,0.00082704,-0.00025609,0.00154294,-0.00225740,0.00064632,0.00000000,0.00000000,0.00000000,0.00000000,0.00000000,0.00000000,0.00000000,0.00000000,0.00000000,0.00000000,0.00000000,0.00000000,0.00000000,0.00000000,0.00000000,0.00000000,0.00000000,0.00000000,0.00000000,0.00000000,0.00000000,0.00000000,0.00000000,0.00000000,0.00000000,0.00000000,0.00000000,0.00000000,0.00000000,0.00000000,0.00000000,0.00000000,0.00000000,0.00000000,0.00000000,0.00000000,0.00000000,0.00000000,0.00000000,0.00000000,0.00000000,0.00000000,0.00000000,0.00000000,0.00000000,0.00000000,0.00000000,0.00000000,-0.00002087,-0.00004597,0.00054850,0.00037301,0.00082411,-0.00003106,0.00061320,0.00008680,0.00025583,-0.00001569,0.00107914,-0.00020468,-0.00070566,-0.00060380,-0.00026071,-0.00075985
-0.00147447,0.00032838,0.00000761,0.00082234,-0.00102909,0.00011116,-0.00057460,0.00019281,-0.00148664,-0.00064005,-0.00102413,-0.00138455,0.00128261,-0.00157292,-0.00135002,0.00156109,-0.00065826,-0.00170814,0.00177024,0.00066685,-0.00077181,-0.00030561,-0.00162438,-0.00097347,0.00169374,-0.00200816,0.00018217,-0.00109695,0.00061032,-0.00097408,-0.00171379,0.00143367,0.00019923,-0.00140087,-0.00144289,0.00141527,0.00069343,-0.00010952,0.00081744,-0.00138334,-0.00146077,-0.00189657,-0.00123508,0.00066961,0.00001228,-0.00199401,0.00079214,-0.00125723,0.00110604,0.00212210,0.00039960,-0.00141654,0.00149067,0.00011439,0.00076078,0.00029070,-0.00060955,-0.00002049,-0.00066818,-0.00065143,-0.00130415,-0.00136617,0.00020596,0.00107831,0.00063189,0.00041117,0.00079904,0.00061782,-0.00123508,-0.00010324,-0.00021068,-0.00070203,0.00024257,-0.00030727,0.00208191,-0.00209932,0.00042257,0.00094079,-0.00158096,0.00170439,0.00052685,-0.00186626,0.00185483,-0.00057375,-0.00102532,0.00130914,0.00137344,-0.00074034,-0.00145933,-0.00151581,-0.00100980,-0.00163810,-0.00172204,-0.00101231,-0.00037732,-0.00029447,0.00094625,-0.00085915,-0.00089329,0.00039636,0.00020205,-0.00094534,0.00098670,-0.01437636,-0.00116504,-0.00037749,-0.00037823,0.00000356,0.00131905,0.00074118,-0.00106724,-0.00117612,-0.00086142,-0.00014856,-0.00083347,-0.00172246,-0.00053063,0.00121220,0.00144145,-0.00135206,-0.00051127,-0.00019233,-0.00128925,-0.00240729,0.00058168,0.00076285,-0.00044638,0.00033930,0.00000000,0.00000000,0.00000000,0.00000000,0.00000000,0.00000000,0.00000000,0.00000000,0.00000000,0.00000000,0.00000000,0.00000000,0.00000000,0.00000000,0.00000000,0.00000000,0.00000000,0.00000000,0.00000000,0.00000000,0.00000000,0.00000000,0.00000000,0.00000000,0.00000000,0.00000000,0.00000000,0.00000000,0.00000000,0.00000000,0.00000000,0.00000000,0.00000000,0.00000000,0.00000000,0.00000000,0.00000000,0.00000000,0.00000000,0.00000000,0.00000000,0.00000000,0.00000000,0.00000000,0.00000000,0.00000000,0.00000000,0.00000000,0.00114329,-0.00018777,0.00092231,-0.00033089,0.00160326,-0.00125641,0.00013212,-0.00075978,0.00061882,0.00061281,0.00014805,0.00035676,0.00151414,-0.00157275,-0.00014122,0.00148588
0.00068234,-0.00056118,-0.00039086,-0.00047486,0.00003435,0.00012438,0.00033076,0.00002261,0.00005138,-0.00003051,0.00088575,-0.00052904,0.00028833,0.00083177,0.00060318,-0.00028383,0.00057487,-0.00029455,-0.00061382,-0.00003377,-0.00021544,0.00038878,-0.00024550,-0.00065442,-0.00088791,0.00138768,-0.00004078,-0.00041100,-0.00070977,0.00007589,0.00010784,-0.00020231,-0.00000613,0.00065526,0.00095998,0.00013942,-0.00063711,0.00023157,0.00015791,-0.00024247,0.00009720,0.00075178,0.00130839,0.00032727,-0.00014641,0.00037068,0.00043857,0.00032845,-0.00116295,-0.00033906,-0.00073929,0.00000068,-0.00031535,-0.00098311,-0.00016934,0.00007428,0.00166208,-0.00078194,0.00138026,0.00001967,-0.00007234,-0.00022304,-0.00066566,-0.00037506,-0.00030569,0.00097934,-0.00024567,-0.00124135,-0.00004099,-0.00081135,0.00041980,0.00107965,-0.00064153,0.00030693,-0.00047099,0.00039515,0.00070690,0.00022928,0.00114214,-0.00039178,-0.00017806,0.00048869,-0.00042586,-0.00103236,0.00050503,-0.00081803,-0.00127154,-0.00028917,-0.00035996,0.00097950,0.00093962,-0.00069586,0.00051197,0.00113287,-0.00033356,-0.00050835,-0.00054022,0.00013187,-0.00014645,-0.00098203,0.00038338,-0.00040337,-0.00036204,-0.00124018,-0.01477079,-0.00007474,-0.00125408,0.00030535,-0.00011680,-0.00057861,0.00022035,0.00007167,0.00038188,0.00077405,0.00104008,0.00060763,-0.00019586,-0.00043217,-0.00000707,0.00012708,-0.00097552,-0.00098458,0.00099804,-0.00023068,-0.00057909,-0.00060916,-0.00023828,-0.00085595,0.00000000,0.00000000,0.00000000,0.00000000,0.00000000,0.00000000,0.00000000,0.00000000,0.00000000,0.00000000,0.00000000,0.00000000,0.00000000,0.00000000,0.00000000,0.00000000,0.00000000,0.00000000,0.00000000,0.00000000,0.00000000,0.00000000,0.00000000,0.00000000,0.00000000,0.00000000,0.00000000,0.00000000,0.00000000,0.00000000,0.00000000,0.00000000,0.00000000,0.00000000,0.00000000,0.00000000,0.00000000,0.00000000,0.00000000,0.00000000,0.00000000,0.00000000,0.00000000,0.00000000,0.00000000,0.00000000,0.00000000,0.00000000,0.00027710,0.00040521,-0.00019650,0.00058019,0.00033421,0.00106514,0.00013104,0.00076300,0.00026158,0.00005955,0.00060470,-0.00095298,-0.00065649,0.00017195,0.00030094,-0.00114014
-0.00010019,-0.00119035,-0.00070906,0.00025883,0.00167739,0.00113348,0.00150390,-0.00181096,0.00010232,-0.00114745,-0.00067207,-0.00003827,0.00019836,-0.00013083,-0.00039648,0.00125260,-0.00017685,-0.00002017,-0.00059453,-0.00069899,-0.00009372,-0.00051129,-0.00054658,-0.00011569,-0.00019048,0.00009098,-0.00183588,-0.00126488,-0.00133057,-0.00070055,0.00034890,-0.00029225,-0.00016900,0.00060115,-0.00020633,0.00006194,0.00044029,0.00059378,0.00035455,-0.00055658,-0.00053673,0.00066589,-0.00016373,-0.00055069,0.00176050,-0.00086524,-0.00085714,0.00016085,-0.00019933,0.00049382,0.00078603,0.00015405,0.00067725,-0.00061906,0.00077938,-0.00131638,0.00069952,-0.00180246,-0.00136800,-0.00128624,-0.00110891,0.00042440,0.00051162,0.00026953,0.00031937,0.00147065,0.00042070,0.00070572,0.00010411,0.00034233,-0.00103412,-0.00073238,-0.00112870,0.00049567,-0.00017701,0.00306586,-0.00170241,0.00097972,0.00080421,-0.00146413,0.00135614,-0.00037781,0.00075200,0.00119669,0.00015122,-0.00106536,-0.00042651,-0.00024164,0.00113303,0.00077874,0.00077029,-0.00078824,0.00057391,0.00150866,-0.00086440,-0.00159062,-0.00166437,-0.00064667,-0.00102663,0.00070166,0.00077725,0.00160936,0.00006139,0.00165721,-0.00085614,-0.01595627,-0.00038212,-0.00048266,-0.00034993,0.00042086,-0.00039814,-0.00029378,0.00093357,-0.00061152,0.00095254,-0.00089318,0.00206909,0.00064382,-0.00028778,-0.00123343,-0.00010084,-0.00053168,-0.00122070,0.00112999,0.00120011,-0.00190457,0.00190756,-0.00164551,0.00000000,0.00000000,0.00000000,0.00000000,0.00000000,0.00000000,0.00000000,0.00000000,0.00000000,0.00000000,0.00000000,0.00000000,0.00000000,0.00000000,0.00000000,0.00000000,0.00000000,0.00000000,0.00000000,0.00000000,0.00000000,0.00000000,0.00000000,0.00000000,0.00000000,0.00000000,0.00000000,0.00000000,0.00000000,0.00000000,0.00000000,0.00000000,0.00000000,0.00000000,0.00000000,0.00000000,0.00000000,0.00000000,0.00000000,0.00000000,0.00000000,0.00000000,0.00000000,0.00000000,0.00000000,0.00000000,0.00000000,0.00000000,0.00019460,-0.00035752,0.00009289,0.00052737,-0.00133824,0.00128184,-0.00041915,-0.00003903,0.00053302,-0.00002149,-0.00078987,-0.00094846,-0.00015905,0.00031324,-0.00041624,-0.00006642
0.00108318,-0.00058001,0.00086691,-0.00096048,0.00178453,0.00001522,0.00131057,-0.00044457,0.00168471,0.00061487,0.00182765,0.00089971,-0.00212348,0.00248216,0.00121254,-0.00125344,0.00150748,0.00189678,-0.00191526,-0.00040110,0.00056266,0.00104176,0.00131120,0.00171703,-0.00161661,0.00180966,-0.00015078,0.00085270,-0.00210787,0.00049574,0.00175548,-0.00231173,-0.00060765,0.00128678,0.00129894,-0.00141685,-0.00026603,-0.00076342,-0.00190931,0.00121845,0.00032927,0.00198824,0.00210487,-0.00064203,-0.00065031,0.00134313,0.00037023,0.00233942,-0.00186948,-0.00195851,-0.00169090,0.00180281,-0.00168523,0.00112120,-0.00055325,-0.00133631,0.00079288,0.00106054,0.00153393,0.00144177,0.00142912,0.00057333,-0.00130764,-0.00081980,-0.00085620,-0.00015218,-0.00146594,-0.00186908,0.00108467,-0.00031884,0.00097083,0.00098358,0.00043829,0.00045279,-0.00166605,0.00232290,0.00057052,-0.00115281,0.00227250,-0.00193114,-0.00150791,0.00116035,-0.00135390,-0.00078897,0.00150142,-0.00170256,-0.00146862,0.00132762,0.00115877,0.00206161,0.00219286,0.00096739,0.00120163,0.00207378,0.00055382,-0.00111287,-0.00214301,0.00048532,-0.00006497,-0.00011081,-0.00010260,0.00109048,-0.00171241,-0.00032912,0.00028469,0.00255753,-0.01207805,0.00048697,-0.00054276,-0.00106838,0.00240840,0.00037997,0.00103208,0.00097844,0.00134707,0.00116717,0.00236382,-0.00134111,-0.00172625,0.00183700,-0.00024578,-0.00036497,0.00135189,0.00191800,-0.00146916,-0.00091422,-0.00119246,-0.00216131,0.00000000,0.00000000,0.00000000,0.00000000,0.00000000,0.00000000,0.00000000,0.00000000,0.00000000,0.00000000,0.00000000,0.00000000,0.00000000,0.00000000,0.00000000,0.00000000,0.00000000,0.00000000,0.00000000,0.00000000,0.00000000,0.00000000,0.00000000,0.00000000,0.00000000,0.00000000,0.00000000,0.00000000,0.00000000,0.00000000,0.00000000,0.00000000,0.00000000,0.00000000,0.00000000,0.00000000,0.00000000,0.00000000,0.00000000,0.00000000,0.00000000,0.00000000,0.00000000,0.00000000,0.00000000,0.00000000,0.00000000,0.00000000,-0.00193193,0.00049108,-0.00125688,0.00139802,-0.00120782,0.00224706,-0.00144323,0.00121530,-0.00006037,-0.00114615,-0.00040755,-0.00179770,-0.00149768,0.00202365,0.00145034,-0.00224860
0.00050671,0.00005607,-0.00036308,-0.00016513,0.00128667,0.00065413,0.00068440,-0.00060104,0.00123375,-0.00005571,-0.00009061,0.00035394,-0.00113424,0.00034389,-0.00066855,0.00044070,0.00092458,-0.00041710,-0.00073264,-0.00077687,-0.00016841,-0.00031789,0.00035332,0.00003949,0.00003787,-0.00022533,-0.00102264,0.00028883,-0.00036409,-0.00062500,0.00057188,-0.00070811,-0.00057390,0.00042539,0.00018959,-0.00034051,0.00049826,-0.00068686,-0.00030865,-0.00012719,-0.00095484,0.00019418,0.00038957,0.00046029,0.00039927,-0.00009292,-0.00021554,-0.00003898,0.00023673,0.00025469,0.00024528,0.00117274,0.00000670,0.00008209,0.00040602,0.00008980,0.00143998,-0.00018168,0.00007150,-0.00078717,-0.00010015,-0.00004300,0.00073988,-0.00021518,0.00048917,0.00108550,0.00024914,0.00002890,0.00072752,0.00012746,-0.00035169,0.00033493,-0.00069436,0.00043605,-0.00054834,0.00134453,-0.00123182,0.00057590,0.00107649,-0.00055495,-0.00011541,0.00056255,-0.00014038,0.00018226,0.00043154,-0.00075510,-0.00032311,0.00038114,0.00129484,0.00029817,0.00134065,0.00125997,-0.00040494,0.00170937,-0.00008745,-0.00050103,-0.00125821,-0.00013057,-0.00091031,-0.00046148,0.00007134,0.00124796,-0.00033028,0.00115032,0.00002523,0.00080093,-0.00118364,-0.01500616,-0.00000556,0.00012968,0.00020856,0.00031552,0.00093421,-0.00123673,0.00050221,0.00010709,0.00158327,-0.00010166,-0.00131492,0.00044545,-0.00030225,-0.00042455,0.00018185,0.00086098,-0.00036597,-0.00107281,0.00179211,-0.00192015,0.00000000,0.00000000,0.00000000,0.00000000,0.00000000,0.00000000,0.00000000,0.00000000,0.00000000,0.00000000,0.00000000,0.00000000,0.00000000,0.00000000,0.00000000,0.00000000,0.00000000,0.00000000,0.00000000,0.00000000,0.00000000,0.00000000,0.00000000,0.00000000,0.00000000,0.00000000,0.00000000,0.00000000,0.00000000,0.00000000,0.00000000,0.00000000,0.00000000,0.00000000,0.00000000,0.00000000,0.00000000,0.00000000,0.00000000,0.00000000,0.00000000,0.00000000,0.00000000,0.00000000,0.00000000,0.00000000,0.00000000,0.00000000,-0.00063764,-0.00079106,-0.00061048,-0.00034776,0.00010461,0.00153658,-0.00055269,0.00008770,-0.00016123,-0.00103691,-0.00101361,-0.00058006,0.00001832,0.00054924,0.00042859,-0.00041925
0.00022724,-0.00007084,0.00096952,0.00005172,-0.00003605,-0.00038944,0.00058127,-0.00040461,0.00008685,0.00026743,0.00003933,-0.00091453,-0.00031925,-0.00100532,-0.00019275,0.00020044,-0.00002768,-0.00034407,0.00015689,0.00063591,-0.00001140,-0.00028350,-0.00022452,0.00059832,0.00055099,0.00014074,0.00131827,-0.00092238,0.00024077,0.00084955,-0.00036691,-0.00001352,0.00082559,-0.00092734,0.00034384,0.00063994,-0.00094871,-0.00057887,0.00039582,0.00014245,0.00016675,0.00028350,-0.00003183,0.00004353,-0.00011877,-0.00039749,-0.00037904,0.00072756,-0.00053623,0.00054865,0.00009851,-0.00037328,-0.00034001,0.00001788,0.00041166,0.00021300,-0.00050119,0.00100523,0.00014533,-0.00093152,0.00031990,0.00107720,-0.00016635,0.00027031,-0.00108548,-0.00070508,-0.00009245,-0.00004499,0.00014909,-0.00084195,0.00104872,-0.00044096,0.00003885,-0.00036250,0.00031491,-0.00132733,0.00009972,-0.00012322,-0.00110856,0.00136128,-0.00041882,-0.00097363,-0.00008730,0.00021358,-0.00038071,-0.00037754,-0.00039051,0.00034075,0.00013830,-0.00076504,-0.00067389,-0.00078758,0.00059254,-0.00062628,0.00032532,0.00101766,0.00136615,0.00002844,0.00007425,0.00042339,-0.00083029,-0.00078030,0.00039335,-0.00000609,0.00033044,-0.00079808,0.00102009,-0.00042411,-0.01660697,0.00032487,-0.00010456,-0.00088266,-0.00118535,-0.00014455,-0.00084290,0.00103996,-0.00042527,0.00065192,0.00027527,0.00137994,0.00043258,0.00051071,0.00016644,0.00007813,-0.00091365,0.00064038,-0.00045839,0.00071422,0.00000000,0.00000000,0.00000000,0.00000000,0.00000000,0.00000000,0.00000000,0.00000000,0.00000000,0.00000000,0.00000000,0.00000000,0.00000000,0.00000000,0.00000000,0.00000000,0.00000000,0.00000000,0.00000000,0.00000000,0.00000000,0.00000000,0.00000000,0.00000000,0.00000000,0.00000000,0.00000000,0.00000000,0.00000000,0.00000000,0.00000000,0.00000000,0.00000000,0.00000000,0.00000000,0.00000000,0.00000000,0.00000000,0.00000000,0.00000000,0.00000000,0.00000000,0.00000000,0.00000000,0.00000000,0.00000000,0.00000000,0.00000000,0.00027969,-0.00062410,0.00103814,0.00015807,0.00043948,0.00011180,0.00086695,-0.00014447,0.00017539,-0.00070654,-0.00014108,0.00020919,0.00029959,-0.00069337,-0.00048535,-0.00007105
-0.00078248,0.00191810,0.00035362,0.00099955,-0.00147638,-0.00053178,-0.00114446,0.00138222,-0.00097987,0.00014563,-0.00024737,-0.00162972,0.00058815,-0.00113492,-0.00026410,-0.00004373,0.00018809,-0.00040716,0.00080755,0.00200033,-0.00004934,-0.00008139,-0.00067557,-0.00008331,0.00025778,-0.00104743,-0.00042714,-0.00056513,0.00077802,0.00029820,-0.00059168,0.00124358,0.00095223,-0.00070502,-0.00005816,0.00043418,-0.00011351,0.00091223,0.00062211,-0.00065751,-0.00069547,-0.00064906,-0.00072712,-0.00019393,-0.00117404,-0.00090101,0.00078049,-0.00103838,0.00107242,0.00108700,-0.00027923,-0.00083716,0.00050287,0.00023034,0.00054166,0.00261572,-0.00129253,0.00020429,-0.00081215,0.00008152,-0.00000468,0.00005787,-0.00036730,-0.00028891,-0.00050486,-0.00001295,0.00042440,0.00054031,-0.00118340,-0.00205455,-0.00096070,-0.00124092,0.00100066,-0.00018847,0.00137767,-0.00241072,0.00053026,0.00008091,-0.00203134,0.00254335,-0.00000648,-0.00104590,0.00089628,0.00057100,-0.00047557,0.00232077,0.00112373,-0.00017143,-0.00137691,-0.00295674,-0.00175242,-0.00036905,-0.00030590,-0.00181189,0.00007196,0.00122704,0.00155162,0.00026943,0.00126998,0.00014130,-0.00214921,-0.00132631,0.00181704,-0.00100983,-0.00062560,-0.00077275,0.00136107,-0.00047691,0.00099223,-0.00994716,-0.00041511,-0.00109225,-0.00103939,0.00014813,-0.00155274,-0.00039139,-0.00312689,0.00106913,0.00012540,-0.00045478,-0.00002097,0.00063750,0.00018179,-0.00151296,0.00005793,0.00253874,-0.00097683,0.00144614,0.00000000,0.00000000,0.00000000,0.00000000,0.00000000,0.00000000,0.00000000,0.00000000,0.00000000,0.00000000,0.00000000,0.00000000,0.00000000,0.00000000,0.00000000,0.00000000,0.00000000,0.00000000,0.00000000,0.00000000,0.00000000,0.00000000,0.00000000,0.00000000,0.00000000,0.00000000,0.00000000,0.00000000,0.00000000,0.00000000,0.00000000,0.00000000,0.00000000,0.00000000,0.00000000,0.00000000,0.00000000,0.00000000,0.00000000,0.00000000,0.00000000,0.00000000,0.00000000,0.00000000,0.00000000,0.00000000,0.00000000,0.00000000,0.00140904,-0.00077581,0.00103961,-0.00167039,0.00125839,-0.00106970,0.00150016,-0.00128811,0.00014155,0.00187582,0.00063789,0.00049537,0.00062199,-0.00141988,-0.00145371,0.00115823
0.00095267,-0.00027953,-0.00092703,-0.00088972,0.00098038,0.00012498,0.00068284,-0.00029100,-0.00081352,-0.00115190,0.00116629,-0.00024716,0.00035825,0.00046838,-0.00038838,0.00041922,-0.00063548,0.00048349,-0.00110658,-0.00123190,-0.00125835,-0.00030353,-0.00069550,-0.00092176,0.00012414,0.00036879,-0.00089244,-0.00094232,-0.00144726,-0.00058929,0.00086211,-0.00026756,-0.00063586,0.00074214,-0.00035050,0.00005614,0.00114245,-0.00038749,0.00007759,-0.00017372,0.00018142,0.00019823,0.00101421,0.00009853,0.00164305,0.00024063,-0.00091964,0.00033474,-0.00035671,0.00057417,0.00058509,-0.00004577,0.00112410,0.00011794,0.00035801,-0.00042725,0.00183084,-0.00081164,-0.00025412,-0.00149733,-0.00078085,-0.00044936,0.00001289,0.00091697,0.00051399,0.00164692,-0.00032645,0.00080827,0.00025098,0.00062634,0.00110932,0.00026083,-0.00022914,0.00079466,-0.00143437,0.00206326,-0.00117572,0.00085921,-0.00048047,-0.00130825,0.00021012,0.00011813,-0.00047526,0.00028273,-0.00051083,-0.00184037,-0.00004511,0.00018471,0.00055014,0.00149913,0.00087193,-0.00041066,-0.00071498,0.00161865,0.00051130,-0.00095990,-0.00197259,-0.00128995,-0.00025688,0.00053358,0.00035703,-0.00034249,-0.00065246,0.00082393,0.00000655,-0.00021412,-0.00025159,-0.00037869,-0.00016097,0.00043777,-0.01369249,-0.00020101,0.00094320,-0.00022553,0.00110093,0.00032414,0.00140770,0.00001641,-0.00037374,0.00006907,-0.00135284,-0.00109927,-0.00044591,0.00086135,0.00034295,-0.00203235,0.00049117,-0.00094837,0.00000000,0.00000000,0.00000000,0.00000000,0.00000000,0.00000000,0.00000000,0.00000000,0.00000000,0.00000000,0.00000000,0.00000000,0.00000000,0.00000000,0.00000000,0.00000000,0.00000000,0.00000000,0.00000000,0.00000000,0.00000000,0.00000000,0.00000000,0.00000000,0.00000000,0.00000000,0.00000000,0.00000000,0.00000000,0.00000000,0.00000000,0.00000000,0.00000000,0.00000000,0.00000000,0.00000000,0.00000000,0.00000000,0.00000000,0.00000000,0.00000000,0.00000000,0.00000000,0.00000000,0.00000000,0.00000000,0.00000000,0.00000000,0.00000626,-0.00019527,0.00008592,0.00041247,-0.00081759,0.00160348,-0.00088591,-0.00033892,-0.00044825,-0.00036565,-0.00035831,-0.00155816,-0.00023763,0.00035293,0.00045726,0.00018269
0.00030875,0.00048416,-0.00132490,0.00133194,-0.00070451,0.00164772,-0.00003687,0.00078093,-0.00202730,-0.00085981,-0.00071332,-0.00162267,0.00106598,-0.00105247,-0.00131708,0.00112665,-0.00195023,-0.00071118,0.00078651,0.00034867,-0.00157550,-0.00183346,-0.00152509,-0.00156837,0.00159093,-0.00204675,-0.00060356,-0.00108119,0.00022025,-0.00087301,-0.00216528,0.00061083,0.00018199,-0.00132361,-0.00143777,0.00196542,-0.00000804,-0.00098785,0.00137541,-0.00177276,-0.00036150,-0.00236313,-0.00130946,0.00020763,0.00028886,-0.00070999,0.00086902,-0.00078286,0.00116435,0.00138702,0.00171714,-0.00178029,0.00121580,-0.00143250,0.00074285,-0.00039815,-0.00025913,-0.00132675,-0.00143686,-0.00147788,-0.00214178,-0.00140881,0.00030647,0.00097054,0.00077284,0.00079638,0.00173808,0.00167789,-0.00017617,0.00059092,-0.00118288,-0.00003851,-0.00013060,0.00025027,0.00142530,-0.00049476,-0.00129672,0.00104708,-0.00029418,0.00012506,0.00105119,-0.00118196,0.00189010,0.00167930,-0.00173784,0.00060285,0.00102132,-0.00170989,-0.00045186,-0.00124817,-0.00055908,-0.00055699,-0.00099761,-0.00089338,-0.00110220,-0.00003598,-0.00017742,-0.00109444,-0.00129864,-0.00011469,0.00094749,-0.00059909,-0.00033907,0.00024789,-0.00026893,-0.00221380,-0.00122231,0.00008796,0.00050831,0.00150970,-0.00111545,-0.01378251,-0.00119319,-0.00093398,-0.00190850,-0.00111667,-0.00060323,0.00065776,0.00160628,-0.00085207,-0.00044806,-0.00139756,-0.00178710,-0.00064162,0.00064448,-0.00070938,0.00073454,0.00122798,0.00000000,0.00000000,0.00000000,0.00000000,0.00000000,0.00000000,0.00000000,0.00000000,0.00000000,0.00000000,0.00000000,0.00000000,0.00000000,0.00000000,0.00000000,0.00000000,0.00000000,0.00000000,0.00000000,0.00000000,0.00000000,0.00000000,0.00000000,0.00000000,0.00000000,0.00000000,0.00000000,0.00000000,0.00000000,0.00000000,0.00000000,0.00000000,0.00000000,0.00000000,0.00000000,0.00000000,0.00000000,0.00000000,0.00000000,0.00000000,0.00000000,0.00000000,0.00000000,0.00000000,0.00000000,0.00000000,0.00000000,0.00000000,0.00136326,0.00007463,0.00096223,-0.00057652,0.00109726,-0.00177996,0.00006487,-0.00057482,-0.00043782,0.00127871,0.00006530,0.00058070,0.00122869,-0.00032884,-0.00191000,0.00161827
0.00008317,-0.00026168,-0.00147807,0.00174070,-0.00245744,0.00069780,-0.00086740,0.00063657,-0.00225345,-0.00174531,-0.00056822,-0.00074323,0.00052003,-0.00140839,-0.00071236,0.00138447,-0.00141117,-0.00002491,0.00083696,-0.00071554,-0.00273372,-0.00157651,-0.00127415,-0.00246760,0.00098741,-0.00142750,-0.00013988,-0.00026656,-0.00133866,-0.00088892,-0.00139194,0.00126819,-0.00049858,-0.00067016,-0.00050118,0.00134546,-0.00008711,-0.00159763,0.00119984,-0.00223017,0.00000590,-0.00262159,-0.00168717,0.00031556,0.00037229,-0.00128610,-0.00095243,-0.00047583,0.00099116,0.00171622,0.00086186,-0.00127496,0.00083053,-0.00172562,0.00182458,-0.00028279,0.00176988,-0.00100091,-0.00154737,-0.00183997,-0.00132421,-0.00066299,0.00052860,0.00056847,0.00229726,0.00006926,0.00243675,0.00135695,0.00132804,0.00139338,-0.00030094,0.00014399,-0.00085064,0.00150324,-0.00009922,-0.00038094,-0.00036857,-0.00039213,0.00066421,0.00050909,0.00068162,-0.00033994,0.00103214,0.00014124,-0.00190178,-0.00144405,0.00109528,-0.00107592,-0.00107870,-0.00069515,-0.00031083,-0.00236064,-0.00046722,-0.00142133,-0.00160502,0.00001031,-0.00046594,-0.00121760,-0.00125618,-0.00123513,0.00173648,0.00086140,0.00081011,0.00014786,0.00003472,-0.00182865,-0.00285480,0.00075654,-0.00096491,0.00147512,-0.00078208,-0.00015345,-0.01546918,-0.00025688,0.00054748,-0.00232481,0.00056218,-0.00011695,0.00171908,0.00025835,-0.00026044,-0.00119855,-0.00160139,0.00010410,0.00086753,-0.00094832,0.00088312,0.00200495,0.00000000,0.00000000,0.00000000,0.00000000,0.00000000,0.00000000,0.00000000,0.00000000,0.00000000,0.00000000,0.00000000,0.00000000,0.00000000,0.00000000,0.00000000,0.00000000,0.00000000,0.00000000,0.00000000,0.00000000,0.00000000,0.00000000,0.00000000,0.00000000,0.00000000,0.00000000,0.00000000,0.00000000,0.00000000,0.00000000,0.00000000,0.00000000,0.00000000,0.00000000,0.00000000,0.00000000,0.00000000,0.00000000,0.00000000,0.00000000,0.00000000,0.00000000,0.00000000,0.00000000,0.00000000,0.00000000,0.00000000,0.00000000,0.00129014,0.00047500,0.00183267,-0.00100372,0.00030268,-0.00110293,0.00124514,-0.00017256,0.00021563,0.00051613,0.00023886,0.00110238,-0.00031785,-0.00146690,-0.00067981,0.00067976
0.00013560,-0.00092338,-0.00042788,-0.00021993,0.00145455,0.00040492,0.00046240,-0.00134373,0.00069487,-0.00035095,0.00067040,0.00077799,-0.00056353,0.00005669,-0.00067663,-0.00048300,0.00033829,-0.00022918,-0.00067573,-0.00117324,-0.00035844,-0.00016900,0.00057769,-0.00018025,-0.00050075,0.00050701,-0.00037671,0.00017978,-0.00101532,-0.00116858,0.00042872,-0.00138028,-0.00063104,-0.00002442,-0.00051409,-0.00036798,0.00044019,-0.00071435,0.00031157,-0.00047332,0.00001014,0.00008844,0.00092334,0.00062214,0.00088000,0.00078745,0.00034147,0.00020281,-0.00050294,-0.00064790,0.00059295,-0.00020919,-0.00051506,0.00064791,-0.00046648,-0.00176259,0.00145335,-0.00076574,0.00013619,-0.00126909,0.00023258,-0.00059068,0.00119880,-0.00016335,0.00003356,0.00086895,-0.00019059,0.00017081,0.00114147,0.00171074,0.00037283,0.00079572,-0.00099673,0.00111983,-0.00137290,0.00166788,-0.00114867,-0.00033415,0.00063636,-0.00107217,-0.00025646,0.00038915,0.00037225,0.00113394,-0.00001714,-0.00197131,-0.00013853,0.00052717,0.00042774,0.00080534,0.00114485,-0.00063958,0.00098518,0.00089183,0.00018008,-0.00150540,-0.00240714,-0.00122810,0.00031012,-0.00064133,0.00117674,0.00103942,-0.00050366,0.00110449,0.00073270,0.00036244,-0.00089005,-0.00108777,0.00023118,0.00038957,-0.00002437,0.00010319,0.00068902,-0.01549314,0.00078766,0.00001098,0.00095860,-0.00057546,0.00006091,-0.00067482,-0.00045889,-0.00078881,0.00033501,0.00038230,-0.00051657,-0.00142036,0.00139854,-0.00098484,0.00000000,0.00000000,0.00000000,0.00000000,0.00000000,0.00000000,0.00000000,0.00000000,0.00000000,0.00000000,0.00000000,0.00000000,0.00000000,0.00000000,0.00000000,0.00000000,0.00000000,0.00000000,0.00000000,0.00000000,0.00000000,0.00000000,0.00000000,0.00000000,0.00000000,0.00000000,0.00000000,0.00000000,0.00000000,0.00000000,0.00000000,0.00000000,0.00000000,0.00000000,0.00000000,0.00000000,0.00000000,0.00000000,0.00000000,0.00000000,0.00000000,0.00000000,0.00000000,0.00000000,0.00000000,0.00000000,0.00000000,0.00000000,-0.00079007,0.00020212,-0.00004543,0.00014636,-0.00044863,0.00094360,-0.00027147,0.00053525,0.00043484,-0.00065194,-0.00029650,-0.00076343,-0.00006209,0.00130312,0.00062817,-0.00054765
-0.00096680,-0.00063514,-0.00220565,0.00264035,-0.00059071,0.00128161,-0.00083630,-0.00022508,-0.00258223,-0.00261620,-0.00235286,-0.00183771,0.00212117,-0.00257002,-0.00286311,0.00261162,-0.00249917,-0.00225319,0.00251468,0.00033687,-0.00183902,-0.00271611,-0.00200886,-0.00314395,0.00336227,-0.00215819,-0.00150787,-0.00197657,0.00113781,-0.00133306,-0.00311671,0.00259864,-0.00012523,-0.00265677,-0.00203785,0.00198358,0.00198109,-0.00077359,0.00251764,-0.00254056,-0.00224593,-0.00315338,-0.00282623,0.00113135,0.00173747,-0.00214584,-0.00091728,-0.00265082,0.00246380,0.00229866,0.00273933,-0.00293089,0.00253538,-0.00074144,0.00151179,-0.00045310,-0.00079476,-0.00171565,-0.00215726,-0.00191972,-0.00253354,-0.00161298,0.00199724,0.00152309,0.00246875,0.00125271,0.00251791,0.00276621,-0.00070087,0.00108416,-0.00199478,-0.00186298,-0.00175917,0.00085127,0.00289405,-0.00048813,-0.00150847,0.00222559,-0.00122987,-0.00021402,0.00198846,-0.00209335,0.00185198,0.00149150,-0.00342443,0.00091652,0.00308304,-0.00294388,0.00013712,-0.00192569,-0.00203854,-0.00173235,-0.00264250,-0.00180902,-0.00271162,-0.00071727,0.00126447,-0.00182112,-0.00140682,0.00039307,0.00125234,0.00001015,0.00189834,0.00148350,-0.00065431,-0.00290580,-0.00076796,-0.00166495,0.00145448,0.00259530,-0.00220124,-0.00119888,-0.00074827,-0.00199312,-0.01424877,-0.00251813,-0.00060374,0.00191444,0.00207986,-0.00144667,-0.00085482,-0.00111054,-0.00279806,-0.00033528,0.00147059,-0.00076421,0.00126502,0.00150018,0.00000000,0.00000000,0.00000000,0.00000000,0.00000000,0.00000000,0.00000000,0.00000000,0.00000000,0.00000000,0.00000000,0.00000000,0.00000000,0.00000000,0.00000000,0.00000000,0.00000000,0.00000000,0.00000000,0.00000000,0.00000000,0.00000000,0.00000000,0.00000000,0.00000000,0.00000000,0.00000000,0.00000000,0.00000000,0.00000000,0.00000000,0.00000000,0.00000000,0.00000000,0.00000000,0.00000000,0.00000000,0.00000000,0.00000000,0.00000000,0.00000000,0.00000000,0.00000000,0.00000000,0.00000000,0.00000000,0.00000000,0.00000000,0.00253362,-0.00053536,0.00242679,-0.00132401,0.00229964,-0.00275761,0.00157929,-0.00120016,0.00020574,0.00176787,0.00122535,0.00291014,0.00215158,-0.00258836,-0.00212323,0.00310889
0.00123376,-0.00044278,0.00007968,-0.00075815,0.00169790,0.00014048,0.00120250,-0.00057855,0.00147332,-0.00028270,0.00118600,0.00074852,-0.00066910,0.00080256,-0.00030921,-0.00079711,0.00098593,0.00071094,-0.00161007,-0.00058468,0.00016238,0.00054144,0.00108380,0.00091071,-0.00108717,0.00122092,-0.00036539,0.00043339,-0.00118246,0.00046457,0.00101592,-0.00125304,-0.00079126,0.00109695,0.00060777,-0.00138901,-0.00064635,-0.00056132,-0.00088657,0.00081244,-0.00031664,0.00150864,0.00148053,0.00003755,0.00016263,0.00024626,-0.00017786,0.00128521,-0.00200189,-0.00124333,-0.00100508,0.00122085,-0.00036264,0.00061169,-0.00031120,-0.00029965,0.00101291,0.00105134,0.00105752,0.00045216,0.00094654,0.00013790,-0.00073020,0.00023676,-0.00088461,0.00031702,-0.00122078,-0.00118315,0.00034064,0.00035219,0.00076131,0.00127285,-0.00037749,0.00000967,-0.00157318,0.00181437,-0.00017442,-0.00006961,0.00093505,-0.00179500,-0.00055846,0.00103706,-0.00071206,0.00004944,0.00075890,-0.00204696,-0.00109876,0.00070588,0.00126236,0.00161356,0.00162817,0.00061826,0.00078862,0.00160097,0.00020792,-0.00081737,-0.00218995,-0.00033650,-0.00035306,-0.00003895,0.00052269,0.00114591,-0.00111492,-0.00017611,0.00036142,0.00115215,-0.00026443,-0.00009680,-0.00012937,-0.00107060,0.00132886,0.00034515,0.00046033,0.00043523,0.00152943,-0.01130830,0.00177817,-0.00099026,-0.00088524,0.00044247,-0.00031036,-0.00057462,0.00125422,0.00118935,-0.00028491,-0.00119337,0.00027488,-0.00171467,0.00000000,0.00000000,0.00000000,0.00000000,0.00000000,0.00000000,0.00000000,0.00000000,0.00000000,0.00000000,0.00000000,0.00000000,0.00000000,0.00000000,0.00000000,0.00000000,0.00000000,0.00000000,0.00000000,0.00000000,0.00000000,0.00000000,0.00000000,0.00000000,0.00000000,0.00000000,0.00000000,0.00000000,0.00000000,0.00000000,0.00000000,0.00000000,0.00000000,0.00000000,0.00000000,0.00000000,0.00000000,0.00000000,0.00000000,0.00000000,0.00000000,0.00000000,0.00000000,0.00000000,0.00000000,0.00000000,0.00000000,0.00000000,-0.00148885,-0.00009345,-0.00127212,0.00113166,-0.00102760,0.00079093,-0.00107989,0.00039426,-0.00005337,-0.00139709,-0.00041887,-0.00177003,-0.00051864,0.00096619,0.00129244,-0.00197056
-0.00024109,-0.00043773,-0.00305516,0.00375385,-0.00238887,0.00143260,-0.00033363,0.00021116,-0.00435732,-0.00301473,-0.00338077,-0.00352136,0.00283687,-0.00363135,-0.00292690,0.00369296,-0.00420335,-0.00332672,0.00406925,0.00093776,-0.00367037,-0.00359109,-0.00381622,-0.00390756,0.00398264,-0.00435439,-0.00252195,-0.00297678,0.00078558,-0.00244630,-0.00398857,0.00412426,-0.00026833,-0.00394075,-0.00373330,0.00368259,0.00215229,-0.00069945,0.00352447,-0.00457345,-0.00249501,-0.00466347,-0.00457398,0.00301089,0.00279083,-0.00393151,-0.00190632,-0.00377710,0.00333056,0.00420383,0.00320478,-0.00481673,0.00395385,-0.00266090,0.00356540,-0.00136111,0.00085684,-0.00385891,-0.00441913,-0.00367027,-0.00344979,-0.00269021,0.00367489,0.00319253,0.00353879,0.00227839,0.00439225,0.00400581,-0.00108067,0.00064098,-0.00326971,-0.00216298,-0.00110875,0.00196639,0.00370968,-0.00151626,-0.00286239,0.00392936,-0.00235300,0.00026338,0.00368838,-0.00416920,0.00378541,0.00292652,-0.00403136,0.00001748,0.00431919,-0.00399865,0.00004697,-0.00398153,-0.00212138,-0.00377996,-0.00356506,-0.00088238,-0.00358795,-0.00002330,0.00101383,-0.00247269,-0.00192225,-0.00003605,0.00145006,0.00152561,0.00306596,0.00265745,-0.00317683,-0.00441457,-0.00298864,-0.00214462,0.00330922,0.00361522,-0.00398953,-0.00092278,-0.00186075,-0.00348130,0.00084767,-0.00312304,-0.01357662,0.00369549,0.00497328,-0.00385308,-0.00079766,-0.00284859,-0.00409021,-0.00067983,0.00258230,-0.00112584,0.00260226,0.00227595,0.00000000,0.00000000,0.00000000,0.00000000,0.00000000,0.00000000,0.00000000,0.00000000,0.00000000,0.00000000,0.00000000,0.00000000,0.00000000,0.00000000,0.00000000,0.00000000,0.00000000,0.00000000,0.00000000,0.00000000,0.00000000,0.00000000,0.00000000,0.00000000,0.00000000,0.00000000,0.00000000,0.00000000,0.00000000,0.00000000,0.00000000,0.00000000,0.00000000,0.00000000,0.00000000,0.00000000,0.00000000,0.00000000,0.00000000,0.00000000,0.00000000,0.00000000,0.00000000,0.00000000,0.00000000,0.00000000,0.00000000,0.00000000,0.00359583,-0.00150531,0.00351382,-0.00377520,0.00315215,-0.00410972,0.00406802,-0.00272328,0.00029261,0.00325070,-0.00029463,0.00286549,0.00299515,-0.00433691,-0.00353753,0.00409931
-0.00021970,0.00107651,-0.00054172,-0.00058563,-0.00112490,-0.00001126,-0.00056195,-0.00025088,-0.00043310,0.00112164,-0.00044343,-0.00054483,0.00020380,-0.00089452,-0.00005356,-0.00173432,0.00035550,-0.00053538,0.00049070,0.00177659,0.00016130,-0.00060020,0.00030093,0.00015994,0.00076188,0.00005983,-0.00080854,0.00032477,0.00132536,0.00015249,-0.00071132,0.00135336,0.00029418,0.00037552,-0.00083970,0.00029534,0.00027344,0.00031110,-0.00084003,-0.00031459,0.00047178,0.00010482,-0.00040060,-0.00031819,-0.00019363,0.00029212,0.00008733,0.00019462,0.00072961,0.00046627,-0.00047327,-0.00062079,-0.00042637,-0.00006273,-0.00039191,0.00044319,-0.00076300,0.00037194,-0.00048551,0.00059657,0.00016600,0.00037716,-0.00028157,-0.00086121,-0.00012461,-0.00005348,0.00058794,0.00029792,-0.00014558,-0.00121512,-0.00101109,-0.00061531,-0.00024426,-0.00032726,0.00054643,-0.00101792,0.00088546,-0.00097875,-0.00059814,0.00121335,-0.00011562,-0.00034719,-0.00038575,-0.00095703,-0.00022834,0.00139643,0.00048131,-0.00056690,-0.00095089,-0.00060533,-0.00088866,0.00062742,-0.00038991,-0.00207929,-0.00011029,-0.00027943,-0.00090384,0.00069666,0.00061609,0.00014326,-0.00046599,-0.00054856,0.00019396,-0.00018211,-0.00036073,0.00018643,0.00122722,-0.00012425,0.00094902,-0.00012277,0.00010226,-0.00006096,-0.00056105,0.00035881,-0.00140971,-0.00066754,-0.00091893,-0.01178611,0.00050895,-0.00027545,0.00009207,0.00001029,-0.00012401,-0.00048926,-0.00020846,0.00115006,-0.00068496,0.00038205,0.00000000,0.00000000,0.00000000,0.00000000,0.00000000,0.00000000,0.00000000,0.00000000,0.00000000,0.00000000,0.00000000,0.00000000,0.00000000,0.00000000,0.00000000,0.00000000,0.00000000,0.00000000,0.00000000,0.00000000,0.00000000,0.00000000,0.00000000,0.00000000,0.00000000,0.00000000,0.00000000,0.00000000,0.00000000,0.00000000,0.00000000,0.00000000,0.00000000,0.00000000,0.00000000,0.00000000,0.00000000,0.00000000,0.00000000,0.00000000,0.00000000,0.00000000,0.00000000,0.00000000,0.00000000,0.00000000,0.00000000,0.00000000,0.00072329,0.00072341,-0.00105577,-0.00088756,0.00148937,-0.00159749,0.00104984,-0.00047546,-0.00033980,0.00069645,0.00016320,0.00140650,0.00037225,-0.00076720,-0.00079810,0.00086168
-0.00112378,0.00117372,0.00082416,0.00048446,-0.00037137,-0.00100244,-0.00103125,0.00158599,-0.00003116,0.00090890,0.00005066,-0.00032383,-0.00029100,0.00028042,0.00061302,-0.00086343,0.00020244,0.00032297,-0.00029275,0.00063751,0.00099204,0.00043953,0.00127719,0.00033976,0.00008742,0.00015717,0.00032390,0.00100739,0.00200395,0.00045491,0.00009411,0.00001113,0.00040076,-0.00027859,0.00057613,-0.00017418,-0.00101426,0.00177158,-0.00005668,0.00047405,0.00024574,0.00071730,-0.00036733,0.00013173,-0.00229133,-0.00041018,0.00037391,-0.00074938,-0.00041245,-0.00003114,-0.00062496,0.00063482,-0.00074561,0.00077970,-0.00174324,0.00134846,-0.00153224,0.00084741,0.00064384,0.00086247,0.00121426,0.00121467,-0.00089906,-0.00045845,-0.00063806,-0.00071684,-0.00083016,-0.00097368,0.00013938,-0.00089235,-0.00004429,-0.00064025,0.00084810,-0.00089780,0.00111741,-0.00172081,0.00104926,-0.00058389,0.00010268,0.00169439,-0.00036173,0.00052557,-0.00052412,0.00052237,0.00021343,0.00087935,-0.00065251,0.00113432,-0.00129990,-0.00085295,-0.00180282,-0.00000378,0.00080982,-0.00203600,0.00062589,0.00189357,0.00167432,0.00079489,0.00151291,-0.00002551,-0.00103822,-0.00125171,-0.00063426,-0.00055715,0.00056244,0.00006475,0.00088137,0.00004642,-0.00092398,-0.00113157,-0.00008603,-0.00068336,-0.00021438,0.00062518,-0.00211699,0.00076649,-0.00120270,0.00003442,-0.01427604,0.00037139,0.00022250,0.00149357,0.00042126,-0.00137853,-0.00007127,0.00178228,-0.00204414,0.00163744,0.00000000,0.00000000,0.00000000,0.00000000,0.00000000,0.00000000,0.00000000,0.00000000,0.00000000,0.00000000,0.00000000,0.00000000,0.00000000,0.00000000,0.00000000,0.00000000,0.00000000,0.00000000,0.00000000,0.00000000,0.00000000,0.00000000,0.00000000,0.00000000,0.00000000,0.00000000,0.00000000,0.00000000,0.00000000,0.00000000,0.00000000,0.00000000,0.00000000,0.00000000,0.00000000,0.00000000,0.00000000,0.00000000,0.00000000,0.00000000,0.00000000,0.00000000,0.00000000,0.00000000,0.00000000,0.00000000,0.00000000,0.00000000,-0.00024610,0.00076269,0.00047099,0.00020916,0.00062979,-0.00012230,0.00137114,-0.00054443,-0.00070660,0.00044135,0.00083677,0.00013983,0.00039422,-0.00028493,0.00039837,0.00030172
0.00096864,-0.00020478,-0.00001673,-0.00063928,0.00101848,0.00087557,0.00155978,-0.00101396,0.00083794,-0.00003828,0.00107414,0.00108828,-0.00038422,0.00165024,0.00136345,0.00011869,0.00100769,0.00088621,-0.00141398,-0.00108873,-0.00003019,0.00110254,0.00015576,0.00056896,-0.00140619,0.00172435,0.00006200,0.00068230,-0.00195036,0.00020510,0.00148231,-0.00191025,-0.00046605,0.00074052,0.00043533,-0.00134107,-0.00056097,-0.00050390,-0.00064062,0.00100042,0.00128734,0.00074006,0.00096256,-0.00066638,0.00073540,0.00170959,-0.00027209,0.00066312,-0.00112174,-0.00200368,-0.00020517,0.00101595,-0.00078511,-0.00025427,-0.00065460,-0.00066978,0.00200770,0.00101812,0.00007986,0.00009241,0.00010434,0.00072802,0.00011704,-0.00031377,0.00018809,0.00019303,-0.00087661,-0.00100732,0.00068149,-0.00020549,0.00034758,0.00128116,-0.00049597,0.00111578,-0.00111966,0.00123182,0.00047426,0.00008514,0.00077446,-0.00150925,-0.00058502,0.00126124,-0.00035774,0.00043330,0.00099827,-0.00234819,-0.00143610,0.00018067,0.00160135,0.00144738,0.00213967,0.00121021,0.00135009,0.00088222,0.00022994,-0.00118887,-0.00112056,0.00060842,-0.00034776,-0.00046251,0.00069726,-0.00027430,-0.00071048,-0.00066314,0.00018153,-0.00004713,0.00038151,0.00126423,0.00059786,-0.00111815,0.00116476,0.00085321,0.00205001,0.00016533,0.00156004,0.00030426,0.00119383,-0.00071565,-0.00147365,-0.01109777,-0.00028156,-0.00050266,0.00052867,0.00138721,-0.00036144,-0.00067008,-0.00008186,-0.00186972,0.00000000,0.00000000,0.00000000,0.00000000,0.00000000,0.00000000,0.00000000,0.00000000,0.00000000,0.00000000,0.00000000,0.00000000,0.00000000,0.00000000,0.00000000,0.00000000,0.00000000,0.00000000,0.00000000,0.00000000,0.00000000,0.00000000,0.00000000,0.00000000,0.00000000,0.00000000,0.00000000,0.00000000,0.00000000,0.00000000,0.00000000,0.00000000,0.00000000,0.00000000,0.00000000,0.00000000,0.00000000,0.00000000,0.00000000,0.00000000,0.00000000,0.00000000,0.00000000,0.00000000,0.00000000,0.00000000,0.00000000,0.00000000,-0.00155218,0.00099635,-0.00091891,0.00127561,-0.00098737,0.00185878,-0.00153052,0.00081114,0.00006485,-0.00073291,0.00004376,-0.00130542,-0.00069684,0.00112417,0.00057770,-0.00156571
0.00019371,-0.00026707,-0.00036323,-0.00034797,0.00072688,0.00074147,0.00157843,-0.00093450,-0.00023507,-0.00074522,-0.00094382,0.00001020,-0.00018319,0.00066054,0.00012180,0.00043659,0.00009254,-0.00048612,-0.00059585,-0.00035198,-0.00022278,-0.00022223,0.00012077,-0.00063516,0.00025162,0.00019683,-0.00077365,-0.00022633,-0.00092777,-0.00128508,0.00015419,0.00047052,-0.00063717,0.00033193,0.00028550,-0.00026162,-0.00016845,-0.00107870,0.00047429,0.00052160,0.00012708,0.00046658,-0.00050119,0.00027224,0.00132396,0.00021730,-0.00002358,0.00018352,-0.00046840,0.00000441,-0.00019905,0.00017277,-0.00030513,-0.00019842,0.00014039,-0.00197393,0.00083655,0.00004970,-0.00009767,0.00016879,-0.00037830,-0.00054970,-0.00033041,-0.00027426,0.00030422,0.00136030,0.00014353,0.00047299,0.00010154,0.00083202,-0.00014538,-0.00010491,-0.00076614,0.00081666,-0.00079504,0.00165370,-0.00029204,0.00030913,0.00015306,-0.00129760,-0.00040346,-0.00002201,-0.00032436,0.00071328,-0.00000190,-0.00031082,-0.00017252,-0.00016145,0.00004045,0.00054219,0.00166229,0.00019381,0.00047585,0.00066852,-0.00021492,-0.00061808,-0.00168405,0.00018376,-0.00073446,0.00026084,0.00134353,0.00014225,-0.00052877,0.00048664,-0.00114699,0.00075865,-0.00072949,-0.00012350,0.00115175,0.00021403,-0.00059051,0.00037186,0.00139726,-0.00008825,0.00130452,-0.00047405,0.00171599,-0.00015756,-0.00046209,-0.00066682,-0.01539611,-0.00144060,0.00039822,0.00109408,-0.00008418,-0.00113740,0.00092296,-0.00143321,0.00000000,0.00000000,0.00000000,0.00000000,0.00000000,0.00000000,0.00000000,0.00000000,0.00000000,0.00000000,0.00000000,0.00000000,0.00000000,0.00000000,0.00000000,0.00000000,0.00000000,0.00000000,0.00000000,0.00000000,0.00000000,0.00000000,0.00000000,0.00000000,0.00000000,0.00000000,0.00000000,0.00000000,0.00000000,0.00000000,0.00000000,0.00000000,0.00000000,0.00000000,0.00000000,0.00000000,0.00000000,0.00000000,0.00000000,0.00000000,0.00000000,0.00000000,0.00000000,0.00000000,0.00000000,0.00000000,0.00000000,0.00000000,0.00017811,0.00068558,-0.00075844,-0.00002153,0.00027689,0.00069962,-0.00060178,0.00019811,-0.00044208,-0.00009553,-0.00031624,-0.00058773,0.00031917,-0.00039305,-0.00014320,-0.00047712
0.00044923,-0.00036062,-0.00043925,-0.00074242,0.00046466,0.00037870,0.00142714,-0.00028913,0.00240170,0.00070469,0.00127004,0.00010493,0.00006637,0.00173690,0.00058224,-0.00056837,0.00201884,0.00171810,-0.00183028,-0.00122158,0.00039749,0.00114141,0.00146036,0.00074351,-0.00167435,0.00141030,-0.00038496,0.00043161,-0.00102699,0.00012604,0.00256291,-0.00174333,-0.00008200,0.00122281,0.00104570,-0.00083929,0.00017387,-0.00056670,-0.00090180,0.00135540,0.00046394,0.00177235,0.00217902,-0.00057508,-0.00045641,0.00152044,0.00038403,0.00156347,-0.00138720,-0.00206231,-0.00161008,0.00177543,-0.00133500,0.00051028,-0.00019348,-0.00091349,0.00122254,0.00072132,0.00046308,0.00037521,0.00102058,0.00030830,-0.00104158,0.00005868,-0.00035263,-0.00036119,-0.00223863,-0.00167285,0.00004366,-0.00093899,0.00000594,0.00020901,0.00009415,0.00082209,-0.00107512,0.00015991,0.00020432,-0.00073836,-0.00011225,-0.00152089,-0.00236661,0.00116950,-0.00100222,-0.00150889,0.00044282,-0.00142911,-0.00158562,0.00090605,0.00127154,0.00097938,0.00200314,0.00011477,0.00187395,0.00157830,0.00081267,-0.00130125,-0.00157142,-0.00018402,0.00011534,0.00034787,0.00037346,0.00105338,-0.00101178,-0.00058973,0.00034428,0.00134184,0.00010022,0.00034321,-0.00033590,-0.00148037,0.00083503,-0.00015940,0.00102110,0.00098059,0.00049901,0.00057741,0.00027137,-0.00107079,-0.00080437,0.00133702,-0.00094116,-0.01441721,0.00113557,0.00098050,-0.00069984,0.00032492,-0.00074437,-0.00097215,0.00000000,0.00000000,0.00000000,0.00000000,0.00000000,0.00000000,0.00000000,0.00000000,0.00000000,0.00000000,0.00000000,0.00000000,0.00000000,0.00000000,0.00000000,0.00000000,0.00000000,0.00000000,0.00000000,0.00000000,0.00000000,0.00000000,0.00000000,0.00000000,0.00000000,0.00000000,0.00000000,0.00000000,0.00000000,0.00000000,0.00000000,0.00000000,0.00000000,0.00000000,0.00000000,0.00000000,0.00000000,0.00000000,0.00000000,0.00000000,0.00000000,0.00000000,0.00000000,0.00000000,0.00000000,0.00000000,0.00000000,0.00000000,-0.00169332,0.00047948,-0.00158254,-0.00001251,-0.00008702,0.00091713,-0.00051945,0.00064240,0.00013111,-0.00015081,-0.00023718,-0.00147022,-0.00156371,0.00148241,0.00077495,-0.00107431
0.00060385,-0.00122748,-0.00025209,0.00020293,0.00202816,0.00025832,0.00122005,-0.00107524,0.00075742,-0.00052984,-0.00019358,0.00006584,0.00036900,0.00062985,0.00049682,0.00097953,-0.00044715,0.00064055,-0.00085720,-0.00055396,-0.00074620,-0.00039293,-0.00017066,0.00026147,-0.00056159,0.00096130,-0.00100230,-0.00061437,-0.00245324,-0.00095273,0.00089387,-0.00079875,0.00002718,0.00061873,-0.00030710,-0.00047531,0.00065594,-0.00012303,0.00052067,-0.00000749,-0.00030560,0.00025152,0.00069687,-0.00023871,0.00128793,0.00029288,-0.00072272,0.00003107,0.00021798,-0.00010242,-0.00005209,0.00009750,0.00048701,-0.00011928,0.00039255,-0.00299412,0.00148114,-0.00032374,-0.00029098,-0.00059499,-0.00051388,-0.00067950,0.00067019,0.00122089,0.00083183,-0.00022273,-0.00016983,0.00021246,0.00054523,0.00132552,0.00035177,0.00108969,-0.00053481,0.00053030,-0.00158728,0.00191203,-0.00097608,0.00059942,0.00171374,-0.00170721,0.00045438,0.00056609,0.00030098,0.00001532,0.00082556,-0.00225911,-0.00019660,-0.00018954,0.00093743,0.00223043,0.00095571,-0.00012138,-0.00025567,0.00197109,-0.00021643,-0.00069384,-0.00150109,-0.00056393,-0.00138944,-0.00101319,0.00107333,0.00079322,-0.00094234,0.00119991,0.00056792,-0.00039788,-0.00100570,-0.00009656,-0.00059557,0.00104156,-0.00001978,0.00043035,0.00093348,0.00019083,0.00144212,0.00070270,0.00163304,-0.00013007,-0.00047062,-0.00060315,0.00023519,-0.00108602,-0.01027368,0.00086706,0.00058274,-0.00225051,0.00134265,-0.00153187,0.00000000,0.00000000,0.00000000,0.00000000,0.00000000,0.00000000,0.00000000,0.00000000,0.00000000,0.00000000,0.00000000,0.00000000,0.00000000,0.00000000,0.00000000,0.00000000,0.00000000,0.00000000,0.00000000,0.00000000,0.00000000,0.00000000,0.00000000,0.00000000,0.00000000,0.00000000,0.00000000,0.00000000,0.00000000,0.00000000,0.00000000,0.00000000,0.00000000,0.00000000,0.00000000,0.00000000,0.00000000,0.00000000,0.00000000,0.00000000,0.00000000,0.00000000,0.00000000,0.00000000,0.00000000,0.00000000,0.00000000,0.00000000,-0.00085081,0.00015764,-0.00007458,0.00068944,-0.00107182,0.00139567,-0.00080237,0.00051876,-0.00058362,-0.00137928,-0.00047659,-0.00106507,-0.00125858,0.00101787,0.00067964,-0.00067214
-0.00129541,-0.00074879,-0.00130827,0.00209942,0.00005155,0.00128315,-0.00050046,-0.00007502,-0.00199259,-0.00120657,-0.00192805,-0.00161977,0.00216246,-0.00217292,-0.00171267,0.00196209,-0.00226348,-0.00140786,0.00212562,-0.00115736,-0.00232658,-0.00189781,-0.00207724,-0.00188087,0.00233606,-0.00166033,-0.00118317,-0.00195656,0.00109216,-0.00115027,-0.00266344,0.00303919,0.00058399,-0.00186361,-0.00124664,0.00232479,0.00102757,-0.00026667,0.00210292,-0.00196650,-0.00181488,-0.00218432,-0.00287638,0.00092125,0.00117469,-0.00229477,0.00045956,-0.00121428,0.00277060,0.00252698,0.00137343,-0.00292176,0.00237766,-0.00082014,0.00131794,-0.00042589,-0.00072333,-0.00171255,-0.00288495,-0.00200081,-0.00178533,-0.00235828,0.00139404,0.00132258,0.00131715,0.00110707,0.00227013,0.00250097,-0.00021877,0.00111320,-0.00155240,-0.00103087,-0.00188385,-0.00017327,0.00261150,-0.00035462,-0.00181447,0.00152835,-0.00126726,0.00027644,0.00184140,-0.00153899,0.00113897,0.00164931,-0.00201951,0.00107065,0.00207247,-0.00200817,-0.00022581,-0.00087362,-0.00126464,-0.00126276,-0.00283581,-0.00095186,-0.00174086,-0.00033704,0.00092740,-0.00191547,-0.00117617,0.00083222,0.00131800,-0.00004480,0.00151356,0.00034696,-0.00208742,-0.00143328,-0.00145100,-0.00131141,0.00132129,0.00213099,-0.00214618,-0.00056892,-0.00185759,-0.00233996,0.00096622,-0.00176066,-0.00076499,0.00189108,0.00254597,-0.00199429,-0.00067631,-0.00030753,-0.00250670,-0.01341172,0.00188099,-0.00183282,0.00200824,0.00074909,0.00000000,0.00000000,0.00000000,0.00000000,0.00000000,0.00000000,0.00000000,0.00000000,0.00000000,0.00000000,0.00000000,0.00000000,0.00000000,0.00000000,0.00000000,0.00000000,0.00000000,0.00000000,0.00000000,0.00000000,0.00000000,0.00000000,0.00000000,0.00000000,0.00000000,0.00000000,0.00000000,0.00000000,0.00000000,0.00000000,0.00000000,0.00000000,0.00000000,0.00000000,0.00000000,0.00000000,0.00000000,0.00000000,0.00000000,0.00000000,0.00000000,0.00000000,0.00000000,0.00000000,0.00000000,0.00000000,0.00000000,0.00000000,0.00195585,-0.00098836,0.00209942,-0.00098856,0.00013754,-0.00295269,0.00184980,-0.00121723,0.00061458,0.00087237,0.00059918,0.00069520,0.00184360,-0.00174573,-0.00155009,0.00162789
-0.00099702,0.00054040,0.00072591,0.00078491,-0.00146703,-0.00057502,-0.00069599,-0.00029403,-0.00072662,0.00072587,-0.00076122,0.00019605,0.00039832,-0.00059683,-0.00077133,-0.00108004,-0.00004300,-0.00008388,0.00161843,0.00141907,0.00038102,-0.00009254,-0.00024784,0.00047932,0.00014885,-0.00108399,0.00088042,-0.00018962,0.00156594,-0.00000165,-0.00062140,0.00093257,0.00113360,-0.00071819,0.00004269,0.00082845,0.00041178,0.00012074,0.00039597,-0.00000779,0.00048269,-0.00080748,-0.00066550,0.00117021,-0.00011916,-0.00077346,0.00013166,-0.00080308,0.00080437,0.00031298,-0.00032557,-0.00037581,0.00052357,0.00029913,0.00031560,0.00111313,-0.00048650,0.00083785,-0.00042217,0.00075310,-0.00015158,0.00004931,0.00016005,-0.00035576,0.00027553,-0.00029437,0.00067999,0.00033450,-0.00059353,-0.00079972,-0.00066615,-0.00092883,0.00021245,0.00019251,0.00135658,-0.00116188,0.00074757,-0.00048850,-0.00165832,0.00119757,0.00007358,-0.00100588,0.00066328,0.00031830,-0.00054931,0.00196141,0.00132722,0.00054869,-0.00014112,-0.00193443,-0.00129225,-0.00041802,0.00018480,-0.00174877,0.00012401,0.00069092,0.00176083,-0.00019954,0.00015205,-0.00025104,-0.00132432,-0.00171352,0.00086070,-0.00027133,-0.00067337,0.00045935,0.00082746,-0.00050660,-0.00038670,-0.00030803,-0.00021923,-0.00070967,-0.00109423,-0.00069376,-0.00103117,-0.00016600,-0.00230351,0.00048172,0.00069053,-0.00040519,-0.00055765,0.00055949,0.00006511,-0.00054238,-0.01564001,0.00189304,0.00008533,0.00038753,0.00000000,0.00000000,0.00000000,0.00000000,0.00000000,0.00000000,0.00000000,0.00000000,0.00000000,0.00000000,0.00000000,0.00000000,0.00000000,0.00000000,0.00000000,0.00000000,0.00000000,0.00000000,0.00000000,0.00000000,0.00000000,0.00000000,0.00000000,0.00000000,0.00000000,0.00000000,0.00000000,0.00000000,0.00000000,0.00000000,0.00000000,0.00000000,0.00000000,0.00000000,0.00000000,0.00000000,0.00000000,0.00000000,0.00000000,0.00000000,0.00000000,0.00000000,0.00000000,0.00000000,0.00000000,0.00000000,0.00000000,0.00000000,0.00034461,0.00009330,0.00052806,-0.00069676,0.00107323,-0.00102767,0.00117215,-0.00049117,-0.00048127,0.00118101,0.00158228,0.00153659,0.00111303,-0.00064667,-0.00006242,0.00120805
0.00119105,-0.00100837,0.00208147,-0.00275981,0.00259134,-0.00132851,0.00070237,-0.00120761,0.00354380,0.00277091,0.00196690,0.00293756,-0.00189745,0.00375110,0.00316179,-0.00195573,0.00253559,0.00253816,-0.00360818,-0.00205321,0.00242890,0.00261177,0.00251134,0.00230895,-0.00281913,0.00342525,0.00215761,0.00198736,-0.00052487,0.00161200,0.00322730,-0.00332759,0.00134098,0.00366338,0.00280870,-0.00265399,-0.00132428,0.00020150,-0.00236445,0.00264661,0.00186184,0.00309155,0.00349534,-0.00245852,-0.00109591,0.00266655,0.00064079,0.00225195,-0.00266637,-0.00341113,-0.00111404,0.00257786,-0.00297122,0.00172352,-0.00247677,-0.00051891,-0.00011897,0.00255457,0.00190552,0.00236116,0.00212260,0.00265360,-0.00150123,-0.00222631,-0.00167478,-0.00105430,-0.00297082,-0.00274773,0.00179393,0.00010664,0.00234315,0.00262667,0.00039930,-0.00060266,-0.00336967,0.00228664,0.00095425,-0.00183181,0.00190493,-0.00147498,-0.00142918,0.00238483,-0.00183377,-0.00173562,0.00286258,-0.00234312,-0.00355036,0.00232262,0.00011557,0.00368234,0.00297215,0.00289333,0.00248413,0.00137979,0.00259390,0.00012132,-0.00137919,0.00162012,0.00075447,-0.00006737,-0.00043439,-0.00045576,-0.00243838,0.00052484,0.00167617,0.00282947,0.00093303,0.00168339,-0.00215255,-0.00198463,0.00300957,0.00042726,0.00110755,0.00129748,0.00090671,0.00239508,0.00231499,-0.00280614,-0.00335321,0.00190602,0.00024358,0.00156133,0.00244142,0.00014033,-0.00197698,-0.01323004,-0.00111456,-0.00267184,0.00000000,0.00000000,0.00000000,0.00000000,0.00000000,0.00000000,0.00000000,0.00000000,0.00000000,0.00000000,0.00000000,0.00000000,0.00000000,0.00000000,0.00000000,0.00000000,0.00000000,0.00000000,0.00000000,0.00000000,0.00000000,0.00000000,0.00000000,0.00000000,0.00000000,0.00000000,0.00000000,0.00000000,0.00000000,0.00000000,0.00000000,0.00000000,0.00000000,0.00000000,0.00000000,0.00000000,0.00000000,0.00000000,0.00000000,0.00000000,0.00000000,0.00000000,0.00000000,0.00000000,0.00000000,0.00000000,0.00000000,0.00000000,-0.00225826,0.00174300,-0.00279900,0.00307349,-0.00267328,0.00303537,-0.00308754,0.00245418,0.00037552,-0.00305708,-0.00012448,-0.00239755,-0.00259577,0.00313776,0.00278819,-0.00319400
-0.00093755,0.00090387,-0.00123323,0.00214240,-0.00105590,0.00036714,-0.00132452,0.00044994,-0.00267493,-0.00104292,-0.00275192,-0.00188524,0.00125990,-0.00301053,-0.00159370,0.00131463,-0.00202861,-0.00230794,0.00297344,0.00138938,-0.00099781,-0.00173713,-0.00227708,-0.00250394,0.00256083,-0.00215908,-0.00023311,-0.00149205,0.00121763,-0.00043521,-0.00225596,0.00290064,-0.00052336,-0.00252611,-0.00182881,0.00161364,0.00036989,-0.00000050,0.00171602,-0.00257103,-0.00235076,-0.00251351,-0.00205932,0.00197682,0.00021297,-0.00249448,-0.00052163,-0.00234891,0.00167503,0.00241076,0.00136438,-0.00220982,0.00257418,-0.00078743,0.00115928,0.00058157,-0.00097428,-0.00156466,-0.00229659,-0.00145795,-0.00115985,-0.00154269,0.00152325,0.00157074,0.00058873,0.00034217,0.00217147,0.00217206,-0.00119048,0.00042394,-0.00135827,-0.00235980,-0.00064021,-0.00017425,0.00271755,-0.00229580,-0.00073668,0.00226638,-0.00165448,0.00113538,0.00130622,-0.00284707,0.00153785,0.00154060,-0.00203336,0.00213981,0.00298640,-0.00190092,-0.00052677,-0.00313873,-0.00270454,-0.00160000,-0.00236941,-0.00169852,-0.00156443,-0.00007376,0.00120855,-0.00181619,-0.00075171,0.00032573,-0.00046707,0.00031026,0.00108556,0.00007421,-0.00104893,-0.00187951,-0.00163714,-0.00010718,0.00144321,0.00185169,-0.00250240,-0.00081001,-0.00142899,-0.00071434,-0.00119700,-0.00136765,-0.00253247,0.00224388,0.00211837,-0.00162882,-0.00026902,0.00000741,-0.00223163,-0.00092373,0.00232416,0.00006678,-0.01084935,0.00162705,0.00000000,0.00000000,0.00000000,0.00000000,0.00000000,0.00000000,0.00000000,0.00000000,0.00000000,0.00000000,0.00000000,0.00000000,0.00000000,0.00000000,0.00000000,0.00000000,0.00000000,0.00000000,0.00000000,0.00000000,0.00000000,0.00000000,0.00000000,0.00000000,0.00000000,0.00000000,0.00000000,0.00000000,0.00000000,0.00000000,0.00000000,0.00000000,0.00000000,0.00000000,0.00000000,0.00000000,0.00000000,0.00000000,0.00000000,0.00000000,0.00000000,0.00000000,0.00000000,0.00000000,0.00000000,0.00000000,0.00000000,0.00000000,0.00259657,-0.00130836,0.00279675,-0.00184077,0.00290479,-0.00334271,0.00297497,-0.00216150,0.00022651,0.00162675,0.00066176,0.00260527,0.00303273,-0.00303629,-0.00239420,0.00261799
0.00082423,0.00057869,0.00141459,-0.00207301,0.00020972,-0.00139619,-0.00032071,0.00061845,0.00294363,0.00253347,0.00178841,0.00121249,-0.00123574,0.00267584,0.00262625,-0.00281198,0.00332480,0.00167030,-0.00260133,-0.00085606,0.00364386,0.00272316,0.00204299,0.00256087,-0.00296614,0.00248487,0.00226523,0.00179347,-0.00020880,0.00167413,0.00317610,-0.00310090,0.00118294,0.00248679,0.00274340,-0.00199894,-0.00241519,0.00144622,-0.00277537,0.00225564,0.00105851,0.00413288,0.00280987,-0.00082037,-0.00162890,0.00305644,0.00123086,0.00202173,-0.00215654,-0.00260989,-0.00260163,0.00290042,-0.00225745,0.00169176,-0.00272150,0.00062458,0.00013401,0.00233934,0.00263881,0.00289805,0.00181482,0.00259417,-0.00181048,-0.00300441,-0.00176067,-0.00118753,-0.00315625,-0.00317209,0.00089929,-0.00224472,0.00149331,0.00150753,0.00169322,-0.00101203,-0.00229902,0.00096973,0.00165817,-0.00291229,0.00205540,-0.00012474,-0.00310286,0.00270753,-0.00136204,-0.00160121,0.00244797,0.00054854,-0.00331411,0.00179782,-0.00023962,0.00229071,0.00046703,0.00238767,0.00180628,0.00020169,0.00326776,0.00034390,-0.00036141,0.00129338,0.00170298,0.00018919,-0.00134365,-0.00184501,-0.00239050,-0.00138392,0.00067812,0.00245535,0.00212734,0.00084581,-0.00180811,-0.00297357,0.00227308,0.00080179,0.00205406,0.00156457,0.00011634,0.00221273,0.00063802,-0.00217665,-0.00285360,0.00163306,0.00066158,0.00107304,0.00302746,-0.00012329,-0.00276204,0.00070681,-0.00192564,-0.01443664,0.00000000,0.00000000,0.00000000,0.00000000,0.00000000,0.00000000,0.00000000,0.00000000,0.00000000,0.00000000,0.00000000,0.00000000,0.00000000,0.00000000,0.00000000,0.00000000,0.00000000,0.00000000,0.00000000,0.00000000,0.00000000,0.00000000,0.00000000,0.00000000,0.00000000,0.00000000,0.00000000,0.00000000,0.00000000,0.00000000,0.00000000,0.00000000,0.00000000,0.00000000,0.00000000,0.00000000,0.00000000,0.00000000,0.00000000,0.00000000,0.00000000,0.00000000,0.00000000,0.00000000,0.00000000,0.00000000,0.00000000,0.00000000,-0.00171837,0.00090447,-0.00312384,0.00144079,-0.00245046,0.00296082,-0.00261914,0.00243797,0.00002721,-0.00165405,0.00002312,-0.00158940,-0.00228208,0.00256765,0.00247858,-0.00241773
-0.00031324,-0.00014129,0.00076409,0.00010916,-0.00025843,0.00149048,0.00014365,-0.00009628,-0.00063928,-0.00067369,-0.00107452,0.00063351,0.00068607,-0.00034449,-0.00081969,0.00025084,-0.00078288,-0.00025649,0.00113131,0.00037911,-0.00059073,-0.00096549,-0.00000668,-0.00042984,0.00089538,0.00037712,0.00039744,0.00037721,-0.00055570,0.00104606,-0.00066601,-0.00021639,0.00132053,-0.00070553,-0.00012580,0.00145621,0.00008926,0.00050240,0.00041059,0.00011701,-0.00039839,-0.00106866,-0.00147540,0.00034880,0.00036626,-0.00147626,-0.00003368,0.00006324,0.00013173,0.00077220,0.00145669,-0.00021673,0.00072564,0.00023453,0.00025713,0.00189906,-0.00183829,0.00059542,0.00070470,-0.00041904,0.00002562,-0.00063187,0.00148830,0.00041343,0.00062947,0.00003195,0.00017893,0.00001421,-0.00065620,-0.00005353,0.00019573,-0.00146112,0.00074297,-0.00198834,0.00145468,-0.00129100,0.00011460,0.00027846,-0.00103752,-0.00049730,0.00124438,-0.00133984,0.00036462,-0.00029532,0.00055407,0.00058232,0.00019101,0.00058364,-0.00017359,-0.00118695,-0.00120442,-0.00016806,-0.00007941,0.00129266,0.00005031,0.00039449,0.00121647,-0.00003278,-0.00026246,0.00139821,-0.00135858,-0.00038615,0.00025572,-0.00042726,-0.00004492,-0.00068935,0.00120797,-0.00130801,-0.00126392,0.00091648,-0.00032589,-0.00044211,-0.00064205,0.00005328,-0.00091729,-0.00034699,-0.00045581,0.00100395,-0.00008991,-0.00019582,-0.00085573,0.00078314,-0.00050225,-0.00061400,-0.00041924,0.00010571,0.00152407,0.00090366,-0.01461941,0.00047723,-0.00071385,0.00012567,0.00068949,-0.00124884,-0.00089585,-0.00066129,-0.00083841,-0.00173980,-0.00020948,-0.00140418,0.00082085,-0.00063007,0.00093079,0.00068569,-0.00010370,0.00018908,0.00067751,-0.00182229,0.00010327,0.00098397,-0.00031074,-0.00106570,-0.00102668,-0.00007059,-0.00012505,-0.00087699,0.00095482,0.00137209,-0.00094578,0.00037017,-0.00020194,-0.00016855,-0.00139127,0.00079307,0.00059050,-0.00024171,0.00083614,0.00125586,0.00145619,-0.00104872,-0.00097891,0.00046974,-0.00016580,0.00010189,0.00006222,-0.00111220,0.00022625,0.00029353,0.00095005,-0.00073599,-0.00037166,-0.00103943,0.00010406,-0.00106098,0.00085269,-0.00006484,0.00094688,-0.00019198,0.00074477,-0.00043342,-0.00102873,0.00037731
0.00142209,-0.00046171,0.00023426,-0.00050326,-0.00020994,0.00028649,0.00130550,-0.00052308,0.00086461,-0.00013441,-0.00044564,0.00056477,-0.00024693,0.00098805,-0.00043903,-0.00054703,-0.00008218,-0.00000606,-0.00053032,-0.00030009,0.00036078,0.00094438,0.00052963,0.00132505,-0.00001014,0.00122544,0.00041432,0.00075949,-0.00026016,-0.00065632,0.00108717,-0.00067697,-0.00053055,-0.00021492,0.00052281,-0.00023220,0.00045788,-0.00155068,-0.00078391,0.00017395,0.00058070,0.00041995,0.00065390,0.00042636,0.00082977,0.00005639,-0.00042982,0.00088529,0.00009203,-0.00143657,0.00000425,0.00018469,-0.00105063,-0.00102919,-0.00010681,-0.00152047,0.00096252,-0.00084279,0.00041634,0.00019929,-0.00034579,0.00027992,-0.00026160,0.00029784,0.00005129,-0.00059642,-0.00043494,-0.00071068,-0.00043371,0.00049043,0.00084000,0.00051298,-0.00058809,0.00034843,-0.00077736,0.00193948,0.00030941,-0.00030741,0.00137561,-0.00132538,-0.00005504,0.00093252,-0.00036140,0.00063913,0.00009148,-0.00139369,-0.00064921,-0.00012952,0.00047164,0.00069795,0.00129572,0.00065100,0.00017448,0.00057492,-0.00027922,-0.00079657,-0.00159084,-0.00006675,-0.00066520,0.00013653,0.00067514,0.00054190,-0.00125789,0.00052979,0.00010693,0.00027441,-0.00077154,-0.00002973,0.00035869,0.00068130,0.00087054,0.00042673,0.00137115,0.00013984,0.00031705,-0.00082041,0.00178138,-0.00058106,-0.00015120,-0.00021480,-0.00063317,-0.00001006,0.00013405,0.00073871,-0.00028247,-0.00145924,0.00048787,-0.00178283,0.00106830,-0.01360328,0.00095675,-0.00145335,-0.00067245,-0.00000972,-0.00021979,-0.00034781,0.00064524,0.00232970,0.00003632,0.00068672,-0.00083777,0.00118208,-0.00104318,0.00069065,0.00016705,-0.00012542,-0.00131787,0.00021707,-0.00160839,-0.00002684,0.00114583,0.00025588,0.00049843,0.00056594,-0.00066421,0.00122470,-0.00161938,-0.00060768,0.00101528,-0.00051658,0.00039730,-0.00071086,-0.00119408,0.00047011,0.00104289,-0.00061675,-0.00097665,-0.00123186,-0.00033242,0.00055545,-0.00050622,-0.00142486,0.00203056,-0.00021841,0.00133671,-0.00072615,-0.00015141,-0.00015059,-0.00074287,0.00049639,-0.00024606,0.00114601,-0.00141803,0.00119981,0.00028771,-0.00120928,0.00067598,-0.00026709,-0.00077700,0.00120054,0.00038309,-0.00053811
0.00015738,0.00115710,-0.00015075,0.00008580,0.00075602,-0.00001048,0.00037439,0.00017307,0.00045513,-0.00044045,-0.00153636,0.00008471,-0.00029411,0.00117810,0.00043396,-0.00031847,0.00064432,0.00068813,-0.00141917,0.00034036,-0.00067526,-0.00006145,0.00080278,0.00054844,-0.00052579,0.00091246,0.00039457,0.00061619,-0.00001906,-0.00082907,0.00053124,-0.00076982,0.00040410,-0.00025076,-0.00011561,-0.00140713,0.00017043,-0.00199172,-0.00132620,0.00108380,0.00040531,0.00091539,0.00055193,-0.00073247,-0.00006549,0.00060689,0.00027733,0.00144812,-0.00103974,-0.00059794,-0.00105159,-0.00026865,-0.00046669,0.00053674,0.00003298,-0.00019344,-0.00078114,0.00098742,0.00043939,0.00069718,-0.00006218,0.00027176,-0.00062161,0.00041763,-0.00006375,0.00061845,-0.00069281,-0.00112540,0.00091333,-0.00083656,-0.00086156,-0.00034072,0.00132448,-0.00061562,-0.00048888,-0.00124904,0.00092544,0.00023133,-0.00027745,-0.00000023,-0.00090017,-0.00009933,-0.00026374,-0.00131991,0.00152364,0.00020676,-0.00167708,0.00039309,-0.00112632,0.00001886,0.00079828,0.00126464,0.00082330,0.00045905,0.00100735,-0.00011264,-0.00051076,0.00000327,-0.00014868,0.00027611,-0.00086826,0.00009582,-0.00015126,-0.00037747,0.00080834,-0.00035237,0.00056523,0.00099910,0.00019734,-0.00082144,0.00119090,0.00040360,0.00045068,0.00139577,0.00052539,-0.00001721,-0.00075009,-0.00026345,0.00055741,0.00036718,-0.00049632,0.00047802,0.00020866,-0.00061336,-0.00039338,0.00004568,-0.00092283,0.00044828,-0.00024525,0.00007205,-0.01477721,-0.00131260,0.00005181,-0.00044012,0.00051533,-0.00012699,0.00073214,0.00131902,0.00055494,0.00052497,-0.00018554,0.00028100,-0.00058678,0.00124225,0.00100572,0.00018261,-0.00048139,0.00072851,-0.00097915,-0.00034057,0.00040528,-0.00011590,0.00019454,0.00007854,-0.00035863,0.00009103,-0.00059816,-0.00041125,0.00049040,-0.00066920,-0.00041873,-0.00066853,-0.00083122,-0.00049000,0.00058294,-0.00115431,-0.00065962,-0.00072598,-0.00073898,0.00054780,-0.00048635,-0.00069339,0.00061932,-0.00049457,0.00023416,0.00017140,-0.00040315,0.00039984,-0.00057349,0.00037795,-0.00054075,0.00047158,-0.00014028,0.00102873,-0.00095337,0.00065837,-0.00081215,-0.00166289,-0.00082777,0.00095172,-0.00022869,-0.00072286
-0.00014599,0.00110503,0.00043382,-0.00096885,-0.00104163,0.00005275,-0.00071699,0.00075541,0.00022860,0.00014163,0.00026492,0.00101633,-0.00002152,-0.00031974,0.00007672,0.00037295,0.00008834,0.00016151,-0.00050544,-0.00043406,-0.00052695,0.00024628,0.00030728,-0.00044475,0.00007517,-0.00020302,0.00051118,-0.00029858,-0.00018544,0.00062467,0.00032065,-0.00007889,-0.00071669,0.00058245,0.00014523,0.00083235,0.00014327,-0.00012843,-0.00000798,0.00081075,0.00061617,-0.00074686,0.00018453,-0.00059200,-0.00115747,0.00032425,0.00074604,0.00021291,-0.00050583,0.00021511,-0.00098521,-0.00010216,-0.00046543,-0.00034835,-0.00036765,0.00042880,-0.00133169,0.00004191,0.00010137,-0.00073077,-0.00024070,-0.00037766,-0.00002232,-0.00100149,-0.00033000,-0.00087459,0.00019314,-0.00000681,-0.00016052,-0.00007173,0.00008752,0.00039317,0.00026662,0.00008718,0.00006287,-0.00166083,0.00067604,-0.00066246,0.00059087,-0.00008981,-0.00137685,-0.00058678,-0.00033284,0.00040337,-0.00070656,-0.00008398,-0.00012573,0.00057708,0.00010114,-0.00151470,-0.00004743,-0.00010249,0.00097649,-0.00125299,0.00046297,-0.00007086,0.00066013,0.00023092,0.00058288,-0.00050927,0.00023412,0.00028807,0.00038530,-0.00016628,0.00040431,0.00066818,0.00021826,0.00013374,-0.00004345,0.00023754,0.00051239,-0.00096852,-0.00094406,0.00044114,-0.00136610,0.00104377,-0.00029751,-0.00086766,-0.00098913,0.00051431,0.00021980,0.00092429,0.00054228,-0.00096166,0.00011681,0.00144250,-0.00023733,0.00128801,-0.00045850,-0.00003212,0.00010391,-0.01468703,-0.00038763,0.00044847,0.00088303,0.00069717,-0.00078990,-0.00189339,0.00089136,0.00090953,0.00054227,-0.00220307,-0.00029399,-0.00088821,-0.00027410,0.00024131,-0.00018001,0.00080822,0.00188196,-0.00095377,-0.00094953,0.00077638,0.00031343,-0.00006065,0.00124644,-0.00168548,0.00091488,0.00027448,0.00027168,0.00048009,0.00108139,0.00079779,0.00106120,-0.00061838,-0.00030574,-0.00058931,-0.00007923,0.00094027,0.00002156,0.00100752,0.00047595,0.00179413,-0.00179367,-0.00178995,0.00003356,0.00142969,0.00023745,-0.00041837,-0.00012043,0.00046447,-0.00000318,-0.00021163,0.00078481,-0.00031891,-0.00198999,0.00020393,-0.00064465,-0.00026032,-0.00058105,0.00028223,0.00072240,-0.00107954
0.00024262,0.00024277,0.00009913,0.00010727,-0.00083054,-0.00037061,-0.00131300,0.00007514,-0.00034016,0.00027648,-0.00057432,-0.00048438,0.00007748,0.00045049,-0.00050877,-0.00024556,-0.00055157,-0.00006253,0.00076733,0.00095596,0.00038750,-0.00070580,-0.00078170,-0.00078618,0.00042752,-0.00137942,-0.00096931,-0.00035002,0.00049428,0.00003801,-0.00065628,0.00102151,-0.00050960,-0.00097065,-0.00076098,-0.00010456,-0.00027702,0.00029810,0.00072788,-0.00024124,-0.00012296,-0.00033977,0.00022433,0.00037717,0.00024542,-0.00023894,0.00035767,0.00017088,-0.00000805,0.00013141,0.00109188,-0.00041619,0.00068880,-0.00030063,0.00028822,0.00025847,-0.00062040,-0.00041195,-0.00055306,-0.00086884,-0.00078317,-0.00031504,0.00021379,-0.00024002,-0.00019588,-0.00046551,0.00053149,-0.00009888,-0.00055137,-0.00083566,0.00013332,-0.00030092,-0.00005637,0.00020461,0.00067560,-0.00040704,0.00076618,0.00081465,-0.00061681,0.00055547,0.00056093,-0.00035322,0.00062090,0.00035746,-0.00050920,0.00117082,0.00075089,-0.00093213,-0.00077991,-0.00122528,-0.00139474,-0.00016805,-0.00100287,-0.00017278,-0.00028832,-0.00011807,0.00048163,-0.00041337,0.00075588,0.00025527,-0.00017645,0.00080700,0.00022383,-0.00074261,-0.00023928,-0.00015031,-0.00021192,0.00011850,0.00046399,0.00109597,-0.00014068,-0.00043700,0.00002454,-0.00066469,0.00097776,-0.00028631,0.00009492,0.00087305,0.00028249,0.00068959,0.00081304,-0.00005032,-0.00114580,0.00016050,0.00044530,0.00133700,0.00048555,-0.00038510,-0.00126994,0.00047978,0.00052660,0.00105691,-0.01376926,0.00030825,0.00006686,0.00103790,0.00046964,-0.00266335,0.00010401,0.00006689,-0.00044253,-0.00109845,0.00116721,-0.00185012,-0.00058023,-0.00050299,0.00136087,-0.00002638,0.00110582,0.00108691,-0.00104303,-0.00111608,0.00006665,-0.00024644,0.00002848,-0.00079598,0.00027238,0.00127115,-0.00020801,0.00007535,-0.00016198,0.00058799,0.00015576,0.00027222,-0.00107332,0.00137852,0.00094688,0.00137044,-0.00057272,-0.00018062,0.00021689,0.00030927,-0.00104628,-0.00023836,-0.00097393,0.00011051,0.00120755,-0.00106686,0.00094953,-0.00047497,0.00152751,-0.00086121,0.00001775,-0.00081677,-0.00070612,0.00030918,-0.00075694,0.00143183,0.00077008,0.00003161,-0.00048346,0.00039323
0.00074821,0.00030012,0.00002676,-0.00167708,0.00042215,0.00039222,0.00111091,-0.00003425,0.00158059,0.00048636,0.00144324,0.00068491,-0.00070281,0.00132281,0.00089970,-0.00057293,0.00088134,0.00024451,-0.00172848,-0.00033750,-0.00010155,0.00125119,0.00097620,0.00149503,-0.00156367,0.00170147,-0.00009090,0.00045486,-0.00106372,-0.00018798,0.00103776,-0.00250318,-0.00155401,0.00138596,0.00142857,-0.00129803,-0.00111213,-0.00107003,-0.00072557,0.00125524,0.00094466,0.00135726,0.00207939,-0.00110947,-0.00011332,0.00062075,0.00027292,0.00118739,-0.00197657,-0.00131033,-0.00078282,0.00141438,-0.00080901,0.00004580,-0.00009768,-0.00086570,0.00185126,0.00060007,0.00113818,0.00112882,0.00071323,0.00038533,-0.00128438,-0.00137495,-0.00110682,-0.00153922,-0.00114992,-0.00132091,0.00109863,-0.00005994,0.00115036,0.00026526,0.00024562,0.00118321,-0.00089343,0.00018155,0.00056372,-0.00091800,0.00215828,-0.00124541,-0.00158973,0.00190122,-0.00087892,-0.00028013,0.00237187,-0.00038703,-0.00178853,0.00022500,0.00141678,0.00226794,0.00234313,0.00178717,0.00035753,0.00037933,0.00118899,-0.00132296,-0.00220223,0.00053322,-0.00085636,-0.00104865,-0.00025281,0.00023530,-0.00099557,-0.00005348,-0.00003267,0.00144595,0.00028133,0.00095018,0.00014543,-0.00080897,0.00115881,-0.00031167,0.00073091,-0.00006025,0.00010258,0.00124080,0.00127483,-0.00154894,-0.00104834,0.00051284,0.00048599,-0.00034675,0.00055739,0.00036030,-0.00105019,-0.00011624,-0.00099369,-0.00115997,0.00086543,-0.00015972,0.00093004,-0.00206636,-0.00109081,-0.01062727,0.00099949,0.00096893,0.00005127,0.00392381,-0.00021681,0.00188860,-0.00177784,0.00131056,-0.00185757,0.00104362,0.00036077,-0.00142174,-0.00121336,0.00082205,-0.00141006,-0.00224179,0.00004779,0.00116775,0.00152328,0.00020500,0.00037349,0.00089579,-0.00159604,-0.00115016,0.00151273,0.00088970,0.00030993,-0.00013683,-0.00142649,-0.00158414,0.00122528,-0.00141533,-0.00198118,-0.00171837,-0.00116259,-0.00030214,0.00066424,-0.00132976,0.00242718,-0.00106622,0.00091349,0.00019391,-0.00202589,0.00075512,-0.00172073,0.00076544,-0.00074949,0.00175740,-0.00212007,0.00186165,-0.00034853,-0.00074287,-0.00042177,-0.00060352,-0.00121468,0.00236847,0.00147415,-0.00171725
0.00090682,-0.00011843,-0.00067600,-0.00075824,-0.00051694,0.00092600,0.00006779,-0.00053501,0.00007181,-0.00086107,0.00040116,0.00055520,-0.00008651,0.00106609,-0.00003584,0.00030560,0.00014552,0.00007562,-0.00053337,-0.00015388,-0.00006024,-0.00013437,0.00014801,0.00170839,-0.00000829,0.00114692,-0.00032552,-0.00055035,-0.00049369,-0.00101804,0.00050959,-0.00101104,-0.00080935,-0.00001813,0.00042123,-0.00034297,-0.00030467,-0.00001661,-0.00084617,-0.00024980,0.00059457,-0.00011423,0.00044178,-0.00005080,0.00069400,0.00067929,-0.00033735,0.00004023,0.00062673,-0.00099642,-0.00041247,0.00028087,-0.00053880,0.00007136,0.00137691,-0.00127105,0.00141127,0.00106599,0.00030879,-0.00045525,0.00003152,0.00028817,-0.00041557,0.00044806,0.00011469,0.00047066,-0.00028756,-0.00002318,0.00001239,0.00010434,-0.00008512,0.00022516,0.00053939,0.00092237,-0.00046195,0.00135020,-0.00001864,-0.00002249,-0.00015298,-0.00118787,-0.00027036,-0.00073074,-0.00113129,0.00006667,0.00010891,-0.00031554,-0.00031892,0.00011063,0.00049861,0.00108868,0.00051132,0.00028757,0.00070647,0.00095785,0.00005937,-0.00099158,-0.00082556,-0.00140819,-0.00067709,-0.00072387,-0.00034849,-0.00020838,-0.00135232,-0.00036620,-0.00004320,0.00089551,0.00019360,-0.00070887,0.00004854,-0.00001774,-0.00118369,0.00008579,-0.00005192,0.00014329,-0.00031868,-0.00035378,0.00126461,-0.00046939,-0.00066354,0.00045016,-0.00012311,-0.00024600,0.00055137,0.00125261,-0.00046014,-0.00043088,0.00026747,-0.00035455,0.00042065,-0.00119741,0.00058697,-0.00016444,0.00044530,-0.00022966,-0.01420762,-0.00010495,0.00121550,0.00178890,-0.00085607,0.00007581,-0.00113424,0.00140741,-0.00043848,0.00085097,0.00005861,-0.00050285,-0.00040457,0.00033393,-0.00150498,-0.00132523,0.00061289,0.00036311,0.00012062,0.00021130,-0.00167789,0.00092420,-0.00123061,-0.00062999,0.00062957,-0.00060255,-0.00055237,-0.00049871,-0.00073126,0.00008771,0.00071734,-0.00027826,-0.00166469,-0.00082299,-0.00024663,-0.00088736,-0.00070489,-0.00080481,0.00226618,0.00005069,0.00084101,0.00021399,-0.00051267,-0.00038396,-0.00175526,0.00052283,-0.00077216,0.00069624,0.00018787,0.00057733,0.00033629,-0.00106919,-0.00020790,-0.00049482,-0.00079818,0.00061958,0.00008555,-0.00073152
0.00048581,-0.00026611,0.00021660,-0.00048930,0.00133609,0.00092174,0.00002962,-0.00020236,0.00145003,-0.00047831,0.00045104,0.00060126,-0.00061520,0.00027117,0.00063472,-0.00118922,0.00000947,0.00101467,-0.00104870,-0.00017730,0.00056408,0.00083842,0.00052189,0.00028301,-0.00054688,0.00096717,0.00042181,0.00050917,-0.00081872,-0.00118005,0.00102641,-0.00182546,0.00023573,0.00033699,0.00159905,-0.00113780,0.00019235,-0.00127337,-0.00081247,0.00192177,-0.00006622,0.00096887,0.00122639,-0.00006220,-0.00026707,0.00063737,0.00018750,-0.00007496,-0.00143946,-0.00130311,0.00030140,0.00101608,-0.00098312,-0.00014556,0.00017843,-0.00045621,0.00072152,0.00084571,0.00086753,0.00072523,-0.00027997,0.00110725,-0.00112323,-0.00094959,-0.00072077,-0.00040074,-0.00166980,-0.00093245,-0.00037291,0.00002721,0.00043614,0.00043623,0.00036906,0.00105130,-0.00168107,0.00058663,-0.00051164,-0.00056441,0.00147748,-0.00085708,-0.00122915,0.00044041,-0.00091271,-0.00059538,-0.00022769,-0.00023791,-0.00122333,0.00032067,0.00058696,0.00166494,0.00085743,0.00057713,0.00090034,-0.00047392,0.00081576,-0.00165731,-0.00071686,0.00027632,-0.00078048,0.00001109,-0.00005368,-0.00038635,0.00036122,-0.00030414,0.00070735,0.00081240,0.00040971,0.00025427,-0.00058907,-0.00025028,0.00053954,0.00048374,0.00155867,0.00090478,-0.00024725,0.00116044,0.00035757,-0.00025901,-0.00051164,0.00084184,0.00060144,0.00075675,0.00140071,-0.00079736,-0.00079567,-0.00001339,0.00003558,-0.00190589,0.00020618,-0.00030715,0.00001701,-0.00053779,-0.00046304,0.00110311,0.00092731,-0.01456596,0.00084254,0.00254949,-0.00034351,0.00063471,-0.00123165,0.00054653,-0.00115574,-0.00047066,0.00142458,-0.00083699,-0.00100625,0.00125768,-0.00052504,-0.00040805,0.00044357,0.00027398,0.00058589,-0.00031079,-0.00048688,0.00092652,-0.00147397,-0.00204864,0.00089100,-0.00037248,0.00003782,-0.00042773,-0.00135089,-0.00090055,0.00160699,-0.00176792,-0.00057464,-0.00111500,-0.00040969,-0.00034511,0.00054194,-0.00070196,0.00084290,-0.00073451,0.00159740,0.00030926,-0.00078069,0.00022813,-0.00093386,0.00128027,-0.00082629,0.00249540,-0.00179752,0.00111543,0.00075239,-0.00025600,0.00074704,-0.00058971,-0.00008756,0.00150695,0.00143525,-0.00098192
0.00030976,0.00028429,-0.00008453,0.00075207,-0.00005233,0.00024478,-0.00078880,-0.00078154,-0.00109960,-0.00126795,-0.00176908,-0.00056594,0.00050890,-0.00158842,-0.00048497,0.00096176,-0.00096815,-0.00082546,0.00140036,0.00023398,0.00044968,-0.00145417,-0.00132548,-0.00051798,0.00236704,-0.00080178,-0.00109266,-0.00028941,0.00085481,-0.00044556,-0.00137925,0.00158824,0.00042914,-0.00095446,-0.00132683,0.00157644,-0.00010085,0.00053173,0.00081068,-0.00179763,-0.00055683,-0.00119609,-0.00147032,0.00091490,-0.00035237,-0.00078097,-0.00027269,-0.00195349,0.00089490,0.00144189,0.00114371,-0.00098931,0.00224926,-0.00028693,0.00091463,-0.00062607,0.00047671,-0.00060645,-0.00075877,-0.00052455,-0.00011950,-0.00167534,0.00116892,-0.00084679,0.00021737,0.00001787,0.00143258,0.00097058,0.00029729,0.00045218,-0.00014308,-0.00016544,-0.00088720,0.00055365,0.00066243,-0.00032125,-0.00093549,0.00181525,-0.00007385,0.00083394,0.00156238,-0.00139936,0.00035437,0.00111634,-0.00134435,0.00034916,0.00203157,-0.00102303,0.00028087,-0.00010910,-0.00207254,-0.00111922,-0.00124679,-0.00107625,-0.00067614,-0.00006115,0.00140061,-0.00103867,-0.00009226,0.00027679,-0.00026502,0.00053718,0.00177988,0.00071750,-0.00045277,-0.00109407,0.00007861,-0.00061229,0.00081326,0.00154475,-0.00128331,-0.00051945,-0.00206173,-0.00157019,-0.00063286,-0.00114707,-0.00226768,0.00150710,0.00149353,-0.00100219,-0.00007410,0.00141163,-0.00175873,-0.00041674,0.00048834,-0.00039803,0.00021028,0.00047379,-0.00067234,-0.00037320,0.00000755,0.00232710,0.00211832,-0.00071497,-0.00098343,-0.00037762,-0.01592809,-0.00133129,0.00016205,-0.00144683,0.00178774,-0.00028806,0.00202361,-0.00049552,-0.00044905,0.00115621,0.00137449,-0.00173995,0.00043707,0.00156428,-0.00048459,-0.00198237,-0.00158253,0.00080444,-0.00042026,0.00019190,0.00104427,0.00156711,-0.00190835,0.00022608,-0.00145150,-0.00032784,-0.00001731,0.00069963,-0.00053095,0.00080156,0.00110749,0.00171929,0.00138995,-0.00109213,-0.00217654,-0.00026642,-0.00140445,0.00029890,-0.00128060,-0.00034988,0.00171550,-0.00066207,0.00069284,-0.00173756,0.00117564,-0.00148141,0.00090698,-0.00108969,-0.00151929,0.00059113,0.00023823,0.00163844,0.00123607,-0.00216863,-0.00146121,0.00030886
-0.00067974,0.00000693,-0.00288200,0.00242730,-0.00156389,0.00152623,-0.00105591,-0.00023969,-0.00241924,-0.00258927,-0.00251520,-0.00141837,0.00142820,-0.00300456,-0.00231728,0.00181705,-0.00230984,-0.00184296,0.00213221,0.00023503,-0.00155384,-0.00343429,-0.00305944,-0.00223364,0.00259868,-0.00301266,-0.00078738,-0.00132824,-0.00036981,-0.00141242,-0.00390554,0.00363084,-0.00000291,-0.00217156,-0.00205931,0.00258892,0.00137565,0.00004882,0.00235012,-0.00235391,-0.00097640,-0.00327732,-0.00273802,0.00138034,0.00065032,-0.00187174,-0.00068404,-0.00221796,0.00371205,0.00248847,0.00137738,-0.00218012,0.00244816,-0.00104133,0.00090800,-0.00027539,-0.00040608,-0.00252211,-0.00199266,-0.00169429,-0.00209314,-0.00188006,0.00160996,0.00153719,0.00185164,0.00119542,0.00237295,0.00234182,-0.00015869,0.00092854,-0.00190126,-0.00254852,-0.00011211,0.00043760,0.00285470,-0.00104862,-0.00071947,0.00188050,-0.00118314,0.00081315,0.00184501,-0.00208379,0.00126561,0.00194186,-0.00295330,0.00094999,0.00339972,-0.00275452,-0.00003744,-0.00237797,-0.00265110,-0.00186351,-0.00257320,-0.00165399,-0.00188260,-0.00026456,0.00159932,-0.00150522,0.00030228,0.00078003,-0.00044797,0.00043898,0.00123554,0.00151339,-0.00110064,-0.00234609,-0.00118950,-0.00088946,0.00172101,0.00178289,-0.00181299,-0.00004366,-0.00159451,-0.00249546,-0.00022689,-0.00270454,-0.00128401,0.00193648,0.00284534,-0.00177639,-0.00129319,-0.00026243,-0.00211142,-0.00083256,0.00234848,-0.00001601,0.00212404,0.00159460,-0.00086925,-0.00183014,-0.00186044,0.00358759,0.00259630,-0.00207481,-0.00301101,-0.00233767,0.00198297,-0.01392619,-0.00177991,-0.00213733,0.00255916,-0.00037401,0.00284455,-0.00020735,-0.00111656,0.00215597,0.00278827,-0.00259249,0.00024909,0.00287132,0.00082434,-0.00381563,-0.00284370,0.00161660,-0.00091086,0.00162274,0.00095204,0.00308405,-0.00358532,-0.00028378,-0.00170577,-0.00147241,-0.00058149,0.00207660,-0.00229198,0.00335671,0.00355020,0.00112370,0.00303624,-0.00096157,-0.00231899,-0.00150415,-0.00049919,0.00270549,-0.00102831,-0.00148824,0.00323414,-0.00078798,0.00324489,-0.00254639,0.00206539,-0.00297915,0.00224765,-0.00183825,0.00079864,0.00207714,0.00063272,0.00274196,0.00340970,-0.00282808,-0.00277797,0.00297089
-0.00009971,-0.00066123,0.00060851,-0.00075302,0.00044619,0.00103058,0.00079114,0.00031630,0.00124642,0.00082928,0.00003000,0.00055390,-0.00083518,0.00108367,-0.00021924,-0.00053758,0.00091312,0.00118540,-0.00032665,-0.00154979,0.00000932,0.00115752,0.00099366,0.00102554,-0.00128854,0.00124230,-0.00085307,0.00021726,0.00036327,-0.00009759,0.00051727,-0.00042984,0.00067385,-0.00034061,0.00056818,-0.00107402,0.00000033,-0.00024088,-0.00075137,0.00082829,-0.00027068,0.00149391,0.00187673,-0.00029438,0.00093178,0.00050334,-0.00053234,0.00011363,-0.00042397,-0.00144175,-0.00050453,0.00062671,-0.00049462,0.00057421,-0.00055220,-0.00065010,0.00043139,0.00100317,0.00140776,0.00029769,0.00097166,-0.00099347,-0.00008131,-0.00011501,-0.00033435,0.00008797,-0.00055924,-0.00009671,0.00025792,0.00019837,-0.00013209,0.00006644,-0.00007934,0.00018515,-0.00106260,0.00059422,-0.00018197,0.00055023,0.00105698,-0.00115818,-0.00098725,0.00002668,-0.00059576,0.00016050,0.00031429,-0.00046373,0.00008016,0.00039217,0.00056794,0.00106359,0.00075069,-0.00029223,-0.00016939,0.00172475,0.00012838,-0.00065981,-0.00073488,-0.00051349,-0.00045579,0.00048355,-0.00183254,-0.00026282,0.00014655,0.00009855,-0.00019392,0.00078472,-0.00027345,0.00002450,-0.00035420,-0.00059121,0.00041065,0.00056987,0.00130455,-0.00080924,0.00090513,0.00027610,0.00143569,-0.00122989,-0.00093847,0.00021606,-0.00043674,-0.00012918,0.00128218,0.00049418,-0.00103167,-0.00056253,-0.00106495,-0.00173626,0.00012555,0.00033933,0.00111259,-0.00107332,-0.00123455,-0.00037286,0.00094750,0.00021706,0.00068144,0.00194165,-0.01613359,0.00078667,-0.00066995,0.00141177,-0.00130575,0.00099436,0.00065188,-0.00046580,-0.00101108,0.00037307,-0.00127044,-0.00046968,0.00096920,0.00066661,0.00114706,0.00062046,0.00006795,0.00083555,-0.00139081,-0.00000978,0.00124934,0.00033011,0.00025837,-0.00033354,-0.00088335,-0.00066316,0.00115672,-0.00034151,-0.00108635,-0.00007487,-0.00074501,-0.00007079,0.00008925,-0.00076527,0.00139550,-0.00036238,0.00079599,-0.00005756,-0.00094515,-0.00013604,-0.00094753,0.00004060,-0.00112158,0.00114013,-0.00117029,0.00071516,0.00065021,-0.00017940,0.00089624,-0.00122758,-0.00075911,0.00088974,0.00127404,0.00030212
0.00176983,-0.00092381,-0.00024390,0.00081131,0.00063748,0.00083183,0.00061847,0.00150035,0.00099060,-0.00072388,-0.00010573,0.00103071,0.00033022,0.00050008,0.00091773,-0.00009883,-0.00024383,0.00079867,-0.00109022,0.00055639,0.00010036,0.00051102,-0.00012076,0.00097339,-0.00120815,0.00130038,0.00020987,0.00036139,-0.00055858,0.00046137,0.00116818,0.00030593,-0.00082332,-0.00006701,0.00025760,-0.00018511,-0.00011471,0.00074199,-0.00061752,0.00068164,0.00024401,0.00062191,0.00097935,0.00078019,0.00019173,0.00022003,0.00003464,0.00029229,-0.00100473,-0.00092427,0.00000097,0.00025082,-0.00000933,0.00028333,-0.00024596,-0.00020108,0.00150007,-0.00003677,0.00075416,0.00020813,0.00113530,0.00091516,0.00028977,-0.00034099,0.00021490,-0.00060458,-0.00029086,-0.00062291,0.00032368,-0.00000604,0.00110630,-0.00004825,-0.00000531,-0.00033191,0.00011606,0.00012812,0.00023502,-0.00122196,0.00002890,-0.00052437,-0.00105824,-0.00024179,-0.00001981,-0.00028732,0.00045164,-0.00110301,-0.00035989,-0.00032470,0.00128216,0.00105643,0.00004168,0.00035482,-0.00035419,0.00062292,0.00016846,-0.00069511,-0.00096005,0.00083139,0.00021031,0.00034782,-0.00032167,-0.00074128,-0.00040645,0.00026141,-0.00090129,0.00038589,-0.00069016,-0.00005208,-0.00028210,-0.00034151,-0.00021525,0.00063749,0.00008968,-0.00090458,0.00078261,0.00079858,0.00070426,-0.00032048,-0.00015455,0.00038203,-0.00016529,-0.00028349,0.00044700,0.00063091,-0.00032956,-0.00029244,0.00038236,0.00002811,-0.00001940,0.00120499,0.00022858,-0.00009876,-0.00026707,0.00020348,-0.00007020,0.00048147,0.00105754,0.00241161,-0.00036267,-0.01232594,-0.00000798,0.00068331,-0.00028710,-0.00062930,0.00026811,-0.00082260,-0.00096260,-0.00048935,-0.00115288,-0.00062252,0.00044589,0.00015844,0.00025371,0.00050625,0.00052802,0.00077064,-0.00095048,0.00013607,0.00090729,0.00034288,-0.00032019,-0.00012982,-0.00031550,-0.00107012,0.00098255,-0.00025978,-0.00000206,-0.00130945,-0.00010888,-0.00141002,-0.00025235,-0.00106903,0.00115276,0.00000408,0.00072979,-0.00029233,0.00064163,0.00024768,-0.00061888,0.00089316,-0.00081721,0.00161728,0.00008970,-0.00051655,0.00051167,-0.00047976,-0.00018309,-0.00028078,-0.00125208,0.00049283,-0.00009562,0.00001412
-0.00039846,0.00139646,0.00049412,0.00009121,-0.00187335,-0.00041744,-0.00038284,0.00075515,0.00009545,-0.00003067,-0.00118952,-0.00031548,0.00161650,-0.00013984,0.00005375,0.00030444,-0.00039124,-0.00029036,-0.00013677,0.00075812,-0.00001414,-0.00064633,-0.00078355,-0.00115971,-0.00020299,0.00003042,-0.00007716,0.00052657,-0.00011764,-0.00000658,0.00036752,0.00107340,-0.00064511,-0.00078370,-0.00081975,0.00074340,-0.00026155,0.00044767,-0.00050201,0.00026670,-0.00004709,-0.00149165,-0.00093876,-0.00024649,0.00019313,-0.00040823,0.00047676,-0.00069186,-0.00002514,0.00022754,0.00032490,-0.00150708,0.00018526,0.00001250,-0.00042064,0.00051489,-0.00105073,0.00082557,-0.00126727,-0.00044438,-0.00033517,-0.00083192,-0.00017415,0.00063432,-0.00048969,0.00008440,0.00027460,0.00052209,-0.00025781,-0.00021914,0.00003927,-0.00017514,0.00013646,0.00068372,0.00092177,-0.00159447,-0.00033057,-0.00030986,0.00006061,-0.00038051,0.00029135,-0.00032900,0.00035980,-0.00092139,-0.00120410,0.00089715,0.00020635,0.00072172,-0.00006022,-0.00045319,-0.00139358,-0.00033816,-0.00021696,-0.00103030,-0.00061099,0.00025465,0.00108382,0.00081906,-0.00013671,-0.00036112,0.00009379,-0.00024205,0.00050347,-0.00001845,0.00076684,0.00106833,0.00065080,-0.00016859,0.00025289,0.00003667,-0.00081956,-0.00063382,-0.00128176,0.00021540,-0.00045143,0.00057849,-0.00081060,-0.00009592,0.00065271,0.00029024,-0.00064642,0.00058001,0.00030571,-0.00024103,0.00045392,0.00055660,-0.00011852,0.00083251,-0.00058543,0.00132403,-0.00037931,0.00102301,-0.00019663,0.00019231,-0.00051860,-0.00003343,-0.00072307,-0.00280467,0.00106500,0.00053066,-0.01185100,-0.00159428,0.00069104,-0.00078907,-0.00002803,0.00015999,0.00108601,-0.00019543,0.00066092,0.00014868,-0.00041535,-0.00001127,0.00038401,-0.00065699,0.00075254,-0.00168267,0.00120871,-0.00020934,0.00034332,-0.00039365,0.00084995,0.00110148,0.00148359,0.00034575,-0.00031947,-0.00012029,0.00014212,0.00107357,0.00044713,0.00078974,0.00070532,0.00160830,-0.00224417,-0.00077803,-0.00077770,0.00049087,0.00075929,-0.00020071,0.00038643,-0.00020136,0.00115104,-0.00009851,0.00039162,-0.00061739,-0.00151991,-0.00019504,-0.00086550,-0.00001134,0.00090221,-0.00025459,-0.00033706,0.00071642
-0.00077137,0.00007224,-0.00079161,0.00059333,-0.00060859,-0.00043535,-0.00066965,-0.00017741,-0.00213804,-0.00094217,-0.00063765,-0.00066527,0.00152103,-0.00169339,-0.00083124,0.00061787,-0.00168838,-0.00218206,0.00282788,0.00126842,-0.00142977,-0.00219236,-0.00152550,-0.00087892,0.00136862,-0.00206279,-0.00123477,-0.00004391,0.00115617,-0.00024552,-0.00099270,0.00249329,-0.00021525,-0.00139589,-0.00079437,0.00066144,0.00045938,-0.00007197,0.00128661,-0.00171166,-0.00006659,-0.00233832,-0.00201276,0.00090480,0.00026557,-0.00121020,0.00050049,-0.00231469,0.00131942,0.00251510,0.00109106,-0.00160870,0.00151434,-0.00166755,0.00060806,0.00036156,0.00028889,-0.00128062,-0.00169165,-0.00142284,-0.00115955,-0.00021706,0.00117444,0.00263618,0.00040979,0.00074062,0.00232097,0.00131968,-0.00119776,0.00013968,-0.00051146,-0.00092436,-0.00126353,0.00160534,0.00236452,-0.00108078,-0.00067823,0.00087403,-0.00158579,-0.00000500,0.00146578,-0.00157341,0.00036897,0.00082782,-0.00180095,0.00044268,0.00142452,-0.00213312,-0.00025022,-0.00148367,-0.00071123,-0.00153326,-0.00159190,-0.00076659,-0.00188138,0.00034204,0.00050719,-0.00077764,-0.00037242,0.00053525,-0.00012488,0.00088782,0.00124907,0.00053103,-0.00245219,-0.00080072,-0.00076680,0.00064298,0.00206286,0.00207931,-0.00172019,-0.00081591,0.00006499,-0.00115427,0.00001176,-0.00041366,-0.00120210,0.00055567,0.00181333,-0.00024353,-0.00013875,-0.00066614,-0.00107333,-0.00048057,0.00056827,0.00030940,0.00107084,0.00100966,-0.00168998,0.00016937,-0.00134539,0.00153661,0.00153922,-0.00101497,-0.00121624,-0.00172505,-0.00003189,-0.00188614,-0.00035432,-0.00208517,0.00203116,-0.01381818,0.00201435,-0.00009037,-0.00045294,0.00141752,0.00039459,-0.00132609,-0.00002403,0.00066835,-0.00006482,-0.00340251,-0.00162361,0.00155067,-0.00062703,0.00041716,0.00040167,0.00137408,-0.00199928,-0.00065019,-0.00038098,0.00083480,0.00046469,0.00123593,-0.00126726,0.00270932,0.00186691,0.00026353,0.00155804,-0.00038534,-0.00169196,0.00029131,-0.00172328,0.00167983,-0.00067306,-0.00064567,0.00349139,-0.00070862,0.00146740,-0.00177551,0.00171793,-0.00273111,0.00198544,-0.00146364,-0.00035733,0.00095293,-0.00015230,0.00149065,0.00182966,-0.00206854,-0.00184264,0.00283402
-0.00011884,0.00103633,-0.00001942,0.00028411,-0.00030954,0.00039287,0.00029336,0.00052797,-0.00109505,-0.00016780,-0.00078216,0.00040673,-0.00040051,-0.00069923,-0.00042707,0.00020004,-0.00035480,0.00001152,0.00010289,0.00049926,-0.00078529,0.00060398,-0.00089607,0.00005962,0.00017631,-0.00088487,0.00112903,-0.00046047,-0.00013701,-0.00071693,-0.00036665,-0.00024633,0.00059770,-0.00073372,-0.00022445,0.00089578,0.00100482,-0.00050171,0.00059054,-0.00033230,-0.00061998,0.00005762,-0.00057261,-0.00029881,-0.00059601,0.00008794,-0.00006327,-0.00083322,-0.00052713,0.00024920,0.00021906,0.00027837,-0.00019973,0.00060896,-0.00034149,-0.00038479,0.00023732,0.00018196,0.00044355,-0.00010885,-0.00111759,0.00020996,-0.00008907,0.00073918,-0.00024565,0.00000046,0.00088449,0.00050207,0.00051164,-0.00085023,-0.00033800,0.00011782,0.00049208,0.00022207,0.00085100,0.00070789,0.00030852,0.00055089,0.00047780,0.00035377,0.00039679,-0.00018941,0.00001349,0.00037899,-0.00116278,0.00033293,0.00161814,-0.00056226,-0.00003871,0.00013055,-0.00075335,-0.00012913,-0.00040878,0.00100378,0.00097150,0.00027750,0.00092654,0.00025653,-0.00043015,0.00059368,-0.00065323,-0.00065194,0.00032056,0.00106054,0.00028579,0.00050283,-0.00024330,-0.00013169,-0.00149178,0.00051333,-0.00028507,0.00014960,0.00061775,0.00105664,0.00001369,-0.00049070,-0.00009266,0.00028835,-0.00004293,0.00025455,0.00001326,-0.00059769,-0.00031513,0.00093724,0.00019052,0.00052220,-0.00000375,-0.00011867,0.00022094,0.00037148,-0.00034733,-0.00069554,0.00063056,0.00051845,0.00036462,0.00003057,0.00015635,-0.00127586,-0.00003334,0.00038649,-0.00024030,-0.00122891,-0.01548633,-0.00020695,0.00015514,0.00038873,0.00106164,0.00005779,0.00089374,-0.00022254,-0.00044063,0.00066454,-0.00056447,-0.00043838,0.00035384,-0.00128282,-0.00017379,-0.00035395,-0.00033613,-0.00019773,-0.00003110,0.00101408,0.00030460,0.00057258,0.00032389,-0.00001429,0.00030213,0.00112674,-0.00025970,0.00076729,-0.00001194,-0.00000575,-0.00132634,0.00026391,-0.00041342,0.00068298,0.00041991,-0.00086108,-0.00074179,0.00004680,0.00100140,0.00004075,-0.00009817,0.00012081,-0.00085343,0.00025599,-0.00010372,0.00031553,-0.00011526,0.00005767,-0.00117232,-0.00019115
0.00078123,0.00067960,-0.00003194,0.00005416,-0.00164290,-0.00031937,0.00072145,0.00127354,-0.00054008,-0.00014183,-0.00005186,-0.00061439,0.00087461,-0.00053632,-0.00060614,-0.00079083,-0.00084077,-0.00047531,0.00030154,0.00116960,-0.00074238,-0.00150251,-0.00138357,-0.00190722,0.00106963,-0.00108164,0.00010424,0.00041378,0.00049346,0.00083770,-0.00086139,0.00050773,0.00032577,-0.00193844,-0.00041516,0.00027740,-0.00020173,0.00056955,0.00070162,-0.00084571,0.00052261,0.00002867,-0.00054006,0.00038191,-0.00002247,-0.00106239,-0.00106455,-0.00054675,0.00080614,0.00163448,0.00057448,-0.00044296,0.00138037,-0.00070783,0.00101735,0.00132696,-0.00012029,-0.00065680,0.00027307,-0.00005732,-0.00051928,-0.00083047,0.00022920,0.00103825,0.00063750,0.00091130,0.00130317,-0.00096407,-0.00091013,-0.00046632,-0.00059123,-0.00006963,0.00027462,-0.00047727,0.00016793,-0.00157157,-0.00059921,0.00060929,-0.00049193,0.00134120,0.00145453,-0.00037095,0.00007324,-0.00016691,-0.00104395,0.00035928,0.00028769,0.00015659,-0.00037837,-0.00143703,-0.00137508,-0.00135500,-0.00069651,0.00019029,-0.00147242,0.00084745,-0.00021583,-0.00061113,0.00077060,0.00015853,-0.00016717,0.00009324,0.00034821,-0.00062230,-0.00014056,-0.00118151,0.00000213,0.00030221,0.00030166,-0.00044567,-0.00057162,-0.00046935,-0.00036471,0.00042347,0.00002079,-0.00053453,-0.00121914,0.00049357,0.00012039,-0.00013318,-0.00018150,0.00006911,-0.00069205,-0.00043829,0.00095933,0.00060922,0.00021867,0.00078311,0.00007222,-0.00008338,0.00005978,0.00066267,-0.00055305,-0.00086671,-0.00023822,-0.00101599,-0.00053443,-0.00158190,0.00070988,-0.00126407,0.00122596,-0.00019004,0.00079974,-0.01526712,-0.00112013,0.00061618,-0.00049550,-0.00105595,0.00041204,0.00061123,-0.00027645,-0.00175088,0.00005229,-0.00034750,0.00006528,0.00086374,0.00049993,0.00040811,-0.00106025,0.00030113,-0.00065789,-0.00004695,0.00026107,0.00033489,-0.00131434,0.00063068,0.00061325,0.00092879,0.00073489,0.00031874,-0.00094437,0.00117323,0.00018093,0.00143328,-0.00094475,0.00000606,0.00072466,-0.00082594,0.00100463,-0.00103480,0.00016185,-0.00096389,0.00144590,-0.00057581,-0.00023505,0.00150759,0.00059393,-0.00019167,0.00077553,-0.00156345,-0.00164922,0.00047617
0.00116816,-0.00027781,0.00025291,0.00021679,0.00037617,-0.00037358,-0.00090104,0.00052890,0.00002725,-0.00010505,0.00100141,-0.00002042,0.00064472,0.00032789,0.00054742,-0.00100112,0.00025367,0.00117009,-0.00022390,0.00050143,0.00005156,-0.00093501,-0.00018625,-0.00015615,-0.00096706,-0.00030697,0.00022797,0.00058349,0.00015563,-0.00027915,0.00110195,-0.00140649,0.00044488,-0.00075480,0.00040911,0.00025941,-0.00053076,-0.00006865,-0.00053452,0.00035657,0.00016177,-0.00033637,-0.00087805,0.00033361,0.00012615,0.00026576,0.00001230,0.00067001,-0.00006786,-0.00087080,-0.00095953,-0.00042606,-0.00100439,0.00045189,0.00071697,0.00087333,0.00037138,0.00004846,0.00111795,-0.00023842,0.00092619,0.00024388,0.00006195,-0.00050373,-0.00023398,-0.00069816,-0.00087877,0.00052527,0.00042215,-0.00113659,0.00099012,0.00005171,0.00036115,-0.00097484,-0.00046387,-0.00054366,0.00030944,-0.00026255,0.00028466,-0.00001716,-0.00022201,0.00068212,0.00020754,-0.00011318,-0.00003253,-0.00015035,-0.00082115,0.00049820,-0.00020682,0.00049765,0.00072126,-0.00007927,0.00087731,0.00047534,0.00033686,-0.00035575,0.00014795,0.00029998,-0.00086863,0.00026344,0.00040776,-0.00053485,-0.00069613,-0.00061497,0.00072026,-0.00009747,-0.00014597,-0.00001570,-0.00028353,-0.00047874,-0.00053896,0.00017779,-0.00015313,-0.00013480,-0.00060364,0.00022689,-0.00075396,-0.00066112,0.00021059,0.00044936,-0.00007755,-0.00068718,0.00012440,-0.00119695,-0.00087360,0.00081032,-0.00078983,0.00042282,0.00012797,-0.00028189,0.00114269,0.00054670,-0.00056087,-0.00065252,-0.00028967,-0.00009949,-0.00010109,0.00071142,-0.00042697,0.00018754,0.00037448,0.00036866,0.00043965,-0.00075898,-0.01612853,0.00026019,-0.00040882,0.00016439,-0.00078183,-0.00051713,-0.00053073,-0.00027992,0.00026891,0.00096496,0.00003081,0.00073256,0.00009387,-0.00046383,-0.00022532,0.00055620,-0.00036312,-0.00047282,-0.00101477,-0.00074349,-0.00014620,0.00041441,0.00026547,-0.00070178,0.00008601,0.00063029,0.00019857,-0.00008252,0.00034241,-0.00008244,0.00026651,0.00136360,-0.00028923,0.00011955,0.00080235,0.00009271,0.00033449,0.00046737,0.00060633,-0.00032608,0.00075495,-0.00013500,0.00040046,0.00059592,-0.00092466,-0.00017423,0.00020419,-0.00023349
0.00043889,0.00030913,-0.00057107,-0.00065140,0.00034590,0.00035863,-0.00112815,-0.00047148,0.00090639,-0.00144323,0.00009330,-0.00089511,0.00075310,-0.00068107,-0.00158862,-0.00072144,-0.00113602,0.00023224,0.00026743,-0.00037741,-0.00008999,-0.00062715,-0.00122768,-0.00038302,0.00101107,-0.00125294,-0.00045285,0.00026118,0.00025903,0.00058256,-0.00081564,0.00068937,0.00027263,-0.00105130,-0.00106998,-0.00023394,-0.00106391,0.00018759,0.00013550,-0.00025666,-0.00059738,-0.00094883,-0.00073142,-0.00125748,-0.00023846,-0.00031713,-0.00086654,-0.00057468,-0.00019975,-0.00029777,0.00089109,0.00018002,0.00004060,0.00031937,0.00041217,0.00005876,-0.00018005,-0.00018553,0.00047757,0.00073326,-0.00093371,-0.00055096,0.00007585,0.00028649,0.00009166,-0.00008293,-0.00079292,-0.00004853,-0.00084912,0.00029448,-0.00025866,0.00005612,-0.00103154,-0.00015121,-0.00014810,-0.00017672,0.00103487,0.00043857,0.00022432,-0.00031113,-0.00082944,-0.00005720,0.00008680,0.00088496,-0.00012873,0.00029863,0.00066781,-0.00089709,-0.00028493,-0.00050936,-0.00130582,-0.00023498,-0.00021554,-0.00017735,-0.00045610,-0.00001173,0.00039609,-0.00054014,0.00005680,-0.00014286,0.00026625,0.00070557,-0.00105894,0.00025536,0.00019221,0.00008418,0.00063329,-0.00036618,-0.00007255,0.00075611,-0.00077266,0.00038187,0.00031351,0.00100238,-0.00071402,-0.00096341,0.00094022,-0.00052436,0.00003707,-0.00009926,0.00040899,0.00087189,-0.00020709,-0.00043689,0.00022133,0.00010137,0.00032997,-0.00018207,-0.00019724,0.00047567,0.00018230,0.00110698,0.00020747,-0.00006228,0.00015021,0.00005643,0.00023334,-0.00212504,0.00062448,-0.00024364,0.00010347,0.00049548,0.00029385,0.00048710,0.00028685,-0.01516814,0.00062662,-0.00037719,0.00116716,0.00037506,-0.00037034,-0.00021053,0.00018892,0.00068346,0.00071913,-0.00134210,-0.00030788,0.00036938,-0.00056542,-0.00021673,0.00094422,0.00021264,-0.00003430,0.00032450,-0.00106196,0.00072827,0.00004192,0.00108182,0.00014769,0.00030241,-0.00014054,0.00010804,-0.00077869,-0.00097735,-0.00048175,0.00049211,0.00118249,0.00011389,-0.00050513,0.00034511,0.00013797,-0.00025718,0.00092825,-0.00001151,-0.00007748,0.00000725,-0.00000633,0.00069955,0.00070741,-0.00020023,-0.00095862,0.00065624
0.00091001,0.00053180,0.00069509,0.00030165,-0.00011475,-0.00059990,0.00028317,0.00025238,0.00004803,0.00058000,0.00029571,0.00030206,-0.00039212,-0.00002868,-0.00003084,0.00035542,0.00068136,0.00025105,0.00029413,-0.00024740,-0.00006072,-0.00011573,-0.00003063,0.00145214,-0.00004898,0.00160527,-0.00032557,0.00021766,-0.00064517,0.00095512,0.00086065,-0.00040235,-0.00030331,0.00060745,0.00073775,-0.00005353,0.00012960,-0.00021296,0.00062539,-0.00065914,-0.00022837,0.00014306,-0.00034858,-0.00011104,0.00108315,0.00015921,0.00031363,0.00082575,0.00015189,-0.00052233,0.00012420,0.00036626,-0.00034235,-0.00097213,0.00097389,0.00069706,-0.00001820,-0.00051080,0.00042839,0.00111896,0.00010807,-0.00012485,0.00039258,-0.00061861,-0.00075147,0.00077176,-0.00011297,-0.00081634,0.00045700,0.00080250,0.00046913,0.00037049,0.00055665,-0.00049705,0.00022911,0.00033442,0.00002829,-0.00012237,-0.00063818,-0.00040386,0.00039809,-0.00095733,0.00059364,-0.00028259,0.00052705,-0.00032350,-0.00012410,0.00025360,0.00070741,-0.00087326,0.00078702,-0.00090472,-0.00001427,0.00120313,-0.00009693,0.00041558,-0.00017151,-0.00069520,-0.00071283,0.00062747,0.00050501,-0.00024775,-0.00057154,0.00035998,-0.00072476,-0.00013444,0.00057966,0.00013593,0.00065285,-0.00109929,0.00031653,-0.00042063,-0.00005055,-0.00065391,-0.00051818,-0.00018922,0.00000924,0.00027908,-0.00029687,0.00062515,0.00024346,0.00063228,0.00091581,-0.00037747,-0.00062880,-0.00034247,0.00067036,-0.00108954,0.00009526,-0.00024144,-0.00023472,-0.00127794,-0.00006592,-0.00028254,0.00044054,0.00046781,0.00010252,0.00068299,0.00046307,0.00036679,0.00009374,0.00007931,0.00059552,-0.00110410,-0.00035568,-0.00099250,-0.01626475,0.00027568,0.00020290,-0.00001557,-0.00050608,0.00019328,0.00057081,-0.00089714,0.00035072,0.00032875,0.00057639,0.00005558,-0.00011534,0.00056915,-0.00038051,-0.00050045,-0.00039676,-0.00054861,-0.00001323,0.00030041,-0.00003687,-0.00003529,-0.00018496,0.00039971,0.00021471,0.00086427,0.00017364,-0.00060321,0.00112252,0.00059379,-0.00057008,-0.00062842,-0.00093052,0.00008763,-0.00083926,0.00039307,-0.00017728,0.00006677,-0.00014767,-0.00007107,-0.00053007,-0.00012365,-0.00034996,0.00011002,0.00003439,-0.00115405
0.00055841,-0.00131567,-0.00035909,-0.00027627,0.00039585,-0.00052869,0.00093950,-0.00001588,0.00004843,-0.00013646,0.00079495,0.00024716,-0.00100268,0.00047612,-0.00040086,0.00036713,-0.00008227,0.00115683,-0.00031964,-0.00014240,0.00062530,0.00068388,0.00125702,-0.00010603,0.00005147,-0.00012920,-0.00001783,0.00011498,-0.00035742,-0.00018833,0.00062352,-0.00068773,-0.00003198,0.00065078,0.00061516,0.00001374,0.00011779,-0.00071283,-0.00032688,0.00054154,0.00025527,-0.00003531,0.00081387,0.00017967,-0.00030103,0.00042803,-0.00033890,-0.00118969,0.00063588,-0.00054420,-0.00044097,0.00128668,-0.00126082,-0.00046348,-0.00010667,-0.00009311,-0.00022762,0.00049072,0.00020531,-0.00029228,-0.00005792,0.00027231,0.00055783,-0.00024140,-0.00022664,0.00035659,-0.00002354,0.00008587,0.00110346,0.00049428,-0.00042911,-0.00033325,-0.00005979,0.00003539,-0.00055426,0.00039836,-0.00133926,0.00015507,-0.00024534,-0.00044878,0.00017102,0.00039946,-0.00066291,0.00072611,-0.00026202,-0.00097827,-0.00034534,0.00041860,0.00084792,0.00129382,0.00079617,-0.00103309,-0.00085093,-0.00102147,0.00025595,-0.00136174,-0.00024654,0.00064689,0.00018322,-0.00066342,0.00114466,0.00026644,-0.00036042,0.00092139,0.00027144,0.00086781,-0.00059296,0.00004267,-0.00002958,-0.00087562,-0.00056902,-0.00021318,0.00007587,-0.00077418,-0.00026464,-0.00020420,-0.00028414,0.00052632,0.00007503,0.00013749,-0.00031678,-0.00060989,0.00147658,0.00001576,-0.00053927,-0.00043889,0.00002407,-0.00066014,0.00039430,-0.00108150,0.00034616,-0.00035434,0.00014634,-0.00011081,-0.00055589,-0.00021935,0.00020506,0.00173322,-0.00075132,-0.00032368,-0.00016269,0.00179364,-0.00049590,0.00043208,0.00032642,-0.00017915,-0.00070662,-0.01372629,-0.00191403,-0.00086191,0.00064891,0.00085904,-0.00052331,0.00073412,-0.00086986,0.00054942,-0.00079112,-0.00010139,0.00074196,0.00007900,-0.00051931,-0.00086015,-0.00103337,-0.00071002,0.00045286,-0.00020644,-0.00058206,-0.00237545,0.00013082,-0.00061612,-0.00004385,-0.00109014,0.00126379,-0.00005321,0.00186610,0.00049018,-0.00001248,0.00003455,0.00025998,0.00122564,-0.00083925,0.00084291,-0.00023190,0.00167928,-0.00021689,0.00050574,-0.00024811,0.00008516,-0.00091595,0.00056209,0.00086097,-0.00034083
-0.00033683,-0.00000035,-0.00024232,-0.00158237,0.00061714,0.00067789,0.00008609,-0.00083206,0.00142489,0.00100517,0.00026919,-0.00020600,-0.00094274,0.00126550,0.00074579,-0.00008839,0.00082744,0.00150056,-0.00136129,-0.00090479,0.00087551,0.00077887,0.00001598,0.00075365,-0.00172339,0.00201955,-0.00023489,0.00111580,-0.00018845,0.00013922,0.00154794,-0.00160322,-0.00038570,0.00102660,0.00141014,-0.00095957,0.00011175,-0.00072647,-0.00038832,0.00142972,0.00013504,0.00121708,0.00041282,0.00036380,-0.00107266,0.00066956,-0.00055552,0.00042335,-0.00045787,-0.00132085,-0.00044034,0.00031243,-0.00037607,-0.00028715,-0.00116313,-0.00060170,0.00044622,0.00065177,0.00069205,0.00035897,0.00104422,0.00074276,-0.00131944,-0.00050161,-0.00004330,0.00048197,-0.00208434,-0.00146025,-0.00026131,-0.00011251,0.00096668,-0.00004114,0.00007029,0.00024940,-0.00092960,0.00075126,-0.00001770,-0.00065099,0.00071383,-0.00050881,0.00003035,0.00115419,-0.00007830,-0.00038478,0.00115402,-0.00149091,-0.00163264,0.00063348,-0.00038458,0.00044425,0.00124209,0.00086482,0.00080805,0.00120184,0.00023312,-0.00112322,-0.00118220,-0.00016841,-0.00067787,-0.00033476,0.00038035,-0.00011259,-0.00101405,0.00022838,0.00009530,0.00048090,-0.00052110,-0.00060044,-0.00015021,-0.00069436,0.00002886,0.00032333,0.00138202,0.00075895,0.00038946,0.00050613,0.00154807,-0.00094334,-0.00148998,0.00118258,0.00022715,-0.00075088,0.00100429,0.00082217,-0.00176843,-0.00057996,-0.00115979,-0.00101723,0.00031293,-0.00010926,0.00000740,-0.00057372,-0.00133906,0.00099316,0.00060618,0.00110630,-0.00063416,0.00214273,-0.00037198,0.00090085,-0.00143533,0.00024972,-0.00160007,-0.00019285,-0.00020344,0.00009479,-0.00058661,0.00039647,-0.01206007,-0.00151493,0.00023605,0.00170670,0.00122835,-0.00051709,-0.00089973,-0.00127960,-0.00142224,-0.00057023,0.00183154,0.00108843,0.00087620,0.00040033,0.00043927,-0.00027962,0.00102860,-0.00099370,-0.00051603,-0.00042514,-0.00105271,0.00052379,0.00168413,-0.00036981,0.00042198,-0.00139513,0.00013204,0.00006439,-0.00175629,0.00098379,-0.00157358,0.00168892,-0.00069479,0.00240760,-0.00057288,0.00183939,-0.00009411,-0.00103780,-0.00025980,-0.00084312,-0.00140106,0.00182847,0.00158929,-0.00198270
-0.00057692,0.00078176,-0.00047168,0.00046913,-0.00079991,-0.00028909,-0.00044655,-0.00019372,-0.00096359,-0.00046538,-0.00076706,-0.00135416,0.00007261,0.00046085,-0.00008708,0.00067202,-0.00039337,-0.00013411,0.00070266,0.00087528,-0.00043888,-0.00055723,-0.00011901,-0.00023455,0.00029153,-0.00027735,0.00071468,-0.00016014,-0.00008967,0.00033597,-0.00060526,0.00163054,-0.00010125,-0.00074627,-0.00105330,-0.00011573,-0.00097857,0.00008897,0.00022734,-0.00033028,0.00050313,-0.00025170,0.00011433,0.00021043,0.00015766,0.00022985,-0.00018055,0.00025807,0.00085175,0.00123902,0.00033580,-0.00030840,0.00071500,-0.00054114,0.00060144,0.00052303,-0.00022014,0.00072796,-0.00030987,0.00017502,-0.00028368,-0.00028334,-0.00056933,0.00037867,-0.00052794,-0.00062565,0.00071462,0.00067461,0.00088903,-0.00076912,-0.00076334,-0.00050267,-0.00006746,-0.00027570,0.00089393,-0.00049123,-0.00025380,0.00065962,0.00017623,0.00104066,-0.00008167,-0.00075873,0.00043201,0.00046822,-0.00091490,0.00161835,0.00099056,-0.00075689,-0.00030421,-0.00118423,-0.00039463,-0.00092308,-0.00123336,0.00002485,-0.00107994,0.00040334,0.00035920,-0.00100643,0.00095743,0.00086565,-0.00113937,0.00086729,0.00112228,0.00128070,0.00016069,-0.00039739,-0.00062708,0.00004843,0.00104199,0.00016205,-0.00029015,-0.00002780,-0.00051772,-0.00015620,0.00014893,-0.00023132,-0.00054773,0.00050739,-0.00055334,0.00000261,-0.00068983,0.00094180,-0.00124238,0.00051799,-0.00033625,0.00121757,0.00094985,0.00116649,-0.00032423,0.00043740,-0.00000584,0.00015706,0.00067726,-0.00037440,-0.00173641,0.00084186,-0.00077921,-0.00187481,0.00109907,0.00018515,0.00003412,-0.00144578,0.00023675,-0.00098054,-0.00100402,0.00031691,0.00034347,-0.00037965,0.00002641,-0.01440789,0.00008513,-0.00078153,0.00021455,-0.00042882,0.00065850,-0.00126074,0.00140180,0.00091550,-0.00046761,0.00026084,0.00084117,0.00152716,0.00065135,-0.00015477,-0.00057179,0.00036182,0.00015013,0.00134885,0.00088507,0.00040822,-0.00065311,-0.00007125,-0.00028175,0.00001131,-0.00071925,0.00027624,0.00004562,-0.00005706,0.00016512,-0.00144947,0.00096159,-0.00085610,0.00096902,-0.00051788,-0.00058758,0.00129788,-0.00063315,0.00004368,0.00107896,-0.00026008,-0.00028458,0.00042347
-0.00167700,0.00136256,-0.00004495,0.00047185,-0.00104467,-0.00081171,-0.00042919,-0.00086558,-0.00135169,-0.00088270,-0.00072033,-0.00074634,0.00106349,-0.00107666,-0.00011183,0.00060629,-0.00146734,-0.00112528,0.00171609,0.00119053,-0.00078772,-0.00054408,-0.00095919,-0.00146948,0.00137932,-0.00186152,0.00151814,-0.00071684,0.00120977,0.00043116,-0.00146309,0.00188594,0.00060186,-0.00123656,-0.00046799,0.00115686,0.00067465,-0.00000405,0.00131156,-0.00157865,0.00009158,-0.00117178,-0.00182204,0.00032783,0.00061374,-0.00132046,0.00008846,-0.00077629,0.00109864,0.00121228,0.00079023,-0.00138269,0.00115441,-0.00063369,0.00145233,0.00073065,-0.00079700,-0.00060283,-0.00060675,-0.00122274,-0.00027858,-0.00056348,0.00161896,0.00020714,-0.00060546,-0.00071150,0.00106093,0.00075674,-0.00163070,-0.00060020,-0.00040255,-0.00055047,-0.00083148,-0.00005438,0.00062615,-0.00177941,-0.00083676,0.00035329,-0.00205858,0.00077185,0.00108275,-0.00037642,0.00081767,-0.00045357,-0.00120884,0.00145476,0.00100164,-0.00145699,-0.00052663,-0.00150562,-0.00096904,-0.00058345,-0.00020153,-0.00031321,-0.00038984,0.00156584,0.00088552,0.00053316,0.00171186,-0.00019225,-0.00025758,-0.00004772,0.00123826,0.00065541,-0.00061907,-0.00033566,0.00054271,0.00057254,0.00027764,0.00058101,-0.00091670,0.00013512,-0.00045960,-0.00071748,-0.00036078,-0.00024474,-0.00132658,0.00102451,0.00217218,-0.00062556,0.00003323,0.00082941,-0.00005033,-0.00060782,-0.00010567,0.00009249,0.00076737,0.00216604,-0.00094505,0.00074570,-0.00089953,0.00168958,0.00077854,-0.00072085,-0.00165833,-0.00016623,-0.00025065,-0.00183757,0.00023251,-0.00126802,0.00106324,-0.00113040,0.00119505,-0.00069421,-0.00106922,0.00108148,0.00115107,-0.00139932,0.00087393,0.00136852,-0.01318668,-0.00222770,-0.00112818,0.00110512,0.00062270,0.00026921,0.00049495,0.00096923,-0.00166084,0.00069252,-0.00038358,-0.00082187,0.00064800,0.00025217,-0.00185863,0.00145589,0.00149491,0.00085443,0.00062990,-0.00067556,-0.00025992,0.00068889,-0.00083555,0.00066696,-0.00174253,-0.00058136,0.00209325,0.00021650,0.00123804,-0.00083925,0.00076528,-0.00170857,0.00170022,-0.00124613,-0.00026543,-0.00008009,0.00025678,0.00162632,0.00084000,-0.00173550,-0.00103510,0.00138964
0.00049496,0.00024530,-0.00069024,-0.00127187,0.00161954,0.00188693,0.00077451,-0.00022209,0.00048816,-0.00049901,-0.00002973,0.00099205,-0.00060107,0.00044221,0.00094118,-0.00033075,-0.00048136,0.00095042,0.00010840,-0.00115916,-0.00004940,0.00116713,0.00044976,0.00036696,-0.00080407,0.00157444,-0.00088724,-0.00012159,-0.00004823,-0.00047132,0.00034525,-0.00081323,-0.00086235,0.00091334,0.00074226,0.00020843,0.00004883,0.00025784,-0.00042278,0.00052465,0.00070222,0.00079931,0.00050211,0.00000827,-0.00002745,0.00062132,-0.00003592,0.00041280,-0.00090038,-0.00059477,-0.00071718,0.00041391,-0.00017603,-0.00069358,-0.00060753,-0.00046909,0.00071523,0.00089076,-0.00002557,-0.00016329,0.00072051,0.00038153,0.00036963,-0.00007989,0.00037016,-0.00098288,-0.00016676,-0.00093228,-0.00023501,0.00070382,0.00066139,0.00076499,-0.00026533,0.00014195,-0.00128410,0.00186916,0.00104206,-0.00016971,0.00050137,-0.00104066,-0.00000430,0.00109557,-0.00129089,-0.00102175,0.00080417,-0.00059118,-0.00144982,0.00029500,0.00002706,0.00221021,0.00180856,0.00049136,0.00032612,0.00201112,0.00062841,-0.00077062,-0.00173158,0.00004432,-0.00074833,0.00075705,0.00004755,0.00032179,-0.00131881,-0.00067110,-0.00043081,0.00013181,-0.00037923,0.00026439,0.00058230,-0.00114328,-0.00005729,0.00105225,0.00166781,0.00118981,0.00065851,0.00034313,0.00102092,-0.00090357,-0.00068450,-0.00028202,-0.00008319,-0.00058881,0.00064205,-0.00048056,-0.00050904,-0.00036050,0.00011614,-0.00111053,0.00022349,-0.00063270,0.00002628,-0.00010868,-0.00072568,-0.00106457,0.00011021,-0.00005512,0.00058518,0.00247863,-0.00108263,0.00000753,-0.00067383,0.00039842,0.00006723,-0.00039330,0.00009115,-0.00024897,-0.00157561,0.00071810,-0.00187140,-0.00029641,-0.00014806,-0.01032930,0.00002370,-0.00031137,-0.00008233,0.00078121,-0.00159318,0.00031148,-0.00030826,-0.00000378,-0.00075252,-0.00098234,-0.00063429,-0.00171650,0.00068761,-0.00061059,-0.00005978,-0.00184834,-0.00014277,-0.00138140,0.00055378,-0.00171208,0.00177923,0.00016513,0.00129377,-0.00021680,-0.00034507,0.00064740,-0.00013870,0.00081637,-0.00086079,0.00056263,-0.00120487,0.00039085,-0.00014942,-0.00109109,-0.00061827,-0.00074519,-0.00101319,0.00067829,0.00017796,-0.00027513
0.00080252,-0.00120450,0.00136175,-0.00098152,0.00142827,-0.00032082,0.00116726,-0.00064472,0.00142311,0.00070825,0.00037329,0.00169643,-0.00115014,0.00071003,0.00154790,-0.00180051,0.00137594,0.00087520,-0.00135740,0.00019752,0.00158564,0.00079916,0.00052330,0.00077229,-0.00139321,0.00021068,0.00033271,0.00050830,-0.00026703,0.00054030,0.00147692,-0.00236055,0.00038987,0.00186839,0.00176506,-0.00159666,-0.00040011,0.00049284,-0.00097268,0.00205886,0.00080228,0.00163116,0.00114352,-0.00047640,-0.00010625,0.00098962,-0.00022235,0.00125073,-0.00143165,-0.00117833,-0.00035162,0.00115280,-0.00171237,0.00031088,-0.00103182,-0.00061854,0.00056179,0.00101408,0.00052545,0.00181988,0.00200245,0.00168449,-0.00078763,-0.00099719,-0.00019433,0.00008992,-0.00121677,-0.00223537,-0.00007172,0.00038864,0.00005790,0.00064537,0.00117579,0.00015626,-0.00199548,0.00196185,-0.00063315,-0.00055659,-0.00004246,-0.00046647,-0.00098246,0.00151653,-0.00179982,0.00025482,0.00206285,0.00046402,-0.00190874,0.00102642,0.00006370,0.00227668,0.00117673,0.00090555,0.00137251,0.00095322,0.00172769,-0.00030227,-0.00062970,0.00120584,0.00081796,0.00070807,-0.00043618,0.00024539,-0.00134885,-0.00071127,0.00068516,0.00064709,0.00036455,0.00043259,-0.00071816,-0.00130060,0.00182286,-0.00044844,0.00048179,0.00119166,0.00104659,0.00172480,0.00065606,-0.00099840,-0.00171001,0.00096670,-0.00112131,0.00041598,0.00181615,0.00101036,-0.00127341,0.00036225,-0.00006822,-0.00122090,0.00088766,0.00023426,0.00030230,-0.00259408,-0.00122103,0.00025127,0.00102655,0.00044887,0.00027741,0.00306409,0.00047461,0.00135299,-0.00113190,0.00172309,-0.00260144,0.00124460,0.00139154,-0.00103824,-0.00076754,0.00129271,-0.00065069,-0.00110138,-0.00012602,0.00216956,-0.01326191,0.00013656,-0.00052051,0.00144000,-0.00129553,-0.00119582,0.00102419,0.00066872,0.00027458,0.00026836,0.00001131,-0.00042293,0.00173998,-0.00146787,-0.00157214,-0.00081577,-0.00160883,0.00059199,0.00113643,-0.00192448,0.00126297,0.00003696,0.00148575,-0.00027783,-0.00101210,0.00058766,-0.00201710,0.00161579,-0.00143110,0.00196903,-0.00133820,-0.00000878,0.00011227,-0.00083512,-0.00063382,-0.00123359,-0.00174706,0.00248138,0.00183856,-0.00127729
-0.00002378,0.00122818,0.00037813,0.00100629,-0.00176837,-0.00156409,-0.00216091,0.00022231,-0.00158837,0.00001590,-0.00092293,-0.00108884,0.00056482,-0.00096907,-0.00066712,0.00066838,-0.00059594,-0.00045059,0.00094367,0.00231252,-0.00029965,-0.00035138,-0.00060247,0.00010742,0.00093171,-0.00056865,-0.00058395,-0.00078491,0.00101017,0.00117960,-0.00074700,0.00117453,0.00020962,-0.00055646,0.00026233,0.00122438,0.00115464,-0.00034460,0.00078720,-0.00175847,-0.00065306,-0.00111685,-0.00035914,0.00073895,0.00006011,-0.00091797,0.00011589,-0.00093952,0.00153798,0.00177768,-0.00036451,-0.00079530,0.00111736,0.00030866,0.00054070,0.00132053,-0.00108252,-0.00132374,-0.00057781,-0.00088854,-0.00009824,-0.00028655,0.00058044,-0.00000877,0.00034580,0.00076483,0.00111216,0.00045025,-0.00027534,0.00018558,-0.00047981,0.00046004,-0.00013539,-0.00118673,0.00126334,-0.00157501,0.00088741,0.00035307,-0.00181979,0.00205137,-0.00011944,-0.00128059,0.00079449,-0.00030193,-0.00116315,0.00118866,0.00130433,-0.00069910,-0.00044444,-0.00243072,-0.00130639,-0.00095902,-0.00114231,-0.00070351,-0.00081087,0.00088963,0.00175704,-0.00010371,0.00045947,-0.00019846,-0.00071156,-0.00059204,0.00080808,-0.00059057,-0.00099338,-0.00096632,0.00010857,-0.00080719,0.00068271,0.00063904,-0.00076471,-0.00024178,-0.00111963,-0.00032158,-0.00216044,-0.00075674,-0.00266015,0.00083418,0.00115600,-0.00045744,0.00077257,0.00060242,-0.00068797,-0.00025614,0.00030640,0.00044208,-0.00100617,0.00262892,-0.00090582,0.00045927,0.00001271,0.00165241,0.00057794,0.00020378,-0.00116345,-0.00047112,-0.00107969,-0.00350648,0.00093131,-0.00105395,0.00057194,-0.00168675,0.00137081,-0.00214943,-0.00027442,0.00152530,0.00075441,-0.00054693,0.00198592,0.00106768,-0.00063046,-0.00146944,-0.00030872,-0.01133423,-0.00026999,-0.00090915,0.00198772,0.00066666,-0.00053622,0.00071671,0.00002860,0.00084654,0.00115908,0.00040076,0.00002858,0.00092193,0.00090568,0.00158247,0.00057415,0.00056315,-0.00044871,0.00118624,-0.00196109,0.00014598,-0.00172988,0.00019941,0.00084198,-0.00127172,0.00128230,-0.00096800,0.00109059,-0.00149347,0.00177596,-0.00075221,-0.00031478,0.00070507,-0.00055925,0.00073958,0.00097533,-0.00215133,-0.00063839,0.00135332
0.00007828,-0.00021948,0.00013447,-0.00028698,0.00082083,-0.00014920,-0.00057869,0.00139580,0.00088218,0.00002620,0.00035544,0.00009257,0.00009852,0.00035017,0.00039339,-0.00010009,0.00031013,0.00061254,-0.00080176,-0.00087403,0.00050472,0.00021767,0.00058915,0.00001309,-0.00054379,0.00029650,0.00073595,0.00005796,-0.00149212,-0.00008173,0.00020548,-0.00095827,0.00047501,0.00142728,0.00041413,-0.00015842,0.00023459,-0.00109657,-0.00007043,0.00146168,0.00075793,0.00084509,0.00111662,0.00058185,0.00004407,0.00066802,-0.00024676,0.00061147,-0.00028573,-0.00011276,0.00037785,0.00073638,-0.00042419,-0.00067069,-0.00141017,-0.00115081,0.00043981,0.00030209,-0.00144487,-0.00072891,0.00065828,0.00113145,-0.00063968,-0.00026823,-0.00072338,0.00081044,-0.00089017,0.00088623,0.00024248,0.00065010,-0.00007296,0.00056922,-0.00000137,0.00133280,-0.00030658,0.00032070,0.00019035,-0.00150678,0.00145569,0.00019052,-0.00012035,-0.00023219,-0.00053614,0.00051356,0.00074698,-0.00051478,-0.00095848,0.00007881,-0.00130322,0.00157764,0.00175917,0.00037395,0.00150167,-0.00033440,-0.00095315,-0.00042114,-0.00074501,0.00033685,-0.00077964,0.00008500,-0.00002037,-0.00041604,0.00004722,0.00000777,0.00102172,-0.00080779,-0.00026090,0.00067678,0.00038722,-0.00033619,0.00024670,-0.00012721,0.00006422,0.00008464,0.00054712,-0.00056675,-0.00027827,-0.00130050,-0.00039060,0.00080507,-0.00084123,-0.00072415,0.00098029,-0.00008123,-0.00017604,-0.00056928,-0.00012944,-0.00061811,0.00096495,-0.00080025,0.00009210,-0.00013386,-0.00071842,0.00103696,-0.00069057,0.00011092,-0.00012371,0.00122168,0.00019979,0.00101683,-0.00095580,0.00064275,-0.00145662,0.00106940,0.00068318,0.00052394,0.00025951,0.00053777,-0.00093831,-0.00060443,0.00060173,0.00144082,-0.00021679,-0.00035502,-0.01549714,0.00037750,-0.00083412,-0.00050689,0.00110887,0.00043884,0.00070764,-0.00026018,0.00039361,0.00015648,-0.00026729,-0.00042251,-0.00092527,-0.00032440,-0.00056732,-0.00029402,-0.00027212,-0.00015891,0.00063109,-0.00029255,-0.00031992,-0.00048449,-0.00100251,0.00179075,-0.00094587,0.00108821,0.00011061,0.00084472,-0.00076645,0.00157377,-0.00028668,0.00001135,0.00011758,-0.00064675,-0.00121489,0.00079560,0.00038748,-0.00066882
-0.00100586,0.00137282,-0.00043726,0.00050299,-0.00153460,0.00053348,-0.00164007,0.00014033,-0.00151210,-0.00113933,-0.00126949,-0.00082059,-0.00004651,-0.00142227,-0.00106267,0.00071922,-0.00108743,-0.00199079,0.00165859,0.00133818,0.00004354,-0.00145375,-0.00094473,-0.00108884,0.00111907,-0.00100806,0.00025959,0.00005195,0.00140999,0.00096414,-0.00121210,0.00224857,-0.00008005,-0.00164394,-0.00099163,0.00109258,0.00071006,-0.00010997,0.00191359,-0.00179591,-0.00124558,-0.00173774,-0.00183749,0.00032876,-0.00015634,-0.00160277,0.00104731,-0.00092440,0.00135720,0.00146919,0.00069020,-0.00150769,0.00126952,-0.00056117,0.00032163,0.00133434,-0.00149017,-0.00078011,-0.00136077,-0.00084473,-0.00110010,-0.00126032,0.00047897,-0.00026831,-0.00009965,0.00056955,0.00168600,0.00154115,-0.00076986,0.00043982,-0.00145405,-0.00003736,0.00042136,-0.00087305,0.00128823,-0.00124545,-0.00017754,0.00075945,-0.00186462,0.00171352,0.00022713,-0.00166350,0.00044832,0.00070426,-0.00171323,0.00238571,0.00193904,-0.00085077,-0.00057474,-0.00327448,-0.00298521,-0.00123209,-0.00145117,-0.00184281,-0.00111359,-0.00004669,0.00193401,-0.00030528,-0.00044968,0.00100706,-0.00060394,-0.00053928,0.00096922,0.00039346,-0.00077476,-0.00101545,-0.00010726,-0.00012328,0.00044818,0.00024018,-0.00106580,-0.00065688,-0.00177084,-0.00066323,-0.00104908,0.00001955,-0.00164618,0.00111105,0.00160112,-0.00085122,-0.00010572,0.00045228,-0.00096650,-0.00132920,0.00086858,0.00127876,-0.00047144,0.00135575,-0.00119848,0.00050738,-0.00140140,0.00190025,0.00134094,0.00068104,-0.00113181,-0.00083489,-0.00098809,-0.00333119,0.00063923,-0.00190933,0.00179671,-0.00174586,0.00115481,-0.00067109,-0.00115721,0.00070149,0.00176946,-0.00178940,0.00137674,0.00062803,-0.00071065,-0.00207752,-0.00093233,0.00020087,0.00121184,-0.01095285,0.00225200,0.00097662,-0.00100416,-0.00038087,-0.00078606,0.00065478,0.00234848,0.00098748,-0.00183737,0.00168670,0.00081308,0.00289920,0.00084651,0.00025281,-0.00045469,0.00075442,-0.00199321,0.00082864,-0.00244358,-0.00024937,0.00148572,-0.00020354,0.00144225,-0.00186696,0.00228948,-0.00228303,0.00179514,-0.00142757,-0.00046912,0.00142330,0.00023166,0.00108026,0.00143710,-0.00289468,-0.00106016,0.00205096
0.00040935,0.00028192,0.00102070,-0.00132673,0.00249391,-0.00070096,-0.00077541,-0.00041429,0.00107425,0.00098570,0.00036254,0.00122115,-0.00114322,0.00161237,0.00086958,-0.00170560,0.00104303,0.00004620,-0.00102018,-0.00038252,0.00269782,0.00192201,0.00172545,0.00206780,-0.00115652,0.00122630,0.00000198,0.00124117,0.00075125,0.00053110,0.00136409,-0.00111659,0.00195255,0.00118536,0.00055771,-0.00200487,-0.00052853,0.00067461,-0.00141698,0.00217994,0.00149517,0.00165125,0.00232001,-0.00132878,-0.00153283,0.00136172,0.00098432,0.00104327,-0.00214735,-0.00149404,-0.00026890,0.00101688,-0.00169155,0.00069864,-0.00204341,0.00005508,-0.00046639,0.00106686,0.00088663,0.00139613,0.00060760,0.00051979,-0.00074821,-0.00119079,-0.00010179,0.00046431,-0.00155571,-0.00071456,0.00013281,-0.00003329,0.00070587,0.00013450,0.00048807,-0.00052541,-0.00145817,0.00055486,0.00078186,-0.00122123,0.00217943,-0.00001689,-0.00074164,0.00104827,-0.00066312,-0.00041935,0.00209631,0.00166231,-0.00194315,0.00076427,0.00007203,0.00154215,0.00139511,0.00172971,0.00035411,0.00180363,0.00068996,-0.00054381,-0.00031768,0.00067585,0.00027625,0.00022178,-0.00174911,0.00026198,-0.00249577,-0.00050043,0.00022308,0.00161559,0.00249693,0.00033721,0.00028898,-0.00152914,0.00064749,0.00108691,0.00103260,0.00041221,0.00095754,0.00094159,0.00108399,-0.00122118,-0.00237308,0.00057098,0.00129034,0.00144208,0.00115366,0.00026377,-0.00119297,-0.00088586,-0.00030044,-0.00239506,0.00026519,0.00082428,0.00068903,-0.00224018,-0.00101638,0.00074291,0.00205865,0.00103698,-0.00017293,0.00209886,0.00013995,0.00184365,-0.00137272,0.00093829,-0.00158887,0.00011739,0.00105565,-0.00200810,-0.00013397,0.00129373,-0.00021365,-0.00107269,-0.00071448,0.00181490,0.00153709,-0.00112191,0.00056579,-0.00056619,-0.01430673,-0.00153931,0.00149893,0.00109159,0.00083397,-0.00018035,0.00061803,-0.00040571,0.00162572,-0.00142709,-0.00216555,0.00084127,-0.00135849,0.00149775,0.00152419,-0.00008719,0.00062226,-0.00116136,-0.00059327,-0.00051892,-0.00170068,0.00164677,-0.00178146,0.00144915,-0.00113140,0.00167854,-0.00191902,0.00075352,-0.00036684,-0.00174090,-0.00066790,-0.00141454,-0.00097287,0.00220834,0.00208051,-0.00090662
-0.00106983,0.00065293,-0.00002612,0.00044906,-0.00035716,0.00011163,-0.00110519,0.00049742,-0.00025784,-0.00079383,-0.00038839,-0.00073890,0.00033314,-0.00136156,-0.00020798,0.00044065,-0.00056366,-0.00123973,0.00078226,0.00085606,0.00017887,-0.00043234,-0.00027489,-0.00033909,0.00053760,0.00001392,-0.00043735,-0.00018713,0.00108736,-0.00011060,-0.00120121,0.00067030,0.00052056,-0.00100339,-0.00140388,0.00031520,0.00082117,0.00081573,-0.00020236,-0.00066713,-0.00048603,-0.00120321,-0.00093758,0.00077178,-0.00122870,-0.00063877,0.00018978,-0.00116855,0.00024009,0.00089140,0.00016470,-0.00093245,0.00017917,0.00086406,-0.00016352,0.00064180,-0.00004225,-0.00040900,-0.00020410,-0.00018950,-0.00033049,-0.00040190,0.00015172,0.00025922,0.00006332,0.00025827,0.00007157,0.00039649,-0.00138919,-0.00017806,0.00062125,0.00008357,0.00073341,0.00052812,0.00080169,-0.00128355,-0.00046223,0.00057276,0.00029176,0.00102638,-0.00009064,-0.00023995,0.00078235,0.00052306,-0.00043093,0.00061005,0.00072786,-0.00061073,-0.00005566,-0.00190899,-0.00100517,-0.00021590,-0.00028543,-0.00031658,-0.00038334,0.00086070,0.00118879,-0.00009504,0.00014734,0.00054020,0.00020130,-0.00006499,0.00144186,0.00008714,-0.00090193,-0.00008292,0.00041472,-0.00071804,0.00023054,0.00000543,-0.00062331,-0.00084753,-0.00056637,0.00007103,-0.00050242,-0.00052976,-0.00143438,0.00147933,0.00048911,-0.00046490,0.00009243,-0.00041034,-0.00030576,-0.00122957,0.00039888,-0.00015183,0.00047836,0.00070587,0.00007509,-0.00001060,0.00007047,0.00117457,0.00103578,0.00059833,-0.00121864,-0.00081080,-0.00108165,-0.00177522,0.00118421,0.00004366,0.00016743,-0.00234415,0.00007291,-0.00099466,-0.00068387,-0.00000977,0.00128627,-0.00021495,0.00209837,0.00131498,-0.00049513,0.00006462,-0.00048534,-0.00049022,0.00088317,-0.00107536,0.00089316,-0.01244693,-0.00097746,0.00116602,0.00067257,0.00100373,0.00114090,0.00120259,-0.00065186,0.00007334,-0.00009319,0.00201858,0.00039404,0.00047260,0.00006295,0.00080969,-0.00150649,-0.00055848,-0.00150342,0.00008109,-0.00027773,-0.00048929,0.00018057,-0.00054142,0.00128559,-0.00088520,0.00127100,-0.00045296,-0.00100519,0.00001059,-0.00028849,-0.00015124,0.00091761,-0.00078014,-0.00024002,0.00143447
0.00055157,-0.00069617,0.00038441,0.00066582,0.00055929,-0.00038737,-0.00047589,-0.00030533,0.00056026,0.00068685,0.00082887,0.00041523,-0.00044626,-0.00022156,-0.00026160,0.00001352,-0.00057485,-0.00034436,-0.00028827,-0.00053457,-0.00038547,-0.00001001,0.00121580,0.00044386,-0.00005862,-0.00016477,-0.00011307,0.00010029,-0.00146626,0.00024146,-0.00019208,-0.00062263,-0.00057485,0.00006262,-0.00064075,-0.00056928,0.00019084,-0.00073582,0.00020469,0.00069161,-0.00066985,0.00014232,-0.00025235,0.00036572,0.00104455,0.00034161,-0.00073329,0.00052402,-0.00133298,-0.00038474,0.00051881,-0.00121830,-0.00068099,-0.00112967,-0.00018181,0.00035968,0.00051161,-0.00072805,-0.00031311,-0.00006308,0.00002854,0.00030484,0.00050102,0.00074897,0.00061286,0.00094727,0.00017198,-0.00001395,0.00014255,0.00085241,-0.00078852,-0.00000268,0.00025607,0.00006004,0.00021858,-0.00023931,-0.00070731,0.00011702,0.00078036,-0.00093654,0.00091013,0.00006846,0.00013001,0.00096446,0.00070949,0.00005526,-0.00025569,0.00099722,0.00098130,0.00066140,0.00068633,-0.00019920,0.00100061,-0.00013183,0.00031586,-0.00093808,-0.00101003,0.00001090,-0.00008501,-0.00026666,-0.00000896,-0.00037226,0.00041800,0.00051111,0.00036060,-0.00012846,-0.00131287,-0.00004225,0.00045979,-0.00086349,-0.00061381,0.00046984,0.00061912,0.00009267,0.00062157,-0.00107017,0.00119232,0.00049179,0.00017156,-0.00098750,-0.00096939,-0.00085079,0.00133215,0.00054751,-0.00052318,-0.00059882,-0.00003546,-0.00068261,0.00071563,-0.00009161,0.00023035,-0.00018087,0.00012162,-0.00084691,0.00035615,-0.00085331,0.00033681,0.00133490,-0.00043570,0.00007092,0.00041927,0.00168192,-0.00032940,0.00022944,-0.00036229,0.00019107,-0.00108024,-0.00016673,-0.00057005,-0.00006255,0.00110486,-0.00077477,-0.00108842,0.00099751,0.00015090,0.00214395,-0.00132855,-0.00026771,-0.01586217,0.00056619,-0.00152272,-0.00037228,-0.00117092,0.00021913,-0.00066586,0.00005697,0.00141433,-0.00106155,0.00038319,-0.00113557,-0.00106830,-0.00074983,0.00066230,0.00037989,0.00093124,-0.00150624,-0.00061932,0.00000464,-0.00021434,0.00085873,-0.00051921,0.00047723,-0.00061664,-0.00035026,0.00101313,-0.00025667,0.00018221,-0.00013482,0.00037495,0.00014844,0.00004849,-0.00004792
0.00021565,0.00053768,-0.00086927,0.00012308,0.00063755,0.00063336,-0.00091152,0.00035743,-0.00056017,-0.00043745,0.00056169,0.00011383,0.00014408,0.00078766,-0.00054358,0.00044156,-0.00004627,-0.00062044,0.00012582,-0.00036413,-0.00131116,-0.00004904,0.00076693,-0.00050835,-0.00028699,-0.00020270,0.00011840,0.00108677,-0.00129684,-0.00049144,-0.00008793,-0.00091746,-0.00088713,-0.00052055,0.00025253,0.00079315,0.00057004,-0.00121424,0.00033090,-0.00051129,0.00010744,-0.00020036,0.00024878,0.00060105,-0.00050951,0.00062082,0.00003013,-0.00005830,0.00096587,0.00087815,-0.00063631,-0.00056930,0.00014832,-0.00015276,0.00131701,-0.00116149,0.00085427,0.00034184,-0.00064718,-0.00084107,0.00034927,0.00015003,0.00033975,0.00042941,0.00056135,-0.00050983,0.00029810,-0.00012408,0.00019473,0.00165670,0.00031530,0.00019522,-0.00027539,0.00137187,-0.00008720,0.00038960,-0.00092078,-0.00001429,0.00010735,0.00028601,0.00019192,-0.00045502,-0.00058411,-0.00077264,-0.00081759,-0.00035412,0.00011832,0.00005151,-0.00012030,-0.00021173,-0.00049204,-0.00076931,-0.00010924,-0.00050897,0.00058727,0.00021457,0.00075728,0.00044376,-0.00065790,0.00044011,0.00107004,0.00061003,0.00021815,-0.00064861,-0.00028894,-0.00094790,-0.00055577,-0.00019646,-0.00037501,-0.00024079,-0.00002232,0.00124737,-0.00008722,0.00030840,0.00100732,0.00074323,0.00104619,0.00067904,0.00037977,0.00036346,-0.00021477,-0.00135611,-0.00024406,0.00145644,0.00059885,0.00025705,0.00043677,-0.00101543,0.00040746,-0.00078527,-0.00018798,0.00078689,-0.00059350,0.00102658,-0.00045410,0.00069007,0.00047061,0.00034937,-0.00050925,-0.00001954,-0.00036102,-0.00081121,-0.00018028,-0.00089509,0.00032456,0.00064062,0.00043402,-0.00009171,0.00080225,-0.00037438,0.00080091,-0.00039411,-0.00009112,0.00042576,-0.00014683,-0.00017207,0.00075092,0.00063088,-0.00008416,-0.01589357,-0.00012426,-0.00086025,-0.00024873,0.00006688,-0.00078715,0.00006944,-0.00078452,-0.00066198,0.00017587,0.00058577,0.00023445,0.00037995,0.00043118,0.00077240,0.00109803,0.00071813,0.00055741,0.00052274,-0.00016814,0.00010355,0.00018943,0.00055059,0.00073122,-0.00042447,-0.00051388,-0.00014807,0.00018249,-0.00054351,-0.00011889,-0.00008102,-0.00098029,0.00023332
-0.00011933,-0.00033051,0.00085184,-0.00072077,0.00144209,0.00013225,0.00078483,-0.00013575,0.00106300,0.00009625,0.00069968,0.00058463,0.00001368,0.00103806,0.00133077,0.00020680,0.00097782,0.00133721,-0.00120443,-0.00086963,0.00004227,0.00137283,0.00078169,0.00098965,-0.00091449,0.00104514,0.00138006,0.00063920,-0.00133069,-0.00000071,0.00180096,-0.00147576,-0.00011033,0.00094618,0.00066500,-0.00127770,0.00019549,-0.00080975,-0.00082137,0.00119211,0.00040214,0.00165270,0.00088775,0.00023419,-0.00037441,0.00103330,-0.00019471,0.00096598,-0.00132789,-0.00084729,-0.00004306,0.00093512,-0.00122424,0.00058232,-0.00054052,-0.00109936,0.00034461,0.00051047,0.00047048,0.00093333,0.00035011,0.00043840,-0.00093823,-0.00103924,0.00033314,-0.00068534,-0.00041036,0.00006580,0.00105649,0.00025592,0.00076454,0.00099395,-0.00075667,0.00050758,-0.00123180,0.00111392,0.00025262,-0.00080210,0.00052462,-0.00118134,0.00012233,0.00167201,-0.00073609,0.00020000,0.00029171,-0.00193366,-0.00111188,0.00075502,0.00095803,0.00234686,0.00143567,0.00054787,0.00123694,0.00083306,0.00122962,0.00035215,-0.00129979,-0.00009494,-0.00024487,-0.00046612,0.00055561,0.00028615,-0.00134386,0.00006476,0.00109414,0.00088548,0.00049257,0.00034614,-0.00010425,-0.00113809,-0.00002033,0.00028178,0.00075318,0.00011971,0.00066470,0.00108799,0.00069454,-0.00107828,-0.00084857,0.00056256,0.00037584,0.00008806,0.00007812,-0.00032741,-0.00134190,-0.00029866,-0.00085098,-0.00076248,0.00125137,-0.00049113,0.00029014,-0.00143089,-0.00161773,0.00006549,0.00130043,0.00103398,-0.00062384,0.00277330,-0.00017096,0.00071634,-0.00088771,0.00153336,-0.00166273,0.00019354,0.00027924,-0.00068518,-0.00187266,0.00085091,-0.00076794,-0.00040868,0.00043369,0.00093573,0.00051895,-0.00037654,-0.00009408,0.00010813,-0.00140592,-0.00047057,0.00103910,0.00037545,-0.01102965,-0.00050023,-0.00083850,-0.00117860,0.00110311,-0.00146810,-0.00187914,-0.00220717,-0.00078936,-0.00088590,0.00055514,-0.00137773,0.00186163,-0.00034353,0.00175264,0.00038800,-0.00095390,0.00158373,-0.00132681,0.00159771,-0.00161417,0.00135669,-0.00123281,0.00182178,0.00018796,-0.00088764,0.00053514,-0.00131184,-0.00109261,0.00146416,0.00172222,-0.00179225
0.00240550,-0.00025046,0.00013909,-0.00186288,0.00080392,0.00027540,0.00125625,-0.00045990,0.00185372,0.00058993,0.00145398,0.00034297,-0.00093881,0.00193297,-0.00024405,-0.00083968,0.00138380,0.00114175,-0.00231070,-0.00028376,-0.00074294,0.00103347,0.00094884,0.00118091,-0.00131589,0.00100332,0.00003321,0.00020226,-0.00125974,0.00073917,0.00162696,-0.00082742,-0.00021653,-0.00096969,0.00136924,-0.00122234,-0.00065335,-0.00056619,-0.00098303,0.00081229,0.00005385,0.00175713,0.00108476,0.00002375,0.00116817,0.00021373,-0.00090190,0.00073035,-0.00135994,-0.00111849,-0.00043588,0.00215671,-0.00016586,-0.00013026,-0.00088413,-0.00035253,-0.00037869,0.00024636,0.00108519,-0.00009269,0.00007791,-0.00060920,0.00020266,-0.00072009,0.00009667,-0.00055043,-0.00157850,-0.00111130,0.00016235,0.00002875,0.00058691,0.00092908,0.00011639,-0.00073070,-0.00076788,-0.00014324,0.00031005,-0.00113352,0.00007128,-0.00111668,-0.00113151,0.00055665,-0.00037716,-0.00140849,0.00039764,-0.00170866,-0.00176161,0.00085209,0.00117057,0.00144282,0.00207587,-0.00037326,0.00159264,0.00068011,0.00076063,-0.00071499,-0.00056168,0.00012235,-0.00063180,-0.00023411,-0.00022707,-0.00085532,-0.00009711,-0.00011692,-0.00012445,0.00108610,0.00078800,-0.00013038,-0.00037556,-0.00102436,0.00053109,0.00088665,0.00075434,-0.00012118,0.00109112,-0.00007443,0.00138744,-0.00113617,-0.00031344,0.00012155,-0.00018559,-0.00055870,0.00143729,-0.00048095,-0.00097556,-0.00063814,-0.00107493,-0.00140889,0.00049779,0.00016586,0.00013645,-0.00266074,-0.00124732,0.00055208,0.00101264,0.00025249,0.00013817,0.00257263,-0.00067925,0.00091036,-0.00094106,0.00142882,-0.00089480,0.00047031,0.00077135,-0.00115490,-0.00209049,0.00117367,-0.00044506,-0.00012677,-0.00045802,0.00158754,0.00119934,0.00052495,-0.00016952,0.00026461,-0.00124271,-0.00111213,0.00189278,-0.00057033,0.00023148,-0.01598729,-0.00022755,-0.00084601,0.00079399,-0.00116713,-0.00082514,-0.00026865,-0.00065638,-0.00048772,0.00103851,-0.00023760,0.00070559,-0.00032205,0.00086880,0.00127879,-0.00115263,0.00073126,-0.00093830,0.00146157,-0.00012067,0.00199802,-0.00143281,0.00112263,-0.00011845,-0.00001947,0.00068111,-0.00104048,-0.00056100,0.00007671,0.00163790,-0.00189341
0.00046294,0.00026398,0.00070178,-0.00082757,0.00090517,0.00055906,0.00083704,-0.00092936,0.00122087,0.00171433,0.00176317,0.00090257,-0.00120461,0.00165025,0.00017266,-0.00020260,0.00109165,0.00151260,-0.00181510,-0.00082521,0.00023178,0.00070495,0.00005428,0.00072539,-0.00082344,0.00122128,-0.00019898,0.00052680,-0.00122758,0.00020715,0.00132188,-0.00117139,-0.00047341,0.00255504,0.00044169,-0.00096927,-0.00033405,-0.00005857,-0.00179538,0.00114825,0.00021670,0.00110814,0.00074773,-0.00076426,-0.00044577,0.00045237,-0.00075080,0.00125476,-0.00100393,-0.00121439,0.00003085,0.00164911,-0.00095040,0.00080550,-0.00140240,-0.00054900,0.00108276,0.00061585,0.00106955,0.00102545,0.00051841,-0.00012681,-0.00108614,-0.00041590,-0.00038312,0.00045676,-0.00082166,-0.00160447,-0.00004933,0.00146725,0.00095637,0.00054123,0.00081510,-0.00053707,-0.00116741,0.00126795,0.00089743,-0.00077837,0.00150703,-0.00135033,-0.00088921,0.00165288,-0.00058421,-0.00226518,0.00067775,-0.00178603,-0.00143628,-0.00051845,0.00022692,0.00106913,0.00125437,0.00068172,0.00113190,0.00115785,0.00071953,-0.00149092,-0.00080455,0.00008667,-0.00075862,0.00018720,0.00056187,0.00028349,-0.00012624,-0.00122298,0.00027017,0.00008582,0.00001617,-0.00061851,-0.00016169,-0.00133917,0.00082233,0.00081850,0.00109688,0.00127135,0.00021482,0.00110808,0.00154847,-0.00138929,-0.00066982,0.00093418,0.00083594,0.00001388,0.00117200,0.00141916,-0.00040149,-0.00037622,-0.00031381,-0.00076618,-0.00011713,0.00038317,0.00060045,-0.00210455,-0.00141638,0.00019925,0.00150902,0.00047551,-0.00034518,0.00245848,0.00006736,0.00182950,-0.00178063,0.00073051,-0.00139146,0.00061062,0.00064479,-0.00122240,-0.00146408,0.00067570,0.00015680,-0.00131929,0.00102949,0.00224813,0.00150424,-0.00077666,0.00063356,0.00025648,-0.00118802,-0.00136375,0.00156729,0.00046671,0.00001715,0.00022664,-0.01496972,-0.00096891,0.00129474,-0.00191117,-0.00105226,-0.00112185,-0.00071005,0.00017411,0.00151413,0.00010322,0.00167976,-0.00036875,0.00072862,-0.00015409,-0.00189992,-0.00043049,-0.00084408,0.00061831,-0.00087650,0.00197707,-0.00156823,0.00081193,0.00087084,-0.00029325,0.00005745,-0.00103680,-0.00095893,0.00234363,0.00141925,-0.00191935
0.00027914,0.00106410,-0.00029801,-0.00090629,0.00041851,0.00032706,-0.00005236,-0.00020705,0.00057274,0.00040047,-0.00015053,0.00095717,-0.00062526,-0.00001158,-0.00000304,-0.00044467,0.00025685,0.00074555,-0.00040291,-0.00006971,-0.00035874,0.00036698,0.00071359,-0.00009742,-0.00124235,0.00079693,-0.00003443,-0.00003116,0.00020639,-0.00111198,0.00007115,0.00023326,0.00093319,0.00044695,-0.00089379,-0.00037142,0.00048389,-0.00035403,-0.00095974,0.00015778,0.00011367,0.00019467,0.00105932,-0.00155864,0.00029911,0.00075498,0.00065229,0.00084486,-0.00099127,0.00003854,-0.00007805,0.00017731,-0.00035192,0.00009308,-0.00060844,0.00099329,0.00084776,0.00053510,0.00055950,-0.00008408,-0.00019855,-0.00040736,-0.00015555,-0.00036456,-0.00061551,-0.00099297,-0.00107802,-0.00071899,-0.00031259,-0.00120419,0.00020387,0.00061529,0.00095256,-0.00077248,-0.00009075,0.00093922,0.00074376,0.00065529,-0.00041889,-0.00069277,-0.00045003,0.00064264,-0.00087150,-0.00048091,0.00020191,-0.00062253,-0.00151038,0.00056183,0.00071781,0.00057535,-0.00030472,0.00074245,0.00096928,-0.00052179,0.00015408,-0.00065559,-0.00115297,0.00073189,0.00024821,0.00049695,-0.00097708,0.00062457,-0.00112638,-0.00018452,0.00093329,-0.00014144,-0.00028602,0.00029391,-0.00031308,-0.00090364,-0.00000278,0.00013153,0.00004430,-0.00022796,-0.00023733,-0.00015151,0.00033277,-0.00030044,-0.00020365,0.00025837,-0.00011520,0.00039624,0.00049353,-0.00037054,-0.00006420,0.00063654,-0.00068344,0.00049759,0.00027460,0.00109073,0.00028307,-0.00195614,-0.00061335,-0.00061782,0.00144831,0.00047653,0.00015728,0.00074201,-0.00010073,-0.00009592,-0.00074830,-0.00001803,-0.00066364,-0.00008741,-0.00086441,-0.00095508,-0.00022511,0.00018173,0.00028936,-0.00084612,-0.00065194,0.00056733,0.00096757,-0.00079584,0.00089424,-0.00099081,0.00019299,-0.00031952,0.00091485,0.00024485,0.00003269,0.00002941,-0.00052232,-0.01550565,-0.00018668,0.00028608,-0.00024199,0.00084696,-0.00096805,0.00075685,-0.00028506,0.00027933,-0.00011782,-0.00109402,-0.00070258,0.00018121,-0.00020744,0.00116250,-0.00062674,0.00007238,0.00046181,-0.00059311,-0.00031062,-0.00025086,-0.00098674,-0.00021132,-0.00058114,-0.00107733,0.00019030,0.00027277,0.00054578,-0.00063195
-0.00002337,0.00060918,-0.00001463,-0.00074751,-0.00074725,0.00052140,-0.00091215,0.00076538,0.00046816,0.00050927,0.00088127,0.00087269,0.00063465,0.00046922,0.00000703,-0.00101023,-0.00049645,0.00034774,-0.00030705,-0.00047927,-0.00094707,0.00007348,-0.00039980,-0.00026689,0.00009314,0.00027210,-0.00081200,-0.00060710,0.00052445,-0.00075265,-0.00016823,-0.00072369,0.00042040,-0.00038554,-0.00036703,-0.00012775,0.00030793,-0.00184157,-0.00024520,-0.00037861,-0.00005543,0.00017058,0.00022952,-0.00084474,0.00012308,-0.00011352,0.00049434,0.00068283,0.00048649,-0.00124893,-0.00036278,-0.00039796,-0.00094834,0.00043835,0.00007584,-0.00031332,-0.00000806,0.00069450,0.00098505,0.00018625,-0.00072352,0.00047475,-0.00062925,-0.00141044,0.00064078,0.00005718,0.00008900,0.00070311,0.00049450,0.00122760,-0.00039487,0.00093130,0.00026296,0.00032462,-0.00159060,0.00040406,0.00124874,-0.00084687,0.00206443,0.00090713,-0.00007708,0.00040497,-0.00022473,-0.00114358,0.00079667,0.00006922,-0.00071718,0.00119659,-0.00145898,0.00017958,-0.00013920,0.00112575,-0.00020716,-0.00093381,0.00018377,-0.00036708,-0.00007816,-0.00016244,0.00042341,0.00008483,0.00161568,-0.00122788,-0.00111835,0.00069251,0.00070972,0.00064154,-0.00038641,0.00079020,-0.00065401,-0.00068783,-0.00012687,0.00033753,0.00127039,-0.00012324,-0.00027898,-0.00076964,0.00034661,-0.00115971,-0.00081005,0.00070242,0.00048537,-0.00018686,0.00025298,-0.00069046,-0.00052533,-0.00049913,-0.00019233,0.00009884,0.00134303,-0.00021631,-0.00019942,-0.00039341,-0.00011228,0.00038235,-0.00040023,0.00017633,0.00121855,0.00107849,-0.00031738,0.00033909,0.00005198,0.00006738,0.00025108,-0.00081540,0.00021522,-0.00064197,-0.00028272,-0.00004526,0.00007998,-0.00014866,0.00012075,0.00026260,-0.00034018,0.00158305,-0.00065091,-0.00006560,0.00003616,-0.00009542,-0.00057423,-0.00085666,0.00017971,-0.00128009,-0.00077288,-0.00032239,-0.01466171,0.00005925,-0.00077399,-0.00059721,-0.00010933,-0.00084216,-0.00018484,-0.00055343,0.00066531,0.00062870,-0.00035447,0.00026731,-0.00039336,0.00182889,0.00077427,0.00104600,-0.00016501,-0.00020164,-0.00080685,0.00054621,0.00030930,0.00012528,-0.00013679,-0.00039867,-0.00024347,0.00151106,0.00033496,0.00013326
-0.00123091,0.00072715,0.00002004,0.00046749,-0.00003948,-0.00037963,0.00033383,0.00048611,-0.00002015,-0.00004065,0.00018230,-0.00035126,-0.00067094,0.00025464,0.00102044,-0.00089360,0.00045029,-0.00075683,0.00115638,0.00066540,0.00040002,0.00008747,0.00006522,-0.00089504,0.00119016,-0.00075887,0.00033403,0.00011353,-0.00027303,0.00013766,-0.00017435,0.00028894,-0.00005952,0.00023957,-0.00065380,0.00009408,0.00124064,0.00088994,0.00076727,0.00075634,-0.00031348,-0.00011095,-0.00046232,-0.00079714,-0.00141671,-0.00093780,0.00008058,0.00020510,0.00054047,0.00038779,0.00089139,0.00033264,-0.00027719,-0.00010654,-0.00051082,0.00110115,-0.00129657,-0.00032356,-0.00042148,0.00003073,-0.00009020,-0.00106238,0.00059211,0.00025851,-0.00106303,-0.00057940,0.00007798,0.00008086,0.00062462,-0.00104881,0.00007186,-0.00125443,0.00030188,0.00105482,-0.00000718,-0.00189709,-0.00048711,-0.00069169,-0.00075802,0.00075772,0.00039262,0.00032126,0.00121256,0.00040503,0.00046297,0.00035383,0.00046960,0.00010280,-0.00020720,-0.00142098,-0.00085445,-0.00065165,-0.00038598,-0.00011404,0.00003581,-0.00024179,0.00139541,-0.00024517,0.00039877,0.00121535,0.00029884,0.00007470,0.00128405,0.00048878,-0.00118748,0.00003139,0.00176617,-0.00082128,0.00083727,-0.00008566,0.00068294,-0.00017328,-0.00044597,0.00082693,-0.00108970,-0.00167457,-0.00062966,-0.00008190,0.00010019,-0.00052008,0.00087921,-0.00042974,-0.00022764,-0.00051469,-0.00027451,-0.00011128,0.00055701,0.00022692,-0.00062081,0.00086503,0.00001249,0.00027879,0.00090844,0.00025401,-0.00001000,-0.00087691,-0.00054818,-0.00152280,0.00070130,-0.00012806,-0.00031289,-0.00036443,0.00041354,-0.00046364,0.00041298,0.00016755,0.00068136,-0.00034883,0.00135847,-0.00028747,-0.00054213,-0.00030697,-0.00058355,-0.00060443,0.00000113,-0.00085750,0.00113306,-0.00053033,-0.00012873,0.00032773,0.00062567,0.00010984,0.00007237,0.00120704,-0.00015667,-0.01627846,-0.00034586,0.00124122,0.00098715,0.00053658,0.00069674,0.00123710,-0.00192093,0.00011224,-0.00128227,0.00094854,0.00007374,-0.00050184,0.00033156,-0.00022345,-0.00007066,-0.00178471,0.00009815,-0.00029014,-0.00030632,0.00057059,0.00121481,0.00106445,0.00001106,0.00069190,-0.00094363,0.00045756
-0.00031236,0.00101963,0.00110351,0.00053085,-0.00085503,-0.00072917,-0.00160815,0.00029612,-0.00070333,0.00017404,-0.00051543,-0.00068798,0.00070121,-0.00108304,0.00000631,0.00050132,0.00036044,0.00003486,0.00063502,0.00075578,0.00121000,0.00046734,0.00057526,0.00034085,0.00004108,-0.00052936,0.00072251,0.00004939,0.00072561,-0.00136582,-0.00004715,-0.00064316,0.00022538,0.00013059,-0.00011425,0.00047768,-0.00005180,-0.00049976,-0.00007202,-0.00108468,0.00037250,-0.00037295,0.00003662,-0.00092707,-0.00037616,-0.00017366,0.00031747,-0.00059005,0.00104140,0.00100117,-0.00076818,-0.00119651,0.00030399,0.00036006,0.00002459,0.00154027,-0.00082328,0.00035334,0.00073320,0.00016237,-0.00004943,0.00035911,0.00007076,-0.00055020,-0.00027429,0.00014228,0.00005995,-0.00027923,-0.00059471,-0.00052034,-0.00008924,0.00001237,0.00032203,0.00046631,0.00067470,-0.00134718,0.00079105,0.00038110,-0.00047290,0.00021079,0.00037193,0.00055773,0.00022401,0.00021764,-0.00005721,0.00077502,0.00182837,0.00013383,-0.00064060,-0.00088669,-0.00059731,-0.00040225,-0.00015623,-0.00077833,-0.00032970,0.00021279,0.00095034,0.00019312,0.00111609,0.00017568,0.00051850,-0.00010533,0.00034052,0.00036544,-0.00036356,-0.00023430,-0.00038882,-0.00042839,0.00040858,0.00013195,0.00062009,-0.00100454,-0.00127774,-0.00113152,-0.00114305,-0.00039339,-0.00146636,0.00037923,0.00152423,0.00057923,0.00138273,0.00042286,-0.00018905,-0.00030616,0.00032628,0.00057047,-0.00003002,0.00026385,-0.00122343,0.00011567,0.00009432,0.00120180,0.00071487,0.00008278,-0.00102069,0.00006445,-0.00123159,-0.00167758,0.00042927,0.00013018,0.00059297,-0.00143114,0.00026353,-0.00118623,0.00020630,0.00054809,0.00065181,-0.00039263,0.00236790,-0.00020393,-0.00103451,0.00038437,0.00017443,-0.00049539,0.00065311,-0.00195647,0.00119201,-0.00044530,0.00107153,-0.00036538,-0.00014689,0.00110283,0.00158971,0.00081891,-0.00076794,-0.00002534,-0.01311165,0.00130670,-0.00092052,0.00082687,0.00018016,0.00050485,-0.00158334,-0.00014046,-0.00125332,0.00077534,0.00083357,-0.00015343,-0.00021624,-0.00070816,0.00059234,-0.00063136,0.00010160,-0.00001039,-0.00001743,0.00078525,-0.00000617,0.00089170,0.00000785,-0.00083829,-0.00048997,0.00104279
0.00104663,-0.00150873,0.00194919,-0.00174404,0.00265368,0.00050152,-0.00015021,-0.00071942,0.00135614,0.00114777,0.00118916,0.00181981,-0.00177286,0.00233912,0.00154852,-0.00175234,0.00157839,0.00088567,-0.00154803,-0.00020148,0.00156009,0.00247958,0.00248865,0.00322905,-0.00152242,0.00151166,0.00030963,0.00070726,0.00034047,-0.00015566,0.00248810,-0.00167272,0.00054111,0.00227654,0.00082422,-0.00231711,-0.00095179,0.00101935,-0.00273938,0.00235660,0.00023488,0.00323038,0.00160569,-0.00197621,0.00011630,0.00150659,0.00057754,0.00191308,-0.00092419,-0.00306833,-0.00082677,0.00243267,-0.00185849,0.00188349,-0.00136191,-0.00030353,0.00011944,0.00212860,0.00174335,0.00203868,0.00142355,0.00071764,-0.00072478,-0.00056701,-0.00162703,-0.00024061,-0.00217544,-0.00126047,0.00015509,-0.00011876,0.00070797,-0.00009611,0.00002070,0.00025028,-0.00146739,0.00135760,0.00046174,-0.00109159,0.00100055,-0.00271872,-0.00066497,0.00138434,-0.00070174,-0.00115514,0.00259229,0.00030809,-0.00171858,0.00112230,0.00166945,0.00149256,0.00253362,0.00116640,0.00130067,0.00230033,0.00120596,-0.00020755,-0.00163722,0.00003031,0.00114479,-0.00028543,-0.00090627,0.00086990,-0.00170956,0.00017581,0.00017339,0.00246627,0.00264168,0.00014655,0.00052920,-0.00088616,0.00218962,0.00015354,0.00136903,0.00038538,0.00141217,0.00131333,0.00208972,-0.00091579,-0.00258906,0.00038634,0.00059310,0.00051667,0.00195740,0.00058592,-0.00182265,-0.00022351,0.00029985,-0.00242359,0.00064027,0.00094927,0.00060294,-0.00252495,-0.00138646,0.00095093,0.00189714,0.00109150,0.00102449,0.00359935,0.00091623,0.00173340,-0.00218030,0.00145865,-0.00189330,0.00230352,0.00175384,-0.00299488,-0.00167933,0.00151089,-0.00116527,-0.00149648,-0.00052743,0.00220001,0.00222463,-0.00180339,0.00009764,-0.00038754,-0.00151539,-0.00162204,0.00185124,0.00076602,0.00058374,0.00085117,-0.00024161,-0.00053395,0.00188129,-0.00187214,-0.00222240,-0.01310087,-0.00180312,0.00202587,0.00194016,0.00011278,0.00128483,-0.00148791,0.00075121,0.00103173,-0.00132384,0.00046999,-0.00253174,0.00072226,-0.00254510,0.00232951,-0.00197004,0.00086197,-0.00046206,-0.00135045,-0.00173881,-0.00223230,-0.00131381,0.00255186,0.00199216,-0.00188365
-0.00037012,0.00022135,0.00076746,0.00048754,-0.00051429,-0.00166084,-0.00101131,0.00010007,-0.00012935,0.00085791,-0.00058817,-0.00097681,0.00079970,-0.00008821,-0.00023473,-0.00003057,0.00025981,-0.00014400,0.00057483,0.00133209,-0.00012791,-0.00046853,0.00062471,0.00018388,0.00012087,-0.00049332,-0.00050195,0.00033306,0.00106123,-0.00009172,0.00044146,0.00000061,0.00061122,-0.00128403,-0.00057922,0.00031654,-0.00023480,0.00006779,0.00114014,-0.00060532,-0.00063164,-0.00003381,-0.00082441,-0.00105645,-0.00033214,-0.00011697,0.00089249,-0.00076857,0.00150770,0.00052180,-0.00018983,-0.00112101,0.00058765,0.00069019,0.00085474,0.00008748,-0.00034210,0.00046416,0.00048656,-0.00038847,0.00030828,0.00019463,-0.00054073,-0.00032024,0.00001124,-0.00033122,0.00074095,0.00150095,-0.00042901,-0.00046277,-0.00075902,-0.00018087,0.00109836,-0.00050368,0.00085045,-0.00090834,-0.00002858,0.00041560,-0.00070570,0.00143504,0.00049752,-0.00137541,0.00067599,0.00042745,-0.00050614,0.00082995,0.00183301,0.00003879,-0.00027831,-0.00140298,-0.00180380,-0.00011535,0.00051614,-0.00083702,-0.00006268,0.00044215,0.00072959,0.00035923,0.00045001,0.00065662,-0.00029343,-0.00045861,0.00043168,0.00011042,0.00027668,0.00055897,-0.00008883,0.00095746,0.00018247,0.00062787,-0.00068196,-0.00002434,-0.00109017,-0.00094772,-0.00096050,0.00008926,-0.00192263,0.00006958,0.00006091,-0.00041526,-0.00006494,0.00007462,-0.00105025,-0.00047988,-0.00005968,0.00160668,-0.00018386,0.00155790,-0.00034027,0.00117968,-0.00014936,0.00091486,-0.00006726,0.00053747,-0.00035291,0.00044466,-0.00112450,-0.00218571,0.00068880,-0.00028820,0.00056272,-0.00102073,0.00057225,-0.00100367,-0.00060565,0.00034828,0.00042702,-0.00017782,0.00131530,0.00056531,-0.00191378,-0.00014244,-0.00096373,-0.00067758,0.00069803,-0.00123312,0.00116269,0.00060185,-0.00044437,0.00055923,0.00037763,0.00197764,0.00210227,0.00055446,-0.00102189,0.00104323,-0.00016652,0.00171968,-0.01155441,0.00133015,0.00037413,0.00059419,-0.00159921,-0.00034283,-0.00165324,0.00071661,0.00055634,-0.00006750,0.00153533,-0.00031165,0.00128019,0.00018481,0.00137259,-0.00027359,0.00001263,0.00093245,0.00035385,0.00103920,0.00044987,-0.00030691,0.00001384,0.00058706
0.00023066,0.00025497,0.00053358,-0.00199546,0.00125447,-0.00000660,0.00000908,-0.00012140,0.00193350,0.00023562,0.00099346,0.00079425,-0.00044070,0.00166712,0.00142993,-0.00080452,0.00154324,0.00045306,-0.00195333,-0.00061240,0.00002645,0.00120471,0.00044598,0.00211496,-0.00149882,0.00088015,0.00039981,-0.00000300,-0.00023378,0.00078695,0.00128992,-0.00158729,-0.00009024,0.00187487,0.00111790,-0.00142144,-0.00104267,0.00003782,-0.00217671,0.00094285,0.00068017,0.00233104,0.00237480,-0.00066948,0.00085193,0.00153253,0.00021127,0.00055448,-0.00043142,-0.00244457,-0.00085748,0.00128863,-0.00170635,0.00003809,-0.00038610,-0.00028614,0.00128998,0.00174994,0.00109445,0.00029256,0.00180207,0.00111774,-0.00052258,-0.00082196,-0.00049711,0.00079593,-0.00155717,-0.00149691,-0.00006670,0.00019156,0.00065265,0.00104910,-0.00023795,0.00035231,-0.00219469,0.00102655,-0.00044515,-0.00130670,0.00102328,-0.00166582,-0.00142738,0.00088253,-0.00003834,-0.00078440,0.00100472,-0.00069234,-0.00236711,-0.00003169,0.00061404,0.00158193,0.00110243,0.00098803,0.00179458,0.00219660,0.00095820,-0.00060346,-0.00089779,-0.00076538,0.00075883,-0.00043441,-0.00039384,-0.00031092,-0.00012109,0.00035190,0.00151537,0.00135196,0.00072134,-0.00015906,-0.00070104,-0.00140409,0.00074219,0.00049869,0.00056440,0.00101522,0.00077203,0.00153989,0.00161789,-0.00066481,-0.00119494,0.00085857,0.00113481,0.00044128,0.00130279,0.00024496,-0.00070462,-0.00090528,-0.00001935,-0.00150608,0.00015408,0.00091825,0.00091665,-0.00168802,-0.00171179,0.00038996,0.00071756,0.00049776,-0.00057706,0.00433700,0.00036089,0.00066351,-0.00192729,0.00144505,-0.00178519,0.00092174,0.00102903,-0.00146254,-0.00128161,0.00136705,-0.00127142,-0.00158430,-0.00027025,0.00163758,0.00131461,-0.00037698,0.00018968,0.00056892,-0.00173814,-0.00091140,0.00220940,0.00144010,0.00042869,-0.00002485,0.00012046,-0.00062229,0.00136227,-0.00167311,-0.00117521,-0.00142874,-0.00137365,-0.01482164,0.00080623,-0.00185172,0.00167882,-0.00116397,0.00154049,-0.00007987,-0.00151265,-0.00033519,-0.00232014,0.00065952,-0.00108195,0.00170119,-0.00216548,0.00153946,-0.00006621,-0.00079455,-0.00064413,-0.00156012,-0.00165494,0.00168077,0.00237707,-0.00116360
-0.00049373,-0.00093964,0.00021168,-0.00014247,0.00032112,-0.00031191,0.00140353,-0.00022862,0.00060940,0.00005877,0.00023364,0.00143153,0.00012936,0.00096479,-0.00116587,-0.00025392,0.00078557,-0.00021536,-0.00093628,-0.00008763,-0.00046122,0.00127867,0.00065420,0.00088411,-0.00009074,0.00035254,-0.00029342,0.00004907,-0.00057703,-0.00058814,0.00094519,-0.00126137,-0.00121778,0.00117467,0.00021665,-0.00106586,-0.00010027,0.00018251,-0.00041956,-0.00043785,0.00065449,0.00092360,0.00093320,0.00044723,0.00078260,-0.00001309,-0.00069088,0.00076872,-0.00084228,-0.00070285,-0.00037524,0.00109900,-0.00040499,0.00050448,0.00081188,-0.00141643,0.00043863,0.00009241,0.00013225,0.00053905,0.00037774,0.00021046,-0.00039974,-0.00011951,-0.00020658,-0.00011450,-0.00077570,0.00018495,-0.00001403,-0.00038043,-0.00052368,0.00016315,0.00087169,0.00013629,-0.00049801,0.00112572,-0.00050132,-0.00001697,0.00075705,-0.00067423,-0.00026682,0.00080108,-0.00045684,0.00020962,0.00069014,-0.00052239,-0.00118606,0.00083129,0.00131658,0.00119061,0.00119052,-0.00050978,0.00117447,-0.00025614,0.00055147,-0.00044115,-0.00133808,-0.00090786,0.00044547,-0.00044858,0.00058345,0.00027817,-0.00112518,-0.00022751,0.00037288,-0.00077234,-0.00068842,-0.00063569,-0.00106224,-0.00042070,0.00035626,0.00103827,0.00090371,-0.00002991,0.00051366,-0.00017950,0.00111968,-0.00010733,-0.00083893,0.00136851,0.00045851,-0.00068554,0.00082397,0.00050137,-0.00093487,-0.00062705,-0.00007239,-0.00030148,0.00131757,-0.00170875,-0.00000583,-0.00051847,-0.00064314,-0.00113204,-0.00017001,0.00009067,0.00005997,0.00263406,-0.00085967,-0.00006661,-0.00023393,0.00106204,-0.00062993,0.00095432,0.00071132,-0.00048934,-0.00054934,0.00023106,-0.00042337,-0.00080778,0.00075843,0.00116162,0.00035030,0.00063489,-0.00120018,0.00154376,-0.00120516,-0.00015958,0.00047989,-0.00001709,-0.00072431,-0.00067273,-0.00089724,-0.00126018,0.00080120,-0.00032663,-0.00072803,-0.00182666,-0.00033659,-0.00075672,-0.01244173,-0.00125403,0.00145399,0.00068290,0.00162480,-0.00008445,-0.00042647,0.00010296,-0.00075431,0.00113298,-0.00086104,0.00076240,-0.00046470,0.00123335,-0.00027594,-0.00015341,0.00037052,0.00087802,-0.00094854,0.00055578,0.00120727,-0.00095234
0.00096725,-0.00012960,0.00141307,-0.00207775,0.00055034,-0.00140760,-0.00002102,-0.00041552,0.00290127,0.00133225,0.00287282,0.00179743,-0.00142830,0.00289171,0.00204991,-0.00162337,0.00211458,0.00166343,-0.00291854,-0.00063298,0.00105754,0.00202475,0.00182766,0.00171433,-0.00197659,0.00228677,0.00115913,0.00255319,-0.00047853,0.00019218,0.00275405,-0.00288590,0.00039009,0.00229899,0.00186257,-0.00252307,-0.00097400,-0.00060673,-0.00090716,0.00265461,0.00197069,0.00235382,0.00245024,-0.00134927,-0.00025416,0.00172012,0.00046386,0.00176413,-0.00205675,-0.00199254,-0.00189362,0.00205247,-0.00181940,0.00148828,-0.00031772,-0.00060399,0.00134680,0.00172849,0.00218253,0.00207020,0.00161868,0.00177164,-0.00148173,-0.00234410,-0.00061592,-0.00079439,-0.00261629,-0.00166631,-0.00004445,0.00034447,0.00230118,0.00081497,0.00071415,-0.00002617,-0.00237091,0.00077969,-0.00003439,-0.00136076,0.00134956,-0.00172742,-0.00184921,0.00188078,-0.00182735,-0.00112196,0.00227103,-0.00112489,-0.00277091,0.00177514,0.00039401,0.00273633,0.00278146,0.00144109,0.00182918,0.00058828,0.00215495,-0.00130761,-0.00193982,0.00158412,-0.00002757,-0.00109928,0.00079117,0.00042754,-0.00182334,-0.00144457,0.00132367,0.00250106,0.00092173,0.00181698,-0.00066479,-0.00165882,0.00208431,0.00122485,0.00139527,0.00146542,0.00015396,0.00206667,0.00115660,-0.00284307,-0.00123894,0.00180000,-0.00044042,0.00059477,0.00180102,0.00063534,-0.00169617,-0.00009604,-0.00132295,-0.00104240,0.00069086,-0.00046801,0.00068458,-0.00239645,-0.00272754,0.00093356,0.00277008,0.00163986,0.00004560,0.00325802,0.00107829,0.00233131,-0.00255601,0.00109707,-0.00236627,0.00062890,0.00131414,-0.00232968,-0.00159824,0.00292729,-0.00113262,-0.00262258,-0.00044453,0.00310696,0.00183795,-0.00133727,0.00049548,-0.00109882,-0.00129696,-0.00215014,0.00306847,0.00095610,0.00117141,0.00024939,-0.00040017,-0.00158145,0.00237391,-0.00268287,-0.00223968,-0.00233180,-0.00305591,0.00011012,0.00196467,-0.01336050,0.00096340,-0.00191522,0.00165307,0.00129004,-0.00243085,0.00141992,-0.00199162,0.00240956,-0.00184824,0.00284063,-0.00262118,0.00173872,-0.00100288,-0.00180308,-0.00118226,-0.00255273,-0.00195515,0.00230288,0.00293217,-0.00351269
-0.00082007,0.00028093,-0.00128414,0.00177413,-0.00204243,0.00137760,-0.00113942,0.00001875,-0.00294158,-0.00228937,-0.00221334,-0.00266270,0.00184404,-0.00295807,-0.00217506,0.00174566,-0.00262175,-0.00212127,0.00243741,0.00043088,-0.00133665,-0.00175305,-0.00201307,-0.00188628,0.00204033,-0.00233741,-0.00132594,-0.00201143,0.00133232,-0.00097745,-0.00240237,0.00238403,0.00040890,-0.00281405,-0.00185955,0.00241140,0.00098144,0.00022758,0.00134587,-0.00287745,-0.00102626,-0.00280512,-0.00249006,0.00102070,0.00097430,-0.00252472,-0.00037356,-0.00311858,0.00140031,0.00175939,0.00219659,-0.00265629,0.00280329,-0.00236156,0.00181936,0.00013394,-0.00152752,-0.00121945,-0.00168434,-0.00193125,-0.00145017,-0.00156032,0.00092210,0.00113732,0.00116959,0.00174651,0.00250507,0.00163811,-0.00107381,0.00050066,-0.00205207,-0.00139252,-0.00016063,-0.00045038,0.00295980,-0.00230094,-0.00083992,0.00130517,-0.00170000,0.00112364,0.00163740,-0.00237786,0.00121129,0.00249057,-0.00328564,0.00147014,0.00309006,-0.00164468,-0.00040734,-0.00290983,-0.00147746,-0.00240081,-0.00208051,-0.00137824,-0.00167895,-0.00037733,0.00171538,-0.00152439,-0.00060374,0.00028416,0.00044792,-0.00021421,0.00185947,0.00082246,-0.00188567,-0.00189458,-0.00111547,-0.00077560,0.00135663,0.00206443,-0.00257107,-0.00009211,-0.00157689,-0.00058176,-0.00069277,-0.00281412,-0.00142097,0.00285343,0.00279993,-0.00220851,0.00043045,0.00039960,-0.00164766,-0.00130962,0.00121195,-0.00055005,0.00134767,0.00213843,-0.00082350,-0.00089914,-0.00162125,0.00309005,0.00281643,-0.00178143,-0.00204927,-0.00202666,0.00071515,-0.00308861,-0.00095937,-0.00307759,0.00284209,-0.00097339,0.00271728,0.00052102,-0.00084676,0.00209774,0.00183055,-0.00298658,-0.00016408,0.00328075,0.00117405,-0.00318824,-0.00293062,0.00191533,-0.00065918,0.00148209,0.00107508,0.00272330,-0.00323758,-0.00021113,-0.00129026,-0.00101699,-0.00013575,0.00148930,-0.00174810,0.00256369,0.00297139,0.00157858,0.00260623,-0.00103416,-0.00209202,-0.00043122,-0.01424253,0.00179682,-0.00146463,-0.00187247,0.00250017,-0.00080252,0.00282340,-0.00308058,0.00335641,-0.00296663,0.00208976,-0.00259712,0.00035254,0.00238710,0.00049080,0.00285355,0.00307169,-0.00216580,-0.00195982,0.00238851
-0.00091105,0.00128050,-0.00018685,0.00040567,-0.00123766,-0.00014618,-0.00198323,-0.00066254,-0.00068561,0.00015452,-0.00095238,0.00004966,0.00052086,-0.00047940,-0.00024792,0.00106033,0.00026589,-0.00124561,0.00094197,0.00137499,0.00000592,-0.00072554,0.00008775,0.00021332,0.00080506,-0.00117508,0.00050303,-0.00024695,0.00072028,0.00045969,-0.00069211,0.00155599,-0.00045465,-0.00027436,-0.00042057,0.00059879,0.00065926,0.00027392,0.00001546,0.00005932,0.00016752,-0.00141268,0.00002536,0.00082409,-0.00034010,-0.00144946,0.00013224,-0.00075373,0.00108745,0.00051570,0.00017370,-0.00057993,-0.00005838,-0.00101482,-0.00075343,0.00048666,-0.00061263,0.00045669,-0.00046921,-0.00040577,-0.00052431,0.00007358,0.00089527,-0.00039650,-0.00016902,-0.00011060,0.00040643,0.00009599,-0.00122063,-0.00051134,0.00014613,-0.00082657,-0.00002047,0.00019830,0.00094857,-0.00045490,0.00026281,0.00099509,-0.00094187,0.00073959,0.00023628,-0.00048570,0.00096644,0.00014552,-0.00037856,0.00176832,0.00086476,-0.00032798,0.00005462,-0.00091420,-0.00115117,-0.00013508,-0.00045240,-0.00117376,0.00002083,0.00061942,0.00044169,0.00060644,-0.00064211,-0.00005277,-0.00116391,-0.00008736,0.00015706,0.00051191,-0.00087900,-0.00013316,0.00040082,-0.00020513,0.00037503,0.00015206,-0.00013935,-0.00043161,-0.00093149,0.00000333,-0.00116989,-0.00031839,-0.00137073,0.00103958,0.00071544,-0.00038086,0.00024089,0.00012119,-0.00081303,-0.00052367,0.00046335,0.00007180,-0.00041934,0.00149924,-0.00135690,0.00039247,-0.00090529,0.00081069,0.00026313,0.00017048,-0.00059617,-0.00049186,-0.00102486,-0.00274286,0.00042105,-0.00096943,0.00007408,-0.00187137,0.00107129,-0.00067169,-0.00051108,-0.00000984,0.00047470,-0.00051101,0.00146734,0.00084321,-0.00043635,-0.00061137,0.00050631,-0.00021278,0.00067617,-0.00021549,0.00181049,0.00029493,-0.00111896,0.00045543,0.00045303,0.00105227,0.00143981,0.00034333,-0.00026984,0.00131292,0.00093219,0.00143631,0.00002799,0.00067117,-0.00005859,0.00118564,-0.00195911,-0.01034079,-0.00137200,0.00025141,0.00176962,-0.00037280,0.00112900,-0.00127870,0.00081715,-0.00146932,0.00151655,-0.00075732,-0.00165121,0.00026126,-0.00009249,0.00086079,0.00020410,-0.00070528,0.00005874,0.00068994
-0.00029444,-0.00042961,-0.00090805,0.00177349,0.00027021,0.00028078,-0.00012548,-0.00085910,-0.00219916,0.00054987,-0.00177706,-0.00047960,0.00131604,-0.00188251,-0.00120647,0.00122536,-0.00220495,-0.00091426,0.00218654,0.00091208,0.00084075,-0.00030632,-0.00118654,-0.00073161,0.00161912,-0.00066945,-0.00007251,-0.00063347,0.00157066,-0.00003492,-0.00141867,0.00179834,-0.00048306,-0.00113021,-0.00112693,0.00063905,0.00086517,-0.00009991,-0.00008669,-0.00111275,-0.00075093,-0.00131953,-0.00150589,0.00125169,0.00067381,-0.00096011,-0.00045972,-0.00082817,0.00052861,0.00077486,0.00132735,-0.00143058,0.00139730,0.00024907,0.00007922,-0.00048482,-0.00077439,-0.00101763,-0.00099700,0.00006706,-0.00003315,-0.00199154,0.00184974,0.00137057,0.00037815,-0.00015434,0.00152396,0.00115194,-0.00027962,0.00015474,-0.00047126,-0.00153826,-0.00059942,-0.00018941,0.00189584,0.00057529,-0.00153994,0.00124213,-0.00079565,0.00080503,0.00096168,-0.00107903,0.00130437,0.00084431,0.00056958,0.00062122,0.00200729,-0.00105414,0.00015976,-0.00058393,-0.00113332,-0.00064136,-0.00165108,-0.00086029,-0.00058204,-0.00079727,0.00010670,-0.00123185,0.00055957,0.00077035,0.00103843,0.00061330,0.00064056,0.00139906,-0.00142727,0.00039423,-0.00076385,-0.00048467,0.00094402,0.00161812,-0.00119181,-0.00039012,-0.00020584,-0.00138774,0.00000349,-0.00040288,-0.00036541,0.00129393,0.00136854,-0.00036079,-0.00041482,0.00017820,-0.00101677,-0.00236723,0.00113599,-0.00080542,0.00062316,-0.00101286,-0.00058793,-0.00089290,-0.00128105,0.00249874,0.00218918,-0.00173507,-0.00114615,-0.00000898,0.00016205,-0.00155259,-0.00162432,-0.00190976,0.00298391,0.00058625,0.00175252,0.00002740,-0.00003021,0.00169226,0.00022850,-0.00095090,-0.00075522,0.00194844,-0.00033599,-0.00235007,-0.00160553,0.00118385,-0.00053449,0.00052110,0.00015102,0.00131158,-0.00235495,0.00097103,-0.00127222,-0.00019752,0.00041210,-0.00064850,-0.00163635,0.00076059,0.00222113,0.00154776,0.00142003,-0.00058946,-0.00130014,-0.00058079,-0.00008686,0.00152324,-0.01615397,-0.00174860,0.00176998,-0.00051499,0.00095266,-0.00045152,0.00061209,-0.00166451,0.00055174,-0.00124117,-0.00041351,0.00088123,0.00038961,0.00148182,0.00173184,-0.00139917,-0.00151656,0.00141625
0.00063644,-0.00123815,0.00154407,-0.00102887,0.00169244,-0.00028088,0.00050595,-0.00142027,0.00157342,-0.00001456,0.00057516,0.00132448,-0.00140424,0.00198093,0.00018166,-0.00174155,0.00159644,0.00030904,-0.00150738,0.00105635,0.00061059,0.00010128,0.00081296,0.00173580,-0.00083681,0.00124923,-0.00081389,0.00032339,-0.00054632,0.00133036,0.00064936,-0.00185245,0.00027832,0.00156173,0.00162401,-0.00106308,-0.00060342,-0.00006111,-0.00133086,0.00168743,-0.00050053,0.00172912,0.00142311,-0.00011306,0.00149842,0.00135033,0.00050520,0.00176487,-0.00202447,-0.00147867,-0.00017398,0.00180486,-0.00138970,0.00189394,-0.00128196,-0.00078865,-0.00032825,-0.00029699,0.00050219,0.00110541,0.00096083,-0.00027823,0.00000185,-0.00110302,-0.00008829,0.00093001,-0.00128901,-0.00213779,-0.00013852,0.00054366,0.00060871,0.00064371,0.00022240,-0.00040621,-0.00174695,0.00162224,-0.00030792,-0.00155169,0.00037985,-0.00049846,-0.00097684,0.00083736,-0.00102004,-0.00109950,0.00217565,-0.00066158,-0.00185308,0.00033099,0.00060881,0.00088385,0.00152465,0.00082221,0.00167107,0.00143421,0.00038417,-0.00101270,-0.00159373,0.00108675,0.00026860,0.00033660,-0.00022746,0.00008800,-0.00170503,0.00054455,0.00097280,0.00105405,0.00110826,0.00091008,-0.00016440,-0.00075431,0.00050562,0.00040068,0.00045753,0.00010008,-0.00034227,0.00098059,0.00211082,-0.00002926,-0.00194088,0.00056449,-0.00028518,0.00185844,0.00117661,0.00091156,-0.00035560,-0.00114219,0.00098053,-0.00202655,0.00048652,0.00003339,0.00046746,-0.00264589,-0.00111809,0.00038802,0.00162240,0.00103128,0.00036658,0.00353483,0.00056006,0.00131392,-0.00115884,0.00177718,-0.00092380,0.00051286,0.00256930,-0.00079288,-0.00038507,0.00156422,-0.00131598,-0.00093735,0.00010155,0.00190663,0.00092661,-0.00046674,-0.00058795,0.00015356,-0.00207653,-0.00064008,0.00088192,0.00051915,0.00048718,-0.00023485,-0.00133343,-0.00108812,0.00175781,-0.00072211,-0.00148532,0.00007441,-0.00091819,0.00076418,0.00078424,-0.00091900,0.00035159,-0.00071557,0.00082716,-0.01508914,-0.00143087,0.00083158,-0.00173202,0.00035763,-0.00162126,0.00246579,-0.00138115,0.00087489,0.00026600,-0.00073242,-0.00157727,-0.00106313,-0.00054911,0.00163674,0.00087334,-0.00083919
-0.00036777,0.00052837,0.00137458,-0.00090278,-0.00099444,-0.00050667,-0.00005315,0.00055346,0.00068088,0.00061036,0.00108879,-0.00027990,-0.00088310,0.00113067,0.00063919,-0.00143019,0.00088066,0.00063169,-0.00064629,-0.00013949,0.00212205,0.00064585,0.00044783,0.00075706,-0.00078668,0.00093735,0.00130317,0.00017490,0.00045123,0.00124385,0.00084488,-0.00069380,-0.00025347,0.00051373,0.00041457,-0.00029421,-0.00123142,0.00045498,-0.00097739,0.00192514,-0.00007371,0.00070238,0.00095827,-0.00061820,-0.00155586,0.00066824,0.00075524,0.00124002,-0.00086122,-0.00055545,-0.00123462,0.00094977,-0.00077903,0.00053015,-0.00149365,0.00158706,-0.00229403,0.00157326,0.00137957,0.00103596,0.00197025,0.00083191,-0.00007565,-0.00012942,-0.00088750,-0.00117058,-0.00040497,-0.00089424,0.00020775,-0.00110214,0.00145161,-0.00050482,0.00109055,-0.00062740,-0.00033909,-0.00170235,0.00105137,-0.00111505,-0.00065745,0.00068234,-0.00076152,0.00114391,-0.00141526,-0.00123942,0.00109810,0.00074782,-0.00076775,0.00032172,0.00024051,-0.00129172,0.00003779,0.00097963,0.00024676,-0.00121783,0.00132464,0.00067742,0.00078133,0.00021836,0.00091349,0.00065696,-0.00014246,-0.00141947,-0.00005812,-0.00090114,0.00115042,0.00089687,0.00185377,0.00058654,-0.00033060,-0.00135030,0.00131470,-0.00052308,-0.00047376,0.00002799,-0.00067294,0.00099265,-0.00115707,-0.00056625,-0.00096131,0.00081759,0.00044654,0.00072016,0.00129903,-0.00056821,-0.00139584,0.00239391,-0.00177030,0.00111648,-0.00079587,0.00099428,0.00038355,-0.00001983,0.00024892,0.00094359,-0.00012814,0.00031565,-0.00065517,-0.00170652,0.00079721,0.00114398,-0.00116649,0.00021089,-0.00003715,-0.00040754,-0.00020317,-0.00002160,0.00051336,0.00076994,0.00066492,-0.00131945,-0.00051581,0.00138183,0.00066615,-0.00155400,-0.00037988,-0.00193811,0.00124675,-0.00135376,0.00014169,0.00035094,0.00158400,0.00055676,0.00089847,0.00022223,-0.00044335,-0.00060118,-0.00068058,0.00172616,-0.00104671,0.00098707,0.00079639,0.00129368,-0.00136659,-0.00053361,0.00022514,0.00090325,-0.01547030,-0.00052713,-0.00035157,-0.00044629,-0.00012207,0.00070231,-0.00101553,0.00070154,0.00025844,0.00045088,0.00034693,0.00012301,-0.00167917,0.00011774,-0.00052398,0.00027450
-0.00040025,-0.00053890,-0.00043927,0.00067408,0.00051570,-0.00037784,0.00004684,0.00004308,0.00049765,-0.00008268,-0.00007804,0.00023480,-0.00004364,-0.00075558,0.00082753,0.00047563,-0.00044424,-0.00052634,0.00077035,0.00037136,-0.00079061,-0.00064091,-0.00082866,-0.00018239,0.00050533,-0.00103611,-0.00060026,0.00095738,-0.00061540,0.00021356,-0.00128403,-0.00026552,-0.00046326,-0.00027365,-0.00016011,-0.00003437,0.00109223,0.00002208,0.00070107,-0.00115134,-0.00006024,-0.00041002,0.00034168,0.00101749,0.00076680,-0.00062318,-0.00112457,-0.00141470,0.00007577,-0.00002673,0.00190664,-0.00065909,-0.00045477,-0.00043422,0.00096469,-0.00130582,0.00046956,-0.00038494,0.00024033,-0.00053566,-0.00009912,-0.00000080,0.00052079,-0.00005528,0.00048762,-0.00045622,0.00052908,0.00042477,0.00058582,-0.00051834,-0.00014172,-0.00026702,-0.00010083,-0.00020295,-0.00035966,0.00016390,-0.00052843,0.00068422,-0.00008645,-0.00015514,0.00107961,-0.00028028,0.00015550,0.00058237,-0.00112848,-0.00132003,0.00062630,-0.00030015,0.00088337,0.00065526,-0.00036551,0.00091484,-0.00029282,0.00031346,-0.00023672,0.00045079,-0.00032424,0.00046160,-0.00049343,0.00035564,0.00107959,0.00026350,0.00038822,0.00098581,0.00025232,-0.00024218,-0.00055609,-0.00120873,0.00023337,0.00055707,-0.00039205,0.00041098,0.00026548,-0.00042175,-0.00079403,-0.00035711,0.00087782,0.00087875,0.00038831,0.00003445,-0.00012976,0.00028581,-0.00005257,0.00026520,0.00010644,-0.00060481,-0.00006417,-0.00020484,0.00156668,-0.00105669,0.00024205,-0.00050462,0.00022542,-0.00037025,-0.00099815,-0.00042978,-0.00019153,0.00126303,-0.00021404,0.00011716,-0.00014304,0.00063070,-0.00084132,-0.00020452,0.00030046,0.00008460,-0.00048381,-0.00049660,-0.00038052,-0.00011794,0.00074863,-0.00015364,-0.00006236,-0.00027763,0.00040718,0.00096816,-0.00005639,-0.00056793,-0.00062634,0.00016632,-0.00038146,0.00000825,-0.00154444,0.00110942,0.00061442,-0.00010900,0.00012628,-0.00085808,0.00037475,-0.00105595,-0.00071774,0.00025209,0.00122798,0.00033067,-0.00014652,-0.00033994,-0.00039718,-0.01561952,0.00001229,0.00018002,0.00056047,0.00001488,0.00147852,-0.00006166,-0.00010780,-0.00003984,0.00010476,0.00018112,-0.00002021,-0.00024324,-0.00036616,0.00029849
-0.00020571,0.00101547,0.00189625,-0.00078858,-0.00142189,-0.00094541,-0.00007925,-0.00024612,0.00023407,0.00036630,0.00040931,-0.00040839,-0.00028337,0.00008027,0.00094869,-0.00207849,0.00088040,0.00049428,-0.00010292,0.00081639,0.00223780,0.00105219,0.00140909,0.00139024,-0.00148214,0.00083837,0.00097046,0.00045200,0.00051116,0.00043710,0.00163686,-0.00056781,0.00042043,-0.00010076,0.00004685,-0.00048184,-0.00095461,0.00070429,-0.00179341,0.00074046,0.00096198,0.00121314,0.00097483,-0.00062777,-0.00167555,0.00096457,0.00067167,-0.00000050,-0.00060750,-0.00190122,-0.00119023,0.00051724,-0.00094600,0.00079738,-0.00139774,0.00099281,-0.00118082,0.00188673,0.00136159,0.00219599,0.00154839,0.00125458,-0.00060619,-0.00031004,-0.00141369,-0.00082422,-0.00029013,-0.00084747,-0.00055420,-0.00144252,0.00091491,0.00017137,0.00136510,-0.00142826,-0.00022255,-0.00106054,0.00102510,-0.00158082,-0.00002633,0.00048198,-0.00138764,0.00064654,-0.00039138,-0.00070508,0.00098548,0.00170999,-0.00100910,0.00133743,-0.00059638,-0.00028675,-0.00058699,0.00090178,0.00128795,-0.00077370,0.00055497,0.00154073,0.00099528,0.00001696,0.00094816,-0.00064293,-0.00051566,-0.00166263,0.00032972,-0.00122790,0.00022071,0.00051768,0.00231463,0.00061427,0.00024138,-0.00167563,0.00147178,-0.00024406,0.00026469,0.00133727,-0.00094797,0.00107802,-0.00129651,-0.00166459,-0.00008620,0.00145987,0.00048698,0.00097725,0.00129228,-0.00035879,-0.00079241,0.00221989,-0.00120318,-0.00018685,-0.00099370,0.00072245,-0.00023194,-0.00033870,-0.00028899,0.00125856,0.00000419,0.00019843,-0.00075272,-0.00088702,0.00104547,0.00073739,-0.00075735,-0.00146947,-0.00080453,0.00006547,0.00051145,-0.00070920,0.00003323,0.00079905,0.00124350,-0.00000959,-0.00189138,0.00078396,0.00023992,-0.00109627,0.00061115,-0.00187658,0.00122715,-0.00059087,0.00023076,-0.00089530,0.00148261,0.00102820,0.00100162,0.00006328,0.00058646,-0.00049408,-0.00063042,0.00076282,0.00010919,0.00076934,0.00057504,0.00202693,-0.00136649,-0.00081743,-0.00075768,0.00083305,-0.00093171,0.00032973,-0.01574920,0.00055913,-0.00084521,-0.00016173,-0.00008991,0.00007598,0.00011725,0.00037332,0.00117057,0.00009491,-0.00013681,0.00045541,0.00110388,-0.00072747
0.00007929,-0.00003946,-0.00104057,0.00032219,0.00003198,0.00124068,-0.00108179,-0.00085518,-0.00140675,-0.00064827,-0.00123481,0.00019905,0.00031717,0.00015904,-0.00017118,0.00054715,-0.00020057,-0.00039425,0.00027115,-0.00088912,-0.00083587,-0.00093117,-0.00017017,-0.00086791,0.00138098,-0.00052029,-0.00063460,0.00019676,0.00059144,-0.00124786,-0.00098522,0.00106876,-0.00038458,-0.00062051,-0.00075089,0.00122080,0.00063220,-0.00099684,0.00079562,-0.00112359,-0.00013204,0.00007368,-0.00056104,-0.00041278,0.00098182,0.00038760,-0.00037992,-0.00087442,0.00008787,0.00030539,0.00047198,0.00012422,0.00133049,0.00028127,0.00078313,-0.00021906,0.00079788,-0.00079274,-0.00076839,-0.00131661,-0.00160329,-0.00111751,0.00086950,0.00045629,0.00092531,0.00060741,0.00080438,0.00158544,-0.00065022,0.00076370,-0.00077521,-0.00096205,0.00054489,0.00078725,-0.00067501,0.00153731,-0.00113638,0.00109173,-0.00012329,-0.00118744,0.00060800,-0.00076823,0.00030899,0.00075798,-0.00073552,-0.00039830,0.00071832,-0.00051317,0.00052585,-0.00042222,-0.00007116,-0.00036845,-0.00070985,0.00121145,-0.00042921,-0.00010446,-0.00081725,-0.00024743,-0.00111084,0.00074873,0.00037029,0.00098195,0.00016111,0.00154059,0.00026103,-0.00045112,-0.00131676,-0.00133359,0.00038571,0.00080576,-0.00057078,0.00009662,-0.00066451,-0.00083023,0.00066522,-0.00101572,-0.00058617,0.00072262,0.00101314,-0.00033000,0.00009936,-0.00078260,-0.00155844,0.00010462,0.00086679,-0.00080174,0.00113808,-0.00030261,-0.00085976,-0.00074567,0.00018500,0.00085461,0.00033827,-0.00133653,-0.00003541,0.00066467,-0.00059994,0.00053545,-0.00144209,0.00006197,0.00005605,0.00047242,-0.00013345,-0.00023898,-0.00009037,0.00067774,-0.00038124,0.00051815,-0.00067664,-0.00027930,0.00012304,-0.00025560,-0.00008151,0.00141284,0.00064417,0.00102185,-0.00036545,0.00037536,0.00029671,-0.00005737,-0.00099955,0.00069555,-0.00099100,-0.00030732,0.00044267,0.00101677,0.00051545,-0.00177641,0.00072798,-0.00058000,-0.00020821,-0.00068442,0.00094515,-0.00003939,0.00051518,-0.00063973,-0.00023896,-0.00042951,0.00112878,-0.01555978,0.00080714,-0.00057462,0.00026541,-0.00029177,-0.00006185,-0.00011132,-0.00063135,0.00006551,0.00027383,0.00011759,-0.00146416,0.00078548
-0.00005987,-0.00026966,0.00099714,-0.00123495,0.00007667,-0.00047310,0.00044783,0.00098357,0.00000304,0.00015618,0.00098666,0.00055079,-0.00086779,-0.00028035,0.00000095,-0.00176687,0.00192519,0.00094608,-0.00006959,0.00051579,0.00190953,0.00162939,0.00155345,0.00012999,-0.00061101,0.00008848,0.00075593,0.00042511,0.00074831,0.00043628,0.00104551,0.00018098,0.00035477,0.00051668,0.00080499,-0.00053979,-0.00088724,0.00057140,-0.00182446,0.00196138,0.00105359,0.00114794,0.00076423,-0.00072546,-0.00124931,0.00084812,0.00059200,0.00112582,-0.00045058,-0.00118199,-0.00111835,0.00108642,-0.00125096,0.00058596,-0.00028957,0.00173599,-0.00099626,0.00125977,0.00115517,0.00205567,0.00085727,0.00098377,-0.00102118,-0.00194388,-0.00120290,-0.00148399,-0.00178388,-0.00095902,0.00042663,-0.00124293,-0.00012023,0.00063508,0.00029047,-0.00010259,-0.00124086,-0.00045657,0.00096502,-0.00138664,-0.00077591,0.00027545,-0.00092154,0.00152923,-0.00107575,-0.00091780,0.00191949,0.00038443,-0.00050677,0.00131511,0.00016764,-0.00017240,0.00009788,0.00079948,0.00069099,-0.00072862,0.00129960,0.00050813,0.00119107,0.00095187,0.00142325,0.00011780,-0.00143544,-0.00056869,-0.00063029,-0.00011602,0.00104367,-0.00046819,0.00128484,0.00099981,-0.00004536,-0.00103107,0.00049953,-0.00005658,-0.00072248,0.00071610,-0.00063931,0.00108714,-0.00094592,-0.00085865,-0.00026026,0.00064739,0.00069868,0.00075076,0.00149208,-0.00038723,-0.00055020,0.00139149,-0.00079482,0.00014544,0.00003705,0.00051193,-0.00008414,-0.00035236,0.00038209,0.00056829,-0.00000852,0.00053250,-0.00024288,-0.00114618,0.00106701,0.00039465,0.00023243,0.00002410,0.00019861,-0.00129606,0.00025196,-0.00096686,-0.00003815,0.00059265,0.00115265,0.00000840,-0.00084021,0.00071406,0.00064244,-0.00030712,0.00050621,-0.00095208,0.00141829,0.00012291,-0.00032005,0.00016840,0.00094205,0.00148247,0.00093029,0.00031155,-0.00065995,-0.00082821,-0.00044522,0.00105570,-0.00008774,0.00141206,0.00083460,0.00161947,-0.00036786,-0.00100643,-0.00024956,0.00097630,-0.00136278,0.00086591,-0.00065027,0.00090491,-0.01536173,0.00021233,0.00017598,0.00042678,0.00041300,-0.00032805,0.00046187,0.00029303,-0.00170609,0.00131557,-0.00055568,-0.00070297
0.00013783,-0.00121068,-0.00187259,0.00164554,0.00139423,0.00174376,-0.00032344,-0.00071652,-0.00140156,-0.00212157,-0.00120674,0.00054199,0.00067408,-0.00194933,-0.00051841,0.00164102,-0.00122237,-0.00043364,0.00169323,-0.00049802,-0.00239561,-0.00118036,-0.00127597,-0.00191937,0.00169404,-0.00145960,-0.00062025,-0.00095901,-0.00119873,-0.00051640,-0.00060612,0.00148557,0.00075054,-0.00103288,-0.00111288,0.00148321,0.00081380,-0.00092413,0.00096448,-0.00091269,-0.00035002,-0.00167521,-0.00135121,0.00136460,0.00103207,-0.00179817,-0.00107674,-0.00077620,0.00041771,0.00080258,0.00079740,0.00020028,0.00129626,-0.00150779,0.00089320,-0.00090691,0.00083527,-0.00133125,-0.00127158,-0.00104827,-0.00161147,-0.00099653,0.00098425,0.00100982,0.00211948,0.00161275,0.00158421,0.00115033,-0.00101921,0.00177795,-0.00127527,-0.00047646,-0.00213827,0.00077540,-0.00041794,0.00152920,-0.00220365,0.00204201,0.00080750,-0.00160869,0.00109202,-0.00097012,0.00132643,0.00053186,-0.00135971,-0.00063156,0.00064102,-0.00120763,0.00059639,0.00030959,0.00081013,-0.00143992,-0.00144707,0.00060682,-0.00142129,-0.00041558,-0.00142159,-0.00061998,-0.00160766,-0.00048417,0.00128360,0.00087336,0.00088534,0.00161096,-0.00033791,-0.00138780,-0.00147056,-0.00080269,0.00107137,0.00192195,-0.00119727,-0.00104042,-0.00024643,-0.00134123,0.00196761,-0.00295236,0.00096454,0.00051866,0.00223891,-0.00104825,-0.00048914,-0.00200780,-0.00151904,-0.00023337,0.00167855,-0.00247131,0.00176448,-0.00043094,0.00019555,-0.00118794,-0.00061708,0.00017703,0.00078593,-0.00164138,-0.00047964,-0.00028118,0.00112716,0.00137498,-0.00142288,0.00024777,0.00087359,0.00085145,0.00013685,0.00154800,0.00009443,0.00059045,0.00002110,-0.00076977,-0.00105935,0.00022455,0.00152329,-0.00090937,-0.00047332,0.00097508,-0.00076501,0.00201151,-0.00116534,0.00125029,-0.00007697,0.00056308,-0.00193276,-0.00068017,-0.00082202,-0.00133092,-0.00069382,-0.00021383,0.00085747,-0.00145614,0.00184626,-0.00245590,-0.00035558,-0.00180561,0.00107476,0.00084926,0.00084404,-0.00114909,0.00134979,-0.00031379,0.00101577,-0.00047523,0.00062679,-0.01622071,0.00037650,-0.00124748,0.00068819,0.00007912,-0.00015154,0.00100175,0.00118154,-0.00038149,-0.00065207,0.00144992
0.00000091,0.00047522,0.00078407,-0.00082766,-0.00030155,-0.00128085,-0.00082658,0.00002605,0.00011040,0.00118288,0.00115077,0.00043094,0.00006691,-0.00061304,0.00060992,-0.00089426,0.00161749,0.00048944,0.00028996,0.00013034,0.00232015,0.00106485,0.00097920,0.00058641,-0.00093839,0.00033438,0.00125881,0.00025611,0.00048875,0.00101058,0.00102265,-0.00136557,-0.00022278,0.00106493,0.00059177,-0.00035988,-0.00056228,0.00005053,-0.00127559,0.00018816,0.00081780,0.00077277,0.00066552,-0.00071717,-0.00118654,0.00036464,0.00126117,0.00148864,-0.00041125,-0.00181350,-0.00088009,0.00141020,-0.00046897,0.00053793,-0.00150028,0.00076651,-0.00110210,0.00067803,0.00063598,0.00167495,0.00070732,0.00121281,-0.00112023,-0.00128368,-0.00070806,-0.00034839,-0.00180113,-0.00068846,-0.00010284,-0.00108941,-0.00024371,0.00064758,0.00084933,0.00001681,0.00037695,-0.00161218,0.00171777,-0.00061748,-0.00071157,-0.00004894,-0.00131247,-0.00009808,-0.00160221,-0.00023984,0.00088103,0.00008899,-0.00076727,0.00070080,-0.00112760,0.00000454,0.00053462,0.00085265,0.00059528,-0.00030979,0.00094168,0.00001650,0.00031355,0.00013354,0.00058109,0.00002916,-0.00106255,-0.00045882,-0.00045717,-0.00164510,0.00047627,0.00040282,0.00124224,0.00060740,-0.00001136,-0.00116807,0.00013256,-0.00072470,0.00076430,0.00082278,-0.00124326,0.00068616,-0.00021667,-0.00034960,0.00095978,0.00048637,0.00038016,0.00089581,0.00180100,0.00026411,-0.00065244,0.00139576,-0.00111241,0.00006364,-0.00059374,0.00093909,-0.00026613,0.00018633,-0.00008885,-0.00015863,0.00106198,0.00014357,-0.00064953,-0.00213919,0.00013056,0.00132785,0.00011317,-0.00088482,0.00017356,-0.00041547,0.00011054,-0.00029990,0.00051328,0.00076820,0.00121712,0.00046955,-0.00146446,-0.00006536,0.00124680,-0.00084985,-0.00029737,-0.00120186,0.00069661,-0.00005257,0.00030155,0.00019945,0.00173178,0.00017657,0.00038643,0.00030577,0.00055070,-0.00058450,-0.00051837,0.00027223,-0.00030544,0.00043335,0.00119846,0.00110735,-0.00209985,-0.00039430,-0.00053189,0.00128323,-0.00151473,0.00131381,-0.00036311,0.00040299,-0.00026254,0.00015878,-0.01560018,0.00083626,-0.00037091,-0.00019675,0.00075799,-0.00012551,-0.00041004,-0.00025477,-0.00005909,-0.00124493
0.00136876,-0.00098045,-0.00072545,0.00107632,0.00014790,-0.00005084,0.00072045,-0.00082238,-0.00068164,-0.00077944,-0.00188300,-0.00007852,-0.00036636,-0.00135462,-0.00065722,0.00139967,-0.00149727,0.00023876,0.00114977,0.00000398,-0.00066772,-0.00143535,-0.00097456,-0.00148905,0.00082551,-0.00125942,-0.00143403,-0.00050738,-0.00036811,-0.00124006,-0.00183084,0.00088917,-0.00019417,-0.00060978,-0.00063981,0.00088000,-0.00007688,-0.00069120,0.00097702,-0.00016327,-0.00088684,-0.00090587,-0.00066888,-0.00006592,0.00097926,-0.00041965,-0.00071108,-0.00064705,0.00088521,0.00066790,0.00086630,-0.00017178,0.00073151,-0.00061398,0.00074386,-0.00017864,0.00038050,-0.00063028,-0.00112188,-0.00099936,-0.00059509,-0.00126648,0.00124132,0.00054888,0.00122050,0.00071936,0.00122811,0.00151633,0.00020293,0.00106906,-0.00063916,0.00014902,-0.00088343,0.00079244,0.00076189,0.00114987,-0.00127557,0.00152323,-0.00025590,-0.00145357,0.00073359,-0.00033661,0.00083411,0.00154244,-0.00125894,-0.00061233,0.00099883,-0.00082799,-0.00014996,0.00054128,0.00024167,-0.00056692,-0.00109962,0.00045207,-0.00082208,-0.00116099,-0.00032335,-0.00024006,-0.00104810,-0.00005579,0.00078633,0.00085625,0.00028528,0.00106622,0.00041307,-0.00078065,-0.00112529,-0.00110635,0.00050908,0.00143986,-0.00152640,0.00023712,-0.00002126,-0.00126481,0.00151822,-0.00159828,0.00100787,0.00098337,0.00049018,-0.00122620,-0.00080659,-0.00110625,-0.00080949,0.00040716,0.00123140,-0.00115854,0.00123677,0.00026086,0.00058376,-0.00002838,0.00090146,-0.00009790,0.00074806,-0.00070787,0.00015531,-0.00045858,0.00023447,0.00138186,-0.00070143,-0.00055705,0.00063711,0.00066280,-0.00032443,0.00033024,-0.00007771,-0.00002314,0.00051504,0.00006401,-0.00005902,0.00015908,0.00163160,-0.00047545,-0.00102239,0.00176527,-0.00049475,0.00135085,-0.00162067,0.00071927,-0.00087390,-0.00053802,0.00014774,-0.00032077,-0.00119023,-0.00005294,0.00024779,0.00000502,0.00007707,-0.00025474,0.00140264,-0.00133655,-0.00059360,-0.00109970,0.00103191,0.00068587,0.00068177,-0.00153950,0.00174712,-0.00070255,0.00123844,-0.00064741,-0.00060724,-0.00059348,0.00059867,-0.01572026,0.00053894,-0.00007240,-0.00012115,-0.00062309,0.00123995,-0.00118685,-0.00093722,0.00060234
-0.00096444,0.00021369,0.00059640,-0.00030596,-0.00097050,0.00095884,0.00025509,0.00043952,-0.00004570,-0.00029119,-0.00062604,-0.00003806,0.00061081,-0.00001799,0.00012726,-0.00008819,-0.00050314,-0.00008443,0.00008651,0.00006085,-0.00087266,0.00016775,-0.00032604,0.00026592,0.00004149,-0.00027110,0.00110378,-0.00019462,-0.00056708,-0.00033326,0.00032646,-0.00045852,-0.00049972,-0.00041099,-0.00091358,-0.00142796,-0.00063692,-0.00013573,0.00107350,-0.00098828,0.00011755,-0.00073554,0.00017445,0.00008667,0.00046948,0.00004798,0.00081750,-0.00050049,-0.00038085,-0.00057542,0.00019077,0.00057758,-0.00014546,0.00030274,0.00046037,0.00047585,-0.00037091,0.00042821,-0.00053487,-0.00051854,0.00062811,-0.00040237,-0.00056907,-0.00004099,0.00013457,-0.00105694,-0.00027471,0.00031120,0.00080627,0.00041085,0.00007500,0.00005283,-0.00021634,0.00083749,0.00034990,-0.00045575,0.00107912,0.00016483,-0.00031960,0.00098853,-0.00003834,-0.00006458,-0.00020361,0.00047173,-0.00041357,0.00025134,-0.00032040,0.00045800,-0.00048410,0.00049365,0.00024528,-0.00080558,0.00041776,-0.00044389,-0.00044894,0.00006791,-0.00066274,-0.00058062,-0.00016815,-0.00044202,-0.00012493,-0.00006476,0.00018833,0.00073936,0.00014381,-0.00041151,-0.00012921,0.00001030,0.00003304,0.00036370,-0.00040775,-0.00040385,-0.00034843,-0.00007366,-0.00061846,-0.00022784,-0.00039182,-0.00044003,-0.00048950,0.00007655,-0.00052152,0.00024333,-0.00097753,0.00062455,-0.00030982,0.00076109,0.00002001,0.00052014,0.00071220,0.00041834,-0.00020664,-0.00140944,-0.00027109,-0.00054287,-0.00035430,0.00093480,-0.00112234,0.00011310,0.00054811,-0.00006186,-0.00078352,-0.00019641,-0.00074635,0.00058045,0.00114232,-0.00029155,0.00003398,-0.00051645,0.00005538,-0.00086165,-0.00022347,-0.00029862,-0.00005224,-0.00007112,-0.00004200,-0.00021691,-0.00013245,-0.00084079,0.00070306,-0.00006487,-0.00089684,-0.00034083,0.00125879,-0.00056450,0.00065065,0.00005432,0.00059246,-0.00081833,0.00030318,0.00004242,-0.00055053,-0.00063836,0.00022229,-0.00091556,-0.00078395,-0.00041435,0.00057327,-0.00063638,0.00055829,-0.00056564,0.00116359,0.00060495,-0.00014491,0.00018386,-0.01577521,-0.00050084,0.00043522,0.00003723,-0.00037023,0.00001697,-0.00041169,0.00047335
-0.00012194,-0.00034240,0.00076786,-0.00067809,-0.00045923,-0.00094843,-0.00082111,0.00065993,0.00111546,0.00094557,0.00036656,0.00037653,-0.00062984,0.00121741,0.00091191,-0.00050125,0.00179770,0.00057926,-0.00035095,0.00007931,0.00061482,0.00104543,0.00168180,0.00029286,0.00042801,0.00065384,0.00085599,-0.00011444,0.00026781,0.00113362,0.00067684,-0.00016241,-0.00058236,0.00057605,-0.00000903,-0.00098392,-0.00110514,0.00001863,-0.00152562,0.00047377,0.00051453,0.00111284,0.00050134,-0.00064615,-0.00028014,0.00091626,0.00053973,0.00062984,-0.00093981,-0.00108250,0.00029986,0.00064546,-0.00101860,0.00058309,-0.00028837,0.00059954,-0.00097658,0.00234042,0.00048650,0.00156109,0.00106235,0.00085654,-0.00098606,0.00074313,-0.00068117,-0.00051473,-0.00120957,-0.00102972,-0.00048561,-0.00091101,0.00091540,0.00071681,0.00108832,0.00023693,-0.00020673,-0.00092155,0.00091392,-0.00101863,-0.00024420,0.00025282,-0.00064644,0.00047078,-0.00145612,-0.00102325,0.00034880,0.00074989,-0.00074585,0.00011477,-0.00078401,-0.00036806,0.00002871,0.00097986,0.00250159,-0.00066437,0.00096979,0.00019598,0.00032111,0.00049307,-0.00022038,-0.00012432,0.00014208,-0.00003394,-0.00103473,-0.00125614,0.00026610,0.00078419,0.00082721,-0.00010194,-0.00105559,-0.00081979,0.00041452,0.00093129,0.00046167,0.00060220,-0.00104996,0.00059806,-0.00043898,-0.00081799,-0.00035756,0.00076489,0.00063846,0.00090518,0.00091552,0.00051098,-0.00049840,0.00072425,-0.00138723,-0.00017216,-0.00101830,0.00068106,0.00012758,0.00016065,-0.00071536,0.00100539,-0.00047326,0.00080904,-0.00072266,-0.00103723,0.00027473,0.00100440,-0.00059904,-0.00037609,0.00000512,0.00006704,-0.00004179,-0.00045453,0.00035485,0.00097730,0.00073625,0.00031792,-0.00178846,0.00007083,0.00107846,-0.00118600,0.00014115,-0.00194869,-0.00008769,-0.00074202,0.00034801,-0.00005420,0.00107834,0.00029589,0.00093647,-0.00015987,0.00061076,0.00059481,0.00031274,0.00079461,0.00018477,0.00082972,0.00061940,0.00125016,-0.00057571,-0.00056995,-0.00001504,0.00059523,-0.00027053,0.00030213,-0.00096293,-0.00069747,-0.00030643,0.00028573,0.00046129,0.00022309,-0.00059075,-0.01507682,-0.00010021,0.00071912,-0.00081918,0.00012179,0.00090075,-0.00052934
0.00077437,0.00017097,-0.00018444,0.00018349,0.00037597,-0.00034417,-0.00020916,-0.00009059,0.00004645,0.00032187,0.00065045,0.00018480,-0.00011274,0.00007658,0.00010990,0.00056309,-0.00122540,0.00028595,0.00064011,-0.00067209,-0.00066073,0.00065391,0.00008228,0.00029893,-0.00025356,0.00019775,0.00058827,-0.00012574,-0.00068740,-0.00031580,-0.00088736,-0.00011054,0.00044691,0.00048339,0.00024446,0.00026876,-0.00078702,0.00013427,0.00022622,-0.00089128,0.00058229,-0.00046505,-0.00049034,0.00072098,0.00054469,-0.00039655,-0.00053275,0.00024343,0.00043272,-0.00013127,-0.00019343,0.00002117,-0.00094191,0.00083816,0.00013610,-0.00012222,0.00000633,-0.00095625,0.00010357,-0.00118305,-0.00052948,-0.00028257,-0.00010636,0.00001251,-0.00009093,0.00012903,0.00154544,0.00058330,0.00105883,0.00038151,0.00075852,-0.00098552,0.00013616,0.00000837,-0.00045576,0.00057527,0.00009682,0.00020870,0.00036376,-0.00158690,0.00045370,0.00051411,-0.00010825,0.00005831,0.00052816,-0.00008811,-0.00110561,-0.00001294,0.00007566,-0.00046333,0.00012346,-0.00005992,0.00023046,0.00005701,0.00090760,-0.00074078,-0.00026362,0.00007272,-0.00044084,0.00055810,-0.00048579,0.00001232,-0.00004456,0.00026230,0.00096057,-0.00027218,-0.00063568,-0.00035728,-0.00038738,0.00114227,0.00009402,0.00044867,-0.00063705,-0.00025312,0.00017642,-0.00038102,-0.00007125,-0.00043607,0.00017923,0.00044992,0.00054522,-0.00007732,-0.00007816,-0.00020606,0.00095028,-0.00075802,0.00048472,-0.00002031,0.00008492,0.00018769,-0.00000466,-0.00074847,-0.00015255,0.00081357,0.00022321,0.00046876,-0.00015837,-0.00022141,0.00088528,-0.00057532,0.00024865,-0.00030997,0.00043438,0.00001698,0.00039735,0.00049578,-0.00006911,0.00027061,-0.00039664,-0.00021077,-0.00011349,-0.00055130,-0.00062800,-0.00088403,-0.00023188,-0.00045459,0.00054979,-0.00017306,-0.00030198,-0.00053170,-0.00018647,0.00094120,-0.00039328,0.00019405,0.00023546,0.00149126,0.00018101,-0.00025773,-0.00036915,0.00066608,0.00010789,-0.00046487,0.00071093,0.00043000,0.00043958,-0.00039536,-0.00007640,0.00033470,0.00025593,-0.00012794,0.00032105,0.00090341,0.00063797,0.00015318,0.00034184,-0.00076235,-0.01507214,-0.00029457,0.00080993,-0.00078352,-0.00039978,0.00057302
0.00040265,0.00127259,0.00083981,-0.00112117,-0.00052522,-0.00051831,-0.00037309,0.00007776,0.00070653,-0.00018185,0.00090468,-0.00017592,-0.00083448,0.00065977,0.00079072,0.00002152,0.00118087,0.00101115,-0.00064168,0.00034076,0.00108811,-0.00020854,0.00087655,0.00076088,-0.00127295,0.00095877,0.00104839,0.00089017,0.00106532,0.00031473,0.00018292,-0.00051795,0.00001095,0.00052403,0.00040016,-0.00076156,0.00068349,0.00140839,-0.00126668,0.00120341,0.00036203,0.00063597,0.00076287,0.00028240,-0.00031922,0.00023553,-0.00032147,0.00076893,0.00000438,-0.00116647,-0.00085883,0.00028466,-0.00056034,0.00109527,-0.00052466,0.00092267,-0.00136971,0.00092283,0.00049937,0.00110489,0.00080531,0.00066554,0.00019029,-0.00097962,-0.00122985,-0.00017058,-0.00064246,-0.00095111,0.00087696,-0.00175079,0.00001880,0.00050222,0.00060218,-0.00029841,-0.00031551,-0.00051559,0.00050827,-0.00077415,-0.00055723,0.00027625,-0.00039796,0.00016000,-0.00063315,-0.00051075,0.00104606,0.00069042,-0.00100780,0.00088513,-0.00107481,-0.00073451,0.00072601,0.00056525,-0.00008929,-0.00044090,0.00151139,0.00045610,-0.00000345,-0.00010358,0.00085536,-0.00040109,-0.00080288,-0.00128329,-0.00029009,-0.00180464,0.00019874,-0.00022341,0.00099914,0.00077452,0.00004741,-0.00075210,0.00013818,-0.00026799,0.00006650,0.00076883,-0.00019347,0.00001548,-0.00075192,0.00011155,-0.00110864,0.00066736,-0.00014330,0.00128714,0.00149475,-0.00128911,-0.00008234,0.00127451,-0.00038219,0.00030747,-0.00028319,0.00007482,-0.00056687,-0.00005467,0.00040562,0.00135346,0.00113656,0.00068599,-0.00066101,-0.00120463,0.00032827,0.00021217,0.00014940,0.00005544,0.00004002,-0.00069246,0.00034808,-0.00057608,0.00099708,0.00100070,0.00044779,0.00002796,-0.00093960,0.00002024,0.00103337,-0.00103266,-0.00035004,-0.00108081,0.00037914,-0.00086264,-0.00001644,-0.00031026,0.00065130,0.00151200,0.00111080,0.00024557,-0.00020746,0.00015810,-0.00037799,0.00049459,-0.00077115,0.00089149,0.00163651,0.00041843,-0.00104543,-0.00009502,-0.00073149,0.00088790,0.00017983,0.00044492,-0.00079779,-0.00001886,0.00052287,0.00095072,-0.00065826,-0.00004937,0.00031607,0.00059088,0.00041298,-0.01554530,-0.00059906,-0.00009318,0.00091519,-0.00078286
0.00053266,-0.00025719,0.00060461,-0.00137144,-0.00095151,-0.00185583,-0.00025516,-0.00003412,0.00073672,0.00037626,0.00113320,-0.00043070,-0.00172501,-0.00002753,0.00119343,-0.00093948,0.00194939,0.00083243,-0.00069297,0.00048577,0.00186923,0.00153760,0.00125662,0.00090107,-0.00140409,0.00063885,0.00049734,0.00058028,0.00169832,0.00119170,0.00154739,-0.00063099,-0.00020581,0.00082405,0.00173279,-0.00052469,-0.00058120,0.00108648,-0.00153113,0.00180583,0.00063646,0.00131049,0.00115097,-0.00002636,-0.00225018,0.00059192,0.00008888,0.00149305,-0.00013553,-0.00131069,-0.00131748,0.00132970,-0.00037915,0.00063688,0.00005630,0.00126434,-0.00084896,0.00247542,0.00062414,0.00132667,0.00108620,0.00186291,-0.00070188,-0.00215499,-0.00231054,-0.00179532,-0.00105501,0.00027103,-0.00033286,-0.00174194,0.00052648,0.00011788,0.00082244,-0.00030847,-0.00058906,-0.00100464,0.00132866,-0.00129991,-0.00063777,0.00141710,-0.00135555,0.00086426,-0.00104938,-0.00121000,0.00093255,0.00009660,-0.00025990,-0.00001499,-0.00024347,-0.00031499,-0.00027947,0.00065954,0.00113338,-0.00164670,0.00086048,0.00145037,0.00092841,0.00061575,0.00082125,-0.00055391,-0.00087355,-0.00099065,-0.00046241,-0.00056207,0.00056205,0.00006340,0.00205108,0.00097779,-0.00010764,-0.00197331,0.00140070,0.00019881,-0.00068752,0.00162340,-0.00067240,0.00110532,-0.00143635,-0.00088141,-0.00011342,0.00183891,0.00075742,0.00115505,0.00072020,-0.00031271,-0.00099116,0.00213662,-0.00060658,0.00040008,0.00009514,0.00044850,-0.00007065,-0.00047757,-0.00011775,0.00168825,-0.00047856,0.00146746,-0.00141899,-0.00087623,0.00076854,0.00002209,-0.00037657,-0.00052958,-0.00047435,-0.00048108,-0.00053191,-0.00000982,0.00003528,0.00010594,0.00087175,0.00029498,-0.00105615,-0.00001072,0.00025331,-0.00146587,-0.00057814,-0.00157694,0.00044778,0.00016147,0.00024663,0.00013759,0.00091410,0.00086898,0.00145136,0.00100834,-0.00008946,-0.00037313,-0.00061243,0.00091376,-0.00123832,0.00083765,0.00097594,0.00172548,-0.00090822,-0.00108414,-0.00064353,0.00156550,-0.00086926,-0.00029416,-0.00042132,-0.00012342,-0.00191147,0.00037886,0.00007059,0.00036990,-0.00039333,0.00004489,0.00057340,-0.00069647,-0.01560299,0.00027994,-0.00002675,-0.00074203
0.00116720,-0.00041267,-0.00164018,0.00094731,0.00047019,0.00106170,0.00019134,-0.00047531,-0.00120484,-0.00086357,-0.00146141,-0.00032670,0.00064426,-0.00125062,-0.00150193,0.00123906,-0.00044970,-0.00060064,0.00003242,0.00024434,-0.00182218,-0.00184047,-0.00135210,-0.00136153,0.00127013,-0.00069319,-0.00122734,-0.00038481,0.00018233,-0.00085312,-0.00125563,0.00020133,-0.00028191,-0.00059589,-0.00129199,0.00037334,0.00101168,-0.00103496,0.00117195,-0.00059655,-0.00052165,-0.00161342,-0.00021215,0.00011455,0.00250242,-0.00067949,-0.00037009,-0.00130703,0.00051614,0.00105080,0.00116263,-0.00050261,0.00129405,-0.00118657,0.00163754,-0.00114370,0.00182898,-0.00146817,-0.00100443,-0.00157094,-0.00260817,-0.00155347,0.00166065,0.00093823,0.00092393,0.00056798,0.00198613,0.00157904,0.00048631,0.00006099,-0.00071441,0.00028592,-0.00072283,0.00119078,0.00000265,0.00105642,-0.00230446,0.00170473,-0.00002275,-0.00114243,0.00151697,-0.00133802,0.00127732,0.00171810,-0.00057931,-0.00032100,0.00073694,-0.00140682,0.00075804,0.00039937,-0.00007725,-0.00102692,-0.00098534,0.00114868,-0.00038481,-0.00120578,-0.00077131,-0.00111159,-0.00051634,0.00017643,0.00144421,0.00122734,-0.00003665,0.00080887,-0.00050040,-0.00090705,-0.00150410,-0.00064268,-0.00016446,0.00176039,-0.00142184,0.00056809,-0.00070214,-0.00051759,0.00109974,-0.00137288,0.00122380,0.00051034,0.00130933,-0.00160143,-0.00182679,-0.00066598,-0.00204244,0.00094043,0.00085034,-0.00199112,0.00147553,-0.00010287,0.00072754,-0.00134819,-0.00028942,0.00062712,0.00057574,-0.00087784,-0.00066804,-0.00025530,-0.00005288,0.00185905,-0.00078191,-0.00056747,0.00023859,0.00065451,-0.00006663,-0.00019284,0.00014975,0.00090116,-0.00020640,-0.00082084,-0.00079526,0.00038438,0.00143900,-0.00084325,-0.00072578,0.00099917,-0.00063261,0.00196114,-0.00048670,0.00043477,-0.00024432,0.00018297,-0.00092905,-0.00202781,-0.00032572,-0.00001164,0.00058164,0.00181284,0.00023769,-0.00070965,0.00114646,-0.00071349,-0.00113439,-0.00148921,0.00223613,0.00236225,0.00082662,-0.00140412,0.00128466,-0.00088751,0.00101866,0.00091205,0.00110968,-0.00001836,-0.00038875,-0.00137137,0.00067568,0.00028360,-0.00135616,-0.00008541,0.00134280,-0.01530058,-0.00071011,0.00104128
0.00023352,-0.00036806,-0.00134610,0.00062623,0.00072011,0.00102423,0.00087856,-0.00040155,-0.00067539,-0.00088420,-0.00075751,-0.00032935,0.00143772,-0.00099198,-0.00014143,0.00124017,-0.00151062,-0.00046519,0.00107490,-0.00054116,-0.00176924,-0.00097868,-0.00115806,-0.00092503,0.00109864,-0.00064298,-0.00040548,-0.00100436,-0.00151377,-0.00115658,-0.00173718,-0.00002093,-0.00066397,-0.00210124,-0.00177521,0.00120896,0.00021144,-0.00106654,0.00081262,-0.00130126,-0.00083316,-0.00072280,-0.00046181,-0.00038232,0.00165208,-0.00061285,-0.00076289,-0.00118101,0.00094075,0.00132774,0.00133378,-0.00094867,0.00196655,-0.00128024,0.00077109,-0.00024066,0.00090405,-0.00118294,-0.00100061,-0.00155193,-0.00145084,-0.00104403,0.00114821,0.00103140,0.00132138,0.00144840,0.00141271,0.00087832,0.00068101,0.00184201,-0.00201504,0.00022317,-0.00056818,0.00081114,0.00002136,0.00095232,-0.00084775,0.00210447,0.00047550,-0.00035538,0.00190382,-0.00020489,0.00100035,0.00107799,-0.00081684,-0.00136066,0.00003384,-0.00081802,0.00160189,0.00003979,0.00011015,-0.00005926,-0.00119891,0.00066018,-0.00102637,-0.00123340,-0.00040550,0.00007214,-0.00090539,0.00021415,0.00159768,0.00017508,-0.00001268,0.00166931,-0.00024979,-0.00093619,-0.00199683,-0.00077243,-0.00024232,0.00134486,-0.00090575,-0.00083435,-0.00037505,-0.00032248,0.00190830,-0.00113423,0.00084590,0.00085370,0.00135276,-0.00124679,-0.00066339,-0.00183175,-0.00162671,0.00116140,0.00183235,-0.00119832,0.00205717,-0.00003453,-0.00066558,-0.00125094,-0.00058383,0.00023046,0.00058791,-0.00098226,0.00010570,-0.00058019,0.00031372,0.00186729,-0.00075954,-0.00053119,0.00081601,0.00110740,-0.00025956,0.00011328,-0.00050975,0.00013176,-0.00096408,-0.00022324,-0.00070237,0.00079453,0.00161790,-0.00021302,-0.00115220,0.00106006,0.00012282,0.00273316,-0.00079903,0.00056554,-0.00068625,-0.00038431,-0.00117638,-0.00051003,-0.00065355,-0.00018811,-0.00002507,0.00016408,0.00080499,-0.00115605,0.00113062,0.00018068,-0.00016300,-0.00126689,0.00187242,0.00175485,0.00014988,-0.00131782,0.00033737,-0.00078441,0.00127545,-0.00062530,-0.00104846,-0.00015730,-0.00030626,-0.00041192,-0.00008299,-0.00011014,-0.00049358,0.00025589,0.00044334,-0.00030250,-0.01520734,0.00037769
-0.00035988,0.00076639,0.00136002,-0.00102027,-0.00044364,-0.00070868,0.00004390,0.00048984,0.00189030,0.00101081,0.00116355,0.00056384,-0.00083563,0.00009140,0.00076489,-0.00236953,0.00110834,0.00048956,0.00011341,0.00171936,0.00097826,0.00070292,0.00039955,0.00118699,-0.00096967,0.00063133,0.00100880,0.00110728,0.00067017,0.00096451,0.00138792,0.00002149,-0.00007428,0.00150528,0.00158618,-0.00084037,-0.00152854,0.00080193,-0.00133997,0.00106327,0.00071326,0.00130198,0.00066931,-0.00024307,-0.00193243,0.00110384,0.00037546,0.00115166,-0.00050884,-0.00059615,-0.00042022,0.00043665,-0.00076134,0.00017713,-0.00118091,0.00036823,-0.00067661,0.00131498,0.00113891,0.00214552,0.00145562,0.00146151,-0.00049260,-0.00170901,-0.00126235,-0.00038823,-0.00125166,-0.00176762,-0.00008607,-0.00155903,0.00056418,0.00001368,0.00045279,-0.00124772,-0.00020745,-0.00184251,0.00076991,-0.00149710,0.00005143,0.00049084,-0.00165401,0.00146605,-0.00090870,-0.00014932,0.00029588,0.00142583,-0.00048542,0.00087768,-0.00091652,0.00019239,-0.00053400,0.00032899,0.00134073,-0.00140404,0.00092181,0.00139524,0.00171892,0.00054168,0.00032261,-0.00089900,-0.00107909,0.00000893,-0.00070800,-0.00048154,0.00021875,0.00117033,0.00123063,0.00033234,-0.00065037,-0.00213304,0.00182936,0.00014879,0.00036172,0.00101759,-0.00058353,0.00061459,-0.00104636,-0.00087057,-0.00043335,0.00137771,0.00011301,0.00118429,0.00176576,-0.00051466,-0.00069036,0.00163552,-0.00159540,0.00017427,-0.00054516,0.00155805,-0.00005922,-0.00155449,-0.00077781,0.00114430,0.00090609,0.00054707,-0.00122624,-0.00140941,0.00155495,0.00095862,-0.00094947,-0.00114614,-0.00023266,0.00049313,0.00033245,-0.00084342,0.00014514,0.00079351,-0.00020442,-0.00109182,-0.00103062,0.00158533,0.00082293,-0.00100696,-0.00004188,-0.00208457,0.00038146,-0.00029110,0.00049613,0.00065470,0.00094732,0.00060943,0.00028732,-0.00021274,-0.00031129,-0.00083574,-0.00035717,0.00096375,-0.00107225,0.00065634,0.00106582,0.00105534,-0.00185781,-0.00220767,-0.00117952,0.00118699,-0.00026128,0.00059796,-0.00111678,0.00047103,-0.00050581,0.00061726,-0.00070363,0.00117172,0.00028107,0.00012544,0.00088572,-0.00002696,-0.00060112,0.00042460,0.00044640,-0.01495816
